sku,name,family,category,source_page,source_document,description,status,image_url,sizes,compatible_skus,documents,images,material,standard,pressure_class,rod_length,joint_type,application
__export__.product_product_17370,"Pipa (Plain End) Abu AW 1/2"" x 1 Meter",PVC AW,PIPA PVC AW · PLAIN END,2,Export ERP master_product_updated.xlsx (diunduh 2026-10-06),Warna: Abu,,,1/2,,,,,,AW,1 m,Plain end,
product.0_S_01_011_016004_00,"Pipa (Plain End) Abu AW 1/2"" x 4 Meter",PVC AW,PIPA PVC AW · PLAIN END,3,Export ERP master_product_updated.xlsx (diunduh 2026-10-06),Warna: Abu,,,1/2,,,,,,AW,4 m,Plain end,
product.0_S_01_011_016006_00,"Pipa (Plain End) Abu AW 1/2"" x 6 Meter",PVC AW,PIPA PVC AW · PLAIN END,4,Export ERP master_product_updated.xlsx (diunduh 2026-10-06),Warna: Abu,,,1/2,,,,,,AW,6 m,Plain end,
product.0_S_01_011_016065_80,"Pipa (Plain End) Abu AW 1/2"" x 5.8 Meter",PVC AW,PIPA PVC AW · PLAIN END,5,Export ERP master_product_updated.xlsx (diunduh 2026-10-06),Warna: Abu,,,1/2,,,,,,AW,5.8 m,Plain end,
product.0_S_01_011_020004_00,"Pipa (Plain End) Abu AW 3/4"" x 4 Meter",PVC AW,PIPA PVC AW · PLAIN END,6,Export ERP master_product_updated.xlsx (diunduh 2026-10-06),Warna: Abu,,,3/4,,,,,,AW,4 m,Plain end,
product.0_S_01_011_020005_80,"Pipa (Plain End) Abu AW 3/4"" x 5.8 Meter",PVC AW,PIPA PVC AW · PLAIN END,7,Export ERP master_product_updated.xlsx (diunduh 2026-10-06),Warna: Abu,,,3/4,,,,,,AW,5.8 m,Plain end,
__export__.product_product_78,"Pipa (Plain End) Abu AW 3/4"" x 6 Meter",PVC AW,PIPA PVC AW · PLAIN END,8,Export ERP master_product_updated.xlsx (diunduh 2026-10-06),Warna: Abu,,,3/4,,,,,,AW,6 m,Plain end,
product.0_S_01_011_025004_00,"Pipa (Plain End) Abu AW 1"" x 4 Meter",PVC AW,PIPA PVC AW · PLAIN END,9,Export ERP master_product_updated.xlsx (diunduh 2026-10-06),Warna: Abu,,,1,,,,,,AW,4 m,Plain end,
__export__.product_product_80,"Pipa (Plain End) Abu AW 1"" x 5.8 Meter",PVC AW,PIPA PVC AW · PLAIN END,10,Export ERP master_product_updated.xlsx (diunduh 2026-10-06),Warna: Abu,,,1,,,,,,AW,5.8 m,Plain end,
product.0_S_01_011_025006_00,"Pipa (Plain End) Abu AW 1"" x 6 Meter",PVC AW,PIPA PVC AW · PLAIN END,11,Export ERP master_product_updated.xlsx (diunduh 2026-10-06),Warna: Abu,,,1,,,,,,AW,6 m,Plain end,
product.0_S_01_011_040004_00,"Pipa (Plain End) Abu AW 1 1/2"" x 4 Meter",PVC AW,PIPA PVC AW · PLAIN END,12,Export ERP master_product_updated.xlsx (diunduh 2026-10-06),Warna: Abu,,,1 1/2,,,,,,AW,4 m,Plain end,
product.0_S_01_011_040005_80,"Pipa (Plain End) Abu AW 1 1/2"" x 5.8 Meter",PVC AW,PIPA PVC AW · PLAIN END,13,Export ERP master_product_updated.xlsx (diunduh 2026-10-06),Warna: Abu,,,1 1/2,,,,,,AW,5.8 m,Plain end,
product.0_S_01_011_040006_00,"Pipa (Plain End) Abu AW 1 1/2"" x 6 Meter",PVC AW,PIPA PVC AW · PLAIN END,14,Export ERP master_product_updated.xlsx (diunduh 2026-10-06),Warna: Abu,,,1 1/2,,,,,,AW,6 m,Plain end,
product.0_S_01_011_042004_00,"Pipa (Plain End) Abu AW 1 1/4"" x 4 Meter",PVC AW,PIPA PVC AW · PLAIN END,15,Export ERP master_product_updated.xlsx (diunduh 2026-10-06),Warna: Abu,,,1 1/4,,,,,,AW,4 m,Plain end,
product.0_S_01_011_042005_80,"Pipa (Plain End) Abu AW 1 1/4"" x 5.8 Meter",PVC AW,PIPA PVC AW · PLAIN END,16,Export ERP master_product_updated.xlsx (diunduh 2026-10-06),Warna: Abu,,,1 1/4,,,,,,AW,5.8 m,Plain end,
product.0_S_01_011_042006_00,"Pipa (Plain End) Abu AW 1 1/4"" x 6 Meter",PVC AW,PIPA PVC AW · PLAIN END,17,Export ERP master_product_updated.xlsx (diunduh 2026-10-06),Warna: Abu,,,1 1/4,,,,,,AW,6 m,Plain end,
product.0_S_01_011_050004_00,"Pipa (Plain End) Abu AW 2"" x 4 Meter",PVC AW,PIPA PVC AW · PLAIN END,18,Export ERP master_product_updated.xlsx (diunduh 2026-10-06),Warna: Abu,,,2,,,,,,AW,4 m,Plain end,
product.0_S_01_011_050005_80,"Pipa (Plain End) Abu AW 2"" x 5.8 Meter",PVC AW,PIPA PVC AW · PLAIN END,19,Export ERP master_product_updated.xlsx (diunduh 2026-10-06),Warna: Abu,,,2,,,,,,AW,5.8 m,Plain end,
product.0_S_01_011_050006_00,"Pipa (Plain End) Abu AW 2"" x 6 Meter",PVC AW,PIPA PVC AW · PLAIN END,20,Export ERP master_product_updated.xlsx (diunduh 2026-10-06),Warna: Abu,,,2,,,,,,AW,6 m,Plain end,
product.0_S_01_011_065004_00,"Pipa (Plain End) Abu AW 2 1/2"" x 4 Meter",PVC AW,PIPA PVC AW · PLAIN END,21,Export ERP master_product_updated.xlsx (diunduh 2026-10-06),Warna: Abu,,,2 1/2,,,,,,AW,4 m,Plain end,
product.0_S_01_011_065005_80,"Pipa (Plain End) Abu AW 2 1/2"" x 5.8 Meter",PVC AW,PIPA PVC AW · PLAIN END,22,Export ERP master_product_updated.xlsx (diunduh 2026-10-06),Warna: Abu,,,2 1/2,,,,,,AW,5.8 m,Plain end,
product.0_S_01_011_065006_00,"Pipa (Plain End) Abu AW 2 1/2"" x 6 Meter",PVC AW,PIPA PVC AW · PLAIN END,23,Export ERP master_product_updated.xlsx (diunduh 2026-10-06),Warna: Abu,,,2 1/2,,,,,,AW,6 m,Plain end,
product.0_S_01_011_075004_00,"Pipa (Plain End) Abu AW 3"" x 4 Meter",PVC AW,PIPA PVC AW · PLAIN END,24,Export ERP master_product_updated.xlsx (diunduh 2026-10-06),Warna: Abu,,,3,,,,,,AW,4 m,Plain end,
product.0_S_01_011_075005_80,"Pipa (Plain End) Abu AW 3"" x 5.8 Meter",PVC AW,PIPA PVC AW · PLAIN END,25,Export ERP master_product_updated.xlsx (diunduh 2026-10-06),Warna: Abu,,,3,,,,,,AW,5.8 m,Plain end,
product.0_S_01_011_075006_00,"Pipa (Plain End) Abu AW 3"" x 6 Meter",PVC AW,PIPA PVC AW · PLAIN END,26,Export ERP master_product_updated.xlsx (diunduh 2026-10-06),Warna: Abu,,,3,,,,,,AW,6 m,Plain end,
product.0_S_01_011_100004_00,"Pipa (Plain End) Abu AW 4"" x 4 Meter",PVC AW,PIPA PVC AW · PLAIN END,27,Export ERP master_product_updated.xlsx (diunduh 2026-10-06),Warna: Abu,,,4,,,,,,AW,4 m,Plain end,
product.0_S_01_011_100005_80,"Pipa (Plain End) Abu AW 4"" x 5.8 Meter",PVC AW,PIPA PVC AW · PLAIN END,28,Export ERP master_product_updated.xlsx (diunduh 2026-10-06),Warna: Abu,,,4,,,,,,AW,5.8 m,Plain end,
product.0_S_01_011_100006_00,"Pipa (Plain End) Abu AW 4"" x 6 Meter",PVC AW,PIPA PVC AW · PLAIN END,29,Export ERP master_product_updated.xlsx (diunduh 2026-10-06),Warna: Abu,,,4,,,,,,AW,6 m,Plain end,
product.0_S_01_011_125004_00,"Pipa (Plain End) Abu AW 5"" x 4 Meter",PVC AW,PIPA PVC AW · PLAIN END,30,Export ERP master_product_updated.xlsx (diunduh 2026-10-06),Warna: Abu,,,5,,,,,,AW,4 m,Plain end,
product.0_S_01_011_125005_80,"Pipa (Plain End) Abu AW 5"" x 5.8 Meter",PVC AW,PIPA PVC AW · PLAIN END,31,Export ERP master_product_updated.xlsx (diunduh 2026-10-06),Warna: Abu,,,5,,,,,,AW,5.8 m,Plain end,
product.0_S_01_011_125006_00,"Pipa (Plain End) Abu AW 5"" x 6 Meter",PVC AW,PIPA PVC AW · PLAIN END,32,Export ERP master_product_updated.xlsx (diunduh 2026-10-06),Warna: Abu,,,5,,,,,,AW,6 m,Plain end,
product.0_S_01_011_150004_00,"Pipa (Plain End) Abu AW 6"" x 4 Meter",PVC AW,PIPA PVC AW · PLAIN END,33,Export ERP master_product_updated.xlsx (diunduh 2026-10-06),Warna: Abu,,,6,,,,,,AW,4 m,Plain end,
product.0_S_01_011_150005_80,"Pipa (Plain End) Abu AW 6"" x 5.8 Meter",PVC AW,PIPA PVC AW · PLAIN END,34,Export ERP master_product_updated.xlsx (diunduh 2026-10-06),Warna: Abu,,,6,,,,,,AW,5.8 m,Plain end,
product.0_S_01_011_150006_00,"Pipa (Plain End) Abu AW 6"" x 6 Meter",PVC AW,PIPA PVC AW · PLAIN END,35,Export ERP master_product_updated.xlsx (diunduh 2026-10-06),Warna: Abu,,,6,,,,,,AW,6 m,Plain end,
__export__.product_product_19041,"Pipa (Plain End) Abu AW 8"" x 1 Meter",PVC AW,PIPA PVC AW · PLAIN END,36,Export ERP master_product_updated.xlsx (diunduh 2026-10-06),Warna: Abu,,,8,,,,,,AW,1 m,Plain end,
product.0_S_01_011_200004_00,"Pipa (Plain End) Abu AW 8"" x 4 Meter",PVC AW,PIPA PVC AW · PLAIN END,37,Export ERP master_product_updated.xlsx (diunduh 2026-10-06),Warna: Abu,,,8,,,,,,AW,4 m,Plain end,
product.0_S_01_011_200005_80,"Pipa (Plain End) Abu AW 8"" x 5.8 Meter",PVC AW,PIPA PVC AW · PLAIN END,38,Export ERP master_product_updated.xlsx (diunduh 2026-10-06),Warna: Abu,,,8,,,,,,AW,5.8 m,Plain end,
product.0_S_01_011_200006_00,"Pipa (Plain End) Abu AW 8"" x 6 Meter",PVC AW,PIPA PVC AW · PLAIN END,39,Export ERP master_product_updated.xlsx (diunduh 2026-10-06),Warna: Abu,,,8,,,,,,AW,6 m,Plain end,
product.0_S_01_011_250004_00,"Pipa (Plain End) Abu AW 10"" x 4 Meter",PVC AW,PIPA PVC AW · PLAIN END,40,Export ERP master_product_updated.xlsx (diunduh 2026-10-06),Warna: Abu,,,10,,,,,,AW,4 m,Plain end,
product.0_S_01_011_250005_80,"Pipa (Plain End) Abu AW 10"" x 5.8 Meter",PVC AW,PIPA PVC AW · PLAIN END,41,Export ERP master_product_updated.xlsx (diunduh 2026-10-06),Warna: Abu,,,10,,,,,,AW,5.8 m,Plain end,
product.0_S_01_011_250006_00,"Pipa (Plain End) Abu AW 10"" x 6 Meter",PVC AW,PIPA PVC AW · PLAIN END,42,Export ERP master_product_updated.xlsx (diunduh 2026-10-06),Warna: Abu,,,10,,,,,,AW,6 m,Plain end,
product.0_S_01_011_300004_00,"Pipa (Plain End) Abu AW 12"" x 4 Meter",PVC AW,PIPA PVC AW · PLAIN END,43,Export ERP master_product_updated.xlsx (diunduh 2026-10-06),Warna: Abu,,,12,,,,,,AW,4 m,Plain end,
product.0_S_01_011_300005_80,"Pipa (Plain End) Abu AW 12"" x 5.8 Meter",PVC AW,PIPA PVC AW · PLAIN END,44,Export ERP master_product_updated.xlsx (diunduh 2026-10-06),Warna: Abu,,,12,,,,,,AW,5.8 m,Plain end,
product.0_S_01_011_300006_00,"Pipa (Plain End) Abu AW 12"" x 6 Meter",PVC AW,PIPA PVC AW · PLAIN END,45,Export ERP master_product_updated.xlsx (diunduh 2026-10-06),Warna: Abu,,,12,,,,,,AW,6 m,Plain end,
product.0_S_01_012_016004_00,"Pipa (TS End) Abu AW 1/2"" x 4 Meter",PVC AW,PIPA PVC AW · TS END,46,Export ERP master_product_updated.xlsx (diunduh 2026-10-06),Warna: Abu,,,1/2,,,,,,AW,4 m,TS end,
product.0_S_01_012_016005_80,"Pipa (TS End) Abu AW 1/2"" x 5.8 Meter",PVC AW,PIPA PVC AW · TS END,47,Export ERP master_product_updated.xlsx (diunduh 2026-10-06),Warna: Abu,,,1/2,,,,,,AW,5.8 m,TS end,
product.0_S_01_012_016006_00,"Pipa (TS End) Abu AW 1/2"" x 6 Meter",PVC AW,PIPA PVC AW · TS END,48,Export ERP master_product_updated.xlsx (diunduh 2026-10-06),Warna: Abu,,,1/2,,,,,,AW,6 m,TS end,
product.0_S_01_012_020004_00,"Pipa (TS End) Abu AW 3/4"" x 4 Meter",PVC AW,PIPA PVC AW · TS END,49,Export ERP master_product_updated.xlsx (diunduh 2026-10-06),Warna: Abu,,,3/4,,,,,,AW,4 m,TS end,
product.0_S_01_012_020005_80,"Pipa (TS End) Abu AW 3/4"" x 5.8 Meter",PVC AW,PIPA PVC AW · TS END,50,Export ERP master_product_updated.xlsx (diunduh 2026-10-06),Warna: Abu,,,3/4,,,,,,AW,5.8 m,TS end,
product.0_S_01_012_020006_00,"Pipa (TS End) Abu AW 3/4"" x 6 Meter",PVC AW,PIPA PVC AW · TS END,51,Export ERP master_product_updated.xlsx (diunduh 2026-10-06),Warna: Abu,,,3/4,,,,,,AW,6 m,TS end,
product.0_S_01_012_025004_00,"Pipa (TS End) Abu AW 1"" x 4 Meter",PVC AW,PIPA PVC AW · TS END,52,Export ERP master_product_updated.xlsx (diunduh 2026-10-06),Warna: Abu,,,1,,,,,,AW,4 m,TS end,
product.0_S_01_012_025005_80,"Pipa (TS End) Abu AW 1"" x 5.8 Meter",PVC AW,PIPA PVC AW · TS END,53,Export ERP master_product_updated.xlsx (diunduh 2026-10-06),Warna: Abu,,,1,,,,,,AW,5.8 m,TS end,
product.0_S_01_012_025006_00,"Pipa (TS End) Abu AW 1"" x 6 Meter",PVC AW,PIPA PVC AW · TS END,54,Export ERP master_product_updated.xlsx (diunduh 2026-10-06),Warna: Abu,,,1,,,,,,AW,6 m,TS end,
product.0_S_01_012_040004_00,"Pipa (TS End) Abu AW 1 1/2"" x 4 Meter",PVC AW,PIPA PVC AW · TS END,55,Export ERP master_product_updated.xlsx (diunduh 2026-10-06),Warna: Abu,,,1 1/2,,,,,,AW,4 m,TS end,
product.0_S_01_012_040005_80,"Pipa (TS End) Abu AW 1 1/2"" x 5.8 Meter",PVC AW,PIPA PVC AW · TS END,56,Export ERP master_product_updated.xlsx (diunduh 2026-10-06),Warna: Abu,,,1 1/2,,,,,,AW,5.8 m,TS end,
product.0_S_01_012_040006_00,"Pipa (TS End) Abu AW 1 1/2"" x 6 Meter",PVC AW,PIPA PVC AW · TS END,57,Export ERP master_product_updated.xlsx (diunduh 2026-10-06),Warna: Abu,,,1 1/2,,,,,,AW,6 m,TS end,
product.0_S_01_012_042004_00,"Pipa (TS End) Abu AW 1 1/4"" x 4 Meter",PVC AW,PIPA PVC AW · TS END,58,Export ERP master_product_updated.xlsx (diunduh 2026-10-06),Warna: Abu,,,1 1/4,,,,,,AW,4 m,TS end,
product.0_S_01_012_042005_80,"Pipa (TS End) Abu AW 1 1/4"" x 5.8 Meter",PVC AW,PIPA PVC AW · TS END,59,Export ERP master_product_updated.xlsx (diunduh 2026-10-06),Warna: Abu,,,1 1/4,,,,,,AW,5.8 m,TS end,
product.0_S_01_012_042006_00,"Pipa (TS End) Abu AW 1 1/4"" x 6 Meter",PVC AW,PIPA PVC AW · TS END,60,Export ERP master_product_updated.xlsx (diunduh 2026-10-06),Warna: Abu,,,1 1/4,,,,,,AW,6 m,TS end,
product.0_S_01_012_050004_00,"Pipa (TS End) Abu AW 2"" x 4 Meter",PVC AW,PIPA PVC AW · TS END,61,Export ERP master_product_updated.xlsx (diunduh 2026-10-06),Warna: Abu,,,2,,,,,,AW,4 m,TS end,
product.0_S_01_012_050005_80,"Pipa (TS End) Abu AW 2"" x 5.8 Meter",PVC AW,PIPA PVC AW · TS END,62,Export ERP master_product_updated.xlsx (diunduh 2026-10-06),Warna: Abu,,,2,,,,,,AW,5.8 m,TS end,
product.0_S_01_012_050006_00,"Pipa (TS End) Abu AW 2"" x 6 Meter",PVC AW,PIPA PVC AW · TS END,63,Export ERP master_product_updated.xlsx (diunduh 2026-10-06),Warna: Abu,,,2,,,,,,AW,6 m,TS end,
product.0_S_01_012_065004_00,"Pipa (TS End) Abu AW 2 1/2"" x 4 Meter",PVC AW,PIPA PVC AW · TS END,64,Export ERP master_product_updated.xlsx (diunduh 2026-10-06),Warna: Abu,,,2 1/2,,,,,,AW,4 m,TS end,
product.0_S_01_012_065005_80,"Pipa (TS End) Abu AW 2 1/2"" x 5.8 Meter",PVC AW,PIPA PVC AW · TS END,65,Export ERP master_product_updated.xlsx (diunduh 2026-10-06),Warna: Abu,,,2 1/2,,,,,,AW,5.8 m,TS end,
product.0_S_01_012_065006_00,"Pipa (TS End) Abu AW 2 1/2"" x 6 Meter",PVC AW,PIPA PVC AW · TS END,66,Export ERP master_product_updated.xlsx (diunduh 2026-10-06),Warna: Abu,,,2 1/2,,,,,,AW,6 m,TS end,
product.0_S_01_012_075004_00,"Pipa (TS End) Abu AW 3"" x 4 Meter",PVC AW,PIPA PVC AW · TS END,67,Export ERP master_product_updated.xlsx (diunduh 2026-10-06),Warna: Abu,,,3,,,,,,AW,4 m,TS end,
product.0_S_01_012_075005_80,"Pipa (TS End) Abu AW 3"" x 5.8 Meter",PVC AW,PIPA PVC AW · TS END,68,Export ERP master_product_updated.xlsx (diunduh 2026-10-06),Warna: Abu,,,3,,,,,,AW,5.8 m,TS end,
product.0_S_01_012_075006_00,"Pipa (TS End) Abu AW 3"" x 6 Meter",PVC AW,PIPA PVC AW · TS END,69,Export ERP master_product_updated.xlsx (diunduh 2026-10-06),Warna: Abu,,,3,,,,,,AW,6 m,TS end,
product.0_S_01_012_100004_00,"Pipa (TS End) Abu AW 4"" x 4 Meter",PVC AW,PIPA PVC AW · TS END,70,Export ERP master_product_updated.xlsx (diunduh 2026-10-06),Warna: Abu,,,4,,,,,,AW,4 m,TS end,
__export__.product_product_17927,"Pipa (TS End) Perforated Abu AW 4"" x 4 Meter",PVC AW,PIPA PVC AW · TS END,71,Export ERP master_product_updated.xlsx (diunduh 2026-10-06),Warna: Abu,,,4,,,,,,AW,4 m,TS end,
product.0_S_01_012_100005_80,"Pipa (TS End) Abu AW 4"" x 5.8 Meter",PVC AW,PIPA PVC AW · TS END,72,Export ERP master_product_updated.xlsx (diunduh 2026-10-06),Warna: Abu,,,4,,,,,,AW,5.8 m,TS end,
product.0_S_01_012_100006_00,"Pipa (TS End) Abu AW 4"" x 6 Meter",PVC AW,PIPA PVC AW · TS END,73,Export ERP master_product_updated.xlsx (diunduh 2026-10-06),Warna: Abu,,,4,,,,,,AW,6 m,TS end,
product.0_S_01_012_125004_00,"Pipa (TS End) Abu AW 5"" x 4 Meter",PVC AW,PIPA PVC AW · TS END,74,Export ERP master_product_updated.xlsx (diunduh 2026-10-06),Warna: Abu,,,5,,,,,,AW,4 m,TS end,
product.0_S_01_012_125005_80,"Pipa (TS End) Abu AW 5"" x 5.8 Meter",PVC AW,PIPA PVC AW · TS END,75,Export ERP master_product_updated.xlsx (diunduh 2026-10-06),Warna: Abu,,,5,,,,,,AW,5.8 m,TS end,
product.0_S_01_012_125006_00,"Pipa (TS End) Abu AW 5"" x 6 Meter",PVC AW,PIPA PVC AW · TS END,76,Export ERP master_product_updated.xlsx (diunduh 2026-10-06),Warna: Abu,,,5,,,,,,AW,6 m,TS end,
product.0_S_01_012_150004_00,"Pipa (TS End) Abu AW 6"" x 4 Meter",PVC AW,PIPA PVC AW · TS END,77,Export ERP master_product_updated.xlsx (diunduh 2026-10-06),Warna: Abu,,,6,,,,,,AW,4 m,TS end,
__export__.product_product_15232,"Pipa (TS End) Perforated Abu AW 6"" x 4 Meter",PVC AW,PIPA PVC AW · TS END,78,Export ERP master_product_updated.xlsx (diunduh 2026-10-06),Warna: Abu,,,6,,,,,,AW,4 m,TS end,
product.0_S_01_012_150005_80,"Pipa (TS End) Abu AW 6"" x 5.8 Meter",PVC AW,PIPA PVC AW · TS END,79,Export ERP master_product_updated.xlsx (diunduh 2026-10-06),Warna: Abu,,,6,,,,,,AW,5.8 m,TS end,
product.0_S_01_012_150006_00,"Pipa (TS End) Abu AW 6"" x 6 Meter",PVC AW,PIPA PVC AW · TS END,80,Export ERP master_product_updated.xlsx (diunduh 2026-10-06),Warna: Abu,,,6,,,,,,AW,6 m,TS end,
product.0_S_01_012_200004_00,"Pipa (TS End) Abu AW 8"" x 4 Meter",PVC AW,PIPA PVC AW · TS END,81,Export ERP master_product_updated.xlsx (diunduh 2026-10-06),Warna: Abu,,,8,,,,,,AW,4 m,TS end,
product.0_S_01_012_200005_80,"Pipa (TS End) Abu AW 8"" x 5.8 Meter",PVC AW,PIPA PVC AW · TS END,82,Export ERP master_product_updated.xlsx (diunduh 2026-10-06),Warna: Abu,,,8,,,,,,AW,5.8 m,TS end,
product.0_S_01_012_200006_00,"Pipa (TS End) Abu AW 8"" x 6 Meter",PVC AW,PIPA PVC AW · TS END,83,Export ERP master_product_updated.xlsx (diunduh 2026-10-06),Warna: Abu,,,8,,,,,,AW,6 m,TS end,
product.0_S_01_012_250004_00,"Pipa (TS End) Abu AW 10"" x 4 Meter",PVC AW,PIPA PVC AW · TS END,84,Export ERP master_product_updated.xlsx (diunduh 2026-10-06),Warna: Abu,,,10,,,,,,AW,4 m,TS end,
product.0_S_01_012_250005_80,"Pipa (TS End) Abu AW 10"" x 5.8 Meter",PVC AW,PIPA PVC AW · TS END,85,Export ERP master_product_updated.xlsx (diunduh 2026-10-06),Warna: Abu,,,10,,,,,,AW,5.8 m,TS end,
product.0_S_01_012_250006_00,"Pipa (TS End) Abu AW 10"" x 6 Meter",PVC AW,PIPA PVC AW · TS END,86,Export ERP master_product_updated.xlsx (diunduh 2026-10-06),Warna: Abu,,,10,,,,,,AW,6 m,TS end,
product.0_S_01_012_300004_00,"Pipa (TS End) Abu AW 12"" x 4 Meter",PVC AW,PIPA PVC AW · TS END,87,Export ERP master_product_updated.xlsx (diunduh 2026-10-06),Warna: Abu,,,12,,,,,,AW,4 m,TS end,
product.0_S_01_012_300005_80,"Pipa (TS End) Abu AW 12"" x 5.8 Meter",PVC AW,PIPA PVC AW · TS END,88,Export ERP master_product_updated.xlsx (diunduh 2026-10-06),Warna: Abu,,,12,,,,,,AW,5.8 m,TS end,
product.0_S_01_012_300006_00,"Pipa (TS End) Abu AW 12"" x 6 Meter",PVC AW,PIPA PVC AW · TS END,89,Export ERP master_product_updated.xlsx (diunduh 2026-10-06),Warna: Abu,,,12,,,,,,AW,6 m,TS end,
__export__.product_product_13131,"Pipa (TS End) Abu AW - Lon 3"" x 4 Meter",PVC AW,PIPA PVC AW · TS END,90,Export ERP master_product_updated.xlsx (diunduh 2026-10-06),Warna: Abu,,,3,,,,,,AW,4 m,TS end,
__export__.product_product_13130,"Pipa (TS End) Abu AW - Lon 4"" x 4 Meter",PVC AW,PIPA PVC AW · TS END,91,Export ERP master_product_updated.xlsx (diunduh 2026-10-06),Warna: Abu,,,4,,,,,,AW,4 m,TS end,
__export__.product_product_17374,"Pipa (Plain End) Putih AW 1/2"" x 1 Meter",PVC AW,PIPA PVC AW · PLAIN END,92,Export ERP master_product_updated.xlsx (diunduh 2026-10-06),Warna: Putih,,,1/2,,,,,,AW,1 m,Plain end,
__export__.product_product_17816,"Pipa (Plain End) Putih AW 1/2"" x 2 Meter",PVC AW,PIPA PVC AW · PLAIN END,93,Export ERP master_product_updated.xlsx (diunduh 2026-10-06),Warna: Putih,,,1/2,,,,,,AW,2 m,Plain end,
product.0_S_01_021_016004_00,"Pipa (Plain End) Putih AW 1/2"" x 4 Meter",PVC AW,PIPA PVC AW · PLAIN END,94,Export ERP master_product_updated.xlsx (diunduh 2026-10-06),Warna: Putih,,,1/2,,,,,,AW,4 m,Plain end,
product.0_S_01_021_016005_80,"Pipa (Plain End) Putih AW 1/2"" x 5.8 Meter",PVC AW,PIPA PVC AW · PLAIN END,95,Export ERP master_product_updated.xlsx (diunduh 2026-10-06),Warna: Putih,,,1/2,,,,,,AW,5.8 m,Plain end,
product.0_S_01_021_016006_00,"Pipa (Plain End) Putih AW 1/2"" x 6 Meter",PVC AW,PIPA PVC AW · PLAIN END,96,Export ERP master_product_updated.xlsx (diunduh 2026-10-06),Warna: Putih,,,1/2,,,,,,AW,6 m,Plain end,
__export__.product_product_17375,"Pipa (Plain End) Putih AW 3/4"" x 1 Meter",PVC AW,PIPA PVC AW · PLAIN END,97,Export ERP master_product_updated.xlsx (diunduh 2026-10-06),Warna: Putih,,,3/4,,,,,,AW,1 m,Plain end,
__export__.product_product_17817,"Pipa (Plain End) Putih AW 3/4"" x 2 Meter",PVC AW,PIPA PVC AW · PLAIN END,98,Export ERP master_product_updated.xlsx (diunduh 2026-10-06),Warna: Putih,,,3/4,,,,,,AW,2 m,Plain end,
product.0_S_01_021_020004_00,"Pipa (Plain End) Putih AW 3/4"" x 4 Meter",PVC AW,PIPA PVC AW · PLAIN END,99,Export ERP master_product_updated.xlsx (diunduh 2026-10-06),Warna: Putih,,,3/4,,,,,,AW,4 m,Plain end,
product.0_S_01_021_020005_80,"Pipa (Plain End) Putih AW 3/4"" x 5.8 Meter",PVC AW,PIPA PVC AW · PLAIN END,100,Export ERP master_product_updated.xlsx (diunduh 2026-10-06),Warna: Putih,,,3/4,,,,,,AW,5.8 m,Plain end,
product.0_S_01_021_020006_00,"Pipa (Plain End) Putih AW 3/4"" x 6 Meter",PVC AW,PIPA PVC AW · PLAIN END,101,Export ERP master_product_updated.xlsx (diunduh 2026-10-06),Warna: Putih,,,3/4,,,,,,AW,6 m,Plain end,
__export__.product_product_17376,"Pipa (Plain End) Putih AW 1"" x 1 Meter",PVC AW,PIPA PVC AW · PLAIN END,102,Export ERP master_product_updated.xlsx (diunduh 2026-10-06),Warna: Putih,,,1,,,,,,AW,1 m,Plain end,
product.0_S_01_021_025004_00,"Pipa (Plain End) Putih AW 1"" x 4 Meter",PVC AW,PIPA PVC AW · PLAIN END,103,Export ERP master_product_updated.xlsx (diunduh 2026-10-06),Warna: Putih,,,1,,,,,,AW,4 m,Plain end,
product.0_S_01_021_025005_80,"Pipa (Plain End) Putih AW 1"" x 5.8 Meter",PVC AW,PIPA PVC AW · PLAIN END,104,Export ERP master_product_updated.xlsx (diunduh 2026-10-06),Warna: Putih,,,1,,,,,,AW,5.8 m,Plain end,
product.0_S_01_021_025006_00,"Pipa (Plain End) Putih AW 1"" x 6 Meter",PVC AW,PIPA PVC AW · PLAIN END,105,Export ERP master_product_updated.xlsx (diunduh 2026-10-06),Warna: Putih,,,1,,,,,,AW,6 m,Plain end,
product.0_S_01_021_040004_00,"Pipa (Plain End) Putih AW 1 1/2"" x 4 Meter",PVC AW,PIPA PVC AW · PLAIN END,106,Export ERP master_product_updated.xlsx (diunduh 2026-10-06),Warna: Putih,,,1 1/2,,,,,,AW,4 m,Plain end,
product.0_S_01_021_040005_80,"Pipa (Plain End) Putih AW 1 1/2"" x 5.8 Meter",PVC AW,PIPA PVC AW · PLAIN END,107,Export ERP master_product_updated.xlsx (diunduh 2026-10-06),Warna: Putih,,,1 1/2,,,,,,AW,5.8 m,Plain end,
product.0_S_01_021_040006_00,"Pipa (Plain End) Putih AW 1 1/2"" x 6 Meter",PVC AW,PIPA PVC AW · PLAIN END,108,Export ERP master_product_updated.xlsx (diunduh 2026-10-06),Warna: Putih,,,1 1/2,,,,,,AW,6 m,Plain end,
product.0_S_01_021_042004_00,"Pipa (Plain End) Putih AW 1 1/4"" x 4 Meter",PVC AW,PIPA PVC AW · PLAIN END,109,Export ERP master_product_updated.xlsx (diunduh 2026-10-06),Warna: Putih,,,1 1/4,,,,,,AW,4 m,Plain end,
product.0_S_01_021_042005_80,"Pipa (Plain End) Putih AW 1 1/4"" x 5.8 Meter",PVC AW,PIPA PVC AW · PLAIN END,110,Export ERP master_product_updated.xlsx (diunduh 2026-10-06),Warna: Putih,,,1 1/4,,,,,,AW,5.8 m,Plain end,
product.0_S_01_021_042006_00,"Pipa (Plain End) Putih AW 1 1/4"" x 6 Meter",PVC AW,PIPA PVC AW · PLAIN END,111,Export ERP master_product_updated.xlsx (diunduh 2026-10-06),Warna: Putih,,,1 1/4,,,,,,AW,6 m,Plain end,
product.0_S_01_021_050004_00,"Pipa (Plain End) Putih AW 2"" x 4 Meter",PVC AW,PIPA PVC AW · PLAIN END,112,Export ERP master_product_updated.xlsx (diunduh 2026-10-06),Warna: Putih,,,2,,,,,,AW,4 m,Plain end,
product.0_S_01_021_050005_80,"Pipa (Plain End) Putih AW 2"" x 5.8 Meter",PVC AW,PIPA PVC AW · PLAIN END,113,Export ERP master_product_updated.xlsx (diunduh 2026-10-06),Warna: Putih,,,2,,,,,,AW,5.8 m,Plain end,
product.0_S_01_021_050006_00,"Pipa (Plain End) Putih AW 2"" x 6 Meter",PVC AW,PIPA PVC AW · PLAIN END,114,Export ERP master_product_updated.xlsx (diunduh 2026-10-06),Warna: Putih,,,2,,,,,,AW,6 m,Plain end,
product.0_S_01_021_065004_00,"Pipa (Plain End) Putih AW 2 1/2"" x 4 Meter",PVC AW,PIPA PVC AW · PLAIN END,115,Export ERP master_product_updated.xlsx (diunduh 2026-10-06),Warna: Putih,,,2 1/2,,,,,,AW,4 m,Plain end,
product.0_S_01_021_065005_80,"Pipa (Plain End) Putih AW 2 1/2"" x 5.8 Meter",PVC AW,PIPA PVC AW · PLAIN END,116,Export ERP master_product_updated.xlsx (diunduh 2026-10-06),Warna: Putih,,,2 1/2,,,,,,AW,5.8 m,Plain end,
product.0_S_01_021_065006_00,"Pipa (Plain End) Putih AW 2 1/2"" x 6 Meter",PVC AW,PIPA PVC AW · PLAIN END,117,Export ERP master_product_updated.xlsx (diunduh 2026-10-06),Warna: Putih,,,2 1/2,,,,,,AW,6 m,Plain end,
product.0_S_01_021_075004_00,"Pipa (Plain End) Putih AW 3"" x 4 Meter",PVC AW,PIPA PVC AW · PLAIN END,118,Export ERP master_product_updated.xlsx (diunduh 2026-10-06),Warna: Putih,,,3,,,,,,AW,4 m,Plain end,
product.0_S_01_021_075005_80,"Pipa (Plain End) Putih AW 3"" x 5.8 Meter",PVC AW,PIPA PVC AW · PLAIN END,119,Export ERP master_product_updated.xlsx (diunduh 2026-10-06),Warna: Putih,,,3,,,,,,AW,5.8 m,Plain end,
product.0_S_01_021_075006_00,"Pipa (Plain End) Putih AW 3"" x 6 Meter",PVC AW,PIPA PVC AW · PLAIN END,120,Export ERP master_product_updated.xlsx (diunduh 2026-10-06),Warna: Putih,,,3,,,,,,AW,6 m,Plain end,
product.0_S_01_021_100004_00,"Pipa (Plain End) Putih AW 4"" x 4 Meter",PVC AW,PIPA PVC AW · PLAIN END,121,Export ERP master_product_updated.xlsx (diunduh 2026-10-06),Warna: Putih,,,4,,,,,,AW,4 m,Plain end,
product.0_S_01_021_100005_80,"Pipa (Plain End) Putih AW 4"" x 5.8 Meter",PVC AW,PIPA PVC AW · PLAIN END,122,Export ERP master_product_updated.xlsx (diunduh 2026-10-06),Warna: Putih,,,4,,,,,,AW,5.8 m,Plain end,
product.0_S_01_021_100006_00,"Pipa (Plain End) Putih AW 4"" x 6 Meter",PVC AW,PIPA PVC AW · PLAIN END,123,Export ERP master_product_updated.xlsx (diunduh 2026-10-06),Warna: Putih,,,4,,,,,,AW,6 m,Plain end,
product.0_S_01_021_125004_00,"Pipa (Plain End) Putih AW 5"" x 4 Meter",PVC AW,PIPA PVC AW · PLAIN END,124,Export ERP master_product_updated.xlsx (diunduh 2026-10-06),Warna: Putih,,,5,,,,,,AW,4 m,Plain end,
product.0_S_01_021_125005_80,"Pipa (Plain End) Putih AW 5"" x 5.8 Meter",PVC AW,PIPA PVC AW · PLAIN END,125,Export ERP master_product_updated.xlsx (diunduh 2026-10-06),Warna: Putih,,,5,,,,,,AW,5.8 m,Plain end,
product.0_S_01_021_125006_00,"Pipa (Plain End) Putih AW 5"" x 6 Meter",PVC AW,PIPA PVC AW · PLAIN END,126,Export ERP master_product_updated.xlsx (diunduh 2026-10-06),Warna: Putih,,,5,,,,,,AW,6 m,Plain end,
product.0_S_01_021_150004_00,"Pipa (Plain End) Putih AW 6"" x 4 Meter",PVC AW,PIPA PVC AW · PLAIN END,127,Export ERP master_product_updated.xlsx (diunduh 2026-10-06),Warna: Putih,,,6,,,,,,AW,4 m,Plain end,
product.0_S_01_021_150005_80,"Pipa (Plain End) Putih AW 6"" x 5.8 Meter",PVC AW,PIPA PVC AW · PLAIN END,128,Export ERP master_product_updated.xlsx (diunduh 2026-10-06),Warna: Putih,,,6,,,,,,AW,5.8 m,Plain end,
product.0_S_01_021_150006_00,"Pipa (Plain End) Putih AW 6"" x 6 Meter",PVC AW,PIPA PVC AW · PLAIN END,129,Export ERP master_product_updated.xlsx (diunduh 2026-10-06),Warna: Putih,,,6,,,,,,AW,6 m,Plain end,
__export__.product_product_19042,"Pipa (Plain End) Putih AW 8"" x 1 Meter",PVC AW,PIPA PVC AW · PLAIN END,130,Export ERP master_product_updated.xlsx (diunduh 2026-10-06),Warna: Putih,,,8,,,,,,AW,1 m,Plain end,
product.0_S_01_021_200004_00,"Pipa (Plain End) Putih AW 8"" x 4 Meter",PVC AW,PIPA PVC AW · PLAIN END,131,Export ERP master_product_updated.xlsx (diunduh 2026-10-06),Warna: Putih,,,8,,,,,,AW,4 m,Plain end,
product.0_S_01_021_200005_80,"Pipa (Plain End) Putih AW 8"" x 5.8 Meter",PVC AW,PIPA PVC AW · PLAIN END,132,Export ERP master_product_updated.xlsx (diunduh 2026-10-06),Warna: Putih,,,8,,,,,,AW,5.8 m,Plain end,
product.0_S_01_021_200006_00,"Pipa (Plain End) Putih AW 8"" x 6 Meter",PVC AW,PIPA PVC AW · PLAIN END,133,Export ERP master_product_updated.xlsx (diunduh 2026-10-06),Warna: Putih,,,8,,,,,,AW,6 m,Plain end,
product.0_S_01_021_250004_00,"Pipa (Plain End) Putih AW 10"" x 4 Meter",PVC AW,PIPA PVC AW · PLAIN END,134,Export ERP master_product_updated.xlsx (diunduh 2026-10-06),Warna: Putih,,,10,,,,,,AW,4 m,Plain end,
product.0_S_01_021_250005_80,"Pipa (Plain End) Putih AW 10"" x 5.8 Meter",PVC AW,PIPA PVC AW · PLAIN END,135,Export ERP master_product_updated.xlsx (diunduh 2026-10-06),Warna: Putih,,,10,,,,,,AW,5.8 m,Plain end,
product.0_S_01_021_250006_00,"Pipa (Plain End) Putih AW 10"" x 6 Meter",PVC AW,PIPA PVC AW · PLAIN END,136,Export ERP master_product_updated.xlsx (diunduh 2026-10-06),Warna: Putih,,,10,,,,,,AW,6 m,Plain end,
product.0_S_01_021_300004_00,"Pipa (Plain End) Putih AW 12"" x 4 Meter",PVC AW,PIPA PVC AW · PLAIN END,137,Export ERP master_product_updated.xlsx (diunduh 2026-10-06),Warna: Putih,,,12,,,,,,AW,4 m,Plain end,
product.0_S_01_021_300005_80,"Pipa (Plain End) Putih AW 12"" x 5.8 Meter",PVC AW,PIPA PVC AW · PLAIN END,138,Export ERP master_product_updated.xlsx (diunduh 2026-10-06),Warna: Putih,,,12,,,,,,AW,5.8 m,Plain end,
product.0_S_01_021_300006_00,"Pipa (Plain End) Putih AW 12"" x 6 Meter",PVC AW,PIPA PVC AW · PLAIN END,139,Export ERP master_product_updated.xlsx (diunduh 2026-10-06),Warna: Putih,,,12,,,,,,AW,6 m,Plain end,
product.0_S_01_022_010064_00,"Pipa (TS End) Putih AW 1/2"" x 4 Meter",PVC AW,PIPA PVC AW · TS END,140,Export ERP master_product_updated.xlsx (diunduh 2026-10-06),Warna: Putih,,,1/2,,,,,,AW,4 m,TS end,
product.0_S_01_022_010065_80,"Pipa (TS End) Putih AW 1/2"" x 5.8 Meter",PVC AW,PIPA PVC AW · TS END,141,Export ERP master_product_updated.xlsx (diunduh 2026-10-06),Warna: Putih,,,1/2,,,,,,AW,5.8 m,TS end,
product.0_S_01_022_010066_00,"Pipa (TS End) Putih AW 1/2"" x 6 Meter",PVC AW,PIPA PVC AW · TS END,142,Export ERP master_product_updated.xlsx (diunduh 2026-10-06),Warna: Putih,,,1/2,,,,,,AW,6 m,TS end,
product.0_S_01_022_020004_00,"Pipa (TS End) Putih AW 3/4"" x 4 Meter",PVC AW,PIPA PVC AW · TS END,143,Export ERP master_product_updated.xlsx (diunduh 2026-10-06),Warna: Putih,,,3/4,,,,,,AW,4 m,TS end,
product.0_S_01_022_020005_80,"Pipa (TS End) Putih AW 3/4"" x 5.8 Meter",PVC AW,PIPA PVC AW · TS END,144,Export ERP master_product_updated.xlsx (diunduh 2026-10-06),Warna: Putih,,,3/4,,,,,,AW,5.8 m,TS end,
product.0_S_01_022_020006_00,"Pipa (TS End) Putih AW 3/4"" x 6 Meter",PVC AW,PIPA PVC AW · TS END,145,Export ERP master_product_updated.xlsx (diunduh 2026-10-06),Warna: Putih,,,3/4,,,,,,AW,6 m,TS end,
product.0_S_01_022_025004_00,"Pipa (TS End) Putih AW 1"" x 4 Meter",PVC AW,PIPA PVC AW · TS END,146,Export ERP master_product_updated.xlsx (diunduh 2026-10-06),Warna: Putih,,,1,,,,,,AW,4 m,TS end,
product.0_S_01_022_025005_80,"Pipa (TS End) Putih AW 1"" x 5.8 Meter",PVC AW,PIPA PVC AW · TS END,147,Export ERP master_product_updated.xlsx (diunduh 2026-10-06),Warna: Putih,,,1,,,,,,AW,5.8 m,TS end,
product.0_S_01_022_025006_00,"Pipa (TS End) Putih AW 1"" x 6 Meter",PVC AW,PIPA PVC AW · TS END,148,Export ERP master_product_updated.xlsx (diunduh 2026-10-06),Warna: Putih,,,1,,,,,,AW,6 m,TS end,
product.0_S_01_022_040004_00,"Pipa (TS End) Putih AW 1 1/2"" x 4 Meter",PVC AW,PIPA PVC AW · TS END,149,Export ERP master_product_updated.xlsx (diunduh 2026-10-06),Warna: Putih,,,1 1/2,,,,,,AW,4 m,TS end,
product.0_S_01_022_040005_80,"Pipa (TS End) Putih AW 1 1/2"" x 5.8 Meter",PVC AW,PIPA PVC AW · TS END,150,Export ERP master_product_updated.xlsx (diunduh 2026-10-06),Warna: Putih,,,1 1/2,,,,,,AW,5.8 m,TS end,
product.0_S_01_022_040006_00,"Pipa (TS End) Putih AW 1 1/2"" x 6 Meter",PVC AW,PIPA PVC AW · TS END,151,Export ERP master_product_updated.xlsx (diunduh 2026-10-06),Warna: Putih,,,1 1/2,,,,,,AW,6 m,TS end,
product.0_S_01_022_042004_00,"Pipa (TS End) Putih AW 1 1/4"" x 4 Meter",PVC AW,PIPA PVC AW · TS END,152,Export ERP master_product_updated.xlsx (diunduh 2026-10-06),Warna: Putih,,,1 1/4,,,,,,AW,4 m,TS end,
product.0_S_01_022_042005_80,"Pipa (TS End) Putih AW 1 1/4"" x 5.8 Meter",PVC AW,PIPA PVC AW · TS END,153,Export ERP master_product_updated.xlsx (diunduh 2026-10-06),Warna: Putih,,,1 1/4,,,,,,AW,5.8 m,TS end,
product.0_S_01_022_042006_00,"Pipa (TS End) Putih AW 1 1/4"" x 6 Meter",PVC AW,PIPA PVC AW · TS END,154,Export ERP master_product_updated.xlsx (diunduh 2026-10-06),Warna: Putih,,,1 1/4,,,,,,AW,6 m,TS end,
product.0_S_01_022_050004_00,"Pipa (TS End) Putih AW 2"" x 4 Meter",PVC AW,PIPA PVC AW · TS END,155,Export ERP master_product_updated.xlsx (diunduh 2026-10-06),Warna: Putih,,,2,,,,,,AW,4 m,TS end,
product.0_S_01_022_050005_80,"Pipa (TS End) Putih AW 2"" x 5.8 Meter",PVC AW,PIPA PVC AW · TS END,156,Export ERP master_product_updated.xlsx (diunduh 2026-10-06),Warna: Putih,,,2,,,,,,AW,5.8 m,TS end,
product.0_S_01_022_050006_00,"Pipa (TS End) Putih AW 2"" x 6 Meter",PVC AW,PIPA PVC AW · TS END,157,Export ERP master_product_updated.xlsx (diunduh 2026-10-06),Warna: Putih,,,2,,,,,,AW,6 m,TS end,
product.0_S_01_022_065004_00,"Pipa (TS End) Putih AW 2 1/2"" x 4 Meter",PVC AW,PIPA PVC AW · TS END,158,Export ERP master_product_updated.xlsx (diunduh 2026-10-06),Warna: Putih,,,2 1/2,,,,,,AW,4 m,TS end,
product.0_S_01_022_065005_80,"Pipa (TS End) Putih AW 2 1/2"" x 5.8 Meter",PVC AW,PIPA PVC AW · TS END,159,Export ERP master_product_updated.xlsx (diunduh 2026-10-06),Warna: Putih,,,2 1/2,,,,,,AW,5.8 m,TS end,
product.0_S_01_022_065006_00,"Pipa (TS End) Putih AW 2 1/2"" x 6 Meter",PVC AW,PIPA PVC AW · TS END,160,Export ERP master_product_updated.xlsx (diunduh 2026-10-06),Warna: Putih,,,2 1/2,,,,,,AW,6 m,TS end,
product.0_S_01_022_075004_00,"Pipa (TS End) Putih AW 3"" x 4 Meter",PVC AW,PIPA PVC AW · TS END,161,Export ERP master_product_updated.xlsx (diunduh 2026-10-06),Warna: Putih,,,3,,,,,,AW,4 m,TS end,
product.0_S_01_022_075005_80,"Pipa (TS End) Putih AW 3"" x 5.8 Meter",PVC AW,PIPA PVC AW · TS END,162,Export ERP master_product_updated.xlsx (diunduh 2026-10-06),Warna: Putih,,,3,,,,,,AW,5.8 m,TS end,
product.0_S_01_022_075006_00,"Pipa (TS End) Putih AW 3"" x 6 Meter",PVC AW,PIPA PVC AW · TS END,163,Export ERP master_product_updated.xlsx (diunduh 2026-10-06),Warna: Putih,,,3,,,,,,AW,6 m,TS end,
product.0_S_01_022_100004_00,"Pipa (TS End) Putih AW 4"" x 4 Meter",PVC AW,PIPA PVC AW · TS END,164,Export ERP master_product_updated.xlsx (diunduh 2026-10-06),Warna: Putih,,,4,,,,,,AW,4 m,TS end,
product.0_S_01_022_100005_80,"Pipa (TS End) Putih AW 4"" x 5.8 Meter",PVC AW,PIPA PVC AW · TS END,165,Export ERP master_product_updated.xlsx (diunduh 2026-10-06),Warna: Putih,,,4,,,,,,AW,5.8 m,TS end,
product.0_S_01_022_100006_00,"Pipa (TS End) Putih AW 4"" x 6 Meter",PVC AW,PIPA PVC AW · TS END,166,Export ERP master_product_updated.xlsx (diunduh 2026-10-06),Warna: Putih,,,4,,,,,,AW,6 m,TS end,
product.0_S_01_022_125004_00,"Pipa (TS End) Putih AW 5"" x 4 Meter",PVC AW,PIPA PVC AW · TS END,167,Export ERP master_product_updated.xlsx (diunduh 2026-10-06),Warna: Putih,,,5,,,,,,AW,4 m,TS end,
product.0_S_01_022_125005_80,"Pipa (TS End) Putih AW 5"" x 5.8 Meter",PVC AW,PIPA PVC AW · TS END,168,Export ERP master_product_updated.xlsx (diunduh 2026-10-06),Warna: Putih,,,5,,,,,,AW,5.8 m,TS end,
product.0_S_01_022_125006_00,"Pipa (TS End) Putih AW 5"" x 6 Meter",PVC AW,PIPA PVC AW · TS END,169,Export ERP master_product_updated.xlsx (diunduh 2026-10-06),Warna: Putih,,,5,,,,,,AW,6 m,TS end,
product.0_S_01_022_150004_00,"Pipa (TS End) Putih AW 6"" x 4 Meter",PVC AW,PIPA PVC AW · TS END,170,Export ERP master_product_updated.xlsx (diunduh 2026-10-06),Warna: Putih,,,6,,,,,,AW,4 m,TS end,
__export__.product_product_13767,"Pipa (TS End) Perforated Putih AW 6"" x 4 Meter",PVC AW,PIPA PVC AW · TS END,171,Export ERP master_product_updated.xlsx (diunduh 2026-10-06),Warna: Putih,,,6,,,,,,AW,4 m,TS end,
product.0_S_01_022_150005_80,"Pipa (TS End) Putih AW 6"" x 5.8 Meter",PVC AW,PIPA PVC AW · TS END,172,Export ERP master_product_updated.xlsx (diunduh 2026-10-06),Warna: Putih,,,6,,,,,,AW,5.8 m,TS end,
product.0_S_01_022_150006_00,"Pipa (TS End) Putih AW 6"" x 6 Meter",PVC AW,PIPA PVC AW · TS END,173,Export ERP master_product_updated.xlsx (diunduh 2026-10-06),Warna: Putih,,,6,,,,,,AW,6 m,TS end,
product.0_S_01_022_200004_00,"Pipa (TS End) Putih AW 8"" x 4 Meter",PVC AW,PIPA PVC AW · TS END,174,Export ERP master_product_updated.xlsx (diunduh 2026-10-06),Warna: Putih,,,8,,,,,,AW,4 m,TS end,
product.0_S_01_022_200005_80,"Pipa (TS End) Putih AW 8"" x 5.8 Meter",PVC AW,PIPA PVC AW · TS END,175,Export ERP master_product_updated.xlsx (diunduh 2026-10-06),Warna: Putih,,,8,,,,,,AW,5.8 m,TS end,
product.0_S_01_022_200006_00,"Pipa (TS End) Putih AW 8"" x 6 Meter",PVC AW,PIPA PVC AW · TS END,176,Export ERP master_product_updated.xlsx (diunduh 2026-10-06),Warna: Putih,,,8,,,,,,AW,6 m,TS end,
product.0_S_01_022_250004_00,"Pipa (TS End) Putih AW 10"" x 4 Meter",PVC AW,PIPA PVC AW · TS END,177,Export ERP master_product_updated.xlsx (diunduh 2026-10-06),Warna: Putih,,,10,,,,,,AW,4 m,TS end,
product.0_S_01_022_250005_80,"Pipa (TS End) Putih AW 10"" x 5.8 Meter",PVC AW,PIPA PVC AW · TS END,178,Export ERP master_product_updated.xlsx (diunduh 2026-10-06),Warna: Putih,,,10,,,,,,AW,5.8 m,TS end,
product.0_S_01_022_250006_00,"Pipa (TS End) Putih AW 10"" x 6 Meter",PVC AW,PIPA PVC AW · TS END,179,Export ERP master_product_updated.xlsx (diunduh 2026-10-06),Warna: Putih,,,10,,,,,,AW,6 m,TS end,
product.0_S_01_022_300004_00,"Pipa (TS End) Putih AW 12"" x 4 Meter",PVC AW,PIPA PVC AW · TS END,180,Export ERP master_product_updated.xlsx (diunduh 2026-10-06),Warna: Putih,,,12,,,,,,AW,4 m,TS end,
product.0_S_01_022_300005_80,"Pipa (TS End) Putih AW 12"" x 5.8 Meter",PVC AW,PIPA PVC AW · TS END,181,Export ERP master_product_updated.xlsx (diunduh 2026-10-06),Warna: Putih,,,12,,,,,,AW,5.8 m,TS end,
product.0_S_01_022_300006_00,"Pipa (TS End) Putih AW 12"" x 6 Meter",PVC AW,PIPA PVC AW · TS END,182,Export ERP master_product_updated.xlsx (diunduh 2026-10-06),Warna: Putih,,,12,,,,,,AW,6 m,TS end,
__export__.product_product_19581,"Pipa (TS End) Putih AW 16"" x 4 Meter",PVC AW,PIPA PVC AW · TS END,183,Export ERP master_product_updated.xlsx (diunduh 2026-10-06),Warna: Putih,,,16,,,,,,AW,4 m,TS end,
__export__.product_product_19717,"Pipa (TS End) Putih AW 16"" x 5.8 Meter",PVC AW,PIPA PVC AW · TS END,184,Export ERP master_product_updated.xlsx (diunduh 2026-10-06),Warna: Putih,,,16,,,,,,AW,5.8 m,TS end,
product.0_S_01_023_075005_80,"Pipa (Bell End ) Abu AW 3 "" x 5.8 Meter",PVC AW,PIPA PVC AW · BELL END,185,Export ERP master_product_updated.xlsx (diunduh 2026-10-06),Warna: Abu,,,3,,,,,,AW,5.8 m,Bell end,
product.0_S_01_023_100005_80,"Pipa (Bell End ) Abu AW 4"" x 5.8 Meter",PVC AW,PIPA PVC AW · BELL END,186,Export ERP master_product_updated.xlsx (diunduh 2026-10-06),Warna: Abu,,,4,,,,,,AW,5.8 m,Bell end,
product.0_S_01_023_150005_80,"Pipa (Bell End) Abu AW 6"" x 5.8 Meter",PVC AW,PIPA PVC AW · BELL END,187,Export ERP master_product_updated.xlsx (diunduh 2026-10-06),Warna: Abu,,,6,,,,,,AW,5.8 m,Bell end,
__export__.product_product_15283,"Pipa (TS End) Putih AW - PIPPO 1/2"" x 4 Meter",PVC AW,PIPA PVC AW · TS END,188,Export ERP master_product_updated.xlsx (diunduh 2026-10-06),Warna: Putih,,,1/2,,,,,,AW,4 m,TS end,
__export__.product_product_15610,"Pipa (TS End) Putih AW - PIPPO150 1/2"" x 4 Meter",PVC AW,PIPA PVC AW · TS END,189,Export ERP master_product_updated.xlsx (diunduh 2026-10-06),Warna: Putih,,,1/2,,,,,,AW,4 m,TS end,
__export__.product_product_17519,"Pipa (TS End) Putih AW - PIPPO 1/2"" x 5,1 Meter",PVC AW,PIPA PVC AW · TS END,190,Export ERP master_product_updated.xlsx (diunduh 2026-10-06),Warna: Putih,,,1/2,,,,,,AW,5.1 m,TS end,
__export__.product_product_19185,"Pipa (TS End) Putih AW - PIPPO 1/2"" x 5,8 Meter",PVC AW,PIPA PVC AW · TS END,191,Export ERP master_product_updated.xlsx (diunduh 2026-10-06),Warna: Putih,,,1/2,,,,,,AW,5.8 m,TS end,
__export__.product_product_15284,"Pipa (TS End) Putih AW - PIPPO 3/4"" x 4 Meter",PVC AW,PIPA PVC AW · TS END,192,Export ERP master_product_updated.xlsx (diunduh 2026-10-06),Warna: Putih,,,3/4,,,,,,AW,4 m,TS end,
__export__.product_product_15612,"Pipa (TS End) Putih AW - PIPPO150 3/4"" x 4 Meter",PVC AW,PIPA PVC AW · TS END,193,Export ERP master_product_updated.xlsx (diunduh 2026-10-06),Warna: Putih,,,3/4,,,,,,AW,4 m,TS end,
__export__.product_product_17520,"Pipa (TS End) Putih AW - PIPPO 3/4"" x 5,1 Meter",PVC AW,PIPA PVC AW · TS END,194,Export ERP master_product_updated.xlsx (diunduh 2026-10-06),Warna: Putih,,,3/4,,,,,,AW,5.1 m,TS end,
__export__.product_product_19186,"Pipa (TS End) Putih AW - PIPPO 3/4"" x 5,8 Meter",PVC AW,PIPA PVC AW · TS END,195,Export ERP master_product_updated.xlsx (diunduh 2026-10-06),Warna: Putih,,,3/4,,,,,,AW,5.8 m,TS end,
__export__.product_product_15285,"Pipa (TS End) Putih AW - PIPPO 1"" x 4 Meter",PVC AW,PIPA PVC AW · TS END,196,Export ERP master_product_updated.xlsx (diunduh 2026-10-06),Warna: Putih,,,1,,,,,,AW,4 m,TS end,
__export__.product_product_15613,"Pipa (TS End) Putih AW - PIPPO150 1"" x 4 Meter",PVC AW,PIPA PVC AW · TS END,197,Export ERP master_product_updated.xlsx (diunduh 2026-10-06),Warna: Putih,,,1,,,,,,AW,4 m,TS end,
__export__.product_product_17917,"Pipa (TS End) Putih AW - PIPPO 1"" x 5,1 Meter",PVC AW,PIPA PVC AW · TS END,198,Export ERP master_product_updated.xlsx (diunduh 2026-10-06),Warna: Putih,,,1,,,,,,AW,5.1 m,TS end,
__export__.product_product_19187,"Pipa (TS End) Putih AW - PIPPO 1"" x 5,8 Meter",PVC AW,PIPA PVC AW · TS END,199,Export ERP master_product_updated.xlsx (diunduh 2026-10-06),Warna: Putih,,,1,,,,,,AW,5.8 m,TS end,
__export__.product_product_15288,"Pipa (TS End) Putih AW - PIPPO 1 1/2"" x 4 Meter",PVC AW,PIPA PVC AW · TS END,200,Export ERP master_product_updated.xlsx (diunduh 2026-10-06),Warna: Putih,,,1 1/2,,,,,,AW,4 m,TS end,
__export__.product_product_15614,"Pipa (TS End) Putih AW - PIPPO150 1 1/2"" x 4 Meter",PVC AW,PIPA PVC AW · TS END,201,Export ERP master_product_updated.xlsx (diunduh 2026-10-06),Warna: Putih,,,1 1/2,,,,,,AW,4 m,TS end,
__export__.product_product_17918,"Pipa (TS End) Putih AW - PIPPO 1 1/2"" x 5,1 Meter",PVC AW,PIPA PVC AW · TS END,202,Export ERP master_product_updated.xlsx (diunduh 2026-10-06),Warna: Putih,,,1 1/2,,,,,,AW,5.1 m,TS end,
__export__.product_product_19250,"Pipa (TS End) Putih AW - PIPPO 1 1/2"" x 5,8 Meter",PVC AW,PIPA PVC AW · TS END,203,Export ERP master_product_updated.xlsx (diunduh 2026-10-06),Warna: Putih,,,1 1/2,,,,,,AW,5.8 m,TS end,
__export__.product_product_15287,"Pipa (TS End) Putih AW - PIPPO 1 1/4"" x 4 Meter",PVC AW,PIPA PVC AW · TS END,204,Export ERP master_product_updated.xlsx (diunduh 2026-10-06),Warna: Putih,,,1 1/4,,,,,,AW,4 m,TS end,
__export__.product_product_15615,"Pipa (TS End) Putih AW - PIPPO150 1 1/4"" x 4 Meter",PVC AW,PIPA PVC AW · TS END,205,Export ERP master_product_updated.xlsx (diunduh 2026-10-06),Warna: Putih,,,1 1/4,,,,,,AW,4 m,TS end,
__export__.product_product_17919,"Pipa (TS End) Putih AW - PIPPO 1 1/4"" x 5,1 Meter",PVC AW,PIPA PVC AW · TS END,206,Export ERP master_product_updated.xlsx (diunduh 2026-10-06),Warna: Putih,,,1 1/4,,,,,,AW,5.1 m,TS end,
__export__.product_product_19251,"Pipa (TS End) Putih AW - PIPPO 1 1/4"" x 5,8 Meter",PVC AW,PIPA PVC AW · TS END,207,Export ERP master_product_updated.xlsx (diunduh 2026-10-06),Warna: Putih,,,1 1/4,,,,,,AW,5.8 m,TS end,
__export__.product_product_15289,"Pipa (TS End) Putih AW - PIPPO 2"" x 4 Meter",PVC AW,PIPA PVC AW · TS END,208,Export ERP master_product_updated.xlsx (diunduh 2026-10-06),Warna: Putih,,,2,,,,,,AW,4 m,TS end,
__export__.product_product_15616,"Pipa (TS End) Putih AW - PIPPO150 2"" x 4 Meter",PVC AW,PIPA PVC AW · TS END,209,Export ERP master_product_updated.xlsx (diunduh 2026-10-06),Warna: Putih,,,2,,,,,,AW,4 m,TS end,
__export__.product_product_17920,"Pipa (TS End) Putih AW - PIPPO 2"" x 5,1 Meter",PVC AW,PIPA PVC AW · TS END,210,Export ERP master_product_updated.xlsx (diunduh 2026-10-06),Warna: Putih,,,2,,,,,,AW,5.1 m,TS end,
__export__.product_product_19244,"Pipa (TS End) Putih AW - PIPPO 2"" x 5.8 Meter",PVC AW,PIPA PVC AW · TS END,211,Export ERP master_product_updated.xlsx (diunduh 2026-10-06),Warna: Putih,,,2,,,,,,AW,5.8 m,TS end,
__export__.product_product_15290,"Pipa (TS End) Putih AW - PIPPO 2 1/2"" x 4 Meter",PVC AW,PIPA PVC AW · TS END,212,Export ERP master_product_updated.xlsx (diunduh 2026-10-06),Warna: Putih,,,2 1/2,,,,,,AW,4 m,TS end,
__export__.product_product_15617,"Pipa (TS End) Putih AW - PIPPO150 2 1/2"" x 4 Meter",PVC AW,PIPA PVC AW · TS END,213,Export ERP master_product_updated.xlsx (diunduh 2026-10-06),Warna: Putih,,,2 1/2,,,,,,AW,4 m,TS end,
__export__.product_product_17921,"Pipa (TS End) Putih AW - PIPPO 2 1/2"" x 5,1 Meter",PVC AW,PIPA PVC AW · TS END,214,Export ERP master_product_updated.xlsx (diunduh 2026-10-06),Warna: Putih,,,2 1/2,,,,,,AW,5.1 m,TS end,
__export__.product_product_19245,"Pipa (TS End) Putih AW - PIPPO 2 1/2"" x 5.8 Meter",PVC AW,PIPA PVC AW · TS END,215,Export ERP master_product_updated.xlsx (diunduh 2026-10-06),Warna: Putih,,,2 1/2,,,,,,AW,5.8 m,TS end,
__export__.product_product_15291,"Pipa (TS End) Putih AW - PIPPO 3"" x 4 Meter",PVC AW,PIPA PVC AW · TS END,216,Export ERP master_product_updated.xlsx (diunduh 2026-10-06),Warna: Putih,,,3,,,,,,AW,4 m,TS end,
__export__.product_product_15618,"Pipa (TS End) Putih AW - PIPPO150 3"" x 4 Meter",PVC AW,PIPA PVC AW · TS END,217,Export ERP master_product_updated.xlsx (diunduh 2026-10-06),Warna: Putih,,,3,,,,,,AW,4 m,TS end,
__export__.product_product_17922,"Pipa (TS End) Putih AW - PIPPO 3"" x 5,1 Meter",PVC AW,PIPA PVC AW · TS END,218,Export ERP master_product_updated.xlsx (diunduh 2026-10-06),Warna: Putih,,,3,,,,,,AW,5.1 m,TS end,
__export__.product_product_19188,"Pipa (TS End) Putih AW - PIPPO 3"" x 5,8 Meter",PVC AW,PIPA PVC AW · TS END,219,Export ERP master_product_updated.xlsx (diunduh 2026-10-06),Warna: Putih,,,3,,,,,,AW,5.8 m,TS end,
__export__.product_product_15292,"Pipa (TS End) Putih AW - PIPPO 4"" x 4 Meter",PVC AW,PIPA PVC AW · TS END,220,Export ERP master_product_updated.xlsx (diunduh 2026-10-06),Warna: Putih,,,4,,,,,,AW,4 m,TS end,
__export__.product_product_15619,"Pipa (TS End) Putih AW - PIPPO150 4"" x 4 Meter",PVC AW,PIPA PVC AW · TS END,221,Export ERP master_product_updated.xlsx (diunduh 2026-10-06),Warna: Putih,,,4,,,,,,AW,4 m,TS end,
__export__.product_product_17923,"Pipa (TS End) Putih AW - PIPPO 4"" x 5,1 Meter",PVC AW,PIPA PVC AW · TS END,222,Export ERP master_product_updated.xlsx (diunduh 2026-10-06),Warna: Putih,,,4,,,,,,AW,5.1 m,TS end,
__export__.product_product_17503,"Pipa (TS End) Putih AW - PIPPO 4"" x 5,7 Meter",PVC AW,PIPA PVC AW · TS END,223,Export ERP master_product_updated.xlsx (diunduh 2026-10-06),Warna: Putih,,,4,,,,,,AW,5.7 m,TS end,
__export__.product_product_19189,"Pipa (TS End) Putih AW - PIPPO 4"" x 5,8 Meter",PVC AW,PIPA PVC AW · TS END,224,Export ERP master_product_updated.xlsx (diunduh 2026-10-06),Warna: Putih,,,4,,,,,,AW,5.8 m,TS end,
__export__.product_product_19263,"Pipa (TS End) Putih AW - PIPPO 5"" x 5,8 Meter",PVC AW,PIPA PVC AW · TS END,225,Export ERP master_product_updated.xlsx (diunduh 2026-10-06),Warna: Putih,,,5,,,,,,AW,5.8 m,TS end,
__export__.product_product_17742,"Pipa (TS End) Putih AW - PIPPO 5"" x 4 Meter",PVC AW,PIPA PVC AW · TS END,226,Export ERP master_product_updated.xlsx (diunduh 2026-10-06),Warna: Putih,,,5,,,,,,AW,4 m,TS end,
__export__.product_product_17743,"Pipa (TS End) Putih AW - PIPPO 6"" x 4 Meter",PVC AW,PIPA PVC AW · TS END,227,Export ERP master_product_updated.xlsx (diunduh 2026-10-06),Warna: Putih,,,6,,,,,,AW,4 m,TS end,
__export__.product_product_19247,"Pipa (TS End) Putih AW - PIPPO 6"" x 5.8 Meter",PVC AW,PIPA PVC AW · TS END,228,Export ERP master_product_updated.xlsx (diunduh 2026-10-06),Warna: Putih,,,6,,,,,,AW,5.8 m,TS end,
__export__.product_product_17744,"Pipa (TS End) Putih AW - PIPPO 8"" x 4 Meter",PVC AW,PIPA PVC AW · TS END,229,Export ERP master_product_updated.xlsx (diunduh 2026-10-06),Warna: Putih,,,8,,,,,,AW,4 m,TS end,
__export__.product_product_19252,"Pipa (TS End) Putih AW - PIPPO 8"" x 5,8 Meter",PVC AW,PIPA PVC AW · TS END,230,Export ERP master_product_updated.xlsx (diunduh 2026-10-06),Warna: Putih,,,8,,,,,,AW,5.8 m,TS end,
__export__.product_product_19050,"Pipa (TS End) Putih AW - PIPPO 10"" x 4 Meter",PVC AW,PIPA PVC AW · TS END,231,Export ERP master_product_updated.xlsx (diunduh 2026-10-06),Warna: Putih,,,10,,,,,,AW,4 m,TS end,
__export__.product_product_19253,"Pipa (TS End) Putih AW - PIPPO 10"" x 5,8 Meter",PVC AW,PIPA PVC AW · TS END,232,Export ERP master_product_updated.xlsx (diunduh 2026-10-06),Warna: Putih,,,10,,,,,,AW,5.8 m,TS end,
__export__.product_product_19077,"Pipa (TS End) Putih AW - PIPPO 12"" x 4 Meter",PVC AW,PIPA PVC AW · TS END,233,Export ERP master_product_updated.xlsx (diunduh 2026-10-06),Warna: Putih,,,12,,,,,,AW,4 m,TS end,
__export__.product_product_19254,"Pipa (TS End) Putih AW - PIPPO 12"" x 5,8 Meter",PVC AW,PIPA PVC AW · TS END,234,Export ERP master_product_updated.xlsx (diunduh 2026-10-06),Warna: Putih,,,12,,,,,,AW,5.8 m,TS end,
__export__.product_product_18761,"Pipa (TS End) Abu AW - PIPPO 6"" x 4 Meter",PVC AW,PIPA PVC AW · TS END,235,Export ERP master_product_updated.xlsx (diunduh 2026-10-06),Warna: Abu,,,6,,,,,,AW,4 m,TS end,
__export__.product_product_18762,"Pipa (TS End) Abu AW - PIPPO 8"" x 4 Meter",PVC AW,PIPA PVC AW · TS END,236,Export ERP master_product_updated.xlsx (diunduh 2026-10-06),Warna: Abu,,,8,,,,,,AW,4 m,TS end,
product.0_S_01_030_040004_00,"Pipa (Plain End) Putih D 1 1/2"" x 4 Meter",PVC D,PIPA PVC D · PLAIN END,237,Export ERP master_product_updated.xlsx (diunduh 2026-10-06),Warna: Putih,,,1 1/2,,,,,,D,4 m,Plain end,
product.0_S_01_030_040005_80,"Pipa (Plain End) Putih D 1 1/2"" x 5.8 Meter",PVC D,PIPA PVC D · PLAIN END,238,Export ERP master_product_updated.xlsx (diunduh 2026-10-06),Warna: Putih,,,1 1/2,,,,,,D,5.8 m,Plain end,
product.0_S_01_030_040006_00,"Pipa (Plain End) Putih D 1 1/2"" x 6 Meter",PVC D,PIPA PVC D · PLAIN END,239,Export ERP master_product_updated.xlsx (diunduh 2026-10-06),Warna: Putih,,,1 1/2,,,,,,D,6 m,Plain end,
product.0_S_01_030_042004_00,"Pipa (Plain End) Putih D 1 1/4"" x 4 Meter",PVC D,PIPA PVC D · PLAIN END,240,Export ERP master_product_updated.xlsx (diunduh 2026-10-06),Warna: Putih,,,1 1/4,,,,,,D,4 m,Plain end,
product.0_S_01_030_042005_80,"Pipa (Plain End) Putih D 1 1/4"" x 5.8 Meter",PVC D,PIPA PVC D · PLAIN END,241,Export ERP master_product_updated.xlsx (diunduh 2026-10-06),Warna: Putih,,,1 1/4,,,,,,D,5.8 m,Plain end,
product.0_S_01_030_042006_00,"Pipa (Plain End) Putih D 1 1/4"" x 6 Meter",PVC D,PIPA PVC D · PLAIN END,242,Export ERP master_product_updated.xlsx (diunduh 2026-10-06),Warna: Putih,,,1 1/4,,,,,,D,6 m,Plain end,
product.0_S_01_030_050004_00,"Pipa (Plain End) Putih D 2"" x 4 Meter",PVC D,PIPA PVC D · PLAIN END,243,Export ERP master_product_updated.xlsx (diunduh 2026-10-06),Warna: Putih,,,2,,,,,,D,4 m,Plain end,
product.0_S_01_030_050005_80,"Pipa (Plain End) Putih D 2"" x 5.8 Meter",PVC D,PIPA PVC D · PLAIN END,244,Export ERP master_product_updated.xlsx (diunduh 2026-10-06),Warna: Putih,,,2,,,,,,D,5.8 m,Plain end,
product.0_S_01_030_050006_00,"Pipa (Plain End) Putih D 2"" x 6 Meter",PVC D,PIPA PVC D · PLAIN END,245,Export ERP master_product_updated.xlsx (diunduh 2026-10-06),Warna: Putih,,,2,,,,,,D,6 m,Plain end,
product.0_S_01_030_065004_00,"Pipa (Plain End) Putih D 2 1/2"" x 4 Meter",PVC D,PIPA PVC D · PLAIN END,246,Export ERP master_product_updated.xlsx (diunduh 2026-10-06),Warna: Putih,,,2 1/2,,,,,,D,4 m,Plain end,
product.0_S_01_030_065005_80,"Pipa (Plain End) Putih D 2 1/2"" x 5.8 Meter",PVC D,PIPA PVC D · PLAIN END,247,Export ERP master_product_updated.xlsx (diunduh 2026-10-06),Warna: Putih,,,2 1/2,,,,,,D,5.8 m,Plain end,
product.0_S_01_030_065006_00,"Pipa (Plain End) Putih D 2 1/2"" x 6 Meter",PVC D,PIPA PVC D · PLAIN END,248,Export ERP master_product_updated.xlsx (diunduh 2026-10-06),Warna: Putih,,,2 1/2,,,,,,D,6 m,Plain end,
__export__.product_product_17377,"Pipa (Plain End) Putih D 3"" x 1 Meter",PVC D,PIPA PVC D · PLAIN END,249,Export ERP master_product_updated.xlsx (diunduh 2026-10-06),Warna: Putih,,,3,,,,,,D,1 m,Plain end,
product.0_S_01_030_075004_00,"Pipa (Plain End) Putih D 3"" x 4 Meter",PVC D,PIPA PVC D · PLAIN END,250,Export ERP master_product_updated.xlsx (diunduh 2026-10-06),Warna: Putih,,,3,,,,,,D,4 m,Plain end,
product.0_S_01_030_075005_80,"Pipa (Plain End) Putih D 3"" x 5.8 Meter",PVC D,PIPA PVC D · PLAIN END,251,Export ERP master_product_updated.xlsx (diunduh 2026-10-06),Warna: Putih,,,3,,,,,,D,5.8 m,Plain end,
product.0_S_01_030_075006_00,"Pipa (Plain End) Putih D 3"" x 6 Meter",PVC D,PIPA PVC D · PLAIN END,252,Export ERP master_product_updated.xlsx (diunduh 2026-10-06),Warna: Putih,,,3,,,,,,D,6 m,Plain end,
__export__.product_product_17378,"Pipa (Plain End) Putih D 4"" x 1 Meter",PVC D,PIPA PVC D · PLAIN END,253,Export ERP master_product_updated.xlsx (diunduh 2026-10-06),Warna: Putih,,,4,,,,,,D,1 m,Plain end,
product.0_S_01_030_100004_00,"Pipa (Plain End) Putih D 4"" x 4 Meter",PVC D,PIPA PVC D · PLAIN END,254,Export ERP master_product_updated.xlsx (diunduh 2026-10-06),Warna: Putih,,,4,,,,,,D,4 m,Plain end,
product.0_S_01_030_100005_80,"Pipa (Plain End) Putih D 4"" x 5.8 Meter",PVC D,PIPA PVC D · PLAIN END,255,Export ERP master_product_updated.xlsx (diunduh 2026-10-06),Warna: Putih,,,4,,,,,,D,5.8 m,Plain end,
product.0_S_01_030_100006_00,"Pipa (Plain End) Putih D 4"" x 6 Meter",PVC D,PIPA PVC D · PLAIN END,256,Export ERP master_product_updated.xlsx (diunduh 2026-10-06),Warna: Putih,,,4,,,,,,D,6 m,Plain end,
product.0_S_01_030_125004_00,"Pipa (Plain End) Putih D 5"" x 4 Meter",PVC D,PIPA PVC D · PLAIN END,257,Export ERP master_product_updated.xlsx (diunduh 2026-10-06),Warna: Putih,,,5,,,,,,D,4 m,Plain end,
product.0_S_01_030_125005_80,"Pipa (Plain End) Putih D 5"" x 5.8 Meter",PVC D,PIPA PVC D · PLAIN END,258,Export ERP master_product_updated.xlsx (diunduh 2026-10-06),Warna: Putih,,,5,,,,,,D,5.8 m,Plain end,
product.0_S_01_030_125006_00,"Pipa (Plain End) Putih D 5"" x 6 Meter",PVC D,PIPA PVC D · PLAIN END,259,Export ERP master_product_updated.xlsx (diunduh 2026-10-06),Warna: Putih,,,5,,,,,,D,6 m,Plain end,
product.0_S_01_030_150004_00,"Pipa (Plain End) Putih D 6"" x 4 Meter",PVC D,PIPA PVC D · PLAIN END,260,Export ERP master_product_updated.xlsx (diunduh 2026-10-06),Warna: Putih,,,6,,,,,,D,4 m,Plain end,
product.0_S_01_030_150005_80,"Pipa (Plain End) Putih D 6"" x 5.8 Meter",PVC D,PIPA PVC D · PLAIN END,261,Export ERP master_product_updated.xlsx (diunduh 2026-10-06),Warna: Putih,,,6,,,,,,D,5.8 m,Plain end,
product.0_S_01_030_150006_00,"Pipa (Plain End) Putih D 6"" x 6 Meter",PVC D,PIPA PVC D · PLAIN END,262,Export ERP master_product_updated.xlsx (diunduh 2026-10-06),Warna: Putih,,,6,,,,,,D,6 m,Plain end,
product.0_S_01_030_200004_00,"Pipa (Plain End) Putih D 8"" x 4 Meter",PVC D,PIPA PVC D · PLAIN END,263,Export ERP master_product_updated.xlsx (diunduh 2026-10-06),Warna: Putih,,,8,,,,,,D,4 m,Plain end,
product.0_S_01_030_200005_80,"Pipa (Plain End) Putih D 8"" x 5.8 Meter",PVC D,PIPA PVC D · PLAIN END,264,Export ERP master_product_updated.xlsx (diunduh 2026-10-06),Warna: Putih,,,8,,,,,,D,5.8 m,Plain end,
product.0_S_01_030_200006_00,"Pipa (Plain End) Putih D 8"" x 6 Meter",PVC D,PIPA PVC D · PLAIN END,265,Export ERP master_product_updated.xlsx (diunduh 2026-10-06),Warna: Putih,,,8,,,,,,D,6 m,Plain end,
product.0_S_01_030_250004_00,"Pipa (Plain End) Putih D 10"" x 4 Meter",PVC D,PIPA PVC D · PLAIN END,266,Export ERP master_product_updated.xlsx (diunduh 2026-10-06),Warna: Putih,,,10,,,,,,D,4 m,Plain end,
product.0_S_01_030_250005_80,"Pipa (Plain End) Putih D 10"" x 5.8 Meter",PVC D,PIPA PVC D · PLAIN END,267,Export ERP master_product_updated.xlsx (diunduh 2026-10-06),Warna: Putih,,,10,,,,,,D,5.8 m,Plain end,
product.0_S_01_030_250006_00,"Pipa (Plain End) Putih D 10"" x 6 Meter",PVC D,PIPA PVC D · PLAIN END,268,Export ERP master_product_updated.xlsx (diunduh 2026-10-06),Warna: Putih,,,10,,,,,,D,6 m,Plain end,
product.0_S_01_030_300004_00,"Pipa (Plain End) Putih D 12"" x 4 Meter",PVC D,PIPA PVC D · PLAIN END,269,Export ERP master_product_updated.xlsx (diunduh 2026-10-06),Warna: Putih,,,12,,,,,,D,4 m,Plain end,
product.0_S_01_030_300005_80,"Pipa (Plain End) Putih D 12"" x 5.8 Meter",PVC D,PIPA PVC D · PLAIN END,270,Export ERP master_product_updated.xlsx (diunduh 2026-10-06),Warna: Putih,,,12,,,,,,D,5.8 m,Plain end,
product.0_S_01_030_300006_00,"Pipa (Plain End) Putih D 12"" x 6 Meter",PVC D,PIPA PVC D · PLAIN END,271,Export ERP master_product_updated.xlsx (diunduh 2026-10-06),Warna: Putih,,,12,,,,,,D,6 m,Plain end,
product.0_S_01_031_040004_00,"Pipa (Plain End) Abu D 1 1/2"" x 4 Meter",PVC D,PIPA PVC D · PLAIN END,272,Export ERP master_product_updated.xlsx (diunduh 2026-10-06),Warna: Abu,,,1 1/2,,,,,,D,4 m,Plain end,
product.0_S_01_031_040005_80,"Pipa (Plain End) Abu D 1 1/2"" x 5.8 Meter",PVC D,PIPA PVC D · PLAIN END,273,Export ERP master_product_updated.xlsx (diunduh 2026-10-06),Warna: Abu,,,1 1/2,,,,,,D,5.8 m,Plain end,
product.0_S_01_031_040006_00,"Pipa (Plain End) Abu D 1 1/2"" x 6 Meter",PVC D,PIPA PVC D · PLAIN END,274,Export ERP master_product_updated.xlsx (diunduh 2026-10-06),Warna: Abu,,,1 1/2,,,,,,D,6 m,Plain end,
product.0_S_01_031_042004_00,"Pipa (Plain End) Abu D 1 1/4"" x 4 Meter",PVC D,PIPA PVC D · PLAIN END,275,Export ERP master_product_updated.xlsx (diunduh 2026-10-06),Warna: Abu,,,1 1/4,,,,,,D,4 m,Plain end,
product.0_S_01_031_042005_80,"Pipa (Plain End) Abu D 1 1/4"" x 5.8 Meter",PVC D,PIPA PVC D · PLAIN END,276,Export ERP master_product_updated.xlsx (diunduh 2026-10-06),Warna: Abu,,,1 1/4,,,,,,D,5.8 m,Plain end,
product.0_S_01_031_042006_00,"Pipa (Plain End) Abu D 1 1/4"" x 6 Meter",PVC D,PIPA PVC D · PLAIN END,277,Export ERP master_product_updated.xlsx (diunduh 2026-10-06),Warna: Abu,,,1 1/4,,,,,,D,6 m,Plain end,
product.0_S_01_031_050004_00,"Pipa (Plain End) Abu D 2"" x 4 Meter",PVC D,PIPA PVC D · PLAIN END,278,Export ERP master_product_updated.xlsx (diunduh 2026-10-06),Warna: Abu,,,2,,,,,,D,4 m,Plain end,
product.0_S_01_031_050005_80,"Pipa (Plain End) Abu D 2"" x 5.8 Meter",PVC D,PIPA PVC D · PLAIN END,279,Export ERP master_product_updated.xlsx (diunduh 2026-10-06),Warna: Abu,,,2,,,,,,D,5.8 m,Plain end,
product.0_S_01_031_050006_00,"Pipa (Plain End) Abu D 2"" x 6 Meter",PVC D,PIPA PVC D · PLAIN END,280,Export ERP master_product_updated.xlsx (diunduh 2026-10-06),Warna: Abu,,,2,,,,,,D,6 m,Plain end,
product.0_S_01_031_065004_00,"Pipa (Plain End) Abu D 2 1/2"" x 4 Meter",PVC D,PIPA PVC D · PLAIN END,281,Export ERP master_product_updated.xlsx (diunduh 2026-10-06),Warna: Abu,,,2 1/2,,,,,,D,4 m,Plain end,
product.0_S_01_031_065005_80,"Pipa (Plain End) Abu D 2 1/2"" x 5.8 Meter",PVC D,PIPA PVC D · PLAIN END,282,Export ERP master_product_updated.xlsx (diunduh 2026-10-06),Warna: Abu,,,2 1/2,,,,,,D,5.8 m,Plain end,
product.0_S_01_031_065006_00,"Pipa (Plain End) Abu D 2 1/2"" x 6 Meter",PVC D,PIPA PVC D · PLAIN END,283,Export ERP master_product_updated.xlsx (diunduh 2026-10-06),Warna: Abu,,,2 1/2,,,,,,D,6 m,Plain end,
product.0_S_01_031_075004_00,"Pipa (Plain End) Abu D 3"" x 4 Meter",PVC D,PIPA PVC D · PLAIN END,284,Export ERP master_product_updated.xlsx (diunduh 2026-10-06),Warna: Abu,,,3,,,,,,D,4 m,Plain end,
product.0_S_01_031_075005_80,"Pipa (Plain End) Abu D 3"" x 5.8 Meter",PVC D,PIPA PVC D · PLAIN END,285,Export ERP master_product_updated.xlsx (diunduh 2026-10-06),Warna: Abu,,,3,,,,,,D,5.8 m,Plain end,
product.0_S_01_031_075006_00,"Pipa (Plain End) Abu D 3"" x 6 Meter",PVC D,PIPA PVC D · PLAIN END,286,Export ERP master_product_updated.xlsx (diunduh 2026-10-06),Warna: Abu,,,3,,,,,,D,6 m,Plain end,
product.0_S_01_031_100004_00,"Pipa (Plain End) Abu D 4"" x 4 Meter",PVC D,PIPA PVC D · PLAIN END,287,Export ERP master_product_updated.xlsx (diunduh 2026-10-06),Warna: Abu,,,4,,,,,,D,4 m,Plain end,
__export__.product_product_17112,"Pipa (Plain End) Coklat D 4"" x 4 Meter",PVC D,PIPA PVC D · PLAIN END,288,Export ERP master_product_updated.xlsx (diunduh 2026-10-06),Warna: Coklat,,,4,,,,,,D,4 m,Plain end,
product.0_S_01_031_100005_80,"Pipa (Plain End) Abu D 4"" x 5.8 Meter",PVC D,PIPA PVC D · PLAIN END,289,Export ERP master_product_updated.xlsx (diunduh 2026-10-06),Warna: Abu,,,4,,,,,,D,5.8 m,Plain end,
product.0_S_01_031_100006_00,"Pipa (Plain End) Abu D 4"" x 6 Meter",PVC D,PIPA PVC D · PLAIN END,290,Export ERP master_product_updated.xlsx (diunduh 2026-10-06),Warna: Abu,,,4,,,,,,D,6 m,Plain end,
product.0_S_01_031_125004_00,"Pipa (Plain End) Abu D 5"" x 4 Meter",PVC D,PIPA PVC D · PLAIN END,291,Export ERP master_product_updated.xlsx (diunduh 2026-10-06),Warna: Abu,,,5,,,,,,D,4 m,Plain end,
product.0_S_01_031_125005_80,"Pipa (Plain End) Abu D 5"" x 5.8 Meter",PVC D,PIPA PVC D · PLAIN END,292,Export ERP master_product_updated.xlsx (diunduh 2026-10-06),Warna: Abu,,,5,,,,,,D,5.8 m,Plain end,
product.0_S_01_031_125006_00,"Pipa (Plain End) Abu D 5"" x 6 Meter",PVC D,PIPA PVC D · PLAIN END,293,Export ERP master_product_updated.xlsx (diunduh 2026-10-06),Warna: Abu,,,5,,,,,,D,6 m,Plain end,
__export__.product_product_16113,"Pipa (Plain End) Abu D 6"" x 3 Meter",PVC D,PIPA PVC D · PLAIN END,294,Export ERP master_product_updated.xlsx (diunduh 2026-10-06),Warna: Abu,,,6,,,,,,D,3 m,Plain end,
product.0_S_01_031_150004_00,"Pipa (Plain End) Abu D 6"" x 4 Meter",PVC D,PIPA PVC D · PLAIN END,295,Export ERP master_product_updated.xlsx (diunduh 2026-10-06),Warna: Abu,,,6,,,,,,D,4 m,Plain end,
__export__.product_product_17272,"Pipa (Plain End) Coklat D 6"" x 4 Meter",PVC D,PIPA PVC D · PLAIN END,296,Export ERP master_product_updated.xlsx (diunduh 2026-10-06),Warna: Coklat,,,6,,,,,,D,4 m,Plain end,
product.0_S_01_031_150005_80,"Pipa (Plain End) Abu D 6"" x 5.8 Meter",PVC D,PIPA PVC D · PLAIN END,297,Export ERP master_product_updated.xlsx (diunduh 2026-10-06),Warna: Abu,,,6,,,,,,D,5.8 m,Plain end,
product.0_S_01_031_150006_00,"Pipa (Plain End) Abu D 6"" x 6 Meter",PVC D,PIPA PVC D · PLAIN END,298,Export ERP master_product_updated.xlsx (diunduh 2026-10-06),Warna: Abu,,,6,,,,,,D,6 m,Plain end,
product.0_S_01_031_200004_00,"Pipa (Plain End) Abu D 8"" x 4 Meter",PVC D,PIPA PVC D · PLAIN END,299,Export ERP master_product_updated.xlsx (diunduh 2026-10-06),Warna: Abu,,,8,,,,,,D,4 m,Plain end,
__export__.product_product_17618,"Pipa (Plain End) Coklat D 8"" x 4 Meter",PVC D,PIPA PVC D · PLAIN END,300,Export ERP master_product_updated.xlsx (diunduh 2026-10-06),Warna: Coklat,,,8,,,,,,D,4 m,Plain end,
product.0_S_01_031_200005_80,"Pipa (Plain End) Abu D 8"" x 5.8 Meter",PVC D,PIPA PVC D · PLAIN END,301,Export ERP master_product_updated.xlsx (diunduh 2026-10-06),Warna: Abu,,,8,,,,,,D,5.8 m,Plain end,
product.0_S_01_031_200006_00,"Pipa (Plain End) Abu D 8"" x 6 Meter",PVC D,PIPA PVC D · PLAIN END,302,Export ERP master_product_updated.xlsx (diunduh 2026-10-06),Warna: Abu,,,8,,,,,,D,6 m,Plain end,
product.0_S_01_031_250004_00,"Pipa (Plain End) Abu D 10"" x 4 Meter",PVC D,PIPA PVC D · PLAIN END,303,Export ERP master_product_updated.xlsx (diunduh 2026-10-06),Warna: Abu,,,10,,,,,,D,4 m,Plain end,
__export__.product_product_17631,"Pipa (Plain End) Coklat D 10"" x 4 Meter",PVC D,PIPA PVC D · PLAIN END,304,Export ERP master_product_updated.xlsx (diunduh 2026-10-06),Warna: Coklat,,,10,,,,,,D,4 m,Plain end,
product.0_S_01_031_250005_80,"Pipa (Plain End) Abu D 10"" x 5.8 Meter",PVC D,PIPA PVC D · PLAIN END,305,Export ERP master_product_updated.xlsx (diunduh 2026-10-06),Warna: Abu,,,10,,,,,,D,5.8 m,Plain end,
product.0_S_01_031_250006_00,"Pipa (Plain End) Abu D 10"" x 6 Meter",PVC D,PIPA PVC D · PLAIN END,306,Export ERP master_product_updated.xlsx (diunduh 2026-10-06),Warna: Abu,,,10,,,,,,D,6 m,Plain end,
product.0_S_01_031_300004_00,"Pipa (Plain End) Abu D 12"" x 4 Meter",PVC D,PIPA PVC D · PLAIN END,307,Export ERP master_product_updated.xlsx (diunduh 2026-10-06),Warna: Abu,,,12,,,,,,D,4 m,Plain end,
product.0_S_01_031_300005_80,"Pipa (Plain End) Abu D 12"" x 5.8 Meter",PVC D,PIPA PVC D · PLAIN END,308,Export ERP master_product_updated.xlsx (diunduh 2026-10-06),Warna: Abu,,,12,,,,,,D,5.8 m,Plain end,
product.0_S_01_031_300006_00,"Pipa (Plain End) Abu D 12"" x 6 Meter",PVC D,PIPA PVC D · PLAIN END,309,Export ERP master_product_updated.xlsx (diunduh 2026-10-06),Warna: Abu,,,12,,,,,,D,6 m,Plain end,
product.0_S_01_032_040004_00,"Pipa (TS End) Putih D 1 1/2"" x 4 Meter",PVC D,PIPA PVC D · TS END,310,Export ERP master_product_updated.xlsx (diunduh 2026-10-06),Warna: Putih,,,1 1/2,,,,,,D,4 m,TS end,
product.0_S_01_032_040005_80,"Pipa (TS End) Putih D 1 1/2"" x 5.8 Meter",PVC D,PIPA PVC D · TS END,311,Export ERP master_product_updated.xlsx (diunduh 2026-10-06),Warna: Putih,,,1 1/2,,,,,,D,5.8 m,TS end,
product.0_S_01_032_040006_00,"Pipa (TS End) Putih D 1 1/2"" x 6 Meter",PVC D,PIPA PVC D · TS END,312,Export ERP master_product_updated.xlsx (diunduh 2026-10-06),Warna: Putih,,,1 1/2,,,,,,D,6 m,TS end,
product.0_S_01_032_042004_00,"Pipa (TS End) Putih D 1 1/4"" x 4 Meter",PVC D,PIPA PVC D · TS END,313,Export ERP master_product_updated.xlsx (diunduh 2026-10-06),Warna: Putih,,,1 1/4,,,,,,D,4 m,TS end,
product.0_S_01_032_042005_80,"Pipa (TS End) Putih D 1 1/4"" x 5.8 Meter",PVC D,PIPA PVC D · TS END,314,Export ERP master_product_updated.xlsx (diunduh 2026-10-06),Warna: Putih,,,1 1/4,,,,,,D,5.8 m,TS end,
product.0_S_01_032_042006_00,"Pipa (TS End) Putih D 1 1/4"" x 6 Meter",PVC D,PIPA PVC D · TS END,315,Export ERP master_product_updated.xlsx (diunduh 2026-10-06),Warna: Putih,,,1 1/4,,,,,,D,6 m,TS end,
product.0_S_01_032_050004_00,"Pipa (TS End) Putih D 2"" x 4 Meter",PVC D,PIPA PVC D · TS END,316,Export ERP master_product_updated.xlsx (diunduh 2026-10-06),Warna: Putih,,,2,,,,,,D,4 m,TS end,
product.0_S_01_032_050005_80,"Pipa (TS End) Putih D 2"" x 5.8 Meter",PVC D,PIPA PVC D · TS END,317,Export ERP master_product_updated.xlsx (diunduh 2026-10-06),Warna: Putih,,,2,,,,,,D,5.8 m,TS end,
product.0_S_01_032_050006_00,"Pipa (TS End) Putih D 2"" x 6 Meter",PVC D,PIPA PVC D · TS END,318,Export ERP master_product_updated.xlsx (diunduh 2026-10-06),Warna: Putih,,,2,,,,,,D,6 m,TS end,
product.0_S_01_032_065004_00,"Pipa (TS End) Putih D 2 1/2"" x 4 Meter",PVC D,PIPA PVC D · TS END,319,Export ERP master_product_updated.xlsx (diunduh 2026-10-06),Warna: Putih,,,2 1/2,,,,,,D,4 m,TS end,
product.0_S_01_032_065005_80,"Pipa (TS End) Putih D 2 1/2"" x 5.8 Meter",PVC D,PIPA PVC D · TS END,320,Export ERP master_product_updated.xlsx (diunduh 2026-10-06),Warna: Putih,,,2 1/2,,,,,,D,5.8 m,TS end,
product.0_S_01_032_065006_00,"Pipa (TS End) Putih D 2 1/2"" x 6 Meter",PVC D,PIPA PVC D · TS END,321,Export ERP master_product_updated.xlsx (diunduh 2026-10-06),Warna: Putih,,,2 1/2,,,,,,D,6 m,TS end,
product.0_S_01_032_075004_00,"Pipa (TS End) Putih D 3"" x 4 Meter",PVC D,PIPA PVC D · TS END,322,Export ERP master_product_updated.xlsx (diunduh 2026-10-06),Warna: Putih,,,3,,,,,,D,4 m,TS end,
product.0_S_01_032_075005_80,"Pipa (TS End) Putih D 3"" x 5.8 Meter",PVC D,PIPA PVC D · TS END,323,Export ERP master_product_updated.xlsx (diunduh 2026-10-06),Warna: Putih,,,3,,,,,,D,5.8 m,TS end,
product.0_S_01_032_075006_00,"Pipa (TS End) Putih D 3"" x 6 Meter",PVC D,PIPA PVC D · TS END,324,Export ERP master_product_updated.xlsx (diunduh 2026-10-06),Warna: Putih,,,3,,,,,,D,6 m,TS end,
product.0_S_01_032_100004_00,"Pipa (TS End) Putih D 4"" x 4 Meter",PVC D,PIPA PVC D · TS END,325,Export ERP master_product_updated.xlsx (diunduh 2026-10-06),Warna: Putih,,,4,,,,,,D,4 m,TS end,
product.0_S_01_032_100005_80,"Pipa (TS End) Putih D 4"" x 5.8 Meter",PVC D,PIPA PVC D · TS END,326,Export ERP master_product_updated.xlsx (diunduh 2026-10-06),Warna: Putih,,,4,,,,,,D,5.8 m,TS end,
product.0_S_01_032_100006_00,"Pipa (TS End) Putih D 4"" x 6 Meter",PVC D,PIPA PVC D · TS END,327,Export ERP master_product_updated.xlsx (diunduh 2026-10-06),Warna: Putih,,,4,,,,,,D,6 m,TS end,
product.0_S_01_032_125004_00,"Pipa (TS End) Putih D 5"" x 4 Meter",PVC D,PIPA PVC D · TS END,328,Export ERP master_product_updated.xlsx (diunduh 2026-10-06),Warna: Putih,,,5,,,,,,D,4 m,TS end,
product.0_S_01_032_125005_80,"Pipa (TS End) Putih D 5"" x 5.8 Meter",PVC D,PIPA PVC D · TS END,329,Export ERP master_product_updated.xlsx (diunduh 2026-10-06),Warna: Putih,,,5,,,,,,D,5.8 m,TS end,
product.0_S_01_032_125006_00,"Pipa (TS End) Putih D 5"" x 6 Meter",PVC D,PIPA PVC D · TS END,330,Export ERP master_product_updated.xlsx (diunduh 2026-10-06),Warna: Putih,,,5,,,,,,D,6 m,TS end,
product.0_S_01_032_150004_00,"Pipa (TS End) Putih D 6"" x 4 Meter",PVC D,PIPA PVC D · TS END,331,Export ERP master_product_updated.xlsx (diunduh 2026-10-06),Warna: Putih,,,6,,,,,,D,4 m,TS end,
product.0_S_01_032_150005_80,"Pipa (TS End) Putih D 6"" x 5.8 Meter",PVC D,PIPA PVC D · TS END,332,Export ERP master_product_updated.xlsx (diunduh 2026-10-06),Warna: Putih,,,6,,,,,,D,5.8 m,TS end,
product.0_S_01_032_150006_00,"Pipa (TS End) Putih D 6"" x 6 Meter",PVC D,PIPA PVC D · TS END,333,Export ERP master_product_updated.xlsx (diunduh 2026-10-06),Warna: Putih,,,6,,,,,,D,6 m,TS end,
product.0_S_01_032_200004_00,"Pipa (TS End) Putih D 8"" x 4 Meter",PVC D,PIPA PVC D · TS END,334,Export ERP master_product_updated.xlsx (diunduh 2026-10-06),Warna: Putih,,,8,,,,,,D,4 m,TS end,
product.0_S_01_032_200005_80,"Pipa (TS End) Putih D 8"" x 5.8 Meter",PVC D,PIPA PVC D · TS END,335,Export ERP master_product_updated.xlsx (diunduh 2026-10-06),Warna: Putih,,,8,,,,,,D,5.8 m,TS end,
product.0_S_01_032_200006_00,"Pipa (TS End) Putih D 8"" x 6 Meter",PVC D,PIPA PVC D · TS END,336,Export ERP master_product_updated.xlsx (diunduh 2026-10-06),Warna: Putih,,,8,,,,,,D,6 m,TS end,
product.0_S_01_032_250004_00,"Pipa (TS End) Putih D 10"" x 4 Meter",PVC D,PIPA PVC D · TS END,337,Export ERP master_product_updated.xlsx (diunduh 2026-10-06),Warna: Putih,,,10,,,,,,D,4 m,TS end,
product.0_S_01_032_250005_80,"Pipa (TS End) Putih D 10"" x 5.8 Meter",PVC D,PIPA PVC D · TS END,338,Export ERP master_product_updated.xlsx (diunduh 2026-10-06),Warna: Putih,,,10,,,,,,D,5.8 m,TS end,
product.0_S_01_032_250006_00,"Pipa (TS End) Putih D 10"" x 6 Meter",PVC D,PIPA PVC D · TS END,339,Export ERP master_product_updated.xlsx (diunduh 2026-10-06),Warna: Putih,,,10,,,,,,D,6 m,TS end,
product.0_S_01_032_300004_00,"Pipa (TS End) Putih D 12"" x 4 Meter",PVC D,PIPA PVC D · TS END,340,Export ERP master_product_updated.xlsx (diunduh 2026-10-06),Warna: Putih,,,12,,,,,,D,4 m,TS end,
product.0_S_01_032_300005_80,"Pipa (TS End) Putih D 12"" x 5.8 Meter",PVC D,PIPA PVC D · TS END,341,Export ERP master_product_updated.xlsx (diunduh 2026-10-06),Warna: Putih,,,12,,,,,,D,5.8 m,TS end,
product.0_S_01_032_300006_00,"Pipa (TS End) Putih D 12"" x 6 Meter",PVC D,PIPA PVC D · TS END,342,Export ERP master_product_updated.xlsx (diunduh 2026-10-06),Warna: Putih,,,12,,,,,,D,6 m,TS end,
product.0_S_01_033_040004_00,"Pipa (TS End) Abu D 1 1/2"" x 4 Meter",PVC D,PIPA PVC D · TS END,343,Export ERP master_product_updated.xlsx (diunduh 2026-10-06),Warna: Abu,,,1 1/2,,,,,,D,4 m,TS end,
product.0_S_01_033_040005_80,"Pipa (TS End) Abu D 1 1/2"" x 5.8 Meter",PVC D,PIPA PVC D · TS END,344,Export ERP master_product_updated.xlsx (diunduh 2026-10-06),Warna: Abu,,,1 1/2,,,,,,D,5.8 m,TS end,
product.0_S_01_033_040006_00,"Pipa (TS End) Abu D 1 1/2"" x 6 Meter",PVC D,PIPA PVC D · TS END,345,Export ERP master_product_updated.xlsx (diunduh 2026-10-06),Warna: Abu,,,1 1/2,,,,,,D,6 m,TS end,
product.0_S_01_033_042004_00,"Pipa (TS End) Abu D 1 1/4"" x 4 Meter",PVC D,PIPA PVC D · TS END,346,Export ERP master_product_updated.xlsx (diunduh 2026-10-06),Warna: Abu,,,1 1/4,,,,,,D,4 m,TS end,
product.0_S_01_033_042005_80,"Pipa (TS End) Abu D 1 1/4"" x 5.8 Meter",PVC D,PIPA PVC D · TS END,347,Export ERP master_product_updated.xlsx (diunduh 2026-10-06),Warna: Abu,,,1 1/4,,,,,,D,5.8 m,TS end,
product.0_S_01_033_042006_00,"Pipa (TS End) Abu D 1 1/4"" x 6 Meter",PVC D,PIPA PVC D · TS END,348,Export ERP master_product_updated.xlsx (diunduh 2026-10-06),Warna: Abu,,,1 1/4,,,,,,D,6 m,TS end,
product.0_S_01_033_050004_00,"Pipa (TS End) Abu D 2"" x 4 Meter",PVC D,PIPA PVC D · TS END,349,Export ERP master_product_updated.xlsx (diunduh 2026-10-06),Warna: Abu,,,2,,,,,,D,4 m,TS end,
product.0_S_01_033_050005_80,"Pipa (TS End) Abu D 2"" x 5.8 Meter",PVC D,PIPA PVC D · TS END,350,Export ERP master_product_updated.xlsx (diunduh 2026-10-06),Warna: Abu,,,2,,,,,,D,5.8 m,TS end,
product.0_S_01_033_050006_00,"Pipa (TS End) Abu D 2"" x 6 Meter",PVC D,PIPA PVC D · TS END,351,Export ERP master_product_updated.xlsx (diunduh 2026-10-06),Warna: Abu,,,2,,,,,,D,6 m,TS end,
product.0_S_01_033_065004_00,"Pipa (TS End) Abu D 2 1/2"" x 4 Meter",PVC D,PIPA PVC D · TS END,352,Export ERP master_product_updated.xlsx (diunduh 2026-10-06),Warna: Abu,,,2 1/2,,,,,,D,4 m,TS end,
product.0_S_01_033_065005_80,"Pipa (TS End) Abu D 2 1/2"" x 5.8 Meter",PVC D,PIPA PVC D · TS END,353,Export ERP master_product_updated.xlsx (diunduh 2026-10-06),Warna: Abu,,,2 1/2,,,,,,D,5.8 m,TS end,
product.0_S_01_033_065006_00,"Pipa (TS End) Abu D 2 1/2"" x 6 Meter",PVC D,PIPA PVC D · TS END,354,Export ERP master_product_updated.xlsx (diunduh 2026-10-06),Warna: Abu,,,2 1/2,,,,,,D,6 m,TS end,
product.0_S_01_033_075004_00,"Pipa (TS End) Abu D 3"" x 4 Meter",PVC D,PIPA PVC D · TS END,355,Export ERP master_product_updated.xlsx (diunduh 2026-10-06),Warna: Abu,,,3,,,,,,D,4 m,TS end,
product.0_S_01_033_075005_80,"Pipa (TS End) Abu D 3"" x 5.8 Meter",PVC D,PIPA PVC D · TS END,356,Export ERP master_product_updated.xlsx (diunduh 2026-10-06),Warna: Abu,,,3,,,,,,D,5.8 m,TS end,
product.0_S_01_033_075006_00,"Pipa (TS End) Abu D 3"" x 6 Meter",PVC D,PIPA PVC D · TS END,357,Export ERP master_product_updated.xlsx (diunduh 2026-10-06),Warna: Abu,,,3,,,,,,D,6 m,TS end,
product.0_S_01_033_100004_00,"Pipa (TS End) Abu D 4"" x 4 Meter",PVC D,PIPA PVC D · TS END,358,Export ERP master_product_updated.xlsx (diunduh 2026-10-06),Warna: Abu,,,4,,,,,,D,4 m,TS end,
product.0_S_01_033_100005_80,"Pipa (TS End) Abu D 4"" x 5.8 Meter",PVC D,PIPA PVC D · TS END,359,Export ERP master_product_updated.xlsx (diunduh 2026-10-06),Warna: Abu,,,4,,,,,,D,5.8 m,TS end,
product.0_S_01_033_100006_00,"Pipa (TS End) Abu D 4"" x 6 Meter",PVC D,PIPA PVC D · TS END,360,Export ERP master_product_updated.xlsx (diunduh 2026-10-06),Warna: Abu,,,4,,,,,,D,6 m,TS end,
product.0_S_01_033_125004_00,"Pipa (TS End) Abu D 5"" x 4 Meter",PVC D,PIPA PVC D · TS END,361,Export ERP master_product_updated.xlsx (diunduh 2026-10-06),Warna: Abu,,,5,,,,,,D,4 m,TS end,
product.0_S_01_033_125005_80,"Pipa (TS End) Abu D 5"" x 5.8 Meter",PVC D,PIPA PVC D · TS END,362,Export ERP master_product_updated.xlsx (diunduh 2026-10-06),Warna: Abu,,,5,,,,,,D,5.8 m,TS end,
product.0_S_01_033_125006_00,"Pipa (TS End) Abu D 5"" x 6 Meter",PVC D,PIPA PVC D · TS END,363,Export ERP master_product_updated.xlsx (diunduh 2026-10-06),Warna: Abu,,,5,,,,,,D,6 m,TS end,
product.0_S_01_033_150004_00,"Pipa (TS End) Abu D 6"" x 4 Meter",PVC D,PIPA PVC D · TS END,364,Export ERP master_product_updated.xlsx (diunduh 2026-10-06),Warna: Abu,,,6,,,,,,D,4 m,TS end,
__export__.product_product_15251,"Pipa (TS End) Perforated Abu D 6"" x 4 Meter",PVC D,PIPA PVC D · TS END,365,Export ERP master_product_updated.xlsx (diunduh 2026-10-06),Warna: Abu,,,6,,,,,,D,4 m,TS end,
product.0_S_01_033_150005_80,"Pipa (TS End) Abu D 6"" x 5.8 Meter",PVC D,PIPA PVC D · TS END,366,Export ERP master_product_updated.xlsx (diunduh 2026-10-06),Warna: Abu,,,6,,,,,,D,5.8 m,TS end,
product.0_S_01_033_150006_00,"Pipa (TS End) Abu D 6"" x 6 Meter",PVC D,PIPA PVC D · TS END,367,Export ERP master_product_updated.xlsx (diunduh 2026-10-06),Warna: Abu,,,6,,,,,,D,6 m,TS end,
product.0_S_01_033_200004_00,"Pipa (TS End) Abu D 8"" x 4 Meter",PVC D,PIPA PVC D · TS END,368,Export ERP master_product_updated.xlsx (diunduh 2026-10-06),Warna: Abu,,,8,,,,,,D,4 m,TS end,
product.0_S_01_033_200005_80,"Pipa (TS End) Abu D 8"" x 5.8 Meter",PVC D,PIPA PVC D · TS END,369,Export ERP master_product_updated.xlsx (diunduh 2026-10-06),Warna: Abu,,,8,,,,,,D,5.8 m,TS end,
product.0_S_01_033_200006_00,"Pipa (TS End) Abu D 8"" x 6 Meter",PVC D,PIPA PVC D · TS END,370,Export ERP master_product_updated.xlsx (diunduh 2026-10-06),Warna: Abu,,,8,,,,,,D,6 m,TS end,
product.0_S_01_033_250004_00,"Pipa (TS End) Abu D 10"" x 4 Meter",PVC D,PIPA PVC D · TS END,371,Export ERP master_product_updated.xlsx (diunduh 2026-10-06),Warna: Abu,,,10,,,,,,D,4 m,TS end,
__export__.product_product_18554,"Pipa (TS End) Cokelat D 10"" x 4 Meter",PVC D,PIPA PVC D · TS END,372,Export ERP master_product_updated.xlsx (diunduh 2026-10-06),,,,10,,,,,,D,4 m,TS end,
product.0_S_01_033_250005_80,"Pipa (TS End) Abu D 10"" x 5.8 Meter",PVC D,PIPA PVC D · TS END,373,Export ERP master_product_updated.xlsx (diunduh 2026-10-06),Warna: Abu,,,10,,,,,,D,5.8 m,TS end,
product.0_S_01_033_250006_00,"Pipa (TS End) Abu D 10"" x 6 Meter",PVC D,PIPA PVC D · TS END,374,Export ERP master_product_updated.xlsx (diunduh 2026-10-06),Warna: Abu,,,10,,,,,,D,6 m,TS end,
product.0_S_01_033_300004_00,"Pipa (TS End) Abu D 12"" x 4 Meter",PVC D,PIPA PVC D · TS END,375,Export ERP master_product_updated.xlsx (diunduh 2026-10-06),Warna: Abu,,,12,,,,,,D,4 m,TS end,
product.0_S_01_033_300005_80,"Pipa (TS End) Abu D 12"" x 5.8 Meter",PVC D,PIPA PVC D · TS END,376,Export ERP master_product_updated.xlsx (diunduh 2026-10-06),Warna: Abu,,,12,,,,,,D,5.8 m,TS end,
product.0_S_01_033_300006_00,"Pipa (TS End) Abu D 12"" x 6 Meter",PVC D,PIPA PVC D · TS END,377,Export ERP master_product_updated.xlsx (diunduh 2026-10-06),Warna: Abu,,,12,,,,,,D,6 m,TS end,
__export__.product_product_10392,"Pipa (Plain End) Three Layer Abu/putih D 4"" x 4 Meter",PVC D,PIPA PVC D · PLAIN END,380,Export ERP master_product_updated.xlsx (diunduh 2026-10-06),Warna: Abu,,,4,,,,,,D,4 m,Plain end,
__export__.product_product_13073,"Pipa (Plain End) Three Layer Abu/putih D 6"" x 4 Meter",PVC D,PIPA PVC D · PLAIN END,381,Export ERP master_product_updated.xlsx (diunduh 2026-10-06),Warna: Abu,,,6,,,,,,D,4 m,Plain end,
__export__.product_product_10393,"Pipa (Plain End) Three Layer Putih/Abu D 6"" x 4 Meter",PVC D,PIPA PVC D · PLAIN END,382,Export ERP master_product_updated.xlsx (diunduh 2026-10-06),Warna: Abu,,,6,,,,,,D,4 m,Plain end,
__export__.product_product_10394,"Pipa (Plain End) Three Layer Putih/putih D 4"" x 4 Meter",PVC D,PIPA PVC D · PLAIN END,383,Export ERP master_product_updated.xlsx (diunduh 2026-10-06),Warna: Putih,,,4,,,,,,D,4 m,Plain end,
__export__.product_product_10455,"Pipa (Plain End) Three Layer Putih/Putih D 6"" x 4 Meter",PVC D,PIPA PVC D · PLAIN END,384,Export ERP master_product_updated.xlsx (diunduh 2026-10-06),Warna: Putih,,,6,,,,,,D,4 m,Plain end,
__export__.product_product_10456,"Pipa (Plain End) Three Layer Abu/Abu D 6"" x 4 Meter",PVC D,PIPA PVC D · PLAIN END,385,Export ERP master_product_updated.xlsx (diunduh 2026-10-06),Warna: Abu,,,6,,,,,,D,4 m,Plain end,
__export__.product_product_13129,"Pipa (TS End) Abu D - Lon 4"" x 4 Meter",PVC D,PIPA PVC D · TS END,386,Export ERP master_product_updated.xlsx (diunduh 2026-10-06),Warna: Abu,,,4,,,,,,D,4 m,TS end,
__export__.product_product_15294,"Pipa (TS End) Putih D - PIPPO 1 1/2"" x 4 Meter",PVC D,PIPA PVC D · TS END,387,Export ERP master_product_updated.xlsx (diunduh 2026-10-06),Warna: Putih,,,1 1/2,,,,,,D,4 m,TS end,
__export__.product_product_15620,"Pipa (TS End) Putih D - PIPPO150 1 1/2"" x 4 Meter",PVC D,PIPA PVC D · TS END,388,Export ERP master_product_updated.xlsx (diunduh 2026-10-06),Warna: Putih,,,1 1/2,,,,,,D,4 m,TS end,
__export__.product_product_15993,"Pipa (TS End) Putih D - PIPPO 1 1/2"" x 5,1 Meter",PVC D,PIPA PVC D · TS END,389,Export ERP master_product_updated.xlsx (diunduh 2026-10-06),Warna: Putih,,,1 1/2,,,,,,D,5.1 m,TS end,
__export__.product_product_19255,"Pipa (TS End) Putih D - PIPPO 1 1/2"" x 5,8 Meter",PVC D,PIPA PVC D · TS END,390,Export ERP master_product_updated.xlsx (diunduh 2026-10-06),Warna: Putih,,,1 1/2,,,,,,D,5.8 m,TS end,
__export__.product_product_15293,"Pipa (TS End) Putih D - PIPPO 1 1/4"" x 4 Meter",PVC D,PIPA PVC D · TS END,391,Export ERP master_product_updated.xlsx (diunduh 2026-10-06),Warna: Putih,,,1 1/4,,,,,,D,4 m,TS end,
__export__.product_product_15621,"Pipa (TS End) Putih D - PIPPO150 1 1/4"" x 4 Meter",PVC D,PIPA PVC D · TS END,392,Export ERP master_product_updated.xlsx (diunduh 2026-10-06),Warna: Putih,,,1 1/4,,,,,,D,4 m,TS end,
__export__.product_product_16043,"Pipa (TS End) Putih D - PIPPO 1 1/4"" x 5,1 Meter",PVC D,PIPA PVC D · TS END,393,Export ERP master_product_updated.xlsx (diunduh 2026-10-06),Warna: Putih,,,1 1/4,,,,,,D,5.1 m,TS end,
__export__.product_product_19256,"Pipa (TS End) Putih D - PIPPO 1 1/4"" x 5,8 Meter",PVC D,PIPA PVC D · TS END,394,Export ERP master_product_updated.xlsx (diunduh 2026-10-06),Warna: Putih,,,1 1/4,,,,,,D,5.8 m,TS end,
__export__.product_product_15295,"Pipa (TS End) Putih D - PIPPO 2"" x 4 Meter",PVC D,PIPA PVC D · TS END,395,Export ERP master_product_updated.xlsx (diunduh 2026-10-06),Warna: Putih,,,2,,,,,,D,4 m,TS end,
__export__.product_product_15622,"Pipa (TS End) Putih D - PIPPO150 2"" x 4 Meter",PVC D,PIPA PVC D · TS END,396,Export ERP master_product_updated.xlsx (diunduh 2026-10-06),Warna: Putih,,,2,,,,,,D,4 m,TS end,
__export__.product_product_16019,"Pipa (TS End) Putih D - PIPPO 2"" x 5,1 Meter",PVC D,PIPA PVC D · TS END,397,Export ERP master_product_updated.xlsx (diunduh 2026-10-06),Warna: Putih,,,2,,,,,,D,5.1 m,TS end,
__export__.product_product_19257,"Pipa (TS End) Putih D - PIPPO 2"" x 5,8 Meter",PVC D,PIPA PVC D · TS END,398,Export ERP master_product_updated.xlsx (diunduh 2026-10-06),Warna: Putih,,,2,,,,,,D,5.8 m,TS end,
__export__.product_product_15296,"Pipa (TS End) Putih D - PIPPO 2 1/2"" x 4 Meter",PVC D,PIPA PVC D · TS END,399,Export ERP master_product_updated.xlsx (diunduh 2026-10-06),Warna: Putih,,,2 1/2,,,,,,D,4 m,TS end,
__export__.product_product_15623,"Pipa (TS End) Putih D - PIPPO150 2 1/2"" x 4 Meter",PVC D,PIPA PVC D · TS END,400,Export ERP master_product_updated.xlsx (diunduh 2026-10-06),Warna: Putih,,,2 1/2,,,,,,D,4 m,TS end,
__export__.product_product_16021,"Pipa (TS End) Putih D - PIPPO 2 1/2"" x 5,1 Meter",PVC D,PIPA PVC D · TS END,401,Export ERP master_product_updated.xlsx (diunduh 2026-10-06),Warna: Putih,,,2 1/2,,,,,,D,5.1 m,TS end,
__export__.product_product_19258,"Pipa (TS End) Putih D - PIPPO 2 1/2"" x 5,8 Meter",PVC D,PIPA PVC D · TS END,402,Export ERP master_product_updated.xlsx (diunduh 2026-10-06),Warna: Putih,,,2 1/2,,,,,,D,5.8 m,TS end,
__export__.product_product_15297,"Pipa (TS End) Putih D - PIPPO 3"" x 4 Meter",PVC D,PIPA PVC D · TS END,403,Export ERP master_product_updated.xlsx (diunduh 2026-10-06),Warna: Putih,,,3,,,,,,D,4 m,TS end,
__export__.product_product_15624,"Pipa (TS End) Putih D - PIPPO150 3"" x 4 Meter",PVC D,PIPA PVC D · TS END,404,Export ERP master_product_updated.xlsx (diunduh 2026-10-06),Warna: Putih,,,3,,,,,,D,4 m,TS end,
__export__.product_product_16020,"Pipa (TS End) Putih D - PIPPO 3"" x 5,1 Meter",PVC D,PIPA PVC D · TS END,405,Export ERP master_product_updated.xlsx (diunduh 2026-10-06),Warna: Putih,,,3,,,,,,D,5.1 m,TS end,
__export__.product_product_19190,"Pipa (TS End) Putih D - PIPPO 3"" x 5,8 Meter",PVC D,PIPA PVC D · TS END,406,Export ERP master_product_updated.xlsx (diunduh 2026-10-06),Warna: Putih,,,3,,,,,,D,5.8 m,TS end,
__export__.product_product_15298,"Pipa (TS End) Putih D - PIPPO 4"" x 4 Meter",PVC D,PIPA PVC D · TS END,407,Export ERP master_product_updated.xlsx (diunduh 2026-10-06),Warna: Putih,,,4,,,,,,D,4 m,TS end,
__export__.product_product_15625,"Pipa (TS End) Putih D - PIPPO150 4"" x 4 Meter",PVC D,PIPA PVC D · TS END,408,Export ERP master_product_updated.xlsx (diunduh 2026-10-06),Warna: Putih,,,4,,,,,,D,4 m,TS end,
__export__.product_product_16022,"Pipa (TS End) Putih D - PIPPO 4"" x 5,1 Meter",PVC D,PIPA PVC D · TS END,409,Export ERP master_product_updated.xlsx (diunduh 2026-10-06),Warna: Putih,,,4,,,,,,D,5.1 m,TS end,
__export__.product_product_19191,"Pipa (TS End) Putih D - PIPPO 4"" x 5,8 Meter",PVC D,PIPA PVC D · TS END,410,Export ERP master_product_updated.xlsx (diunduh 2026-10-06),Warna: Putih,,,4,,,,,,D,5.8 m,TS end,
__export__.product_product_17739,"Pipa (TS End) Putih D - PIPPO 5"" x 4 Meter",PVC D,PIPA PVC D · TS END,411,Export ERP master_product_updated.xlsx (diunduh 2026-10-06),Warna: Putih,,,5,,,,,,D,4 m,TS end,
__export__.product_product_19259,"Pipa (TS End) Putih D - PIPPO 5"" x 5,8 Meter",PVC D,PIPA PVC D · TS END,412,Export ERP master_product_updated.xlsx (diunduh 2026-10-06),Warna: Putih,,,5,,,,,,D,5.8 m,TS end,
__export__.product_product_17740,"Pipa (TS End) Putih D - PIPPO 6"" x 4 Meter",PVC D,PIPA PVC D · TS END,413,Export ERP master_product_updated.xlsx (diunduh 2026-10-06),Warna: Putih,,,6,,,,,,D,4 m,TS end,
__export__.product_product_19246,"Pipa (TS End) Putih D - PIPPO 6"" x 5.8 Meter",PVC D,PIPA PVC D · TS END,414,Export ERP master_product_updated.xlsx (diunduh 2026-10-06),Warna: Putih,,,6,,,,,,D,5.8 m,TS end,
__export__.product_product_17741,"Pipa (TS End) Putih D - PIPPO 8"" x 4 Meter",PVC D,PIPA PVC D · TS END,415,Export ERP master_product_updated.xlsx (diunduh 2026-10-06),Warna: Putih,,,8,,,,,,D,4 m,TS end,
__export__.product_product_19260,"Pipa (TS End) Putih D - PIPPO 8"" x 5,8 Meter",PVC D,PIPA PVC D · TS END,416,Export ERP master_product_updated.xlsx (diunduh 2026-10-06),Warna: Putih,,,8,,,,,,D,5.8 m,TS end,
__export__.product_product_19184,"Pipa (TS End) Putih D - PIPPO 10"" x 4 Meter",PVC D,PIPA PVC D · TS END,417,Export ERP master_product_updated.xlsx (diunduh 2026-10-06),Warna: Putih,,,10,,,,,,D,4 m,TS end,
__export__.product_product_19261,"Pipa (TS End) Putih D - PIPPO 10"" x 5,8 Meter",PVC D,PIPA PVC D · TS END,418,Export ERP master_product_updated.xlsx (diunduh 2026-10-06),Warna: Putih,,,10,,,,,,D,5.8 m,TS end,
__export__.product_product_19147,"Pipa (TS End) Putih D - PIPPO 12"" x 4 Meter",PVC D,PIPA PVC D · TS END,419,Export ERP master_product_updated.xlsx (diunduh 2026-10-06),Warna: Putih,,,12,,,,,,D,4 m,TS end,
__export__.product_product_19262,"Pipa (TS End) Putih D - PIPPO 12"" x 5,8 Meter",PVC D,PIPA PVC D · TS END,420,Export ERP master_product_updated.xlsx (diunduh 2026-10-06),Warna: Putih,,,12,,,,,,D,5.8 m,TS end,
product.0_S_01_070_010064_00,"Pipa (Plain End) Abu C 5/8"" x 4 Meter",PVC C,PIPA PVC C · PLAIN END,421,Export ERP master_product_updated.xlsx (diunduh 2026-10-06),Warna: Abu,,,5/8,,,,,,C,4 m,Plain end,
product.0_S_01_070_010065_80,"Pipa (Plain End) Abu C 5/8"" x 5.8 Meter",PVC C,PIPA PVC C · PLAIN END,422,Export ERP master_product_updated.xlsx (diunduh 2026-10-06),Warna: Abu,,,5/8,,,,,,C,5.8 m,Plain end,
product.0_S_01_070_019004_00,"Pipa (Plain End) Abu C 3/4"" x 4 Meter",PVC C,PIPA PVC C · PLAIN END,423,Export ERP master_product_updated.xlsx (diunduh 2026-10-06),Warna: Abu,,,3/4,,,,,,C,4 m,Plain end,
product.0_S_01_070_019005_80,"Pipa (Plain End) Abu C 3/4"" x 5.8 Meter",PVC C,PIPA PVC C · PLAIN END,424,Export ERP master_product_updated.xlsx (diunduh 2026-10-06),Warna: Abu,,,3/4,,,,,,C,5.8 m,Plain end,
product.0_S_01_071_010064_00,"Pipa (TS End) Abu C 5/8"" x 4 Meter",PVC C,PIPA PVC C · TS END,425,Export ERP master_product_updated.xlsx (diunduh 2026-10-06),Warna: Abu,,,5/8,,,,,,C,4 m,TS end,
product.0_S_01_071_010065_80,"Pipa (TS End) Abu C 5/8"" x 5.8 Meter",PVC C,PIPA PVC C · TS END,426,Export ERP master_product_updated.xlsx (diunduh 2026-10-06),Warna: Abu,,,5/8,,,,,,C,5.8 m,TS end,
__export__.product_product_9891,"Pipa (TS End) Abu C 1/2"" x 4 Meter",PVC C,PIPA PVC C · TS END,427,Export ERP master_product_updated.xlsx (diunduh 2026-10-06),Warna: Abu,,,1/2,,,,,,C,4 m,TS end,
product.0_S_01_071_019004_00,"Pipa (TS End) Abu C 3/4"" x 4 Meter",PVC C,PIPA PVC C · TS END,428,Export ERP master_product_updated.xlsx (diunduh 2026-10-06),Warna: Abu,,,3/4,,,,,,C,4 m,TS end,
product.0_S_01_071_019005_80,"Pipa (TS End) Abu C 3/4"" x 5.8 Meter",PVC C,PIPA PVC C · TS END,429,Export ERP master_product_updated.xlsx (diunduh 2026-10-06),Warna: Abu,,,3/4,,,,,,C,5.8 m,TS end,
__export__.product_product_13190,"Pipa (TS End) Abu C 1"" x 4 Meter",PVC C,PIPA PVC C · TS END,430,Export ERP master_product_updated.xlsx (diunduh 2026-10-06),Warna: Abu,,,1,,,,,,C,4 m,TS end,
product.0_S_01_072_010064_00,"Pipa (Plain End) Putih C 5/8"" x 4 Meter",PVC C,PIPA PVC C · PLAIN END,431,Export ERP master_product_updated.xlsx (diunduh 2026-10-06),Warna: Putih,,,5/8,,,,,,C,4 m,Plain end,
product.0_S_01_072_010065_80,"Pipa (Plain End) Putih C 5/8"" x 5.8 Meter",PVC C,PIPA PVC C · PLAIN END,432,Export ERP master_product_updated.xlsx (diunduh 2026-10-06),Warna: Putih,,,5/8,,,,,,C,5.8 m,Plain end,
__export__.product_product_13188,"Pipa (Plain End) Putih C 1/2"" x 4 Meter",PVC C,PIPA PVC C · PLAIN END,433,Export ERP master_product_updated.xlsx (diunduh 2026-10-06),Warna: Putih,,,1/2,,,,,,C,4 m,Plain end,
product.0_S_01_072_019004_00,"Pipa (Plain End) Putih C 3/4"" x 4 Meter",PVC C,PIPA PVC C · PLAIN END,434,Export ERP master_product_updated.xlsx (diunduh 2026-10-06),Warna: Putih,,,3/4,,,,,,C,4 m,Plain end,
product.0_S_01_072_019005_80,"Pipa (Plain End) Putih C 3/4"" x 5.8 Meter",PVC C,PIPA PVC C · PLAIN END,435,Export ERP master_product_updated.xlsx (diunduh 2026-10-06),Warna: Putih,,,3/4,,,,,,C,5.8 m,Plain end,
__export__.product_product_13189,"Pipa (Plain End) Putih C 1"" x 4 Meter",PVC C,PIPA PVC C · PLAIN END,436,Export ERP master_product_updated.xlsx (diunduh 2026-10-06),Warna: Putih,,,1,,,,,,C,4 m,Plain end,
product.0_S_01_073_010064_00,"Pipa (TS End) Putih C 5/8"" x 4 Meter",PVC C,PIPA PVC C · TS END,437,Export ERP master_product_updated.xlsx (diunduh 2026-10-06),Warna: Putih,,,5/8,,,,,,C,4 m,TS end,
product.0_S_01_073_016005_80,"Pipa (TS End) Putih C 5/8"" x 5.8 Meter",PVC C,PIPA PVC C · TS END,438,Export ERP master_product_updated.xlsx (diunduh 2026-10-06),Warna: Putih,,,5/8,,,,,,C,5.8 m,TS end,
__export__.product_product_13068,"Pipa (TS End) Putih C 1/2"" x 4 Meter",PVC C,PIPA PVC C · TS END,439,Export ERP master_product_updated.xlsx (diunduh 2026-10-06),Warna: Putih,,,1/2,,,,,,C,4 m,TS end,
product.0_S_01_073_019004_00,"Pipa (TS End) Putih C 3/4"" x 4 Meter",PVC C,PIPA PVC C · TS END,440,Export ERP master_product_updated.xlsx (diunduh 2026-10-06),Warna: Putih,,,3/4,,,,,,C,4 m,TS end,
product.0_S_01_073_019005_80,"Pipa (TS End) Putih C 3/4"" x 5.8 Meter",PVC C,PIPA PVC C · TS END,441,Export ERP master_product_updated.xlsx (diunduh 2026-10-06),Warna: Putih,,,3/4,,,,,,C,5.8 m,TS end,
__export__.product_product_13069,"Pipa (TS End) Putih C 1"" x 4 Meter",PVC C,PIPA PVC C · TS END,442,Export ERP master_product_updated.xlsx (diunduh 2026-10-06),Warna: Putih,,,1,,,,,,C,4 m,TS end,
product.0_S_01_080_016004_00,"Pipa (Plain End) VP 1/2"" x 4 Meter",PVC VP,PIPA PVC VP · PLAIN END,447,Export ERP master_product_updated.xlsx (diunduh 2026-10-06),,,,1/2,,,,,,VP,4 m,Plain end,
product.0_S_01_080_016006_00,"Pipa (Plain End) VP 1/2"" x 6 Meter",PVC VP,PIPA PVC VP · PLAIN END,448,Export ERP master_product_updated.xlsx (diunduh 2026-10-06),,,,1/2,,,,,,VP,6 m,Plain end,
product.0_S_01_080_016065_80,"Pipa (Plain End) VP 1/2"" x 5.8 Meter",PVC VP,PIPA PVC VP · PLAIN END,449,Export ERP master_product_updated.xlsx (diunduh 2026-10-06),,,,1/2,,,,,,VP,5.8 m,Plain end,
product.0_S_01_080_020004_00,"Pipa (Plain End) VP 3/4"" x 4 Meter",PVC VP,PIPA PVC VP · PLAIN END,450,Export ERP master_product_updated.xlsx (diunduh 2026-10-06),,,,3/4,,,,,,VP,4 m,Plain end,
product.0_S_01_080_020005_80,"Pipa (Plain End) VP 3/4"" x 5.8 Meter",PVC VP,PIPA PVC VP · PLAIN END,451,Export ERP master_product_updated.xlsx (diunduh 2026-10-06),,,,3/4,,,,,,VP,5.8 m,Plain end,
product.0_S_01_080_020006_00,"Pipa (Plain End) VP 3/4"" x 6 Meter",PVC VP,PIPA PVC VP · PLAIN END,452,Export ERP master_product_updated.xlsx (diunduh 2026-10-06),,,,3/4,,,,,,VP,6 m,Plain end,
product.0_S_01_080_025004_00,"Pipa (Plain End) VP 1"" x 4 Meter",PVC VP,PIPA PVC VP · PLAIN END,453,Export ERP master_product_updated.xlsx (diunduh 2026-10-06),,,,1,,,,,,VP,4 m,Plain end,
product.0_S_01_080_025005_80,"Pipa (Plain End) VP 1"" x 5.8 Meter",PVC VP,PIPA PVC VP · PLAIN END,454,Export ERP master_product_updated.xlsx (diunduh 2026-10-06),,,,1,,,,,,VP,5.8 m,Plain end,
product.0_S_01_080_025006_00,"Pipa (Plain End) VP 1"" x 6 Meter",PVC VP,PIPA PVC VP · PLAIN END,455,Export ERP master_product_updated.xlsx (diunduh 2026-10-06),,,,1,,,,,,VP,6 m,Plain end,
product.0_S_01_080_040004_00,"Pipa (Plain End) VP 1 1/2"" x 4 Meter",PVC VP,PIPA PVC VP · PLAIN END,456,Export ERP master_product_updated.xlsx (diunduh 2026-10-06),,,,1 1/2,,,,,,VP,4 m,Plain end,
product.0_S_01_080_040005_80,"Pipa (Plain End) VP 1 1/2"" x 5.8 Meter",PVC VP,PIPA PVC VP · PLAIN END,457,Export ERP master_product_updated.xlsx (diunduh 2026-10-06),,,,1 1/2,,,,,,VP,5.8 m,Plain end,
product.0_S_01_080_040006_00,"Pipa (Plain End) VP 1 1/2"" x 6 Meter",PVC VP,PIPA PVC VP · PLAIN END,458,Export ERP master_product_updated.xlsx (diunduh 2026-10-06),,,,1 1/2,,,,,,VP,6 m,Plain end,
product.0_S_01_080_042004_00,"Pipa (Plain End) VP 1 1/4"" x 4 Meter",PVC VP,PIPA PVC VP · PLAIN END,459,Export ERP master_product_updated.xlsx (diunduh 2026-10-06),,,,1 1/4,,,,,,VP,4 m,Plain end,
product.0_S_01_080_042005_80,"Pipa (Plain End) VP 1 1/4"" x 5.8 Meter",PVC VP,PIPA PVC VP · PLAIN END,460,Export ERP master_product_updated.xlsx (diunduh 2026-10-06),,,,1 1/4,,,,,,VP,5.8 m,Plain end,
product.0_S_01_080_042006_00,"Pipa (Plain End) VP 1 1/4"" x 6 Meter",PVC VP,PIPA PVC VP · PLAIN END,461,Export ERP master_product_updated.xlsx (diunduh 2026-10-06),,,,1 1/4,,,,,,VP,6 m,Plain end,
product.0_S_01_080_050004_00,"Pipa (Plain End) VP 2"" x 4 Meter",PVC VP,PIPA PVC VP · PLAIN END,462,Export ERP master_product_updated.xlsx (diunduh 2026-10-06),,,,2,,,,,,VP,4 m,Plain end,
product.0_S_01_080_050005_80,"Pipa (Plain End) VP 2"" x 5.8 Meter",PVC VP,PIPA PVC VP · PLAIN END,463,Export ERP master_product_updated.xlsx (diunduh 2026-10-06),,,,2,,,,,,VP,5.8 m,Plain end,
product.0_S_01_080_050006_00,"Pipa (Plain End) VP 2"" x 6 Meter",PVC VP,PIPA PVC VP · PLAIN END,464,Export ERP master_product_updated.xlsx (diunduh 2026-10-06),,,,2,,,,,,VP,6 m,Plain end,
product.0_S_01_080_065004_00,"Pipa (Plain End) VP 2 1/2"" x 4 Meter",PVC VP,PIPA PVC VP · PLAIN END,465,Export ERP master_product_updated.xlsx (diunduh 2026-10-06),,,,2 1/2,,,,,,VP,4 m,Plain end,
product.0_S_01_080_065005_80,"Pipa (Plain End) VP 2 1/2"" x 5.8 Meter",PVC VP,PIPA PVC VP · PLAIN END,466,Export ERP master_product_updated.xlsx (diunduh 2026-10-06),,,,2 1/2,,,,,,VP,5.8 m,Plain end,
product.0_S_01_080_065006_00,"Pipa (Plain End) VP 2 1/2"" x 6 Meter",PVC VP,PIPA PVC VP · PLAIN END,467,Export ERP master_product_updated.xlsx (diunduh 2026-10-06),,,,2 1/2,,,,,,VP,6 m,Plain end,
product.0_S_01_080_075004_00,"Pipa (Plain End) VP 3"" x 4 Meter",PVC VP,PIPA PVC VP · PLAIN END,468,Export ERP master_product_updated.xlsx (diunduh 2026-10-06),,,,3,,,,,,VP,4 m,Plain end,
product.0_S_01_080_075005_80,"Pipa (Plain End) VP 3"" x 5.8 Meter",PVC VP,PIPA PVC VP · PLAIN END,469,Export ERP master_product_updated.xlsx (diunduh 2026-10-06),,,,3,,,,,,VP,5.8 m,Plain end,
product.0_S_01_080_075006_00,"Pipa (Plain End) VP 3"" x 6 Meter",PVC VP,PIPA PVC VP · PLAIN END,470,Export ERP master_product_updated.xlsx (diunduh 2026-10-06),,,,3,,,,,,VP,6 m,Plain end,
product.0_S_01_080_100004_00,"Pipa (Plain End) VP 4"" x 4 Meter",PVC VP,PIPA PVC VP · PLAIN END,471,Export ERP master_product_updated.xlsx (diunduh 2026-10-06),,,,4,,,,,,VP,4 m,Plain end,
product.0_S_01_080_100005_80,"Pipa (Plain End) VP 4"" x 5.8 Meter",PVC VP,PIPA PVC VP · PLAIN END,472,Export ERP master_product_updated.xlsx (diunduh 2026-10-06),,,,4,,,,,,VP,5.8 m,Plain end,
product.0_S_01_080_100006_00,"Pipa (Plain End) VP 4"" x 6 Meter",PVC VP,PIPA PVC VP · PLAIN END,473,Export ERP master_product_updated.xlsx (diunduh 2026-10-06),,,,4,,,,,,VP,6 m,Plain end,
product.0_S_01_080_125004_00,"Pipa (Plain End) VP 5"" x 4 Meter",PVC VP,PIPA PVC VP · PLAIN END,474,Export ERP master_product_updated.xlsx (diunduh 2026-10-06),,,,5,,,,,,VP,4 m,Plain end,
product.0_S_01_080_125005_80,"Pipa (Plain End) VP 5"" x 5.8 Meter",PVC VP,PIPA PVC VP · PLAIN END,475,Export ERP master_product_updated.xlsx (diunduh 2026-10-06),,,,5,,,,,,VP,5.8 m,Plain end,
product.0_S_01_080_125006_00,"Pipa (Plain End) VP 5"" x 6 Meter",PVC VP,PIPA PVC VP · PLAIN END,476,Export ERP master_product_updated.xlsx (diunduh 2026-10-06),,,,5,,,,,,VP,6 m,Plain end,
product.0_S_01_080_150004_00,"Pipa (Plain End) VP 6"" x 4 Meter",PVC VP,PIPA PVC VP · PLAIN END,477,Export ERP master_product_updated.xlsx (diunduh 2026-10-06),,,,6,,,,,,VP,4 m,Plain end,
product.0_S_01_080_150005_80,"Pipa (Plain End) VP 6"" x 5.8 Meter",PVC VP,PIPA PVC VP · PLAIN END,478,Export ERP master_product_updated.xlsx (diunduh 2026-10-06),,,,6,,,,,,VP,5.8 m,Plain end,
product.0_S_01_080_150006_00,"Pipa (Plain End) VP 6"" x 6 Meter",PVC VP,PIPA PVC VP · PLAIN END,479,Export ERP master_product_updated.xlsx (diunduh 2026-10-06),,,,6,,,,,,VP,6 m,Plain end,
product.0_S_01_080_200004_00,"Pipa (Plain End) VP 8"" x 4 Meter",PVC VP,PIPA PVC VP · PLAIN END,480,Export ERP master_product_updated.xlsx (diunduh 2026-10-06),,,,8,,,,,,VP,4 m,Plain end,
__export__.product_product_17157,"Pipa (Plain End) VP 8"" x 4 Meter Coklat",PVC VP,PIPA PVC VP · PLAIN END,481,Export ERP master_product_updated.xlsx (diunduh 2026-10-06),Warna: Coklat,,,8,,,,,,VP,4 m,Plain end,
product.0_S_01_080_200005_80,"Pipa (Plain End) VP 8"" x 5.8 Meter",PVC VP,PIPA PVC VP · PLAIN END,482,Export ERP master_product_updated.xlsx (diunduh 2026-10-06),,,,8,,,,,,VP,5.8 m,Plain end,
product.0_S_01_080_200006_00,"Pipa (Plain End) VP 8"" x 6 Meter",PVC VP,PIPA PVC VP · PLAIN END,483,Export ERP master_product_updated.xlsx (diunduh 2026-10-06),,,,8,,,,,,VP,6 m,Plain end,
__export__.product_product_17868,"Pipa (Plain End) VP 10"" x 1 Meter Coklat",PVC VP,PIPA PVC VP · PLAIN END,484,Export ERP master_product_updated.xlsx (diunduh 2026-10-06),Warna: Coklat,,,10,,,,,,VP,1 m,Plain end,
__export__.product_product_17179,"Pipa (Plain End) VP 10"" x 2 Meter Coklat",PVC VP,PIPA PVC VP · PLAIN END,485,Export ERP master_product_updated.xlsx (diunduh 2026-10-06),Warna: Coklat,,,10,,,,,,VP,2 m,Plain end,
product.0_S_01_080_250004_00,"Pipa (Plain End) VP 10"" x 4 Meter",PVC VP,PIPA PVC VP · PLAIN END,486,Export ERP master_product_updated.xlsx (diunduh 2026-10-06),,,,10,,,,,,VP,4 m,Plain end,
__export__.product_product_17176,"Pipa (Plain End) VP 10"" x 4 Meter Coklat",PVC VP,PIPA PVC VP · PLAIN END,487,Export ERP master_product_updated.xlsx (diunduh 2026-10-06),Warna: Coklat,,,10,,,,,,VP,4 m,Plain end,
product.0_S_01_080_250005_80,"Pipa (Plain End) VP 10"" x 5.8 Meter",PVC VP,PIPA PVC VP · PLAIN END,488,Export ERP master_product_updated.xlsx (diunduh 2026-10-06),,,,10,,,,,,VP,5.8 m,Plain end,
product.0_S_01_080_250006_00,"Pipa (Plain End) VP 10"" x 6 Meter",PVC VP,PIPA PVC VP · PLAIN END,489,Export ERP master_product_updated.xlsx (diunduh 2026-10-06),,,,10,,,,,,VP,6 m,Plain end,
product.0_S_01_080_300004_00,"Pipa (Plain End) VP 12"" x 4 Meter",PVC VP,PIPA PVC VP · PLAIN END,490,Export ERP master_product_updated.xlsx (diunduh 2026-10-06),,,,12,,,,,,VP,4 m,Plain end,
product.0_S_01_080_300005_80,"Pipa (Plain End) VP 12"" x 5.8 Meter",PVC VP,PIPA PVC VP · PLAIN END,491,Export ERP master_product_updated.xlsx (diunduh 2026-10-06),,,,12,,,,,,VP,5.8 m,Plain end,
product.0_S_01_080_300006_00,"Pipa (Plain End) VP 12"" x 6 Meter",PVC VP,PIPA PVC VP · PLAIN END,492,Export ERP master_product_updated.xlsx (diunduh 2026-10-06),,,,12,,,,,,VP,6 m,Plain end,
product.0_S_01_081_016004_00,"Pipa (TS End) VP 1/2"" x 4 Meter",PVC VP,PIPA PVC VP · TS END,493,Export ERP master_product_updated.xlsx (diunduh 2026-10-06),,,,1/2,,,,,,VP,4 m,TS end,
product.0_S_01_081_016005_80,"Pipa (TS End) VP 1/2"" x 5.8 Meter",PVC VP,PIPA PVC VP · TS END,494,Export ERP master_product_updated.xlsx (diunduh 2026-10-06),,,,1/2,,,,,,VP,5.8 m,TS end,
product.0_S_01_081_016600_00,"Pipa (TS End) VP 1/2"" x 6 Meter",PVC VP,PIPA PVC VP · TS END,495,Export ERP master_product_updated.xlsx (diunduh 2026-10-06),,,,1/2,,,,,,VP,6 m,TS end,
product.0_S_01_081_020004_00,"Pipa (TS End) VP 3/4"" x 4 Meter",PVC VP,PIPA PVC VP · TS END,496,Export ERP master_product_updated.xlsx (diunduh 2026-10-06),,,,3/4,,,,,,VP,4 m,TS end,
product.0_S_01_081_020005_80,"Pipa (TS End) VP 3/4"" x 5.8 Meter",PVC VP,PIPA PVC VP · TS END,497,Export ERP master_product_updated.xlsx (diunduh 2026-10-06),,,,3/4,,,,,,VP,5.8 m,TS end,
product.0_S_01_081_020006_00,"Pipa (TS End) VP 3/4"" x 6 Meter",PVC VP,PIPA PVC VP · TS END,498,Export ERP master_product_updated.xlsx (diunduh 2026-10-06),,,,3/4,,,,,,VP,6 m,TS end,
product.0_S_01_081_025004_00,"Pipa (TS End) VP 1"" x 4 Meter",PVC VP,PIPA PVC VP · TS END,499,Export ERP master_product_updated.xlsx (diunduh 2026-10-06),,,,1,,,,,,VP,4 m,TS end,
product.0_S_01_081_025005_80,"Pipa (TS End) VP 1"" x 5.8 Meter",PVC VP,PIPA PVC VP · TS END,500,Export ERP master_product_updated.xlsx (diunduh 2026-10-06),,,,1,,,,,,VP,5.8 m,TS end,
product.0_S_01_081_025006_00,"Pipa (TS End) VP 1"" x 6 Meter",PVC VP,PIPA PVC VP · TS END,501,Export ERP master_product_updated.xlsx (diunduh 2026-10-06),,,,1,,,,,,VP,6 m,TS end,
product.0_S_01_081_040004_00,"Pipa (TS End) VP 1 1/2"" x 4 Meter",PVC VP,PIPA PVC VP · TS END,502,Export ERP master_product_updated.xlsx (diunduh 2026-10-06),,,,1 1/2,,,,,,VP,4 m,TS end,
product.0_S_01_081_040005_80,"Pipa (TS End) VP 1 1/2"" x 5.8 Meter",PVC VP,PIPA PVC VP · TS END,503,Export ERP master_product_updated.xlsx (diunduh 2026-10-06),,,,1 1/2,,,,,,VP,5.8 m,TS end,
product.0_S_01_081_040006_00,"Pipa (TS End) VP 1 1/2"" x 6 Meter",PVC VP,PIPA PVC VP · TS END,504,Export ERP master_product_updated.xlsx (diunduh 2026-10-06),,,,1 1/2,,,,,,VP,6 m,TS end,
product.0_S_01_081_042004_00,"Pipa (TS End) VP 1 1/4"" x 4 Meter",PVC VP,PIPA PVC VP · TS END,505,Export ERP master_product_updated.xlsx (diunduh 2026-10-06),,,,1 1/4,,,,,,VP,4 m,TS end,
product.0_S_01_081_042005_80,"Pipa (TS End) VP 1 1/4"" x 5.8 Meter",PVC VP,PIPA PVC VP · TS END,506,Export ERP master_product_updated.xlsx (diunduh 2026-10-06),,,,1 1/4,,,,,,VP,5.8 m,TS end,
product.0_S_01_081_042006_00,"Pipa (TS End) VP 1 1/4"" x 6 Meter",PVC VP,PIPA PVC VP · TS END,507,Export ERP master_product_updated.xlsx (diunduh 2026-10-06),,,,1 1/4,,,,,,VP,6 m,TS end,
product.0_S_01_081_050004_00,"Pipa (TS End) VP 2"" x 4 Meter",PVC VP,PIPA PVC VP · TS END,508,Export ERP master_product_updated.xlsx (diunduh 2026-10-06),,,,2,,,,,,VP,4 m,TS end,
product.0_S_01_081_050005_80,"Pipa (TS End) VP 2"" x 5.8 Meter",PVC VP,PIPA PVC VP · TS END,509,Export ERP master_product_updated.xlsx (diunduh 2026-10-06),,,,2,,,,,,VP,5.8 m,TS end,
product.0_S_01_081_065004_00,"Pipa (TS End) VP 2 1/2"" x 4 Meter",PVC VP,PIPA PVC VP · TS END,511,Export ERP master_product_updated.xlsx (diunduh 2026-10-06),,,,2 1/2,,,,,,VP,4 m,TS end,
product.0_S_01_081_065005_80,"Pipa (TS End) VP 2 1/2"" x 5.8 Meter",PVC VP,PIPA PVC VP · TS END,512,Export ERP master_product_updated.xlsx (diunduh 2026-10-06),,,,2 1/2,,,,,,VP,5.8 m,TS end,
product.0_S_01_081_065006_00,"Pipa (TS End) VP 2 1/2"" x 6 Meter",PVC VP,PIPA PVC VP · TS END,513,Export ERP master_product_updated.xlsx (diunduh 2026-10-06),,,,2 1/2,,,,,,VP,6 m,TS end,
product.0_S_01_081_075004_00,"Pipa (TS End) VP 3"" x 4 Meter",PVC VP,PIPA PVC VP · TS END,514,Export ERP master_product_updated.xlsx (diunduh 2026-10-06),,,,3,,,,,,VP,4 m,TS end,
product.0_S_01_081_075005_80,"Pipa (TS End) VP 3"" x 5.8 Meter",PVC VP,PIPA PVC VP · TS END,515,Export ERP master_product_updated.xlsx (diunduh 2026-10-06),,,,3,,,,,,VP,5.8 m,TS end,
product.0_S_01_081_075006_00,"Pipa (TS End) VP 3"" x 6 Meter",PVC VP,PIPA PVC VP · TS END,516,Export ERP master_product_updated.xlsx (diunduh 2026-10-06),,,,3,,,,,,VP,6 m,TS end,
product.0_S_01_081_100004_00,"Pipa (TS End) VP 4"" x 4 Meter",PVC VP,PIPA PVC VP · TS END,517,Export ERP master_product_updated.xlsx (diunduh 2026-10-06),,,,4,,,,,,VP,4 m,TS end,
product.0_S_01_081_100005_80,"Pipa (TS End) VP 4"" x 5.8 Meter",PVC VP,PIPA PVC VP · TS END,518,Export ERP master_product_updated.xlsx (diunduh 2026-10-06),,,,4,,,,,,VP,5.8 m,TS end,
product.0_S_01_081_100006_00,"Pipa (TS End) VP 4"" x 6 Meter",PVC VP,PIPA PVC VP · TS END,519,Export ERP master_product_updated.xlsx (diunduh 2026-10-06),,,,4,,,,,,VP,6 m,TS end,
product.0_S_01_081_125004_00,"Pipa (TS End) VP 5"" x 4 Meter",PVC VP,PIPA PVC VP · TS END,520,Export ERP master_product_updated.xlsx (diunduh 2026-10-06),,,,5,,,,,,VP,4 m,TS end,
product.0_S_01_081_125005_80,"Pipa (TS End) VP 5"" x 5.8 Meter",PVC VP,PIPA PVC VP · TS END,521,Export ERP master_product_updated.xlsx (diunduh 2026-10-06),,,,5,,,,,,VP,5.8 m,TS end,
product.0_S_01_081_125006_00,"Pipa (TS End) VP 5"" x 6 Meter",PVC VP,PIPA PVC VP · TS END,522,Export ERP master_product_updated.xlsx (diunduh 2026-10-06),,,,5,,,,,,VP,6 m,TS end,
product.0_S_01_081_150004_00,"Pipa (TS End) VP 6"" x 4 Meter",PVC VP,PIPA PVC VP · TS END,523,Export ERP master_product_updated.xlsx (diunduh 2026-10-06),,,,6,,,,,,VP,4 m,TS end,
product.0_S_01_081_100604_00,"Pipa (TS End) Perforated VP 6"" x 4 meter",PVC VP,PIPA PVC VP · TS END,524,Export ERP master_product_updated.xlsx (diunduh 2026-10-06),,,,6,,,,,,VP,4 m,TS end,
product.0_S_01_081_150005_80,"Pipa (TS End) VP 6"" x 5.8 Meter",PVC VP,PIPA PVC VP · TS END,525,Export ERP master_product_updated.xlsx (diunduh 2026-10-06),,,,6,,,,,,VP,5.8 m,TS end,
product.0_S_01_081_150006_00,"Pipa (TS End) VP 6"" x 6 Meter",PVC VP,PIPA PVC VP · TS END,526,Export ERP master_product_updated.xlsx (diunduh 2026-10-06),,,,6,,,,,,VP,6 m,TS end,
product.0_S_01_081_200004_00,"Pipa (TS End) VP 8"" x 4 Meter",PVC VP,PIPA PVC VP · TS END,527,Export ERP master_product_updated.xlsx (diunduh 2026-10-06),,,,8,,,,,,VP,4 m,TS end,
__export__.product_product_14459,"Pipa (TS End) Perforated VP 8"" x 4 meter",PVC VP,PIPA PVC VP · TS END,528,Export ERP master_product_updated.xlsx (diunduh 2026-10-06),,,,8,,,,,,VP,4 m,TS end,
product.0_S_01_081_200005_80,"Pipa (TS End) VP 8"" x 5.8 Meter",PVC VP,PIPA PVC VP · TS END,529,Export ERP master_product_updated.xlsx (diunduh 2026-10-06),,,,8,,,,,,VP,5.8 m,TS end,
product.0_S_01_081_200006_00,"Pipa (TS End) VP 8"" x 6 Meter",PVC VP,PIPA PVC VP · TS END,530,Export ERP master_product_updated.xlsx (diunduh 2026-10-06),,,,8,,,,,,VP,6 m,TS end,
product.0_S_01_081_250004_00,"Pipa (TS End) VP 10"" x 4 Meter",PVC VP,PIPA PVC VP · TS END,531,Export ERP master_product_updated.xlsx (diunduh 2026-10-06),,,,10,,,,,,VP,4 m,TS end,
product.0_S_01_081_250005_80,"Pipa (TS End) VP 10"" x 5.8 Meter",PVC VP,PIPA PVC VP · TS END,532,Export ERP master_product_updated.xlsx (diunduh 2026-10-06),,,,10,,,,,,VP,5.8 m,TS end,
product.0_S_01_081_250006_00,"Pipa (TS End) VP 10"" x 6 Meter",PVC VP,PIPA PVC VP · TS END,533,Export ERP master_product_updated.xlsx (diunduh 2026-10-06),,,,10,,,,,,VP,6 m,TS end,
product.0_S_01_081_300004_00,"Pipa (TS End) VP 12"" x 4 Meter",PVC VP,PIPA PVC VP · TS END,534,Export ERP master_product_updated.xlsx (diunduh 2026-10-06),,,,12,,,,,,VP,4 m,TS end,
product.0_S_01_081_300005_80,"Pipa (TS End) VP 12"" x 5.8 Meter",PVC VP,PIPA PVC VP · TS END,535,Export ERP master_product_updated.xlsx (diunduh 2026-10-06),,,,12,,,,,,VP,5.8 m,TS end,
product.0_S_01_081_300006_00,"Pipa (TS End) VP 12"" x 6 Meter",PVC VP,PIPA PVC VP · TS END,536,Export ERP master_product_updated.xlsx (diunduh 2026-10-06),,,,12,,,,,,VP,6 m,TS end,
product.0_S_01_082_050004_00,"Pipa (Bell End) VP 2"" x 4 Meter",PVC VP,PIPA PVC VP · BELL END,537,Export ERP master_product_updated.xlsx (diunduh 2026-10-06),,,,2,,,,,,VP,4 m,Bell end,
product.0_S_01_082_050005_80,"Pipa (Bell End) VP 2"" x 5.8 Meter",PVC VP,PIPA PVC VP · BELL END,538,Export ERP master_product_updated.xlsx (diunduh 2026-10-06),,,,2,,,,,,VP,5.8 m,Bell end,
product.0_S_01_082_065004_00,"Pipa (Bell End) VP 2 1/2"" x 4 Meter",PVC VP,PIPA PVC VP · BELL END,540,Export ERP master_product_updated.xlsx (diunduh 2026-10-06),,,,2 1/2,,,,,,VP,4 m,Bell end,
product.0_S_01_082_065005_80,"Pipa (Bell End) VP 2 1/2"" x 5.8 Meter",PVC VP,PIPA PVC VP · BELL END,541,Export ERP master_product_updated.xlsx (diunduh 2026-10-06),,,,2 1/2,,,,,,VP,5.8 m,Bell end,
product.0_S_01_082_065006_00,"Pipa (Bell End) VP 2 1/2"" x 6 Meter",PVC VP,PIPA PVC VP · BELL END,542,Export ERP master_product_updated.xlsx (diunduh 2026-10-06),,,,2 1/2,,,,,,VP,6 m,Bell end,
product.0_S_01_082_075004_00,"Pipa (Bell End) VP 3"" x 4 Meter",PVC VP,PIPA PVC VP · BELL END,543,Export ERP master_product_updated.xlsx (diunduh 2026-10-06),,,,3,,,,,,VP,4 m,Bell end,
product.0_S_01_082_075005_80,"Pipa (Bell End) VP 3"" x 5.8 Meter",PVC VP,PIPA PVC VP · BELL END,544,Export ERP master_product_updated.xlsx (diunduh 2026-10-06),,,,3,,,,,,VP,5.8 m,Bell end,
product.0_S_01_082_075006_00,"Pipa (Bell End) VP 3"" x 6 Meter",PVC VP,PIPA PVC VP · BELL END,545,Export ERP master_product_updated.xlsx (diunduh 2026-10-06),,,,3,,,,,,VP,6 m,Bell end,
product.0_S_01_082_100004_00,"Pipa (Bell End) VP 4"" x 4 Meter",PVC VP,PIPA PVC VP · BELL END,546,Export ERP master_product_updated.xlsx (diunduh 2026-10-06),,,,4,,,,,,VP,4 m,Bell end,
product.0_S_01_082_100005_80,"Pipa (Bell End) VP 4"" x 5.8 Meter",PVC VP,PIPA PVC VP · BELL END,547,Export ERP master_product_updated.xlsx (diunduh 2026-10-06),,,,4,,,,,,VP,5.8 m,Bell end,
product.0_S_01_082_100006_00,"Pipa (Bell End) VP 4"" x 6 Meter",PVC VP,PIPA PVC VP · BELL END,548,Export ERP master_product_updated.xlsx (diunduh 2026-10-06),,,,4,,,,,,VP,6 m,Bell end,
product.0_S_01_082_125004_00,"Pipa (Bell End) VP 5"" x 4 Meter",PVC VP,PIPA PVC VP · BELL END,549,Export ERP master_product_updated.xlsx (diunduh 2026-10-06),,,,5,,,,,,VP,4 m,Bell end,
product.0_S_01_082_125005_80,"Pipa (Bell End) VP 5"" x 5.8 Meter",PVC VP,PIPA PVC VP · BELL END,550,Export ERP master_product_updated.xlsx (diunduh 2026-10-06),,,,5,,,,,,VP,5.8 m,Bell end,
product.0_S_01_082_125006_00,"Pipa (Bell End) VP 5"" x 6 Meter",PVC VP,PIPA PVC VP · BELL END,551,Export ERP master_product_updated.xlsx (diunduh 2026-10-06),,,,5,,,,,,VP,6 m,Bell end,
product.0_S_01_082_150004_00,"Pipa (Bell End) VP 6"" x 4 Meter",PVC VP,PIPA PVC VP · BELL END,552,Export ERP master_product_updated.xlsx (diunduh 2026-10-06),,,,6,,,,,,VP,4 m,Bell end,
product.0_S_01_082_150005_80,"Pipa (Bell End) VP 6"" x 5.8 Meter",PVC VP,PIPA PVC VP · BELL END,553,Export ERP master_product_updated.xlsx (diunduh 2026-10-06),,,,6,,,,,,VP,5.8 m,Bell end,
product.0_S_01_082_150006_00,"Pipa (Bell End) VP 6"" x 6 Meter",PVC VP,PIPA PVC VP · BELL END,554,Export ERP master_product_updated.xlsx (diunduh 2026-10-06),,,,6,,,,,,VP,6 m,Bell end,
product.0_S_01_082_200004_00,"Pipa (Bell End) VP 8"" x 4 Meter",PVC VP,PIPA PVC VP · BELL END,555,Export ERP master_product_updated.xlsx (diunduh 2026-10-06),,,,8,,,,,,VP,4 m,Bell end,
product.0_S_01_082_200005_80,"Pipa (Bell End) VP 8"" x 5.8 Meter",PVC VP,PIPA PVC VP · BELL END,556,Export ERP master_product_updated.xlsx (diunduh 2026-10-06),,,,8,,,,,,VP,5.8 m,Bell end,
product.0_S_01_082_200006_00,"Pipa (Bell End) VP 8"" x 6 Meter",PVC VP,PIPA PVC VP · BELL END,557,Export ERP master_product_updated.xlsx (diunduh 2026-10-06),,,,8,,,,,,VP,6 m,Bell end,
product.0_S_01_082_250004_00,"Pipa (Bell End) VP 10"" x 4 Meter",PVC VP,PIPA PVC VP · BELL END,558,Export ERP master_product_updated.xlsx (diunduh 2026-10-06),,,,10,,,,,,VP,4 m,Bell end,
product.0_S_01_082_250005_80,"Pipa (Bell End) VP 10"" x 5.8 Meter",PVC VP,PIPA PVC VP · BELL END,559,Export ERP master_product_updated.xlsx (diunduh 2026-10-06),,,,10,,,,,,VP,5.8 m,Bell end,
product.0_S_01_082_250006_00,"Pipa (Bell End) VP 10"" x 6 Meter",PVC VP,PIPA PVC VP · BELL END,560,Export ERP master_product_updated.xlsx (diunduh 2026-10-06),,,,10,,,,,,VP,6 m,Bell end,
product.0_S_01_082_300004_00,"Pipa (Bell End) VP 12"" x 4 Meter",PVC VP,PIPA PVC VP · BELL END,561,Export ERP master_product_updated.xlsx (diunduh 2026-10-06),,,,12,,,,,,VP,4 m,Bell end,
product.0_S_01_082_300005_80,"Pipa (Bell End) VP 12"" x 5.8 Meter",PVC VP,PIPA PVC VP · BELL END,562,Export ERP master_product_updated.xlsx (diunduh 2026-10-06),,,,12,,,,,,VP,5.8 m,Bell end,
product.0_S_01_082_300006_00,"Pipa (Bell End) VP 12"" x 6 Meter",PVC VP,PIPA PVC VP · BELL END,563,Export ERP master_product_updated.xlsx (diunduh 2026-10-06),,,,12,,,,,,VP,6 m,Bell end,
product.0_S_01_100_040004_00,"Pipa (Plain End) VU 1 1/2"" x 4 Meter",PVC VU,PIPA PVC VU · PLAIN END,564,Export ERP master_product_updated.xlsx (diunduh 2026-10-06),,,,1 1/2,,,,,,VU,4 m,Plain end,
product.0_S_01_100_040005_80,"Pipa (Plain End) VU 1 1/2"" x 5.8 Meter",PVC VU,PIPA PVC VU · PLAIN END,565,Export ERP master_product_updated.xlsx (diunduh 2026-10-06),,,,1 1/2,,,,,,VU,5.8 m,Plain end,
product.0_S_01_100_040006_00,"Pipa (Plain End) VU 1 1/2"" x 6 Meter",PVC VU,PIPA PVC VU · PLAIN END,566,Export ERP master_product_updated.xlsx (diunduh 2026-10-06),,,,1 1/2,,,,,,VU,6 m,Plain end,
product.0_S_01_100_050004_00,"Pipa (Plain End) VU 2"" x 4 Meter",PVC VU,PIPA PVC VU · PLAIN END,567,Export ERP master_product_updated.xlsx (diunduh 2026-10-06),,,,2,,,,,,VU,4 m,Plain end,
product.0_S_01_100_050005_80,"Pipa (Plain End) VU 2"" x 5.8 Meter",PVC VU,PIPA PVC VU · PLAIN END,568,Export ERP master_product_updated.xlsx (diunduh 2026-10-06),,,,2,,,,,,VU,5.8 m,Plain end,
product.0_S_01_100_050006_00,"Pipa (Plain End) VU 2"" x 6 Meter",PVC VU,PIPA PVC VU · PLAIN END,569,Export ERP master_product_updated.xlsx (diunduh 2026-10-06),,,,2,,,,,,VU,6 m,Plain end,
product.0_S_01_100_065004_00,"Pipa (Plain End) VU 2 1/2"" x 4 Meter",PVC VU,PIPA PVC VU · PLAIN END,570,Export ERP master_product_updated.xlsx (diunduh 2026-10-06),,,,2 1/2,,,,,,VU,4 m,Plain end,
product.0_S_01_100_065005_80,"Pipa (Plain End) VU 2 1/2"" x 5.8 Meter",PVC VU,PIPA PVC VU · PLAIN END,571,Export ERP master_product_updated.xlsx (diunduh 2026-10-06),,,,2 1/2,,,,,,VU,5.8 m,Plain end,
product.0_S_01_100_065006_00,"Pipa (Plain End) VU 2 1/2"" x 6 Meter",PVC VU,PIPA PVC VU · PLAIN END,572,Export ERP master_product_updated.xlsx (diunduh 2026-10-06),,,,2 1/2,,,,,,VU,6 m,Plain end,
product.0_S_01_100_075004_00,"Pipa (Plain End) VU 3"" x 4 Meter",PVC VU,PIPA PVC VU · PLAIN END,573,Export ERP master_product_updated.xlsx (diunduh 2026-10-06),,,,3,,,,,,VU,4 m,Plain end,
product.0_S_01_100_075005_80,"Pipa (Plain End) VU 3"" x 5.8 Meter",PVC VU,PIPA PVC VU · PLAIN END,574,Export ERP master_product_updated.xlsx (diunduh 2026-10-06),,,,3,,,,,,VU,5.8 m,Plain end,
product.0_S_01_100_075006_00,"Pipa (Plain End) VU 3"" x 6 Meter",PVC VU,PIPA PVC VU · PLAIN END,575,Export ERP master_product_updated.xlsx (diunduh 2026-10-06),,,,3,,,,,,VU,6 m,Plain end,
product.0_S_01_100_100004_00,"Pipa (Plain End) VU 4"" x 4 Meter",PVC VU,PIPA PVC VU · PLAIN END,576,Export ERP master_product_updated.xlsx (diunduh 2026-10-06),,,,4,,,,,,VU,4 m,Plain end,
__export__.product_product_16578,"Pipa (Plain End) VU 4"" x 4 Meter Coklat",PVC VU,PIPA PVC VU · PLAIN END,577,Export ERP master_product_updated.xlsx (diunduh 2026-10-06),Warna: Coklat,,,4,,,,,,VU,4 m,Plain end,
product.0_S_01_100_100005_80,"Pipa (Plain End) VU 4"" x 5.8 Meter",PVC VU,PIPA PVC VU · PLAIN END,578,Export ERP master_product_updated.xlsx (diunduh 2026-10-06),,,,4,,,,,,VU,5.8 m,Plain end,
product.0_S_01_100_100006_00,"Pipa (Plain End) VU 4"" x 6 Meter",PVC VU,PIPA PVC VU · PLAIN END,579,Export ERP master_product_updated.xlsx (diunduh 2026-10-06),,,,4,,,,,,VU,6 m,Plain end,
product.0_S_01_100_125004_00,"Pipa (Plain End) VU 5"" x 4 Meter",PVC VU,PIPA PVC VU · PLAIN END,580,Export ERP master_product_updated.xlsx (diunduh 2026-10-06),,,,5,,,,,,VU,4 m,Plain end,
product.0_S_01_100_125005_80,"Pipa (Plain End) VU 5"" x 5.8 Meter",PVC VU,PIPA PVC VU · PLAIN END,581,Export ERP master_product_updated.xlsx (diunduh 2026-10-06),,,,5,,,,,,VU,5.8 m,Plain end,
product.0_S_01_100_125006_00,"Pipa (Plain End) VU 5"" x 6 Meter",PVC VU,PIPA PVC VU · PLAIN END,582,Export ERP master_product_updated.xlsx (diunduh 2026-10-06),,,,5,,,,,,VU,6 m,Plain end,
product.0_S_01_100_150004_00,"Pipa (Plain End) VU 6"" x 4 Meter",PVC VU,PIPA PVC VU · PLAIN END,583,Export ERP master_product_updated.xlsx (diunduh 2026-10-06),,,,6,,,,,,VU,4 m,Plain end,
__export__.product_product_16616,"Pipa (Plain End) VU 6"" x 4 Meter Coklat",PVC VU,PIPA PVC VU · PLAIN END,584,Export ERP master_product_updated.xlsx (diunduh 2026-10-06),Warna: Coklat,,,6,,,,,,VU,4 m,Plain end,
product.0_S_01_100_150005_80,"Pipa (Plain End) VU 6"" x 5.8 Meter",PVC VU,PIPA PVC VU · PLAIN END,585,Export ERP master_product_updated.xlsx (diunduh 2026-10-06),,,,6,,,,,,VU,5.8 m,Plain end,
product.0_S_01_100_150006_00,"Pipa (Plain End) VU 6"" x 6 Meter",PVC VU,PIPA PVC VU · PLAIN END,586,Export ERP master_product_updated.xlsx (diunduh 2026-10-06),,,,6,,,,,,VU,6 m,Plain end,
product.0_S_01_100_200004_00,"Pipa (Plain End) VU 8"" x 4 Meter",PVC VU,PIPA PVC VU · PLAIN END,587,Export ERP master_product_updated.xlsx (diunduh 2026-10-06),,,,8,,,,,,VU,4 m,Plain end,
product.0_S_01_100_200005_80,"Pipa (Plain End) VU 8"" x 5.8 Meter",PVC VU,PIPA PVC VU · PLAIN END,588,Export ERP master_product_updated.xlsx (diunduh 2026-10-06),,,,8,,,,,,VU,5.8 m,Plain end,
product.0_S_01_100_200006_00,"Pipa (Plain End) VU 8"" x 6 Meter",PVC VU,PIPA PVC VU · PLAIN END,589,Export ERP master_product_updated.xlsx (diunduh 2026-10-06),,,,8,,,,,,VU,6 m,Plain end,
product.0_S_01_100_250004_00,"Pipa (Plain End) VU 10"" x 4 Meter",PVC VU,PIPA PVC VU · PLAIN END,590,Export ERP master_product_updated.xlsx (diunduh 2026-10-06),,,,10,,,,,,VU,4 m,Plain end,
product.0_S_01_100_250005_80,"Pipa (Plain End) VU 10"" x 5.8 Meter",PVC VU,PIPA PVC VU · PLAIN END,591,Export ERP master_product_updated.xlsx (diunduh 2026-10-06),,,,10,,,,,,VU,5.8 m,Plain end,
product.0_S_01_100_250006_00,"Pipa (Plain End) VU 10"" x 6 Meter",PVC VU,PIPA PVC VU · PLAIN END,592,Export ERP master_product_updated.xlsx (diunduh 2026-10-06),,,,10,,,,,,VU,6 m,Plain end,
product.0_S_01_100_300004_00,"Pipa (Plain End) VU 12"" x 4 Meter",PVC VU,PIPA PVC VU · PLAIN END,593,Export ERP master_product_updated.xlsx (diunduh 2026-10-06),,,,12,,,,,,VU,4 m,Plain end,
product.0_S_01_100_300005_80,"Pipa (Plain End) VU 12"" x 5.8 Meter",PVC VU,PIPA PVC VU · PLAIN END,594,Export ERP master_product_updated.xlsx (diunduh 2026-10-06),,,,12,,,,,,VU,5.8 m,Plain end,
product.0_S_01_100_300006_00,"Pipa (Plain End) VU 12"" x 6 Meter",PVC VU,PIPA PVC VU · PLAIN END,595,Export ERP master_product_updated.xlsx (diunduh 2026-10-06),,,,12,,,,,,VU,6 m,Plain end,
product.0_S_01_100_350004_00,"Pipa (Plain End) VU 14"" x 4 Meter",PVC VU,PIPA PVC VU · PLAIN END,596,Export ERP master_product_updated.xlsx (diunduh 2026-10-06),,,,14,,,,,,VU,4 m,Plain end,
product.0_S_01_100_350005_80,"Pipa (Plain End) VU 14"" x 5.8 Meter",PVC VU,PIPA PVC VU · PLAIN END,597,Export ERP master_product_updated.xlsx (diunduh 2026-10-06),,,,14,,,,,,VU,5.8 m,Plain end,
product.0_S_01_100_350006_00,"Pipa (Plain End) VU 14"" x 6 Meter",PVC VU,PIPA PVC VU · PLAIN END,598,Export ERP master_product_updated.xlsx (diunduh 2026-10-06),,,,14,,,,,,VU,6 m,Plain end,
product.0_S_01_101_040004_00,"Pipa (TS End) VU 1 1/2"" x 4 Meter",PVC VU,PIPA PVC VU · TS END,599,Export ERP master_product_updated.xlsx (diunduh 2026-10-06),,,,1 1/2,,,,,,VU,4 m,TS end,
product.0_S_01_101_040005_80,"Pipa (TS End) VU 1 1/2"" x 5.8 Meter",PVC VU,PIPA PVC VU · TS END,600,Export ERP master_product_updated.xlsx (diunduh 2026-10-06),,,,1 1/2,,,,,,VU,5.8 m,TS end,
product.0_S_01_101_040006_00,"Pipa (TS End) VU 1 1/2"" x 6 Meter",PVC VU,PIPA PVC VU · TS END,601,Export ERP master_product_updated.xlsx (diunduh 2026-10-06),,,,1 1/2,,,,,,VU,6 m,TS end,
product.0_S_01_101_050004_00,"Pipa (TS End) VU 2"" x 4 Meter",PVC VU,PIPA PVC VU · TS END,602,Export ERP master_product_updated.xlsx (diunduh 2026-10-06),,,,2,,,,,,VU,4 m,TS end,
product.0_S_01_101_050005_80,"Pipa (TS End) VU 2"" x 5.8 Meter",PVC VU,PIPA PVC VU · TS END,603,Export ERP master_product_updated.xlsx (diunduh 2026-10-06),,,,2,,,,,,VU,5.8 m,TS end,
product.0_S_01_101_050006_00,"Pipa (TS End) VU 2"" x 6 Meter",PVC VU,PIPA PVC VU · TS END,604,Export ERP master_product_updated.xlsx (diunduh 2026-10-06),,,,2,,,,,,VU,6 m,TS end,
product.0_S_01_101_065004_00,"Pipa (TS End) VU 2 1/2"" x 4 Meter",PVC VU,PIPA PVC VU · TS END,605,Export ERP master_product_updated.xlsx (diunduh 2026-10-06),,,,2 1/2,,,,,,VU,4 m,TS end,
product.0_S_01_101_065005_80,"Pipa (TS End) VU 2 1/2"" x 5.8 Meter",PVC VU,PIPA PVC VU · TS END,606,Export ERP master_product_updated.xlsx (diunduh 2026-10-06),,,,2 1/2,,,,,,VU,5.8 m,TS end,
product.0_S_01_101_065006_00,"Pipa (TS End) VU 2 1/2"" x 6 Meter",PVC VU,PIPA PVC VU · TS END,607,Export ERP master_product_updated.xlsx (diunduh 2026-10-06),,,,2 1/2,,,,,,VU,6 m,TS end,
product.0_S_01_101_075004_00,"Pipa (TS End) VU 3"" x 4 Meter",PVC VU,PIPA PVC VU · TS END,608,Export ERP master_product_updated.xlsx (diunduh 2026-10-06),,,,3,,,,,,VU,4 m,TS end,
product.0_S_01_101_075005_80,"Pipa (TS End) VU 3"" x 5.8 Meter",PVC VU,PIPA PVC VU · TS END,609,Export ERP master_product_updated.xlsx (diunduh 2026-10-06),,,,3,,,,,,VU,5.8 m,TS end,
product.0_S_01_101_075006_00,"Pipa (TS End) VU 3"" x 6 Meter",PVC VU,PIPA PVC VU · TS END,610,Export ERP master_product_updated.xlsx (diunduh 2026-10-06),,,,3,,,,,,VU,6 m,TS end,
product.0_S_01_101_100004_00,"Pipa (TS End) VU 4"" x 4 Meter",PVC VU,PIPA PVC VU · TS END,611,Export ERP master_product_updated.xlsx (diunduh 2026-10-06),,,,4,,,,,,VU,4 m,TS end,
__export__.product_product_16577,"Pipa (TS End) VU 4"" x 4 Meter Coklat",PVC VU,PIPA PVC VU · TS END,612,Export ERP master_product_updated.xlsx (diunduh 2026-10-06),Warna: Coklat,,,4,,,,,,VU,4 m,TS end,
product.0_S_01_101_100005_80,"Pipa (TS End) VU 4"" x 5.8 Meter",PVC VU,PIPA PVC VU · TS END,613,Export ERP master_product_updated.xlsx (diunduh 2026-10-06),,,,4,,,,,,VU,5.8 m,TS end,
product.0_S_01_101_100006_00,"Pipa (TS End) VU 4"" x 6 Meter",PVC VU,PIPA PVC VU · TS END,614,Export ERP master_product_updated.xlsx (diunduh 2026-10-06),,,,4,,,,,,VU,6 m,TS end,
product.0_S_01_101_125004_00,"Pipa (TS End) VU 5"" x 4 Meter",PVC VU,PIPA PVC VU · TS END,615,Export ERP master_product_updated.xlsx (diunduh 2026-10-06),,,,5,,,,,,VU,4 m,TS end,
product.0_S_01_101_125005_80,"Pipa (TS End) VU 5"" x 5.8 Meter",PVC VU,PIPA PVC VU · TS END,616,Export ERP master_product_updated.xlsx (diunduh 2026-10-06),,,,5,,,,,,VU,5.8 m,TS end,
product.0_S_01_101_125006_00,"Pipa (TS End) VU 5"" x 6 Meter",PVC VU,PIPA PVC VU · TS END,617,Export ERP master_product_updated.xlsx (diunduh 2026-10-06),,,,5,,,,,,VU,6 m,TS end,
product.0_S_01_101_150004_00,"Pipa (TS End) VU 6"" x 4 Meter",PVC VU,PIPA PVC VU · TS END,618,Export ERP master_product_updated.xlsx (diunduh 2026-10-06),,,,6,,,,,,VU,4 m,TS end,
product.0_S_01_101_150005_80,"Pipa (TS End) VU 6"" x 5.8 Meter",PVC VU,PIPA PVC VU · TS END,619,Export ERP master_product_updated.xlsx (diunduh 2026-10-06),,,,6,,,,,,VU,5.8 m,TS end,
product.0_S_01_101_150006_00,"Pipa (TS End) VU 6"" x 6 Meter",PVC VU,PIPA PVC VU · TS END,620,Export ERP master_product_updated.xlsx (diunduh 2026-10-06),,,,6,,,,,,VU,6 m,TS end,
product.0_S_01_101_200004_00,"Pipa (TS End) VU 8"" x 4 Meter",PVC VU,PIPA PVC VU · TS END,621,Export ERP master_product_updated.xlsx (diunduh 2026-10-06),,,,8,,,,,,VU,4 m,TS end,
product.0_S_01_101_200005_80,"Pipa (TS End) VU 8"" x 5.8 Meter",PVC VU,PIPA PVC VU · TS END,622,Export ERP master_product_updated.xlsx (diunduh 2026-10-06),,,,8,,,,,,VU,5.8 m,TS end,
product.0_S_01_101_200006_00,"Pipa (TS End) VU 8"" x 6 Meter",PVC VU,PIPA PVC VU · TS END,623,Export ERP master_product_updated.xlsx (diunduh 2026-10-06),,,,8,,,,,,VU,6 m,TS end,
product.0_S_01_101_250004_00,"Pipa (TS End) VU 10"" x 4 Meter",PVC VU,PIPA PVC VU · TS END,624,Export ERP master_product_updated.xlsx (diunduh 2026-10-06),,,,10,,,,,,VU,4 m,TS end,
product.0_S_01_101_250005_80,"Pipa (TS End) VU 10"" x 5.8 Meter",PVC VU,PIPA PVC VU · TS END,625,Export ERP master_product_updated.xlsx (diunduh 2026-10-06),,,,10,,,,,,VU,5.8 m,TS end,
product.0_S_01_101_250006_00,"Pipa (TS End) VU 10"" x 6 Meter",PVC VU,PIPA PVC VU · TS END,626,Export ERP master_product_updated.xlsx (diunduh 2026-10-06),,,,10,,,,,,VU,6 m,TS end,
product.0_S_01_101_300004_00,"Pipa (TS End) VU 12"" x 4 Meter",PVC VU,PIPA PVC VU · TS END,627,Export ERP master_product_updated.xlsx (diunduh 2026-10-06),,,,12,,,,,,VU,4 m,TS end,
product.0_S_01_101_300005_80,"Pipa (TS End) VU 12"" x 5.8 Meter",PVC VU,PIPA PVC VU · TS END,628,Export ERP master_product_updated.xlsx (diunduh 2026-10-06),,,,12,,,,,,VU,5.8 m,TS end,
product.0_S_01_101_300006_00,"Pipa (TS End) VU 12"" x 6 Meter",PVC VU,PIPA PVC VU · TS END,629,Export ERP master_product_updated.xlsx (diunduh 2026-10-06),,,,12,,,,,,VU,6 m,TS end,
product.0_S_01_101_350004_00,"Pipa (TS End) VU 14"" x 4 Meter",PVC VU,PIPA PVC VU · TS END,630,Export ERP master_product_updated.xlsx (diunduh 2026-10-06),,,,14,,,,,,VU,4 m,TS end,
product.0_S_01_101_350005_80,"Pipa (TS End) VU 14"" x 5.8 Meter",PVC VU,PIPA PVC VU · TS END,631,Export ERP master_product_updated.xlsx (diunduh 2026-10-06),,,,14,,,,,,VU,5.8 m,TS end,
product.0_S_01_101_350006_00,"Pipa (TS End) VU 14"" x 6 Meter",PVC VU,PIPA PVC VU · TS END,632,Export ERP master_product_updated.xlsx (diunduh 2026-10-06),,,,14,,,,,,VU,6 m,TS end,
product.0_S_01_102_050004_00,"Pipa (Bell End) VU 2"" x 4 Meter",PVC VU,PIPA PVC VU · BELL END,633,Export ERP master_product_updated.xlsx (diunduh 2026-10-06),,,,2,,,,,,VU,4 m,Bell end,
product.0_S_01_102_050005_80,"Pipa (Bell End) VU 2"" x 5.8 Meter",PVC VU,PIPA PVC VU · BELL END,634,Export ERP master_product_updated.xlsx (diunduh 2026-10-06),,,,2,,,,,,VU,5.8 m,Bell end,
product.0_S_01_102_050006_00,"Pipa (Bell End) VU 2"" x 6 Meter",PVC VU,PIPA PVC VU · BELL END,635,Export ERP master_product_updated.xlsx (diunduh 2026-10-06),,,,2,,,,,,VU,6 m,Bell end,
product.0_S_01_102_065004_00,"Pipa (Bell End) VU 2 1/2"" x 4 Meter",PVC VU,PIPA PVC VU · BELL END,636,Export ERP master_product_updated.xlsx (diunduh 2026-10-06),,,,2 1/2,,,,,,VU,4 m,Bell end,
product.0_S_01_102_065005_80,"Pipa (Bell End) VU 2 1/2"" x 5.8 Meter",PVC VU,PIPA PVC VU · BELL END,637,Export ERP master_product_updated.xlsx (diunduh 2026-10-06),,,,2 1/2,,,,,,VU,5.8 m,Bell end,
product.0_S_01_102_065006_00,"Pipa (Bell End) VU 2 1/2"" x 6 Meter",PVC VU,PIPA PVC VU · BELL END,638,Export ERP master_product_updated.xlsx (diunduh 2026-10-06),,,,2 1/2,,,,,,VU,6 m,Bell end,
product.0_S_01_102_075004_00,"Pipa (Bell End) VU 3"" x 4 Meter",PVC VU,PIPA PVC VU · BELL END,639,Export ERP master_product_updated.xlsx (diunduh 2026-10-06),,,,3,,,,,,VU,4 m,Bell end,
product.0_S_01_102_075005_80,"Pipa (Bell End) VU 3"" x 5.8 Meter",PVC VU,PIPA PVC VU · BELL END,640,Export ERP master_product_updated.xlsx (diunduh 2026-10-06),,,,3,,,,,,VU,5.8 m,Bell end,
product.0_S_01_102_075006_00,"Pipa (Bell End) VU 3"" x 6 Meter",PVC VU,PIPA PVC VU · BELL END,641,Export ERP master_product_updated.xlsx (diunduh 2026-10-06),,,,3,,,,,,VU,6 m,Bell end,
product.0_S_01_102_100004_00,"Pipa (Bell End) VU 4"" x 4 Meter",PVC VU,PIPA PVC VU · BELL END,642,Export ERP master_product_updated.xlsx (diunduh 2026-10-06),,,,4,,,,,,VU,4 m,Bell end,
product.0_S_01_102_100005_80,"Pipa (Bell End) VU 4"" x 5.8 Meter",PVC VU,PIPA PVC VU · BELL END,643,Export ERP master_product_updated.xlsx (diunduh 2026-10-06),,,,4,,,,,,VU,5.8 m,Bell end,
product.0_S_01_102_100006_00,"Pipa (Bell End) VU 4"" x 6 Meter",PVC VU,PIPA PVC VU · BELL END,644,Export ERP master_product_updated.xlsx (diunduh 2026-10-06),,,,4,,,,,,VU,6 m,Bell end,
product.0_S_01_102_125004_00,"Pipa (Bell End) VU 5"" x 4 Meter",PVC VU,PIPA PVC VU · BELL END,645,Export ERP master_product_updated.xlsx (diunduh 2026-10-06),,,,5,,,,,,VU,4 m,Bell end,
product.0_S_01_102_125005_80,"Pipa (Bell End) VU 5"" x 5.8 Meter",PVC VU,PIPA PVC VU · BELL END,646,Export ERP master_product_updated.xlsx (diunduh 2026-10-06),,,,5,,,,,,VU,5.8 m,Bell end,
product.0_S_01_102_125006_00,"Pipa (Bell End) VU 5"" x 6 Meter",PVC VU,PIPA PVC VU · BELL END,647,Export ERP master_product_updated.xlsx (diunduh 2026-10-06),,,,5,,,,,,VU,6 m,Bell end,
product.0_S_01_102_150004_00,"Pipa (Bell End) VU 6"" x 4 Meter",PVC VU,PIPA PVC VU · BELL END,648,Export ERP master_product_updated.xlsx (diunduh 2026-10-06),,,,6,,,,,,VU,4 m,Bell end,
product.0_S_01_102_150005_80,"Pipa (Bell End) VU 6"" x 5.8 Meter",PVC VU,PIPA PVC VU · BELL END,649,Export ERP master_product_updated.xlsx (diunduh 2026-10-06),,,,6,,,,,,VU,5.8 m,Bell end,
product.0_S_01_102_150006_00,"Pipa (Bell End) VU 6"" x 6 Meter",PVC VU,PIPA PVC VU · BELL END,650,Export ERP master_product_updated.xlsx (diunduh 2026-10-06),,,,6,,,,,,VU,6 m,Bell end,
product.0_S_01_102_200004_00,"Pipa (Bell End) VU 8"" x 4 Meter",PVC VU,PIPA PVC VU · BELL END,651,Export ERP master_product_updated.xlsx (diunduh 2026-10-06),,,,8,,,,,,VU,4 m,Bell end,
product.0_S_01_102_200005_80,"Pipa (Bell End) VU 8"" x 5.8 Meter",PVC VU,PIPA PVC VU · BELL END,652,Export ERP master_product_updated.xlsx (diunduh 2026-10-06),,,,8,,,,,,VU,5.8 m,Bell end,
product.0_S_01_102_200006_00,"Pipa (Bell End) VU 8"" x 6 Meter",PVC VU,PIPA PVC VU · BELL END,653,Export ERP master_product_updated.xlsx (diunduh 2026-10-06),,,,8,,,,,,VU,6 m,Bell end,
product.0_S_01_102_250004_00,"Pipa (Bell End) VU 10"" x 4 Meter",PVC VU,PIPA PVC VU · BELL END,654,Export ERP master_product_updated.xlsx (diunduh 2026-10-06),,,,10,,,,,,VU,4 m,Bell end,
product.0_S_01_102_250005_80,"Pipa (Bell End) VU 10"" x 5.8 Meter",PVC VU,PIPA PVC VU · BELL END,655,Export ERP master_product_updated.xlsx (diunduh 2026-10-06),,,,10,,,,,,VU,5.8 m,Bell end,
product.0_S_01_102_250006_00,"Pipa (Bell End) VU 10"" x 6 Meter",PVC VU,PIPA PVC VU · BELL END,656,Export ERP master_product_updated.xlsx (diunduh 2026-10-06),,,,10,,,,,,VU,6 m,Bell end,
product.0_S_01_102_300004_00,"Pipa (Bell End) VU 12"" x 4 Meter",PVC VU,PIPA PVC VU · BELL END,657,Export ERP master_product_updated.xlsx (diunduh 2026-10-06),,,,12,,,,,,VU,4 m,Bell end,
product.0_S_01_102_300005_80,"Pipa (Bell End) VU 12"" x 5.8 Meter",PVC VU,PIPA PVC VU · BELL END,658,Export ERP master_product_updated.xlsx (diunduh 2026-10-06),,,,12,,,,,,VU,5.8 m,Bell end,
product.0_S_01_102_300006_00,"Pipa (Bell End) VU 12"" x 6 Meter",PVC VU,PIPA PVC VU · BELL END,659,Export ERP master_product_updated.xlsx (diunduh 2026-10-06),,,,12,,,,,,VU,6 m,Bell end,
product.0_S_01_102_350004_00,"Pipa (Bell End) VU 14"" x 4 Meter",PVC VU,PIPA PVC VU · BELL END,660,Export ERP master_product_updated.xlsx (diunduh 2026-10-06),,,,14,,,,,,VU,4 m,Bell end,
product.0_S_01_102_350005_80,"Pipa (Bell End) VU 14"" x 5.8 Meter",PVC VU,PIPA PVC VU · BELL END,661,Export ERP master_product_updated.xlsx (diunduh 2026-10-06),,,,14,,,,,,VU,5.8 m,Bell end,
product.0_S_01_102_350006_00,"Pipa (Bell End) VU 14"" x 6 Meter",PVC VU,PIPA PVC VU · BELL END,662,Export ERP master_product_updated.xlsx (diunduh 2026-10-06),,,,14,,,,,,VU,6 m,Bell end,
__export__.product_product_19665,"Pipa Jacking 6"" x 1 Meter",PIPA JACKING,PIPA JACKING,1355,Export ERP master_product_updated.xlsx (diunduh 2026-10-06),,,,6,,,,,,,1 m,,
__export__.product_product_17186,"Pipa Jacking 6"" x 2 Meter",PIPA JACKING,PIPA JACKING,1356,Export ERP master_product_updated.xlsx (diunduh 2026-10-06),,,,6,,,,,,,2 m,,
__export__.product_product_17575,"Pipa Jacking 8"" x 1 Meter",PIPA JACKING,PIPA JACKING,1357,Export ERP master_product_updated.xlsx (diunduh 2026-10-06),,,,8,,,,,,,1 m,,
__export__.product_product_17118,"Pipa Jacking 8"" x 2 Meter",PIPA JACKING,PIPA JACKING,1358,Export ERP master_product_updated.xlsx (diunduh 2026-10-06),,,,8,,,,,,,2 m,,
__export__.product_product_17576,"Pipa Jacking 10"" x 1 Meter",PIPA JACKING,PIPA JACKING,1359,Export ERP master_product_updated.xlsx (diunduh 2026-10-06),,,,10,,,,,,,1 m,,
__export__.product_product_17119,"Pipa Jacking 10"" x 2 Meter",PIPA JACKING,PIPA JACKING,1360,Export ERP master_product_updated.xlsx (diunduh 2026-10-06),,,,10,,,,,,,2 m,,
__export__.product_product_18309,"Pipa Jacking 12"" x 1 Meter",PIPA JACKING,PIPA JACKING,1361,Export ERP master_product_updated.xlsx (diunduh 2026-10-06),,,,12,,,,,,,1 m,,
__export__.product_product_17120,"Pipa Jacking 12"" x 2 Meter",PIPA JACKING,PIPA JACKING,1362,Export ERP master_product_updated.xlsx (diunduh 2026-10-06),,,,12,,,,,,,2 m,,
__export__.product_product_19432,"Pipa Jacking 16"" x 1 Meter",PIPA JACKING,PIPA JACKING,1363,Export ERP master_product_updated.xlsx (diunduh 2026-10-06),,,,16,,,,,,,1 m,,
__export__.product_product_19078,"Pipa Jacking 8"" x 1 Meter Thread",PIPA JACKING,PIPA JACKING · THREAD,1364,Export ERP master_product_updated.xlsx (diunduh 2026-10-06),,,,8,,,,,,,1 m,Thread,
__export__.product_product_19079,"Pipa Jacking 8"" x 2 Meter Thread",PIPA JACKING,PIPA JACKING · THREAD,1365,Export ERP master_product_updated.xlsx (diunduh 2026-10-06),,,,8,,,,,,,2 m,Thread,
__export__.product_product_19080,"Pipa Jacking 10"" x 1 Meter Thread",PIPA JACKING,PIPA JACKING · THREAD,1366,Export ERP master_product_updated.xlsx (diunduh 2026-10-06),,,,10,,,,,,,1 m,Thread,
__export__.product_product_19081,"Pipa Jacking 10"" x 2 Meter Thread",PIPA JACKING,PIPA JACKING · THREAD,1367,Export ERP master_product_updated.xlsx (diunduh 2026-10-06),,,,10,,,,,,,2 m,Thread,
__export__.product_product_19082,"Pipa Jacking 12"" x 1 Meter Thread",PIPA JACKING,PIPA JACKING · THREAD,1368,Export ERP master_product_updated.xlsx (diunduh 2026-10-06),,,,12,,,,,,,1 m,Thread,
__export__.product_product_19083,"Pipa Jacking 12"" x 2 Meter Thread",PIPA JACKING,PIPA JACKING · THREAD,1369,Export ERP master_product_updated.xlsx (diunduh 2026-10-06),,,,12,,,,,,,2 m,Thread,
product.0_S_04_001_016000_00,"Faucet Socket Abu Ts 1/2""",FITTING PVC,FITTING · FAUCET SOCKET,2828,Export ERP master_product_updated.xlsx (diunduh 2026-10-06),Warna: Abu,,,1/2,,,,,,,,,
product.0_S_04_001_020000_00,"Faucet Socket Abu Ts 3/4""",FITTING PVC,FITTING · FAUCET SOCKET,2829,Export ERP master_product_updated.xlsx (diunduh 2026-10-06),Warna: Abu,,,3/4,,,,,,,,,
product.0_S_04_001_025000_00,"Faucet Socket Abu Ts 1""",FITTING PVC,FITTING · FAUCET SOCKET,2830,Export ERP master_product_updated.xlsx (diunduh 2026-10-06),Warna: Abu,,,1,,,,,,,,,
product.0_S_04_001_025016_00,"Faucet Socket Abu Ts 1"" x 1/2""",FITTING PVC,FITTING · FAUCET SOCKET,2831,Export ERP master_product_updated.xlsx (diunduh 2026-10-06),Warna: Abu,,,1/2; 1,,,,,,,,,
product.0_S_04_001_025020_00,"Faucet Socket Abu Ts 1"" x 3/4""",FITTING PVC,FITTING · FAUCET SOCKET,2832,Export ERP master_product_updated.xlsx (diunduh 2026-10-06),Warna: Abu,,,3/4; 1,,,,,,,,,
product.0_S_04_001_040000_00,"Faucet Socket Abu Ts 1 1/2""",FITTING PVC,FITTING · FAUCET SOCKET,2835,Export ERP master_product_updated.xlsx (diunduh 2026-10-06),Warna: Abu,,,1 1/2,,,,,,,,,
product.0_S_04_001_042000_00,"Faucet Socket Abu Ts 1 1/4""",FITTING PVC,FITTING · FAUCET SOCKET,2836,Export ERP master_product_updated.xlsx (diunduh 2026-10-06),Warna: Abu,,,1 1/4,,,,,,,,,
product.0_S_04_001_050000_00,"Faucet Socket Abu Ts 2""",FITTING PVC,FITTING · FAUCET SOCKET,2837,Export ERP master_product_updated.xlsx (diunduh 2026-10-06),Warna: Abu,,,2,,,,,,,,,
__export__.product_product_19617,"Faucet Socket Abu Ts 3""",FITTING PVC,FITTING · FAUCET SOCKET,2839,Export ERP master_product_updated.xlsx (diunduh 2026-10-06),Warna: Abu,,,3,,,,,,,,,
__export__.product_product_19619,"Faucet Socket Abu Ts 4""",FITTING PVC,FITTING · FAUCET SOCKET,2840,Export ERP master_product_updated.xlsx (diunduh 2026-10-06),Warna: Abu,,,4,,,,,,,,,
product.0_S_04_002_016000_00,"Faucet Elbow Abu Ts 1/2""",FITTING PVC,FITTING · FAUCET ELBOW,2842,Export ERP master_product_updated.xlsx (diunduh 2026-10-06),Warna: Abu,,,1/2,,,,,,,,,
__export__.product_product_19139,"Faucet Elbow Abu Ts 1/2"" x 3/4""",FITTING PVC,FITTING · FAUCET ELBOW,2843,Export ERP master_product_updated.xlsx (diunduh 2026-10-06),Warna: Abu,,,1/2; 3/4,,,,,,,,,
product.0_S_04_002_020000_00,"Faucet Elbow Abu Ts 3/4""",FITTING PVC,FITTING · FAUCET ELBOW,2844,Export ERP master_product_updated.xlsx (diunduh 2026-10-06),Warna: Abu,,,3/4,,,,,,,,,
product.0_S_04_002_025025_00,"Faucet Elbow Abu 1""",FITTING PVC,FITTING · FAUCET ELBOW,2845,Export ERP master_product_updated.xlsx (diunduh 2026-10-06),Warna: Abu,,,1,,,,,,,,,
product.0_S_04_003_016000_00,"Faucet Tee Abu Ts 1/2""",FITTING PVC,FITTING · FAUCET TEE,2846,Export ERP master_product_updated.xlsx (diunduh 2026-10-06),Warna: Abu,,,1/2,,,,,,,,,
product.0_S_04_003_020016_00,"Faucet Tee Abu Ts 3/4"" x 1/2""",FITTING PVC,FITTING · FAUCET TEE,2847,Export ERP master_product_updated.xlsx (diunduh 2026-10-06),Warna: Abu,,,1/2; 3/4,,,,,,,,,
product.0_S_04_004_016000_00,"Valve Socket Abu Ts 1/2""",FITTING PVC,FITTING · VALVE SOCKET,2850,Export ERP master_product_updated.xlsx (diunduh 2026-10-06),Warna: Abu,,,1/2,,,,,,,,,
product.0_S_04_004_020000_00,"Valve Socket Abu Ts 3/4""",FITTING PVC,FITTING · VALVE SOCKET,2851,Export ERP master_product_updated.xlsx (diunduh 2026-10-06),Warna: Abu,,,3/4,,,,,,,,,
__export__.product_product_15636,"Valve Socket Abu Ts 3/4"" x 1/2""",FITTING PVC,FITTING · VALVE SOCKET,2852,Export ERP master_product_updated.xlsx (diunduh 2026-10-06),Warna: Abu,,,1/2; 3/4,,,,,,,,,
product.0_S_04_004_025000_00,"Valve Socket Abu Ts 1""",FITTING PVC,FITTING · VALVE SOCKET,2853,Export ERP master_product_updated.xlsx (diunduh 2026-10-06),Warna: Abu,,,1,,,,,,,,,
product.0_S_04_004_025016_00,"Valve Socket Abu Ts 1"" x 1/2""",FITTING PVC,FITTING · VALVE SOCKET,2854,Export ERP master_product_updated.xlsx (diunduh 2026-10-06),Warna: Abu,,,1/2; 1,,,,,,,,,
product.0_S_04_004_025020_00,"Valve Socket Abu Ts 1"" x 3/4""",FITTING PVC,FITTING · VALVE SOCKET,2855,Export ERP master_product_updated.xlsx (diunduh 2026-10-06),Warna: Abu,,,3/4; 1,,,,,,,,,
product.0_S_04_004_040000_00,"Valve Socket Abu Ts 1 1/2""",FITTING PVC,FITTING · VALVE SOCKET,2856,Export ERP master_product_updated.xlsx (diunduh 2026-10-06),Warna: Abu,,,1 1/2,,,,,,,,,
product.0_S_04_004_042000_00,"Valve Socket Abu Ts 1 1/4""",FITTING PVC,FITTING · VALVE SOCKET,2857,Export ERP master_product_updated.xlsx (diunduh 2026-10-06),Warna: Abu,,,1 1/4,,,,,,,,,
product.0_S_04_004_050000_00,"Valve Socket Abu Ts 2""",FITTING PVC,FITTING · VALVE SOCKET,2858,Export ERP master_product_updated.xlsx (diunduh 2026-10-06),Warna: Abu,,,2,,,,,,,,,
product.0_S_04_005_016000_00,"Union Socket Abu 1/2""",FITTING PVC,FITTING · UNION SOCKET,2859,Export ERP master_product_updated.xlsx (diunduh 2026-10-06),Warna: Abu,,,1/2,,,,,,,,,
product.0_S_04_005_020000_00,"Union Socket Abu 3/4""",FITTING PVC,FITTING · UNION SOCKET,2860,Export ERP master_product_updated.xlsx (diunduh 2026-10-06),Warna: Abu,,,3/4,,,,,,,,,
product.0_S_04_005_025000_00,"Union Socket Abu 1""",FITTING PVC,FITTING · UNION SOCKET,2861,Export ERP master_product_updated.xlsx (diunduh 2026-10-06),Warna: Abu,,,1,,,,,,,,,
product.0_S_04_006_020000_00,"Simple Joint Abu 3/4""",FITTING PVC,FITTING · SIMPLE JOINT,2862,Export ERP master_product_updated.xlsx (diunduh 2026-10-06),Warna: Abu,,,3/4,,,,,,,,,
product.0_S_04_006_025000_00,"Simple Joint Abu 1""",FITTING PVC,FITTING · SIMPLE JOINT,2863,Export ERP master_product_updated.xlsx (diunduh 2026-10-06),Warna: Abu,,,1,,,,,,,,,
product.0_S_04_006_040000_00,"Simple Joint Abu 1 1/2""",FITTING PVC,FITTING · SIMPLE JOINT,2864,Export ERP master_product_updated.xlsx (diunduh 2026-10-06),Warna: Abu,,,1 1/2,,,,,,,,,
product.0_S_04_006_042000_00,"Simple Joint Abu 1 1/4""",FITTING PVC,FITTING · SIMPLE JOINT,2865,Export ERP master_product_updated.xlsx (diunduh 2026-10-06),Warna: Abu,,,1 1/4,,,,,,,,,
product.0_S_04_006_050000_00,"Simple Joint Abu 2""",FITTING PVC,FITTING · SIMPLE JOINT,2866,Export ERP master_product_updated.xlsx (diunduh 2026-10-06),Warna: Abu,,,2,,,,,,,,,
product.0_S_04_007_016000_00,"Tee Abu Ts 1/2""",FITTING PVC,FITTING · TEE,2867,Export ERP master_product_updated.xlsx (diunduh 2026-10-06),Warna: Abu,,,1/2,,,,,,,,,
product.0_S_04_007_020000_00,"Tee Abu Ts 3/4""",FITTING PVC,FITTING · TEE,2868,Export ERP master_product_updated.xlsx (diunduh 2026-10-06),Warna: Abu,,,3/4,,,,,,,,,
product.0_S_04_007_020016_00,"Tee Abu Ts 3/4"" x 1/2""",FITTING PVC,FITTING · TEE,2869,Export ERP master_product_updated.xlsx (diunduh 2026-10-06),Warna: Abu,,,1/2; 3/4,,,,,,,,,
product.0_S_04_007_025000_00,"Tee Abu Ts 1""",FITTING PVC,FITTING · TEE,2870,Export ERP master_product_updated.xlsx (diunduh 2026-10-06),Warna: Abu,,,1,,,,,,,,,
product.0_S_04_007_025016_00,"Tee Abu Ts 1"" x 1/2""",FITTING PVC,FITTING · TEE,2871,Export ERP master_product_updated.xlsx (diunduh 2026-10-06),Warna: Abu,,,1/2; 1,,,,,,,,,
product.0_S_04_007_025020_00,"Tee Abu Ts 1"" x 3/4""",FITTING PVC,FITTING · TEE,2872,Export ERP master_product_updated.xlsx (diunduh 2026-10-06),Warna: Abu,,,3/4; 1,,,,,,,,,
product.0_S_04_007_040000_00,"Tee Abu Ts 1 1/2""",FITTING PVC,FITTING · TEE,2873,Export ERP master_product_updated.xlsx (diunduh 2026-10-06),Warna: Abu,,,1 1/2,,,,,,,,,
product.0_S_04_007_040020_00,"Tee Abu Ts 1 1/2"" x 3/4""",FITTING PVC,FITTING · TEE,2874,Export ERP master_product_updated.xlsx (diunduh 2026-10-06),Warna: Abu,,,3/4; 1 1/2,,,,,,,,,
product.0_S_04_007_040025_00,"Tee Abu Ts 1 1/2"" x 1""",FITTING PVC,FITTING · TEE,2875,Export ERP master_product_updated.xlsx (diunduh 2026-10-06),Warna: Abu,,,1; 1 1/2,,,,,,,,,
product.0_S_04_007_040042_00,"Tee Abu Ts 1 1/2"" x 1 1/4""",FITTING PVC,FITTING · TEE,2876,Export ERP master_product_updated.xlsx (diunduh 2026-10-06),Warna: Abu,,,1 1/4; 1 1/2,,,,,,,,,
product.0_S_04_007_042000_00,"Tee Abu Ts 1 1/4""",FITTING PVC,FITTING · TEE,2877,Export ERP master_product_updated.xlsx (diunduh 2026-10-06),Warna: Abu,,,1 1/4,,,,,,,,,
product.0_S_04_007_042016_00,"Tee Abu Ts 1 1/4"" x 1/2""",FITTING PVC,FITTING · TEE,2878,Export ERP master_product_updated.xlsx (diunduh 2026-10-06),Warna: Abu,,,1/2; 1 1/4,,,,,,,,,
product.0_S_04_007_042020_00,"Tee Abu Ts 1 1/4"" x 3/4""",FITTING PVC,FITTING · TEE,2879,Export ERP master_product_updated.xlsx (diunduh 2026-10-06),Warna: Abu,,,3/4; 1 1/4,,,,,,,,,
product.0_S_04_007_042025_00,"Tee Abu Ts 1 1/4"" x 1""",FITTING PVC,FITTING · TEE,2880,Export ERP master_product_updated.xlsx (diunduh 2026-10-06),Warna: Abu,,,1; 1 1/4,,,,,,,,,
product.0_S_04_007_050000_00,"Tee Abu Ts 2""",FITTING PVC,FITTING · TEE,2881,Export ERP master_product_updated.xlsx (diunduh 2026-10-06),Warna: Abu,,,2,,,,,,,,,
product.0_S_04_007_050020_00,"Tee Abu Ts 2"" x 3/4""",FITTING PVC,FITTING · TEE,2882,Export ERP master_product_updated.xlsx (diunduh 2026-10-06),Warna: Abu,,,3/4; 2,,,,,,,,,
product.0_S_04_007_050025_00,"Tee Abu Ts 2"" x 1""",FITTING PVC,FITTING · TEE,2883,Export ERP master_product_updated.xlsx (diunduh 2026-10-06),Warna: Abu,,,1; 2,,,,,,,,,
__export__.product_product_19688,"Tee Abu Ts 2 1/2""",FITTING PVC,FITTING · TEE,2884,Export ERP master_product_updated.xlsx (diunduh 2026-10-06),Warna: Abu,,,2 1/2,,,,,,,,,
product.0_S_04_007_075000_00,"Tee Abu Ts 3""",FITTING PVC,FITTING · TEE,2885,Export ERP master_product_updated.xlsx (diunduh 2026-10-06),Warna: Abu,,,3,,,,,,,,,
product.0_S_04_007_075050_00,"Tee Abu Ts 3"" x 2""",FITTING PVC,FITTING · TEE,2886,Export ERP master_product_updated.xlsx (diunduh 2026-10-06),Warna: Abu,,,2; 3,,,,,,,,,
product.0_S_04_007_100000_00,"Tee Abu Ts 4""",FITTING PVC,FITTING · TEE,2887,Export ERP master_product_updated.xlsx (diunduh 2026-10-06),Warna: Abu,,,4,,,,,,,,,
__export__.product_product_17945,"Tee Abu Ts 4"" x 2""",FITTING PVC,FITTING · TEE,2888,Export ERP master_product_updated.xlsx (diunduh 2026-10-06),Warna: Abu,,,2; 4,,,,,,,,,
__export__.product_product_10659,"Tee Abu Ts 6""",FITTING PVC,FITTING · TEE,2889,Export ERP master_product_updated.xlsx (diunduh 2026-10-06),Warna: Abu,,,6,,,,,,,,,
__export__.product_product_14710,"Tee Abu Ts 8""",FITTING PVC,FITTING · TEE,2890,Export ERP master_product_updated.xlsx (diunduh 2026-10-06),Warna: Abu,,,8,,,,,,,,,
product.0_S_04_008_020016_00,"Red Socket Abu Ts 3/4"" x 1/2""",FITTING PVC,FITTING · RED SOCKET,2891,Export ERP master_product_updated.xlsx (diunduh 2026-10-06),Warna: Abu,,,1/2; 3/4,,,,,,,,,
product.0_S_04_008_025016_00,"Red Socket Abu Ts 1"" x 1/2""",FITTING PVC,FITTING · RED SOCKET,2892,Export ERP master_product_updated.xlsx (diunduh 2026-10-06),Warna: Abu,,,1/2; 1,,,,,,,,,
product.0_S_04_008_025020_00,"Red Socket Abu Ts 1"" x 3/4""",FITTING PVC,FITTING · RED SOCKET,2893,Export ERP master_product_updated.xlsx (diunduh 2026-10-06),Warna: Abu,,,3/4; 1,,,,,,,,,
product.0_S_04_008_040016_00,"Red Socket Abu Ts 1 1/2"" x 1/2""",FITTING PVC,FITTING · RED SOCKET,2894,Export ERP master_product_updated.xlsx (diunduh 2026-10-06),Warna: Abu,,,1/2; 1 1/2,,,,,,,,,
product.0_S_04_008_040020_00,"Red Socket Abu Ts 1 1/2"" x 3/4""",FITTING PVC,FITTING · RED SOCKET,2895,Export ERP master_product_updated.xlsx (diunduh 2026-10-06),Warna: Abu,,,3/4; 1 1/2,,,,,,,,,
product.0_S_04_008_040025_00,"Red Socket Abu Ts 1 1/2"" x 1""",FITTING PVC,FITTING · RED SOCKET,2896,Export ERP master_product_updated.xlsx (diunduh 2026-10-06),Warna: Abu,,,1; 1 1/2,,,,,,,,,
product.0_S_04_008_040042_00,"Red Socket Abu Ts 1 1/2"" x 1 1/4""",FITTING PVC,FITTING · RED SOCKET,2897,Export ERP master_product_updated.xlsx (diunduh 2026-10-06),Warna: Abu,,,1 1/4; 1 1/2,,,,,,,,,
product.0_S_04_008_042016_00,"Red Socket Abu Ts 1 1/4"" x 1/2""",FITTING PVC,FITTING · RED SOCKET,2898,Export ERP master_product_updated.xlsx (diunduh 2026-10-06),Warna: Abu,,,1/2; 1 1/4,,,,,,,,,
product.0_S_04_008_042020_00,"Red Socket Abu Ts 1 1/4"" x 3/4""",FITTING PVC,FITTING · RED SOCKET,2899,Export ERP master_product_updated.xlsx (diunduh 2026-10-06),Warna: Abu,,,3/4; 1 1/4,,,,,,,,,
product.0_S_04_008_042025_00,"Red Socket Abu Ts 1 1/4"" x 1""",FITTING PVC,FITTING · RED SOCKET,2900,Export ERP master_product_updated.xlsx (diunduh 2026-10-06),Warna: Abu,,,1; 1 1/4,,,,,,,,,
product.0_S_04_008_050016_00,"Red Socket Abu Ts 2"" x 1/2""",FITTING PVC,FITTING · RED SOCKET,2901,Export ERP master_product_updated.xlsx (diunduh 2026-10-06),Warna: Abu,,,1/2; 2,,,,,,,,,
product.0_S_04_008_050020_00,"Red Socket Abu Ts 2"" x 3/4""",FITTING PVC,FITTING · RED SOCKET,2902,Export ERP master_product_updated.xlsx (diunduh 2026-10-06),Warna: Abu,,,3/4; 2,,,,,,,,,
product.0_S_04_008_050025_00,"Red Socket Abu Ts 2"" x 1""",FITTING PVC,FITTING · RED SOCKET,2903,Export ERP master_product_updated.xlsx (diunduh 2026-10-06),Warna: Abu,,,1; 2,,,,,,,,,
product.0_S_04_008_050040_00,"Red Socket Abu Ts 2"" x 1 1/2""",FITTING PVC,FITTING · RED SOCKET,2904,Export ERP master_product_updated.xlsx (diunduh 2026-10-06),Warna: Abu,,,1 1/2; 2,,,,,,,,,
product.0_S_04_008_050042_00,"Red Socket Abu Ts 2"" x 1 1/4""",FITTING PVC,FITTING · RED SOCKET,2905,Export ERP master_product_updated.xlsx (diunduh 2026-10-06),Warna: Abu,,,1 1/4; 2,,,,,,,,,
product.0_S_04_008_075050_00,"Red Socket Abu Ts 3"" x 2""",FITTING PVC,FITTING · RED SOCKET,2906,Export ERP master_product_updated.xlsx (diunduh 2026-10-06),Warna: Abu,,,2; 3,,,,,,,,,
product.0_S_04_008_100050_00,"Red Socket Abu Ts 4"" x 2""",FITTING PVC,FITTING · RED SOCKET,2907,Export ERP master_product_updated.xlsx (diunduh 2026-10-06),Warna: Abu,,,2; 4,,,,,,,,,
product.0_S_04_008_100075_00,"Red Socket Abu Ts 4"" x 3""",FITTING PVC,FITTING · RED SOCKET,2908,Export ERP master_product_updated.xlsx (diunduh 2026-10-06),Warna: Abu,,,3; 4,,,,,,,,,
product.0_S_04_008_150100_00,"Red Socket Abu Ts 6"" x 4""",FITTING PVC,FITTING · RED SOCKET,2909,Export ERP master_product_updated.xlsx (diunduh 2026-10-06),Warna: Abu,,,4; 6,,,,,,,,,
product.0_S_04_009_016000_00,"Elbow Abu Ts 1/2""",FITTING PVC,FITTING · ELBOW,2910,Export ERP master_product_updated.xlsx (diunduh 2026-10-06),Warna: Abu,,,1/2,,,,,,,,,
product.0_S_04_009_020000_00,"Elbow Abu Ts 3/4""",FITTING PVC,FITTING · ELBOW,2911,Export ERP master_product_updated.xlsx (diunduh 2026-10-06),Warna: Abu,,,3/4,,,,,,,,,
product.0_S_04_009_025000_00,"Elbow Abu Ts 1""",FITTING PVC,FITTING · ELBOW,2912,Export ERP master_product_updated.xlsx (diunduh 2026-10-06),Warna: Abu,,,1,,,,,,,,,
product.0_S_04_009_040000_00,"Elbow Abu Ts 1 1/2""",FITTING PVC,FITTING · ELBOW,2913,Export ERP master_product_updated.xlsx (diunduh 2026-10-06),Warna: Abu,,,1 1/2,,,,,,,,,
product.0_S_04_009_042000_00,"Elbow Abu Ts 1 1/4""",FITTING PVC,FITTING · ELBOW,2914,Export ERP master_product_updated.xlsx (diunduh 2026-10-06),Warna: Abu,,,1 1/4,,,,,,,,,
product.0_S_04_009_050000_00,"Elbow Abu Ts 2""",FITTING PVC,FITTING · ELBOW,2915,Export ERP master_product_updated.xlsx (diunduh 2026-10-06),Warna: Abu,,,2,,,,,,,,,
product.0_S_04_009_065000_00,"Elbow Abu Ts 2 1/2""",FITTING PVC,FITTING · ELBOW,2916,Export ERP master_product_updated.xlsx (diunduh 2026-10-06),Warna: Abu,,,2 1/2,,,,,,,,,
product.0_S_04_009_075000_00,"Elbow Abu Ts 3""",FITTING PVC,FITTING · ELBOW,2917,Export ERP master_product_updated.xlsx (diunduh 2026-10-06),Warna: Abu,,,3,,,,,,,,,
product.0_S_04_009_100000_00,"Elbow Abu Ts 4""",FITTING PVC,FITTING · ELBOW,2918,Export ERP master_product_updated.xlsx (diunduh 2026-10-06),Warna: Abu,,,4,,,,,,,,,
product.0_S_04_009_160000_00,"Elbow Abu Ts 6""",FITTING PVC,FITTING · ELBOW,2919,Export ERP master_product_updated.xlsx (diunduh 2026-10-06),Warna: Abu,,,6,,,,,,,,,
product.0_S_04_010_016000_00,"Cap Abu Ts 1/2""",FITTING PVC,FITTING · CAP,2922,Export ERP master_product_updated.xlsx (diunduh 2026-10-06),Warna: Abu,,,1/2,,,,,,,,,
product.0_S_04_010_020000_00,"Cap Abu Ts 3/4""",FITTING PVC,FITTING · CAP,2923,Export ERP master_product_updated.xlsx (diunduh 2026-10-06),Warna: Abu,,,3/4,,,,,,,,,
product.0_S_04_010_025000_00,"Cap Abu Ts 1""",FITTING PVC,FITTING · CAP,2924,Export ERP master_product_updated.xlsx (diunduh 2026-10-06),Warna: Abu,,,1,,,,,,,,,
__export__.product_product_15897,"Cap Abu DV 1 1/2""",FITTING PVC,FITTING · CAP,2925,Export ERP master_product_updated.xlsx (diunduh 2026-10-06),Warna: Abu,,,1 1/2,,,,,,,,,
__export__.product_product_15676,"Cap Abu DV 1 1/4""",FITTING PVC,FITTING · CAP,2926,Export ERP master_product_updated.xlsx (diunduh 2026-10-06),Warna: Abu,,,1 1/4,,,,,,,,,
__export__.product_product_15898,"Cap Abu DV 2""",FITTING PVC,FITTING · CAP,2927,Export ERP master_product_updated.xlsx (diunduh 2026-10-06),Warna: Abu,,,2,,,,,,,,,
product.0_S_04_010_075000_00,"Cap Abu DV 3""",FITTING PVC,FITTING · CAP,2928,Export ERP master_product_updated.xlsx (diunduh 2026-10-06),Warna: Abu,,,3,,,,,,,,,
product.0_S_04_010_100000_00,"Cap Abu DV 4""",FITTING PVC,FITTING · CAP,2929,Export ERP master_product_updated.xlsx (diunduh 2026-10-06),Warna: Abu,,,4,,,,,,,,,
__export__.product_product_16398,"Cap Coklat DV 4""",FITTING PVC,FITTING · CAP,2930,Export ERP master_product_updated.xlsx (diunduh 2026-10-06),Warna: Coklat,,,4,,,,,,,,,
__export__.product_product_18467,"Cap Abu DV 6""",FITTING PVC,FITTING · CAP,2931,Export ERP master_product_updated.xlsx (diunduh 2026-10-06),Warna: Abu,,,6,,,,,,,,,
product.0_S_04_011_040000_00,"Tee DV Abu 1 1/2""",FITTING PVC,FITTING · TEE,2932,Export ERP master_product_updated.xlsx (diunduh 2026-10-06),Warna: Abu,,,1 1/2,,,,,,,,,
product.0_S_04_011_042000_00,"Tee DV Abu 1 1/4""",FITTING PVC,FITTING · TEE,2933,Export ERP master_product_updated.xlsx (diunduh 2026-10-06),Warna: Abu,,,1 1/4,,,,,,,,,
product.0_S_04_011_050000_00,"Tee DV Abu 2""",FITTING PVC,FITTING · TEE,2934,Export ERP master_product_updated.xlsx (diunduh 2026-10-06),Warna: Abu,,,2,,,,,,,,,
product.0_S_04_011_065000_00,"Tee DV Abu 2 1/2""",FITTING PVC,FITTING · TEE,2935,Export ERP master_product_updated.xlsx (diunduh 2026-10-06),Warna: Abu,,,2 1/2,,,,,,,,,
product.0_S_04_011_075000_00,"Tee DV Abu 3""",FITTING PVC,FITTING · TEE,2936,Export ERP master_product_updated.xlsx (diunduh 2026-10-06),Warna: Abu,,,3,,,,,,,,,
__export__.product_product_16452,"Tee DV Coklat 3""",FITTING PVC,FITTING · TEE,2937,Export ERP master_product_updated.xlsx (diunduh 2026-10-06),Warna: Coklat,,,3,,,,,,,,,
product.0_S_04_011_075040_00,"Tee DV Abu 3"" x 1 1/2""",FITTING PVC,FITTING · TEE,2938,Export ERP master_product_updated.xlsx (diunduh 2026-10-06),Warna: Abu,,,1 1/2; 3,,,,,,,,,
product.0_S_04_011_075050_00,"Tee DV Abu 3"" x 2""",FITTING PVC,FITTING · TEE,2939,Export ERP master_product_updated.xlsx (diunduh 2026-10-06),Warna: Abu,,,2; 3,,,,,,,,,
product.0_S_04_011_075065_00,"Tee DV Abu 3"" x 2 1/2""",FITTING PVC,FITTING · TEE,2940,Export ERP master_product_updated.xlsx (diunduh 2026-10-06),Warna: Abu,,,2 1/2; 3,,,,,,,,,
product.0_S_04_011_100000_00,"Tee DV Abu 4""",FITTING PVC,FITTING · TEE,2941,Export ERP master_product_updated.xlsx (diunduh 2026-10-06),Warna: Abu,,,4,,,,,,,,,
__export__.product_product_16699,"Tee DV Coklat 4""",FITTING PVC,FITTING · TEE,2942,Export ERP master_product_updated.xlsx (diunduh 2026-10-06),Warna: Coklat,,,4,,,,,,,,,
product.0_S_04_011_100050_00,"Tee DV Abu 4"" x 2""",FITTING PVC,FITTING · TEE,2943,Export ERP master_product_updated.xlsx (diunduh 2026-10-06),Warna: Abu,,,2; 4,,,,,,,,,
product.0_S_04_011_100075_00,"Tee DV Abu 4"" x 3""",FITTING PVC,FITTING · TEE,2944,Export ERP master_product_updated.xlsx (diunduh 2026-10-06),Warna: Abu,,,3; 4,,,,,,,,,
__export__.product_product_16700,"Tee DV Coklat 4"" x 3""",FITTING PVC,FITTING · TEE,2945,Export ERP master_product_updated.xlsx (diunduh 2026-10-06),Warna: Coklat,,,3; 4,,,,,,,,,
__export__.product_product_16125,"Tee DV Abu 5""",FITTING PVC,FITTING · TEE,2946,Export ERP master_product_updated.xlsx (diunduh 2026-10-06),Warna: Abu,,,5,,,,,,,,,
product.0_S_04_011_125100_00,"Tee DV Abu 5"" x 4""",FITTING PVC,FITTING · TEE,2947,Export ERP master_product_updated.xlsx (diunduh 2026-10-06),Warna: Abu,,,4; 5,,,,,,,,,
product.0_S_04_011_150000_00,"Tee DV Abu 6""",FITTING PVC,FITTING · TEE,2948,Export ERP master_product_updated.xlsx (diunduh 2026-10-06),Warna: Abu,,,6,,,,,,,,,
__export__.product_product_16417,"Tee DV Coklat 6""",FITTING PVC,FITTING · TEE,2949,Export ERP master_product_updated.xlsx (diunduh 2026-10-06),Warna: Coklat,,,6,,,,,,,,,
product.0_S_04_011_150100_00,"Tee DV Abu 6"" x 4""",FITTING PVC,FITTING · TEE,2950,Export ERP master_product_updated.xlsx (diunduh 2026-10-06),Warna: Abu,,,4; 6,,,,,,,,,
__export__.product_product_16612,"Tee DV Coklat 6"" x 4""",FITTING PVC,FITTING · TEE,2951,Export ERP master_product_updated.xlsx (diunduh 2026-10-06),Warna: Coklat,,,4; 6,,,,,,,,,
product.0_S_04_011_200000_00,"Tee DV Abu 8""",FITTING PVC,FITTING · TEE,2952,Export ERP master_product_updated.xlsx (diunduh 2026-10-06),Warna: Abu,,,8,,,,,,,,,
__export__.product_product_16418,"Tee DV Coklat 8""",FITTING PVC,FITTING · TEE,2953,Export ERP master_product_updated.xlsx (diunduh 2026-10-06),Warna: Coklat,,,8,,,,,,,,,
product.0_S_04_011_200100_00,"Tee DV Abu 8"" x 4""",FITTING PVC,FITTING · TEE,2954,Export ERP master_product_updated.xlsx (diunduh 2026-10-06),Warna: Abu,,,4; 8,,,,,,,,,
__export__.product_product_16419,"Tee DV Coklat 8"" x 4""",FITTING PVC,FITTING · TEE,2955,Export ERP master_product_updated.xlsx (diunduh 2026-10-06),Warna: Coklat,,,4; 8,,,,,,,,,
product.0_S_04_013_050000_00,"Y 45° Abu Dv 2""",FITTING PVC,FITTING · Y 45°,2956,Export ERP master_product_updated.xlsx (diunduh 2026-10-06),Warna: Abu,,,2,,,,,,,,,
product.0_S_04_013_075000_00,"Y 45° Abu Dv 3""",FITTING PVC,FITTING · Y 45°,2957,Export ERP master_product_updated.xlsx (diunduh 2026-10-06),Warna: Abu,,,3,,,,,,,,,
__export__.product_product_17239,"Y 45° Coklat Dv 3""",FITTING PVC,FITTING · Y 45°,2958,Export ERP master_product_updated.xlsx (diunduh 2026-10-06),Warna: Coklat,,,3,,,,,,,,,
product.0_S_04_013_075050_00,"Y 45° Abu Dv 3"" x 2""",FITTING PVC,FITTING · Y 45°,2959,Export ERP master_product_updated.xlsx (diunduh 2026-10-06),Warna: Abu,,,2; 3,,,,,,,,,
product.0_S_04_013_100000_00,"Y 45° Abu Dv 4""",FITTING PVC,FITTING · Y 45°,2960,Export ERP master_product_updated.xlsx (diunduh 2026-10-06),Warna: Abu,,,4,,,,,,,,,
__export__.product_product_16397,"Y 45° Coklat Dv 4""",FITTING PVC,FITTING · Y 45°,2961,Export ERP master_product_updated.xlsx (diunduh 2026-10-06),Warna: Coklat,,,4,,,,,,,,,
product.0_S_04_013_100050_00,"Y 45° Abu Dv 4"" x 2""",FITTING PVC,FITTING · Y 45°,2962,Export ERP master_product_updated.xlsx (diunduh 2026-10-06),Warna: Abu,,,2; 4,,,,,,,,,
__export__.product_product_16396,"Y 45° Coklat Dv 4"" x 2""",FITTING PVC,FITTING · Y 45°,2963,Export ERP master_product_updated.xlsx (diunduh 2026-10-06),Warna: Coklat,,,2; 4,,,,,,,,,
product.0_S_04_013_100075_00,"Y 45° Abu Dv 4"" x 3""",FITTING PVC,FITTING · Y 45°,2964,Export ERP master_product_updated.xlsx (diunduh 2026-10-06),Warna: Abu,,,3; 4,,,,,,,,,
__export__.product_product_16415,"Y 45° Coklat Dv 4"" x 3""",FITTING PVC,FITTING · Y 45°,2965,Export ERP master_product_updated.xlsx (diunduh 2026-10-06),Warna: Coklat,,,3; 4,,,,,,,,,
product.0_S_04_015_050000_00,"Long TY Abu Dv 2 """,FITTING PVC,FITTING · LONG TY,2966,Export ERP master_product_updated.xlsx (diunduh 2026-10-06),Warna: Abu,,,2,,,,,,,,,
product.0_S_04_015_075000_00,"Long TY Abu Dv 3""",FITTING PVC,FITTING · LONG TY,2967,Export ERP master_product_updated.xlsx (diunduh 2026-10-06),Warna: Abu,,,3,,,,,,,,,
product.0_S_04_015_075050_00,"Long TY Abu Dv 3"" x 2""",FITTING PVC,FITTING · LONG TY,2968,Export ERP master_product_updated.xlsx (diunduh 2026-10-06),Warna: Abu,,,2; 3,,,,,,,,,
product.0_S_04_015_100000_00,"Long TY Abu Dv 4""",FITTING PVC,FITTING · LONG TY,2969,Export ERP master_product_updated.xlsx (diunduh 2026-10-06),Warna: Abu,,,4,,,,,,,,,
__export__.product_product_16869,"Long TY Coklat Dv 4""",FITTING PVC,FITTING · LONG TY,2970,Export ERP master_product_updated.xlsx (diunduh 2026-10-06),Warna: Coklat,,,4,,,,,,,,,
product.0_S_04_015_100050_00,"Long TY Abu Dv 4"" x 2""",FITTING PVC,FITTING · LONG TY,2971,Export ERP master_product_updated.xlsx (diunduh 2026-10-06),Warna: Abu,,,2; 4,,,,,,,,,
__export__.product_product_16870,"Long TY Coklat Dv 4"" x 2""",FITTING PVC,FITTING · LONG TY,2972,Export ERP master_product_updated.xlsx (diunduh 2026-10-06),Warna: Coklat,,,2; 4,,,,,,,,,
product.0_S_04_015_100075_00,"Long TY Abu Dv 4"" x 3""",FITTING PVC,FITTING · LONG TY,2973,Export ERP master_product_updated.xlsx (diunduh 2026-10-06),Warna: Abu,,,3; 4,,,,,,,,,
product.0_S_04_015_150000_00,"Long TY Abu Dv 6""",FITTING PVC,FITTING · LONG TY,2974,Export ERP master_product_updated.xlsx (diunduh 2026-10-06),Warna: Abu,,,6,,,,,,,,,
__export__.product_product_17352,"Long TY Coklat Dv 6""",FITTING PVC,FITTING · LONG TY,2975,Export ERP master_product_updated.xlsx (diunduh 2026-10-06),Warna: Coklat,,,6,,,,,,,,,
product.0_S_04_015_150100_00,"Long TY Abu Dv 6"" x 4""",FITTING PVC,FITTING · LONG TY,2976,Export ERP master_product_updated.xlsx (diunduh 2026-10-06),Warna: Abu,,,4; 6,,,,,,,,,
__export__.product_product_17097,"Long TY Coklat Dv 6"" x 4""",FITTING PVC,FITTING · LONG TY,2977,Export ERP master_product_updated.xlsx (diunduh 2026-10-06),Warna: Coklat,,,4; 6,,,,,,,,,
product.0_S_04_016_075000_00,"Double Long TY Abu 3""",FITTING PVC,FITTING · DOUBLE LONG TY,2978,Export ERP master_product_updated.xlsx (diunduh 2026-10-06),Warna: Abu,,,3,,,,,,,,,
product.0_S_04_016_100000_00,"Double Long TY Abu 4""",FITTING PVC,FITTING · DOUBLE LONG TY,2979,Export ERP master_product_updated.xlsx (diunduh 2026-10-06),Warna: Abu,,,4,,,,,,,,,
product.0_S_04_016_100075_00,"Double Long TY Abu 4"" x 3""",FITTING PVC,FITTING · DOUBLE LONG TY,2980,Export ERP master_product_updated.xlsx (diunduh 2026-10-06),Warna: Abu,,,3; 4,,,,,,,,,
product.0_S_04_017_040000_00,"Elbow 90° Abu Dv 1 1/2""",FITTING PVC,FITTING · ELBOW 90°,2981,Export ERP master_product_updated.xlsx (diunduh 2026-10-06),Warna: Abu,,,1 1/2,,,,,,,,,
product.0_S_04_017_042000_00,"Elbow 90° Abu Dv 1 1/4""",FITTING PVC,FITTING · ELBOW 90°,2982,Export ERP master_product_updated.xlsx (diunduh 2026-10-06),Warna: Abu,,,1 1/4,,,,,,,,,
product.0_S_04_017_050000_00,"Elbow 90° Abu Dv 2""",FITTING PVC,FITTING · ELBOW 90°,2983,Export ERP master_product_updated.xlsx (diunduh 2026-10-06),Warna: Abu,,,2,,,,,,,,,
product.0_S_04_017_065000_00,"Elbow 90° Abu Dv 2 1/2""",FITTING PVC,FITTING · ELBOW 90°,2984,Export ERP master_product_updated.xlsx (diunduh 2026-10-06),Warna: Abu,,,2 1/2,,,,,,,,,
product.0_S_04_017_075000_00,"Elbow 90° Abu Dv 3""",FITTING PVC,FITTING · ELBOW 90°,2985,Export ERP master_product_updated.xlsx (diunduh 2026-10-06),Warna: Abu,,,3,,,,,,,,,
__export__.product_product_16453,"Elbow 90° Coklat Dv 3""",FITTING PVC,FITTING · ELBOW 90°,2986,Export ERP master_product_updated.xlsx (diunduh 2026-10-06),Warna: Coklat,,,3,,,,,,,,,
product.0_S_04_017_100000_00,"Elbow 90° Abu Dv 4""",FITTING PVC,FITTING · ELBOW 90°,2987,Export ERP master_product_updated.xlsx (diunduh 2026-10-06),Warna: Abu,,,4,,,,,,,,,
__export__.product_product_16702,"Elbow 90° Coklat Dv 4""",FITTING PVC,FITTING · ELBOW 90°,2988,Export ERP master_product_updated.xlsx (diunduh 2026-10-06),Warna: Coklat,,,4,,,,,,,,,
product.0_S_04_017_125000_00,"Elbow 90° Abu Dv 5""",FITTING PVC,FITTING · ELBOW 90°,2989,Export ERP master_product_updated.xlsx (diunduh 2026-10-06),Warna: Abu,,,5,,,,,,,,,
product.0_S_04_017_150000_00,"Elbow 90° Abu Dv 6""",FITTING PVC,FITTING · ELBOW 90°,2990,Export ERP master_product_updated.xlsx (diunduh 2026-10-06),Warna: Abu,,,6,,,,,,,,,
__export__.product_product_16420,"Elbow 90° Coklat Dv 6""",FITTING PVC,FITTING · ELBOW 90°,2991,Export ERP master_product_updated.xlsx (diunduh 2026-10-06),Warna: Coklat,,,6,,,,,,,,,
product.0_S_04_017_200000_00,"Elbow 90° Abu Dv 8""",FITTING PVC,FITTING · ELBOW 90°,2992,Export ERP master_product_updated.xlsx (diunduh 2026-10-06),Warna: Abu,,,8,,,,,,,,,
__export__.product_product_16421,"Elbow 90° Coklat Dv 8""",FITTING PVC,FITTING · ELBOW 90°,2993,Export ERP master_product_updated.xlsx (diunduh 2026-10-06),Warna: Coklat,,,8,,,,,,,,,
product.0_S_04_018_042000_00,"Large Radius Elbow Abu 1 1/4""",FITTING PVC,FITTING · LARGE RADIUS ELBOW,2994,Export ERP master_product_updated.xlsx (diunduh 2026-10-06),Warna: Abu,,,1 1/4,,,,,,,,,
product.0_S_04_018_050000_00,"Large Radius Elbow Abu 2""",FITTING PVC,FITTING · LARGE RADIUS ELBOW,2995,Export ERP master_product_updated.xlsx (diunduh 2026-10-06),Warna: Abu,,,2,,,,,,,,,
product.0_S_04_018_075000_00,"Large Radius Elbow Abu 3""",FITTING PVC,FITTING · LARGE RADIUS ELBOW,2996,Export ERP master_product_updated.xlsx (diunduh 2026-10-06),Warna: Abu,,,3,,,,,,,,,
product.0_S_04_018_100000_00,"Large Radius Elbow Abu 4""",FITTING PVC,FITTING · LARGE RADIUS ELBOW,2997,Export ERP master_product_updated.xlsx (diunduh 2026-10-06),Warna: Abu,,,4,,,,,,,,,
__export__.product_product_16177,"Large Radius Elbow Coklat 4""",FITTING PVC,FITTING · LARGE RADIUS ELBOW,2998,Export ERP master_product_updated.xlsx (diunduh 2026-10-06),Warna: Coklat,,,4,,,,,,,,,
product.0_S_04_018_150000_00,"Large Radius Elbow Abu 6""",FITTING PVC,FITTING · LARGE RADIUS ELBOW,2999,Export ERP master_product_updated.xlsx (diunduh 2026-10-06),Warna: Abu,,,6,,,,,,,,,
product.0_S_04_018_200000_00,"Large Radius Elbow Abu 8""",FITTING PVC,FITTING · LARGE RADIUS ELBOW,3000,Export ERP master_product_updated.xlsx (diunduh 2026-10-06),Warna: Abu,,,8,,,,,,,,,
product.0_S_04_018_250000_00,"Large Radius Elbow Abu 10""",FITTING PVC,FITTING · LARGE RADIUS ELBOW,3001,Export ERP master_product_updated.xlsx (diunduh 2026-10-06),Warna: Abu,,,10,,,,,,,,,
product.0_S_04_018_300000_00,"Large Radius Elbow Abu 12""",FITTING PVC,FITTING · LARGE RADIUS ELBOW,3002,Export ERP master_product_updated.xlsx (diunduh 2026-10-06),Warna: Abu,,,12,,,,,,,,,
product.0_S_04_019_042000_00,"Elbow 45° Abu Dv 1 1/4""",FITTING PVC,FITTING · ELBOW 45°,3003,Export ERP master_product_updated.xlsx (diunduh 2026-10-06),Warna: Abu,,,1 1/4,,,,,,,,,
product.0_S_04_019_050000_00,"Elbow 45° Abu Dv 2""",FITTING PVC,FITTING · ELBOW 45°,3004,Export ERP master_product_updated.xlsx (diunduh 2026-10-06),Warna: Abu,,,2,,,,,,,,,
product.0_S_04_019_065000_00,"Elbow 45° Abu Dv 2 1/2""",FITTING PVC,FITTING · ELBOW 45°,3005,Export ERP master_product_updated.xlsx (diunduh 2026-10-06),Warna: Abu,,,2 1/2,,,,,,,,,
product.0_S_04_019_075000_00,"Elbow 45° Abu Dv 3""",FITTING PVC,FITTING · ELBOW 45°,3006,Export ERP master_product_updated.xlsx (diunduh 2026-10-06),Warna: Abu,,,3,,,,,,,,,
__export__.product_product_16900,"Elbow 45° Coklat Dv 3""",FITTING PVC,FITTING · ELBOW 45°,3007,Export ERP master_product_updated.xlsx (diunduh 2026-10-06),Warna: Coklat,,,3,,,,,,,,,
product.0_S_04_019_100000_00,"Elbow 45° Abu Dv 4""",FITTING PVC,FITTING · ELBOW 45°,3008,Export ERP master_product_updated.xlsx (diunduh 2026-10-06),Warna: Abu,,,4,,,,,,,,,
__export__.product_product_16399,"Elbow 45° Coklat Dv 4""",FITTING PVC,FITTING · ELBOW 45°,3009,Export ERP master_product_updated.xlsx (diunduh 2026-10-06),Warna: Coklat,,,4,,,,,,,,,
product.0_S_04_019_150000_00,"Elbow 45° Abu Dv 6""",FITTING PVC,FITTING · ELBOW 45°,3010,Export ERP master_product_updated.xlsx (diunduh 2026-10-06),Warna: Abu,,,6,,,,,,,,,
__export__.product_product_16476,"Elbow 45° Coklat Dv 6""",FITTING PVC,FITTING · ELBOW 45°,3011,Export ERP master_product_updated.xlsx (diunduh 2026-10-06),Warna: Coklat,,,6,,,,,,,,,
product.0_S_04_019_250000_00,"Elbow 45° Abu Dv 10""",FITTING PVC,FITTING · ELBOW 45°,3012,Export ERP master_product_updated.xlsx (diunduh 2026-10-06),Warna: Abu,,,10,,,,,,,,,
product.0_S_04_020_040000_00,"Socket Abu Dv 1 1/2""",FITTING PVC,FITTING · SOCKET,3013,Export ERP master_product_updated.xlsx (diunduh 2026-10-06),Warna: Abu,,,1 1/2,,,,,,,,,
product.0_S_04_020_042000_00,"Socket Abu Dv 1 1/4""",FITTING PVC,FITTING · SOCKET,3014,Export ERP master_product_updated.xlsx (diunduh 2026-10-06),Warna: Abu,,,1 1/4,,,,,,,,,
product.0_S_04_020_050000_00,"Socket Abu Dv 2""",FITTING PVC,FITTING · SOCKET,3015,Export ERP master_product_updated.xlsx (diunduh 2026-10-06),Warna: Abu,,,2,,,,,,,,,
product.0_S_04_020_065000_00,"Socket Abu Dv 2 1/2""",FITTING PVC,FITTING · SOCKET,3016,Export ERP master_product_updated.xlsx (diunduh 2026-10-06),Warna: Abu,,,2 1/2,,,,,,,,,
product.0_S_04_020_075000_00,"Socket Abu Dv 3""",FITTING PVC,FITTING · SOCKET,3017,Export ERP master_product_updated.xlsx (diunduh 2026-10-06),Warna: Abu,,,3,,,,,,,,,
product.0_S_04_020_100000_00,"Socket Abu Dv 4""",FITTING PVC,FITTING · SOCKET,3018,Export ERP master_product_updated.xlsx (diunduh 2026-10-06),Warna: Abu,,,4,,,,,,,,,
__export__.product_product_16701,"Socket Coklat Dv 4""",FITTING PVC,FITTING · SOCKET,3019,Export ERP master_product_updated.xlsx (diunduh 2026-10-06),Warna: Coklat,,,4,,,,,,,,,
product.0_S_04_020_125000_00,"Socket Abu Dv 5""",FITTING PVC,FITTING · SOCKET,3020,Export ERP master_product_updated.xlsx (diunduh 2026-10-06),Warna: Abu,,,5,,,,,,,,,
product.0_S_04_020_150000_00,"Socket Abu Dv 6""",FITTING PVC,FITTING · SOCKET,3021,Export ERP master_product_updated.xlsx (diunduh 2026-10-06),Warna: Abu,,,6,,,,,,,,,
product.0_S_04_020_200000_00,"Socket Abu Dv 8""",FITTING PVC,FITTING · SOCKET,3022,Export ERP master_product_updated.xlsx (diunduh 2026-10-06),Warna: Abu,,,8,,,,,,,,,
product.0_S_04_021_040038_00,"Red. Socket Abu Dv 1 1/2"" x 1 1/4""",FITTING PVC,FITTING · RED. SOCKET,3023,Export ERP master_product_updated.xlsx (diunduh 2026-10-06),Warna: Abu,,,1 1/4; 1 1/2,,,,,,,,,
product.0_S_04_021_050038_00,"Red. Socket Abu Dv 2"" x 1 1/4""",FITTING PVC,FITTING · RED. SOCKET,3024,Export ERP master_product_updated.xlsx (diunduh 2026-10-06),Warna: Abu,,,1 1/4; 2,,,,,,,,,
__export__.product_product_16124,"Red. Socket Abu Dv 2"" x 1 1/2""",FITTING PVC,FITTING · RED. SOCKET,3025,Export ERP master_product_updated.xlsx (diunduh 2026-10-06),Warna: Abu,,,1 1/2; 2,,,,,,,,,
__export__.product_product_11554,"Red. Socket Abu Dv 2 1/2"" x 2""",FITTING PVC,FITTING · RED. SOCKET,3026,Export ERP master_product_updated.xlsx (diunduh 2026-10-06),Warna: Abu,,,2; 2 1/2,,,,,,,,,
product.0_S_04_021_075050_00,"Red. Socket Abu Dv 3"" x 2""",FITTING PVC,FITTING · RED. SOCKET,3027,Export ERP master_product_updated.xlsx (diunduh 2026-10-06),Warna: Abu,,,2; 3,,,,,,,,,
__export__.product_product_15690,"Red. Socket Abu Dv 3"" x 2 1/2""",FITTING PVC,FITTING · RED. SOCKET,3028,Export ERP master_product_updated.xlsx (diunduh 2026-10-06),Warna: Abu,,,2 1/2; 3,,,,,,,,,
product.0_S_04_021_100050_00,"Red. Socket Abu Dv 4"" x 2""",FITTING PVC,FITTING · RED. SOCKET,3029,Export ERP master_product_updated.xlsx (diunduh 2026-10-06),Warna: Abu,,,2; 4,,,,,,,,,
__export__.product_product_15638,"Red. Socket Abu Dv 4"" x 2 1/2""",FITTING PVC,FITTING · RED. SOCKET,3030,Export ERP master_product_updated.xlsx (diunduh 2026-10-06),Warna: Abu,,,2 1/2; 4,,,,,,,,,
product.0_S_04_021_100075_00,"Red. Socket Abu Dv 4"" x 3""",FITTING PVC,FITTING · RED. SOCKET,3031,Export ERP master_product_updated.xlsx (diunduh 2026-10-06),Warna: Abu,,,3; 4,,,,,,,,,
__export__.product_product_17240,"Red. Socket Coklat Dv 4"" x 3""",FITTING PVC,FITTING · RED. SOCKET,3032,Export ERP master_product_updated.xlsx (diunduh 2026-10-06),Warna: Coklat,,,3; 4,,,,,,,,,
product.0_S_04_021_150100_00,"Red. Socket Abu Dv 6"" x 4""",FITTING PVC,FITTING · RED. SOCKET,3033,Export ERP master_product_updated.xlsx (diunduh 2026-10-06),Warna: Abu,,,4; 6,,,,,,,,,
__export__.product_product_16871,"Red. Socket Coklat Dv 6"" x 4""",FITTING PVC,FITTING · RED. SOCKET,3034,Export ERP master_product_updated.xlsx (diunduh 2026-10-06),Warna: Coklat,,,4; 6,,,,,,,,,
product.0_S_04_023_063016_00,"Clamp Saddle Abu Ts 63 mm x 1/2""",FITTING PVC,FITTING · CLAMP SADDLE,3035,Export ERP master_product_updated.xlsx (diunduh 2026-10-06),Warna: Abu,,,1/2,,,,,,,,,
product.0_S_04_023_063020_00,"Clamp Saddle Abu Ts 63 mm x 3/4""",FITTING PVC,FITTING · CLAMP SADDLE,3036,Export ERP master_product_updated.xlsx (diunduh 2026-10-06),Warna: Abu,,,3/4,,,,,,,,,
product.0_S_04_023_063025_00,"Clamp Saddle Abu Ts 63 mm x 1""",FITTING PVC,FITTING · CLAMP SADDLE,3037,Export ERP master_product_updated.xlsx (diunduh 2026-10-06),Warna: Abu,,,1,,,,,,,,,
product.0_S_04_023_090016_00,"Clamp Saddle Abu Ts 90 mm x 1/2""",FITTING PVC,FITTING · CLAMP SADDLE,3038,Export ERP master_product_updated.xlsx (diunduh 2026-10-06),Warna: Abu,,,1/2,,,,,,,,,
product.0_S_04_023_090020_00,"Clamp Saddle Abu Ts 90 mm x 3/4""",FITTING PVC,FITTING · CLAMP SADDLE,3039,Export ERP master_product_updated.xlsx (diunduh 2026-10-06),Warna: Abu,,,3/4,,,,,,,,,
product.0_S_04_023_090025_00,"Clamp Saddle Abu Ts 90 mm x 1""",FITTING PVC,FITTING · CLAMP SADDLE,3040,Export ERP master_product_updated.xlsx (diunduh 2026-10-06),Warna: Abu,,,1,,,,,,,,,
product.0_S_04_023_110016_00,"Clamp Saddle Abu Ts 110 mm x 1/2""",FITTING PVC,FITTING · CLAMP SADDLE,3041,Export ERP master_product_updated.xlsx (diunduh 2026-10-06),Warna: Abu,,,1/2,,,,,,,,,
product.0_S_04_023_110020_00,"Clamp Saddle Abu Ts 110 mm x 3/4""",FITTING PVC,FITTING · CLAMP SADDLE,3042,Export ERP master_product_updated.xlsx (diunduh 2026-10-06),Warna: Abu,,,3/4,,,,,,,,,
product.0_S_04_023_110025_00,"Clamp Saddle Abu Ts 110 mm x 1""",FITTING PVC,FITTING · CLAMP SADDLE,3043,Export ERP master_product_updated.xlsx (diunduh 2026-10-06),Warna: Abu,,,1,,,,,,,,,
product.0_S_04_026_016000_00,"Socket Abu Ts 1/2""",FITTING PVC,FITTING · SOCKET,3045,Export ERP master_product_updated.xlsx (diunduh 2026-10-06),Warna: Abu,,,1/2,,,,,,,,,
product.0_S_04_026_020000_00,"Socket Abu Ts 3/4""",FITTING PVC,FITTING · SOCKET,3046,Export ERP master_product_updated.xlsx (diunduh 2026-10-06),Warna: Abu,,,3/4,,,,,,,,,
product.0_S_04_026_025000_00,"Socket Abu Ts 1""",FITTING PVC,FITTING · SOCKET,3047,Export ERP master_product_updated.xlsx (diunduh 2026-10-06),Warna: Abu,,,1,,,,,,,,,
product.0_S_04_026_040000_00,"Socket Abu Ts 1 1/2""",FITTING PVC,FITTING · SOCKET,3048,Export ERP master_product_updated.xlsx (diunduh 2026-10-06),Warna: Abu,,,1 1/2,,,,,,,,,
product.0_S_04_026_042000_00,"Socket Abu Ts 1 1/4""",FITTING PVC,FITTING · SOCKET,3049,Export ERP master_product_updated.xlsx (diunduh 2026-10-06),Warna: Abu,,,1 1/4,,,,,,,,,
product.0_S_04_026_050000_00,"Socket Abu Ts 2""",FITTING PVC,FITTING · SOCKET,3050,Export ERP master_product_updated.xlsx (diunduh 2026-10-06),Warna: Abu,,,2,,,,,,,,,
product.0_S_04_026_075000_00,"Socket Abu Ts 3""",FITTING PVC,FITTING · SOCKET,3051,Export ERP master_product_updated.xlsx (diunduh 2026-10-06),Warna: Abu,,,3,,,,,,,,,
product.0_S_04_026_100000_00,"Socket Abu Ts 4""",FITTING PVC,FITTING · SOCKET,3052,Export ERP master_product_updated.xlsx (diunduh 2026-10-06),Warna: Abu,,,4,,,,,,,,,
__export__.product_product_17265,"Elbow 45° Abu Ts 3""",FITTING PVC,FITTING · ELBOW 45°,3053,Export ERP master_product_updated.xlsx (diunduh 2026-10-06),Warna: Abu,,,3,,,,,,,,,
__export__.product_product_17308,"Elbow 45° Abu Ts 4""",FITTING PVC,FITTING · ELBOW 45°,3054,Export ERP master_product_updated.xlsx (diunduh 2026-10-06),Warna: Abu,,,4,,,,,,,,,
product.0_S_04_030_016000_00,"Faucet Socket Insert Abu Ts 1/2""",FITTING PVC,FITTING · FAUCET SOCKET INSERT,3055,Export ERP master_product_updated.xlsx (diunduh 2026-10-06),Warna: Abu,,,1/2,,,,,,,,,
product.0_S_04_030_020000_00,"Faucet Socket Insert Abu Ts 3/4""",FITTING PVC,FITTING · FAUCET SOCKET INSERT,3056,Export ERP master_product_updated.xlsx (diunduh 2026-10-06),Warna: Abu,,,3/4,,,,,,,,,
product.0_S_04_030_025000_00,"Faucet Socket Insert Abu Ts 1""",FITTING PVC,FITTING · FAUCET SOCKET INSERT,3057,Export ERP master_product_updated.xlsx (diunduh 2026-10-06),Warna: Abu,,,1,,,,,,,,,
product.0_S_04_030_038000_00,"Faucet Socket Insert Abu Ts 1 1/4""",FITTING PVC,FITTING · FAUCET SOCKET INSERT,3058,Export ERP master_product_updated.xlsx (diunduh 2026-10-06),Warna: Abu,,,1 1/4,,,,,,,,,
product.0_S_04_030_040000_00,"Faucet Socket Insert Abu Ts 1 1/2""",FITTING PVC,FITTING · FAUCET SOCKET INSERT,3059,Export ERP master_product_updated.xlsx (diunduh 2026-10-06),Warna: Abu,,,1 1/2,,,,,,,,,
product.0_S_04_030_050000_00,"Faucet Socket Insert Abu Ts 2""",FITTING PVC,FITTING · FAUCET SOCKET INSERT,3060,Export ERP master_product_updated.xlsx (diunduh 2026-10-06),Warna: Abu,,,2,,,,,,,,,
product.0_S_04_031_016000_00,"Faucet Elbow Insert Abu Ts 1/2""",FITTING PVC,FITTING · FAUCET ELBOW INSERT,3061,Export ERP master_product_updated.xlsx (diunduh 2026-10-06),Warna: Abu,,,1/2,,,,,,,,,
product.0_S_04_031_020000_00,"Faucet Elbow Insert Abu Ts 3/4""",FITTING PVC,FITTING · FAUCET ELBOW INSERT,3062,Export ERP master_product_updated.xlsx (diunduh 2026-10-06),Warna: Abu,,,3/4,,,,,,,,,
product.0_S_04_031_025000_00,"Faucet Elbow Insert Abu Ts 1""",FITTING PVC,FITTING · FAUCET ELBOW INSERT,3063,Export ERP master_product_updated.xlsx (diunduh 2026-10-06),Warna: Abu,,,1,,,,,,,,,
product.0_S_04_031_038000_00,"Faucet Elbow Insert Abu Ts 1 1/4""",FITTING PVC,FITTING · FAUCET ELBOW INSERT,3064,Export ERP master_product_updated.xlsx (diunduh 2026-10-06),Warna: Abu,,,1 1/4,,,,,,,,,
product.0_S_04_031_040000_00,"Faucet Elbow Insert Abu Ts 1 1/2""",FITTING PVC,FITTING · FAUCET ELBOW INSERT,3065,Export ERP master_product_updated.xlsx (diunduh 2026-10-06),Warna: Abu,,,1 1/2,,,,,,,,,
product.0_S_04_031_050000_00,"Faucet Elbow Insert Abu Ts 2""",FITTING PVC,FITTING · FAUCET ELBOW INSERT,3066,Export ERP master_product_updated.xlsx (diunduh 2026-10-06),Warna: Abu,,,2,,,,,,,,,
product.0_S_04_032_016000_00,"Plug Abu Ts 1/2""",FITTING PVC,FITTING · PLUG,3067,Export ERP master_product_updated.xlsx (diunduh 2026-10-06),Warna: Abu,,,1/2,,,,,,,,,
product.0_S_04_032_020000_00,"Plug Abu Ts 3/4""",FITTING PVC,FITTING · PLUG,3068,Export ERP master_product_updated.xlsx (diunduh 2026-10-06),Warna: Abu,,,3/4,,,,,,,,,
__export__.product_product_15637,"Plug Abu Ts 1""",FITTING PVC,FITTING · PLUG,3069,Export ERP master_product_updated.xlsx (diunduh 2026-10-06),Warna: Abu,,,1,,,,,,,,,
product.0_S_04_033_075000_00,"Clean Out Abu 3""",FITTING PVC,FITTING · CLEAN OUT,3070,Export ERP master_product_updated.xlsx (diunduh 2026-10-06),Warna: Abu,,,3,,,,,,,,,
product.0_S_04_033_100000_00,"Clean Out Abu 4""",FITTING PVC,FITTING · CLEAN OUT,3071,Export ERP master_product_updated.xlsx (diunduh 2026-10-06),Warna: Abu,,,4,,,,,,,,,
__export__.product_product_17099,"Clean Out Coklat 4""",FITTING PVC,FITTING · CLEAN OUT,3072,Export ERP master_product_updated.xlsx (diunduh 2026-10-06),Warna: Coklat,,,4,,,,,,,,,
product.0_S_04_033_200000_00,"Clean Out Abu 8""",FITTING PVC,FITTING · CLEAN OUT,3073,Export ERP master_product_updated.xlsx (diunduh 2026-10-06),Warna: Abu,,,8,,,,,,,,,
product.0_S_04_034_075000_00,"Clean Out Bottom Abu 3""",FITTING PVC,FITTING · CLEAN OUT BOTTOM,3074,Export ERP master_product_updated.xlsx (diunduh 2026-10-06),Warna: Abu,,,3,,,,,,,,,
product.0_S_04_034_100000_00,"Clean Out Bottom Abu 4""",FITTING PVC,FITTING · CLEAN OUT BOTTOM,3075,Export ERP master_product_updated.xlsx (diunduh 2026-10-06),Warna: Abu,,,4,,,,,,,,,
product.0_S_04_034_200000_00,"Clean Out Bottom Abu 8""",FITTING PVC,FITTING · CLEAN OUT BOTTOM,3076,Export ERP master_product_updated.xlsx (diunduh 2026-10-06),Warna: Abu,,,8,,,,,,,,,
product.0_S_04_035_075000_00,"Clean Out Cover Abu 3""",FITTING PVC,FITTING · CLEAN OUT COVER,3077,Export ERP master_product_updated.xlsx (diunduh 2026-10-06),Warna: Abu,,,3,,,,,,,,,
product.0_S_04_035_100000_00,"Clean Out Cover Abu 4""",FITTING PVC,FITTING · CLEAN OUT COVER,3078,Export ERP master_product_updated.xlsx (diunduh 2026-10-06),Warna: Abu,,,4,,,,,,,,,
__export__.product_product_17098,"Clean Out Cover Coklat 4""",FITTING PVC,FITTING · CLEAN OUT COVER,3079,Export ERP master_product_updated.xlsx (diunduh 2026-10-06),Warna: Coklat,,,4,,,,,,,,,
product.0_S_04_035_200000_00,"Clean Out Cover Abu 8""",FITTING PVC,FITTING · CLEAN OUT COVER,3080,Export ERP master_product_updated.xlsx (diunduh 2026-10-06),Warna: Abu,,,8,,,,,,,,,
product.0_S_04_036_100000_00,"Flange Socket Abu 4""",FITTING PVC,FITTING · FLANGE SOCKET,3081,Export ERP master_product_updated.xlsx (diunduh 2026-10-06),Warna: Abu,,,4,,,,,,,,,
product.0_S_04_037_050000_00,"P-Trap Abu 2""",FITTING PVC,FITTING · P-TRAP,3082,Export ERP master_product_updated.xlsx (diunduh 2026-10-06),Warna: Abu,,,2,,,,,,,,,
__export__.product_product_19140,"P-Trap Abu 2"" (BODY)",FITTING PVC,FITTING · P-TRAP,3083,Export ERP master_product_updated.xlsx (diunduh 2026-10-06),Warna: Abu,,,2,,,,,,,,,
__export__.product_product_19141,"P-Trap Abu 2"" (TUTUP)",FITTING PVC,FITTING · P-TRAP,3084,Export ERP master_product_updated.xlsx (diunduh 2026-10-06),Warna: Abu,,,2,,,,,,,,,
__export__.product_product_18818,"Large Radius Tee Abu Ts 4""",FITTING PVC,FITTING · LARGE RADIUS TEE,3085,Export ERP master_product_updated.xlsx (diunduh 2026-10-06),Warna: Abu,,,4,,,,,,,,,
__export__.product_product_18864,"Large Radius Tee Abu DV 2""",FITTING PVC,FITTING · LARGE RADIUS TEE,3086,Export ERP master_product_updated.xlsx (diunduh 2026-10-06),Warna: Abu,,,2,,,,,,,,,
__export__.product_product_18865,"Large Radius Tee Abu DV 3""",FITTING PVC,FITTING · LARGE RADIUS TEE,3087,Export ERP master_product_updated.xlsx (diunduh 2026-10-06),Warna: Abu,,,3,,,,,,,,,
__export__.product_product_18866,"Large Radius Tee Abu DV 3"" x 2""",FITTING PVC,FITTING · LARGE RADIUS TEE,3088,Export ERP master_product_updated.xlsx (diunduh 2026-10-06),Warna: Abu,,,2; 3,,,,,,,,,
__export__.product_product_18867,"Large Radius Tee Abu DV 4""",FITTING PVC,FITTING · LARGE RADIUS TEE,3089,Export ERP master_product_updated.xlsx (diunduh 2026-10-06),Warna: Abu,,,4,,,,,,,,,
__export__.product_product_18868,"Large Radius Tee Coklat DV 4""",FITTING PVC,FITTING · LARGE RADIUS TEE,3090,Export ERP master_product_updated.xlsx (diunduh 2026-10-06),Warna: Coklat,,,4,,,,,,,,,
__export__.product_product_18869,"Large Radius Tee Abu DV 4"" x 2""",FITTING PVC,FITTING · LARGE RADIUS TEE,3091,Export ERP master_product_updated.xlsx (diunduh 2026-10-06),Warna: Abu,,,2; 4,,,,,,,,,
__export__.product_product_18875,"Large Radius Tee Coklat DV 4"" x 2""",FITTING PVC,FITTING · LARGE RADIUS TEE,3092,Export ERP master_product_updated.xlsx (diunduh 2026-10-06),Warna: Coklat,,,2; 4,,,,,,,,,
__export__.product_product_18870,"Large Radius Tee Abu DV 4"" x 3""",FITTING PVC,FITTING · LARGE RADIUS TEE,3093,Export ERP master_product_updated.xlsx (diunduh 2026-10-06),Warna: Abu,,,3; 4,,,,,,,,,
__export__.product_product_18871,"Large Radius Tee Abu DV 6""",FITTING PVC,FITTING · LARGE RADIUS TEE,3094,Export ERP master_product_updated.xlsx (diunduh 2026-10-06),Warna: Abu,,,6,,,,,,,,,
__export__.product_product_18872,"Large Radius Tee Coklat DV 6""",FITTING PVC,FITTING · LARGE RADIUS TEE,3095,Export ERP master_product_updated.xlsx (diunduh 2026-10-06),Warna: Coklat,,,6,,,,,,,,,
__export__.product_product_18873,"Large Radius Tee Abu DV 6"" x 4""",FITTING PVC,FITTING · LARGE RADIUS TEE,3096,Export ERP master_product_updated.xlsx (diunduh 2026-10-06),Warna: Abu,,,4; 6,,,,,,,,,
__export__.product_product_18874,"Large Radius Tee Coklat DV 6"" x 4""",FITTING PVC,FITTING · LARGE RADIUS TEE,3097,Export ERP master_product_updated.xlsx (diunduh 2026-10-06),Warna: Coklat,,,4; 6,,,,,,,,,
__export__.product_product_18840,"Y - Branch Abu Dv 2""",FITTING PVC,FITTING · Y - BRANCH,3098,Export ERP master_product_updated.xlsx (diunduh 2026-10-06),Warna: Abu,,,2,,,,,,,,,
__export__.product_product_18841,"Y - Branch Abu Dv 3""",FITTING PVC,FITTING · Y - BRANCH,3099,Export ERP master_product_updated.xlsx (diunduh 2026-10-06),Warna: Abu,,,3,,,,,,,,,
__export__.product_product_18842,"Y - Branch Coklat Dv 3""",FITTING PVC,FITTING · Y - BRANCH,3100,Export ERP master_product_updated.xlsx (diunduh 2026-10-06),Warna: Coklat,,,3,,,,,,,,,
__export__.product_product_18843,"Y - Branch Abu Dv 3"" x 2""",FITTING PVC,FITTING · Y - BRANCH,3101,Export ERP master_product_updated.xlsx (diunduh 2026-10-06),Warna: Abu,,,2; 3,,,,,,,,,
__export__.product_product_18844,"Y - Branch Abu Dv 4""",FITTING PVC,FITTING · Y - BRANCH,3102,Export ERP master_product_updated.xlsx (diunduh 2026-10-06),Warna: Abu,,,4,,,,,,,,,
__export__.product_product_18845,"Y - Branch Coklat Dv 4""",FITTING PVC,FITTING · Y - BRANCH,3103,Export ERP master_product_updated.xlsx (diunduh 2026-10-06),Warna: Coklat,,,4,,,,,,,,,
__export__.product_product_18846,"Y - Branch Abu Dv 4"" x 2""",FITTING PVC,FITTING · Y - BRANCH,3104,Export ERP master_product_updated.xlsx (diunduh 2026-10-06),Warna: Abu,,,2; 4,,,,,,,,,
__export__.product_product_18847,"Y - Branch Coklat Dv 4"" x 2""",FITTING PVC,FITTING · Y - BRANCH,3105,Export ERP master_product_updated.xlsx (diunduh 2026-10-06),Warna: Coklat,,,2; 4,,,,,,,,,
__export__.product_product_18848,"Y - Branch Abu Dv 4"" x 3""",FITTING PVC,FITTING · Y - BRANCH,3106,Export ERP master_product_updated.xlsx (diunduh 2026-10-06),Warna: Abu,,,3; 4,,,,,,,,,
__export__.product_product_18849,"Y - Branch Coklat Dv 4"" x 3""",FITTING PVC,FITTING · Y - BRANCH,3107,Export ERP master_product_updated.xlsx (diunduh 2026-10-06),Warna: Coklat,,,3; 4,,,,,,,,,
__export__.product_product_18852,"Increaser Abu Dv 1 1/2"" x 1 1/4""",FITTING PVC,FITTING · INCREASER,3108,Export ERP master_product_updated.xlsx (diunduh 2026-10-06),Warna: Abu,,,1 1/4; 1 1/2,,,,,,,,,
__export__.product_product_18853,"Increaser Abu Dv 2"" x 1 1/4""",FITTING PVC,FITTING · INCREASER,3109,Export ERP master_product_updated.xlsx (diunduh 2026-10-06),Warna: Abu,,,1 1/4; 2,,,,,,,,,
__export__.product_product_18854,"Increaser Abu Dv 2"" x 1 1/2""",FITTING PVC,FITTING · INCREASER,3110,Export ERP master_product_updated.xlsx (diunduh 2026-10-06),Warna: Abu,,,1 1/2; 2,,,,,,,,,
__export__.product_product_18855,"Increaser Abu Dv 2 1/2"" x 2""",FITTING PVC,FITTING · INCREASER,3111,Export ERP master_product_updated.xlsx (diunduh 2026-10-06),Warna: Abu,,,2; 2 1/2,,,,,,,,,
__export__.product_product_18856,"Increaser Abu Dv 3"" x 2""",FITTING PVC,FITTING · INCREASER,3112,Export ERP master_product_updated.xlsx (diunduh 2026-10-06),Warna: Abu,,,2; 3,,,,,,,,,
__export__.product_product_18857,"Increaser Abu Dv 3"" x 2 1/2""",FITTING PVC,FITTING · INCREASER,3113,Export ERP master_product_updated.xlsx (diunduh 2026-10-06),Warna: Abu,,,2 1/2; 3,,,,,,,,,
__export__.product_product_18858,"Increaser Abu Dv 4"" x 2""",FITTING PVC,FITTING · INCREASER,3114,Export ERP master_product_updated.xlsx (diunduh 2026-10-06),Warna: Abu,,,2; 4,,,,,,,,,
__export__.product_product_18859,"Increaser Abu Dv 4"" x 2 1/2""",FITTING PVC,FITTING · INCREASER,3115,Export ERP master_product_updated.xlsx (diunduh 2026-10-06),Warna: Abu,,,2 1/2; 4,,,,,,,,,
__export__.product_product_18860,"Increaser Abu Dv 4"" x 3""",FITTING PVC,FITTING · INCREASER,3116,Export ERP master_product_updated.xlsx (diunduh 2026-10-06),Warna: Abu,,,3; 4,,,,,,,,,
__export__.product_product_18861,"Increaser Coklat Dv 4"" x 3""",FITTING PVC,FITTING · INCREASER,3117,Export ERP master_product_updated.xlsx (diunduh 2026-10-06),Warna: Coklat,,,3; 4,,,,,,,,,
__export__.product_product_18862,"Increaser Abu Dv 6"" x 4""",FITTING PVC,FITTING · INCREASER,3118,Export ERP master_product_updated.xlsx (diunduh 2026-10-06),Warna: Abu,,,4; 6,,,,,,,,,
__export__.product_product_18863,"Increaser Coklat Dv 6"" x 4""",FITTING PVC,FITTING · INCREASER,3119,Export ERP master_product_updated.xlsx (diunduh 2026-10-06),Warna: Coklat,,,4; 6,,,,,,,,,
product.0_S_04_401_016000_00,"Faucet Socket Putih Ts 1/2""",FITTING PVC,FITTING · FAUCET SOCKET,3120,Export ERP master_product_updated.xlsx (diunduh 2026-10-06),Warna: Putih,,,1/2,,,,,,,,,
product.0_S_04_401_020000_00,"Faucet Socket Putih Ts 3/4""",FITTING PVC,FITTING · FAUCET SOCKET,3121,Export ERP master_product_updated.xlsx (diunduh 2026-10-06),Warna: Putih,,,3/4,,,,,,,,,
product.0_S_04_401_025000_00,"Faucet Socket Putih Ts 1""",FITTING PVC,FITTING · FAUCET SOCKET,3122,Export ERP master_product_updated.xlsx (diunduh 2026-10-06),Warna: Putih,,,1,,,,,,,,,
product.0_S_04_401_025016_00,"Faucet Socket Putih Ts 1"" x 1/2""",FITTING PVC,FITTING · FAUCET SOCKET,3123,Export ERP master_product_updated.xlsx (diunduh 2026-10-06),Warna: Putih,,,1/2; 1,,,,,,,,,
product.0_S_04_401_025020_00,"Faucet Socket Putih Ts 1"" x 3/4""",FITTING PVC,FITTING · FAUCET SOCKET,3124,Export ERP master_product_updated.xlsx (diunduh 2026-10-06),Warna: Putih,,,3/4; 1,,,,,,,,,
__export__.product_product_9428,"Faucet Socket Putih Ts 1 1/2""",FITTING PVC,FITTING · FAUCET SOCKET,3125,Export ERP master_product_updated.xlsx (diunduh 2026-10-06),Warna: Putih,,,1 1/2,,,,,,,,,
__export__.product_product_9890,"Faucet Socket Putih Ts 1 1/4""",FITTING PVC,FITTING · FAUCET SOCKET,3126,Export ERP master_product_updated.xlsx (diunduh 2026-10-06),Warna: Putih,,,1 1/4,,,,,,,,,
__export__.product_product_9447,"Faucet Socket Putih Ts 2""",FITTING PVC,FITTING · FAUCET SOCKET,3127,Export ERP master_product_updated.xlsx (diunduh 2026-10-06),Warna: Putih,,,2,,,,,,,,,
product.0_S_04_402_016000_00,"Faucet Elbow Putih Ts 1/2""",FITTING PVC,FITTING · FAUCET ELBOW,3128,Export ERP master_product_updated.xlsx (diunduh 2026-10-06),Warna: Putih,,,1/2,,,,,,,,,
product.0_S_04_402_020000_00,"Faucet Elbow Putih Ts 3/4""",FITTING PVC,FITTING · FAUCET ELBOW,3129,Export ERP master_product_updated.xlsx (diunduh 2026-10-06),Warna: Putih,,,3/4,,,,,,,,,
product.0_S_04_402_025025_00,"Faucet Elbow Putih Ts 1""",FITTING PVC,FITTING · FAUCET ELBOW,3130,Export ERP master_product_updated.xlsx (diunduh 2026-10-06),Warna: Putih,,,1,,,,,,,,,
product.0_S_04_402_050020_00,"Faucet Elbow Putih Ts 1 1/2"" x 3/4""",FITTING PVC,FITTING · FAUCET ELBOW,3131,Export ERP master_product_updated.xlsx (diunduh 2026-10-06),Warna: Putih,,,3/4; 1 1/2,,,,,,,,,
product.0_S_04_403_016000_00,"Faucet Tee Putih Ts 1/2""",FITTING PVC,FITTING · FAUCET TEE,3132,Export ERP master_product_updated.xlsx (diunduh 2026-10-06),Warna: Putih,,,1/2,,,,,,,,,
product.0_S_04_403_020016_00,"Faucet Tee Putih Ts 3/4"" x 1/2""",FITTING PVC,FITTING · FAUCET TEE,3133,Export ERP master_product_updated.xlsx (diunduh 2026-10-06),Warna: Putih,,,1/2; 3/4,,,,,,,,,
product.0_S_04_404_016000_00,"Valve Socket Putih Ts 1/2""",FITTING PVC,FITTING · VALVE SOCKET,3134,Export ERP master_product_updated.xlsx (diunduh 2026-10-06),Warna: Putih,,,1/2,,,,,,,,,
product.0_S_04_404_020000_00,"Valve Socket Putih Ts 3/4""",FITTING PVC,FITTING · VALVE SOCKET,3135,Export ERP master_product_updated.xlsx (diunduh 2026-10-06),Warna: Putih,,,3/4,,,,,,,,,
product.0_S_04_404_025000_00,"Valve Socket Putih Ts 1""",FITTING PVC,FITTING · VALVE SOCKET,3136,Export ERP master_product_updated.xlsx (diunduh 2026-10-06),Warna: Putih,,,1,,,,,,,,,
product.0_S_04_404_025016_00,"Valve Socket Putih Ts 1"" x 1/2""",FITTING PVC,FITTING · VALVE SOCKET,3137,Export ERP master_product_updated.xlsx (diunduh 2026-10-06),Warna: Putih,,,1/2; 1,,,,,,,,,
product.0_S_04_404_025020_00,"Valve Socket Putih Ts 1"" x 3/4""",FITTING PVC,FITTING · VALVE SOCKET,3138,Export ERP master_product_updated.xlsx (diunduh 2026-10-06),Warna: Putih,,,3/4; 1,,,,,,,,,
product.0_S_04_404_040000_00,"Valve Socket Putih Ts 1 1/2""",FITTING PVC,FITTING · VALVE SOCKET,3139,Export ERP master_product_updated.xlsx (diunduh 2026-10-06),Warna: Putih,,,1 1/2,,,,,,,,,
product.0_S_04_404_042000_00,"Valve Socket Putih Ts 1 1/4""",FITTING PVC,FITTING · VALVE SOCKET,3140,Export ERP master_product_updated.xlsx (diunduh 2026-10-06),Warna: Putih,,,1 1/4,,,,,,,,,
product.0_S_04_404_050000_00,"Valve Socket Putih Ts 2""",FITTING PVC,FITTING · VALVE SOCKET,3141,Export ERP master_product_updated.xlsx (diunduh 2026-10-06),Warna: Putih,,,2,,,,,,,,,
product.0_S_04_405_016000_00,"Union Socket Putih 1/2""",FITTING PVC,FITTING · UNION SOCKET,3142,Export ERP master_product_updated.xlsx (diunduh 2026-10-06),Warna: Putih,,,1/2,,,,,,,,,
product.0_S_04_405_020000_00,"Union Socket Putih 3/4""",FITTING PVC,FITTING · UNION SOCKET,3143,Export ERP master_product_updated.xlsx (diunduh 2026-10-06),Warna: Putih,,,3/4,,,,,,,,,
product.0_S_04_405_025000_00,"Union Socket Putih 1""",FITTING PVC,FITTING · UNION SOCKET,3144,Export ERP master_product_updated.xlsx (diunduh 2026-10-06),Warna: Putih,,,1,,,,,,,,,
product.0_S_04_406_020000_00,"Simple Joint Putih 3/4""",FITTING PVC,FITTING · SIMPLE JOINT,3145,Export ERP master_product_updated.xlsx (diunduh 2026-10-06),Warna: Putih,,,3/4,,,,,,,,,
product.0_S_04_406_025000_00,"Simple Joint Putih 1""",FITTING PVC,FITTING · SIMPLE JOINT,3146,Export ERP master_product_updated.xlsx (diunduh 2026-10-06),Warna: Putih,,,1,,,,,,,,,
product.0_S_04_406_040000_00,"Simple Joint Putih 1 1/2""",FITTING PVC,FITTING · SIMPLE JOINT,3147,Export ERP master_product_updated.xlsx (diunduh 2026-10-06),Warna: Putih,,,1 1/2,,,,,,,,,
product.0_S_04_406_042000_00,"Simple Joint Putih 1 1/4""",FITTING PVC,FITTING · SIMPLE JOINT,3148,Export ERP master_product_updated.xlsx (diunduh 2026-10-06),Warna: Putih,,,1 1/4,,,,,,,,,
product.0_S_04_406_050000_00,"Simple Joint Putih 2""",FITTING PVC,FITTING · SIMPLE JOINT,3149,Export ERP master_product_updated.xlsx (diunduh 2026-10-06),Warna: Putih,,,2,,,,,,,,,
product.0_S_04_407_016000_00,"Tee Putih Ts 1/2""",FITTING PVC,FITTING · TEE,3150,Export ERP master_product_updated.xlsx (diunduh 2026-10-06),Warna: Putih,,,1/2,,,,,,,,,
product.0_S_04_407_020000_00,"Tee Putih Ts 3/4""",FITTING PVC,FITTING · TEE,3151,Export ERP master_product_updated.xlsx (diunduh 2026-10-06),Warna: Putih,,,3/4,,,,,,,,,
product.0_S_04_407_020016_00,"Tee Putih Ts 3/4"" x 1/2""",FITTING PVC,FITTING · TEE,3152,Export ERP master_product_updated.xlsx (diunduh 2026-10-06),Warna: Putih,,,1/2; 3/4,,,,,,,,,
product.0_S_04_407_025000_00,"Tee Putih Ts 1""",FITTING PVC,FITTING · TEE,3153,Export ERP master_product_updated.xlsx (diunduh 2026-10-06),Warna: Putih,,,1,,,,,,,,,
product.0_S_04_407_025016_00,"Tee Putih Ts 1"" x 1/2""",FITTING PVC,FITTING · TEE,3154,Export ERP master_product_updated.xlsx (diunduh 2026-10-06),Warna: Putih,,,1/2; 1,,,,,,,,,
__export__.product_product_9431,"Tee Putih Ts 1"" x 3/4""",FITTING PVC,FITTING · TEE,3155,Export ERP master_product_updated.xlsx (diunduh 2026-10-06),Warna: Putih,,,3/4; 1,,,,,,,,,
product.0_S_04_407_040000_00,"Tee Putih Ts 1 1/2""",FITTING PVC,FITTING · TEE,3156,Export ERP master_product_updated.xlsx (diunduh 2026-10-06),Warna: Putih,,,1 1/2,,,,,,,,,
product.0_S_04_407_040020_00,"Tee Putih Ts 1 1/2"" x 3/4""",FITTING PVC,FITTING · TEE,3157,Export ERP master_product_updated.xlsx (diunduh 2026-10-06),Warna: Putih,,,3/4; 1 1/2,,,,,,,,,
product.0_S_04_407_040025_00,"Tee Putih Ts 1 1/2"" x 1""",FITTING PVC,FITTING · TEE,3158,Export ERP master_product_updated.xlsx (diunduh 2026-10-06),Warna: Putih,,,1; 1 1/2,,,,,,,,,
product.0_S_04_407_040042_00,"Tee Putih Ts 1 1/2"" x 1 1/4""",FITTING PVC,FITTING · TEE,3159,Export ERP master_product_updated.xlsx (diunduh 2026-10-06),Warna: Putih,,,1 1/4; 1 1/2,,,,,,,,,
product.0_S_04_407_042000_00,"Tee Putih Ts 1 1/4""",FITTING PVC,FITTING · TEE,3160,Export ERP master_product_updated.xlsx (diunduh 2026-10-06),Warna: Putih,,,1 1/4,,,,,,,,,
product.0_S_04_407_042016_00,"Tee Putih Ts 1 1/4"" x 1/2""",FITTING PVC,FITTING · TEE,3161,Export ERP master_product_updated.xlsx (diunduh 2026-10-06),Warna: Putih,,,1/2; 1 1/4,,,,,,,,,
product.0_S_04_407_042020_00,"Tee Putih Ts 1 1/4"" x 3/4""",FITTING PVC,FITTING · TEE,3162,Export ERP master_product_updated.xlsx (diunduh 2026-10-06),Warna: Putih,,,3/4; 1 1/4,,,,,,,,,
product.0_S_04_407_042025_00,"Tee Putih Ts 1 1/4"" x 1""",FITTING PVC,FITTING · TEE,3163,Export ERP master_product_updated.xlsx (diunduh 2026-10-06),Warna: Putih,,,1; 1 1/4,,,,,,,,,
product.0_S_04_407_050000_00,"Tee Putih Ts 2""",FITTING PVC,FITTING · TEE,3164,Export ERP master_product_updated.xlsx (diunduh 2026-10-06),Warna: Putih,,,2,,,,,,,,,
product.0_S_04_407_050020_00,"Tee Putih Ts 2"" x 3/4""",FITTING PVC,FITTING · TEE,3165,Export ERP master_product_updated.xlsx (diunduh 2026-10-06),Warna: Putih,,,3/4; 2,,,,,,,,,
product.0_S_04_407_050025_00,"Tee Putih Ts 2"" x 1""",FITTING PVC,FITTING · TEE,3166,Export ERP master_product_updated.xlsx (diunduh 2026-10-06),Warna: Putih,,,1; 2,,,,,,,,,
product.0_S_04_407_075000_00,"Tee Putih Ts 3""",FITTING PVC,FITTING · TEE,3167,Export ERP master_product_updated.xlsx (diunduh 2026-10-06),Warna: Putih,,,3,,,,,,,,,
product.0_S_04_407_075050_00,"Tee Putih Ts 3"" x 2""",FITTING PVC,FITTING · TEE,3168,Export ERP master_product_updated.xlsx (diunduh 2026-10-06),Warna: Putih,,,2; 3,,,,,,,,,
product.0_S_04_407_100000_00,"Tee Putih Ts 4""",FITTING PVC,FITTING · TEE,3169,Export ERP master_product_updated.xlsx (diunduh 2026-10-06),Warna: Putih,,,4,,,,,,,,,
product.0_S_04_407_150000_00,"Tee Putih Ts 6""",FITTING PVC,FITTING · TEE,3170,Export ERP master_product_updated.xlsx (diunduh 2026-10-06),Warna: Putih,,,6,,,,,,,,,
product.0_S_04_407_200000_00,"Tee Putih Ts 8""",FITTING PVC,FITTING · TEE,3171,Export ERP master_product_updated.xlsx (diunduh 2026-10-06),Warna: Putih,,,8,,,,,,,,,
product.0_S_04_408_020016_00,"Red Socket Putih Ts 3/4"" x 1/2""",FITTING PVC,FITTING · RED SOCKET,3172,Export ERP master_product_updated.xlsx (diunduh 2026-10-06),Warna: Putih,,,1/2; 3/4,,,,,,,,,
product.0_S_04_408_025016_00,"Red Socket Putih Ts 1"" x 1/2""",FITTING PVC,FITTING · RED SOCKET,3173,Export ERP master_product_updated.xlsx (diunduh 2026-10-06),Warna: Putih,,,1/2; 1,,,,,,,,,
product.0_S_04_408_025020_00,"Red Socket Putih Ts 1"" x 3/4""",FITTING PVC,FITTING · RED SOCKET,3174,Export ERP master_product_updated.xlsx (diunduh 2026-10-06),Warna: Putih,,,3/4; 1,,,,,,,,,
product.0_S_04_408_040016_00,"Red Socket Putih Ts 1 1/2"" x 1/2""",FITTING PVC,FITTING · RED SOCKET,3175,Export ERP master_product_updated.xlsx (diunduh 2026-10-06),Warna: Putih,,,1/2; 1 1/2,,,,,,,,,
product.0_S_04_408_040020_00,"Red Socket Putih Ts 1 1/2"" x 3/4""",FITTING PVC,FITTING · RED SOCKET,3176,Export ERP master_product_updated.xlsx (diunduh 2026-10-06),Warna: Putih,,,3/4; 1 1/2,,,,,,,,,
product.0_S_04_408_040025_00,"Red Socket Putih Ts 1 1/2"" x 1""",FITTING PVC,FITTING · RED SOCKET,3177,Export ERP master_product_updated.xlsx (diunduh 2026-10-06),Warna: Putih,,,1; 1 1/2,,,,,,,,,
product.0_S_04_408_040042_00,"Red Socket Putih Ts 1 1/2"" x 1 1/4""",FITTING PVC,FITTING · RED SOCKET,3178,Export ERP master_product_updated.xlsx (diunduh 2026-10-06),Warna: Putih,,,1 1/4; 1 1/2,,,,,,,,,
product.0_S_04_408_042016_00,"Red Socket Putih Ts 1 1/4"" x 1/2""",FITTING PVC,FITTING · RED SOCKET,3179,Export ERP master_product_updated.xlsx (diunduh 2026-10-06),Warna: Putih,,,1/2; 1 1/4,,,,,,,,,
product.0_S_04_408_042020_00,"Red Socket Putih Ts 1 1/4"" x 3/4""",FITTING PVC,FITTING · RED SOCKET,3180,Export ERP master_product_updated.xlsx (diunduh 2026-10-06),Warna: Putih,,,3/4; 1 1/4,,,,,,,,,
__export__.product_product_9429,"Red Socket Putih TS 1 1/4"" x 1""",FITTING PVC,FITTING · RED SOCKET,3181,Export ERP master_product_updated.xlsx (diunduh 2026-10-06),Warna: Putih,,,1; 1 1/4,,,,,,,,,
product.0_S_04_408_050016_00,"Red Socket Putih Ts 2"" x 1/2""",FITTING PVC,FITTING · RED SOCKET,3182,Export ERP master_product_updated.xlsx (diunduh 2026-10-06),Warna: Putih,,,1/2; 2,,,,,,,,,
product.0_S_04_408_050020_00,"Red Socket Putih Ts 2"" x 3/4""",FITTING PVC,FITTING · RED SOCKET,3183,Export ERP master_product_updated.xlsx (diunduh 2026-10-06),Warna: Putih,,,3/4; 2,,,,,,,,,
product.0_S_04_408_050025_00,"Red Socket Putih Ts 2"" x 1""",FITTING PVC,FITTING · RED SOCKET,3184,Export ERP master_product_updated.xlsx (diunduh 2026-10-06),Warna: Putih,,,1; 2,,,,,,,,,
product.0_S_04_408_050040_00,"Red Socket Putih Ts 2"" x 1 1/2""",FITTING PVC,FITTING · RED SOCKET,3185,Export ERP master_product_updated.xlsx (diunduh 2026-10-06),Warna: Putih,,,1 1/2; 2,,,,,,,,,
product.0_S_04_408_050042_00,"Red Socket Putih Ts 2"" x 1 1/4""",FITTING PVC,FITTING · RED SOCKET,3186,Export ERP master_product_updated.xlsx (diunduh 2026-10-06),Warna: Putih,,,1 1/4; 2,,,,,,,,,
product.0_S_04_408_075050_00,"Red Socket Putih Ts 3"" x 2""",FITTING PVC,FITTING · RED SOCKET,3187,Export ERP master_product_updated.xlsx (diunduh 2026-10-06),Warna: Putih,,,2; 3,,,,,,,,,
product.0_S_04_408_100050_00,"Red Socket Putih Ts 4"" x 2""",FITTING PVC,FITTING · RED SOCKET,3188,Export ERP master_product_updated.xlsx (diunduh 2026-10-06),Warna: Putih,,,2; 4,,,,,,,,,
product.0_S_04_408_100075_00,"Red Socket Putih Ts 4"" x 3""",FITTING PVC,FITTING · RED SOCKET,3189,Export ERP master_product_updated.xlsx (diunduh 2026-10-06),Warna: Putih,,,3; 4,,,,,,,,,
product.0_S_04_408_150100_00,"Red Socket Putih Ts 6"" x 4""",FITTING PVC,FITTING · RED SOCKET,3190,Export ERP master_product_updated.xlsx (diunduh 2026-10-06),Warna: Putih,,,4; 6,,,,,,,,,
product.0_S_04_409_016000_00,"Elbow Putih Ts 1/2""",FITTING PVC,FITTING · ELBOW,3191,Export ERP master_product_updated.xlsx (diunduh 2026-10-06),Warna: Putih,,,1/2,,,,,,,,,
product.0_S_04_409_020000_00,"Elbow Putih Ts 3/4""",FITTING PVC,FITTING · ELBOW,3192,Export ERP master_product_updated.xlsx (diunduh 2026-10-06),Warna: Putih,,,3/4,,,,,,,,,
product.0_S_04_409_025000_00,"Elbow Putih Ts 1""",FITTING PVC,FITTING · ELBOW,3193,Export ERP master_product_updated.xlsx (diunduh 2026-10-06),Warna: Putih,,,1,,,,,,,,,
product.0_S_04_409_040000_00,"Elbow Putih Ts 1 1/2""",FITTING PVC,FITTING · ELBOW,3194,Export ERP master_product_updated.xlsx (diunduh 2026-10-06),Warna: Putih,,,1 1/2,,,,,,,,,
product.0_S_04_409_042000_00,"Elbow Putih Ts 1 1/4""",FITTING PVC,FITTING · ELBOW,3195,Export ERP master_product_updated.xlsx (diunduh 2026-10-06),Warna: Putih,,,1 1/4,,,,,,,,,
product.0_S_04_409_050000_00,"Elbow Putih Ts 2""",FITTING PVC,FITTING · ELBOW,3196,Export ERP master_product_updated.xlsx (diunduh 2026-10-06),Warna: Putih,,,2,,,,,,,,,
product.0_S_04_409_065000_00,"Elbow Putih Ts 2 1/2""",FITTING PVC,FITTING · ELBOW,3197,Export ERP master_product_updated.xlsx (diunduh 2026-10-06),Warna: Putih,,,2 1/2,,,,,,,,,
product.0_S_04_409_075000_00,"Elbow Putih Ts 3""",FITTING PVC,FITTING · ELBOW,3198,Export ERP master_product_updated.xlsx (diunduh 2026-10-06),Warna: Putih,,,3,,,,,,,,,
product.0_S_04_409_100000_00,"Elbow Putih Ts 4""",FITTING PVC,FITTING · ELBOW,3199,Export ERP master_product_updated.xlsx (diunduh 2026-10-06),Warna: Putih,,,4,,,,,,,,,
product.0_S_04_409_150000_00,"Elbow Putih Ts 6""",FITTING PVC,FITTING · ELBOW,3200,Export ERP master_product_updated.xlsx (diunduh 2026-10-06),Warna: Putih,,,6,,,,,,,,,
product.0_S_04_410_016000_00,"Cap Putih Ts 1/2""",FITTING PVC,FITTING · CAP,3203,Export ERP master_product_updated.xlsx (diunduh 2026-10-06),Warna: Putih,,,1/2,,,,,,,,,
product.0_S_04_410_020000_00,"Cap Putih Ts 3/4""",FITTING PVC,FITTING · CAP,3204,Export ERP master_product_updated.xlsx (diunduh 2026-10-06),Warna: Putih,,,3/4,,,,,,,,,
product.0_S_04_410_025000_00,"Cap Putih Ts 1""",FITTING PVC,FITTING · CAP,3205,Export ERP master_product_updated.xlsx (diunduh 2026-10-06),Warna: Putih,,,1,,,,,,,,,
product.0_S_04_410_040000_00,"Cap Putih Ts 1 1/2""",FITTING PVC,FITTING · CAP,3206,Export ERP master_product_updated.xlsx (diunduh 2026-10-06),Warna: Putih,,,1 1/2,,,,,,,,,
product.0_S_04_410_042000_00,"Cap Putih Ts 1 1/4""",FITTING PVC,FITTING · CAP,3207,Export ERP master_product_updated.xlsx (diunduh 2026-10-06),Warna: Putih,,,1 1/4,,,,,,,,,
product.0_S_04_410_050000_00,"Cap Putih Ts 2""",FITTING PVC,FITTING · CAP,3208,Export ERP master_product_updated.xlsx (diunduh 2026-10-06),Warna: Putih,,,2,,,,,,,,,
product.0_S_04_410_075000_00,"Cap Putih Dv 3""",FITTING PVC,FITTING · CAP,3209,Export ERP master_product_updated.xlsx (diunduh 2026-10-06),Warna: Putih,,,3,,,,,,,,,
product.0_S_04_410_100000_00,"Cap Putih Dv 4""",FITTING PVC,FITTING · CAP,3210,Export ERP master_product_updated.xlsx (diunduh 2026-10-06),Warna: Putih,,,4,,,,,,,,,
product.0_S_04_411_040000_00,"Tee DV Putih 1 1/2""",FITTING PVC,FITTING · TEE,3211,Export ERP master_product_updated.xlsx (diunduh 2026-10-06),Warna: Putih,,,1 1/2,,,,,,,,,
product.0_S_04_411_042000_00,"Tee DV Putih 1 1/4""",FITTING PVC,FITTING · TEE,3212,Export ERP master_product_updated.xlsx (diunduh 2026-10-06),Warna: Putih,,,1 1/4,,,,,,,,,
product.0_S_04_411_050000_00,"Tee DV Putih 2""",FITTING PVC,FITTING · TEE,3213,Export ERP master_product_updated.xlsx (diunduh 2026-10-06),Warna: Putih,,,2,,,,,,,,,
product.0_S_04_411_065000_00,"Tee DV Putih 2 1/2""",FITTING PVC,FITTING · TEE,3214,Export ERP master_product_updated.xlsx (diunduh 2026-10-06),Warna: Putih,,,2 1/2,,,,,,,,,
product.0_S_04_411_075000_00,"Tee DV Putih 3""",FITTING PVC,FITTING · TEE,3215,Export ERP master_product_updated.xlsx (diunduh 2026-10-06),Warna: Putih,,,3,,,,,,,,,
product.0_S_04_411_075050_00,"Tee DV Putih 3"" x 1 1/2""",FITTING PVC,FITTING · TEE,3216,Export ERP master_product_updated.xlsx (diunduh 2026-10-06),Warna: Putih,,,1 1/2; 3,,,,,,,,,
product.0_S_04_411_075050_01,"Tee DV Putih 3"" x 2""",FITTING PVC,FITTING · TEE,3217,Export ERP master_product_updated.xlsx (diunduh 2026-10-06),Warna: Putih,,,2; 3,,,,,,,,,
product.0_S_04_411_075050_02,"Tee DV Putih 3"" x 2 1/2""",FITTING PVC,FITTING · TEE,3218,Export ERP master_product_updated.xlsx (diunduh 2026-10-06),Warna: Putih,,,2 1/2; 3,,,,,,,,,
product.0_S_04_411_100000_00,"Tee DV Putih 4""",FITTING PVC,FITTING · TEE,3219,Export ERP master_product_updated.xlsx (diunduh 2026-10-06),Warna: Putih,,,4,,,,,,,,,
product.0_S_04_411_100050_00,"Tee DV Putih 4"" x 2""",FITTING PVC,FITTING · TEE,3220,Export ERP master_product_updated.xlsx (diunduh 2026-10-06),Warna: Putih,,,2; 4,,,,,,,,,
product.0_S_04_411_100075_00,"Tee DV Putih 4"" x 3""",FITTING PVC,FITTING · TEE,3221,Export ERP master_product_updated.xlsx (diunduh 2026-10-06),Warna: Putih,,,3; 4,,,,,,,,,
product.0_S_04_411_125100_00,"Tee DV Putih 5"" x 4""",FITTING PVC,FITTING · TEE,3222,Export ERP master_product_updated.xlsx (diunduh 2026-10-06),Warna: Putih,,,4; 5,,,,,,,,,
product.0_S_04_411_150000_00,"Tee DV Putih 6""",FITTING PVC,FITTING · TEE,3223,Export ERP master_product_updated.xlsx (diunduh 2026-10-06),Warna: Putih,,,6,,,,,,,,,
product.0_S_04_411_150100_00,"Tee DV Putih 6"" x 4""",FITTING PVC,FITTING · TEE,3224,Export ERP master_product_updated.xlsx (diunduh 2026-10-06),Warna: Putih,,,4; 6,,,,,,,,,
product.0_S_04_411_200000_00,"Tee DV Putih 8""",FITTING PVC,FITTING · TEE,3225,Export ERP master_product_updated.xlsx (diunduh 2026-10-06),Warna: Putih,,,8,,,,,,,,,
product.0_S_04_411_200100_00,"Tee DV Putih 8"" x 4""",FITTING PVC,FITTING · TEE,3226,Export ERP master_product_updated.xlsx (diunduh 2026-10-06),Warna: Putih,,,4; 8,,,,,,,,,
product.0_S_04_413_050000_00,"Y 45° Putih Dv 2""",FITTING PVC,FITTING · Y 45°,3227,Export ERP master_product_updated.xlsx (diunduh 2026-10-06),Warna: Putih,,,2,,,,,,,,,
product.0_S_04_413_075000_00,"Y 45° Putih Dv 3""",FITTING PVC,FITTING · Y 45°,3228,Export ERP master_product_updated.xlsx (diunduh 2026-10-06),Warna: Putih,,,3,,,,,,,,,
product.0_S_04_413_075050_00,"Y 45° Putih Dv 3"" x 2""",FITTING PVC,FITTING · Y 45°,3229,Export ERP master_product_updated.xlsx (diunduh 2026-10-06),Warna: Putih,,,2; 3,,,,,,,,,
product.0_S_04_413_100000_00,"Y 45° Putih Dv 4""",FITTING PVC,FITTING · Y 45°,3230,Export ERP master_product_updated.xlsx (diunduh 2026-10-06),Warna: Putih,,,4,,,,,,,,,
product.0_S_04_413_100050_00,"Y 45° Putih Dv 4"" x 2""",FITTING PVC,FITTING · Y 45°,3231,Export ERP master_product_updated.xlsx (diunduh 2026-10-06),Warna: Putih,,,2; 4,,,,,,,,,
product.0_S_04_413_100075_00,"Y 45° Putih Dv 4"" x 3""",FITTING PVC,FITTING · Y 45°,3232,Export ERP master_product_updated.xlsx (diunduh 2026-10-06),Warna: Putih,,,3; 4,,,,,,,,,
product.0_S_04_415_050000_00,"Long TY Putih Dv 2""",FITTING PVC,FITTING · LONG TY,3233,Export ERP master_product_updated.xlsx (diunduh 2026-10-06),Warna: Putih,,,2,,,,,,,,,
product.0_S_04_415_075000_00,"Long TY Putih Dv 3""",FITTING PVC,FITTING · LONG TY,3234,Export ERP master_product_updated.xlsx (diunduh 2026-10-06),Warna: Putih,,,3,,,,,,,,,
product.0_S_04_415_075050_00,"Long TY Putih Dv 3"" x 2""",FITTING PVC,FITTING · LONG TY,3235,Export ERP master_product_updated.xlsx (diunduh 2026-10-06),Warna: Putih,,,2; 3,,,,,,,,,
product.0_S_04_415_100000_00,"Long TY Putih Dv 4""",FITTING PVC,FITTING · LONG TY,3236,Export ERP master_product_updated.xlsx (diunduh 2026-10-06),Warna: Putih,,,4,,,,,,,,,
product.0_S_04_415_100050_00,"Long TY Putih Dv 4"" x 2""",FITTING PVC,FITTING · LONG TY,3237,Export ERP master_product_updated.xlsx (diunduh 2026-10-06),Warna: Putih,,,2; 4,,,,,,,,,
product.0_S_04_415_100075_00,"Long TY Putih Dv 4"" x 3""",FITTING PVC,FITTING · LONG TY,3238,Export ERP master_product_updated.xlsx (diunduh 2026-10-06),Warna: Putih,,,3; 4,,,,,,,,,
product.0_S_04_415_150000_00,"Long TY Putih Dv 6""",FITTING PVC,FITTING · LONG TY,3239,Export ERP master_product_updated.xlsx (diunduh 2026-10-06),Warna: Putih,,,6,,,,,,,,,
product.0_S_04_415_150100_00,"Long TY Putih Dv 6"" x 4""",FITTING PVC,FITTING · LONG TY,3240,Export ERP master_product_updated.xlsx (diunduh 2026-10-06),Warna: Putih,,,4; 6,,,,,,,,,
product.0_S_04_416_075000_00,"Double Long TY Putih 3""",FITTING PVC,FITTING · DOUBLE LONG TY,3241,Export ERP master_product_updated.xlsx (diunduh 2026-10-06),Warna: Putih,,,3,,,,,,,,,
product.0_S_04_416_100000_00,"Double Long TY Putih 4""",FITTING PVC,FITTING · DOUBLE LONG TY,3242,Export ERP master_product_updated.xlsx (diunduh 2026-10-06),Warna: Putih,,,4,,,,,,,,,
product.0_S_04_416_100075_00,"Double Long TY Putih 4"" x 3""",FITTING PVC,FITTING · DOUBLE LONG TY,3243,Export ERP master_product_updated.xlsx (diunduh 2026-10-06),Warna: Putih,,,3; 4,,,,,,,,,
product.0_S_04_417_040000_00,"Elbow 90° Putih Dv 1 1/2""",FITTING PVC,FITTING · ELBOW 90°,3244,Export ERP master_product_updated.xlsx (diunduh 2026-10-06),Warna: Putih,,,1 1/2,,,,,,,,,
product.0_S_04_417_042000_00,"Elbow 90° Putih Dv 1 1/4""",FITTING PVC,FITTING · ELBOW 90°,3245,Export ERP master_product_updated.xlsx (diunduh 2026-10-06),Warna: Putih,,,1 1/4,,,,,,,,,
product.0_S_04_417_050000_00,"Elbow 90° Putih Dv 2""",FITTING PVC,FITTING · ELBOW 90°,3246,Export ERP master_product_updated.xlsx (diunduh 2026-10-06),Warna: Putih,,,2,,,,,,,,,
product.0_S_04_417_065000_00,"Elbow 90° Putih Dv 2 1/2""",FITTING PVC,FITTING · ELBOW 90°,3247,Export ERP master_product_updated.xlsx (diunduh 2026-10-06),Warna: Putih,,,2 1/2,,,,,,,,,
product.0_S_04_417_075000_00,"Elbow 90° Putih Dv 3""",FITTING PVC,FITTING · ELBOW 90°,3248,Export ERP master_product_updated.xlsx (diunduh 2026-10-06),Warna: Putih,,,3,,,,,,,,,
product.0_S_04_417_100000_00,"Elbow 90° Putih Dv 4""",FITTING PVC,FITTING · ELBOW 90°,3249,Export ERP master_product_updated.xlsx (diunduh 2026-10-06),Warna: Putih,,,4,,,,,,,,,
product.0_S_04_417_125000_00,"Elbow 90° Putih Dv 5""",FITTING PVC,FITTING · ELBOW 90°,3250,Export ERP master_product_updated.xlsx (diunduh 2026-10-06),Warna: Putih,,,5,,,,,,,,,
product.0_S_04_417_150000_00,"Elbow 90° Putih Dv 6""",FITTING PVC,FITTING · ELBOW 90°,3251,Export ERP master_product_updated.xlsx (diunduh 2026-10-06),Warna: Putih,,,6,,,,,,,,,
product.0_S_04_417_200000_00,"Elbow 90° Putih Dv 8""",FITTING PVC,FITTING · ELBOW 90°,3252,Export ERP master_product_updated.xlsx (diunduh 2026-10-06),Warna: Putih,,,8,,,,,,,,,
product.0_S_04_418_042000_00,"Large Radius Elbow Putih 1 1/4""",FITTING PVC,FITTING · LARGE RADIUS ELBOW,3253,Export ERP master_product_updated.xlsx (diunduh 2026-10-06),Warna: Putih,,,1 1/4,,,,,,,,,
product.0_S_04_418_050000_00,"Large Radius Elbow Putih 2""",FITTING PVC,FITTING · LARGE RADIUS ELBOW,3254,Export ERP master_product_updated.xlsx (diunduh 2026-10-06),Warna: Putih,,,2,,,,,,,,,
product.0_S_04_418_075000_00,"Large Radius Elbow Putih 3""",FITTING PVC,FITTING · LARGE RADIUS ELBOW,3255,Export ERP master_product_updated.xlsx (diunduh 2026-10-06),Warna: Putih,,,3,,,,,,,,,
product.0_S_04_418_100000_00,"Large Radius Elbow Putih 4""",FITTING PVC,FITTING · LARGE RADIUS ELBOW,3256,Export ERP master_product_updated.xlsx (diunduh 2026-10-06),Warna: Putih,,,4,,,,,,,,,
product.0_S_04_419_042000_00,"Elbow 45° Putih Dv 1 1/4""",FITTING PVC,FITTING · ELBOW 45°,3257,Export ERP master_product_updated.xlsx (diunduh 2026-10-06),Warna: Putih,,,1 1/4,,,,,,,,,
product.0_S_04_419_050000_00,"Elbow 45° Putih Dv 2""",FITTING PVC,FITTING · ELBOW 45°,3258,Export ERP master_product_updated.xlsx (diunduh 2026-10-06),Warna: Putih,,,2,,,,,,,,,
product.0_S_04_419_065000_00,"Elbow 45° Putih Dv 2 1/2""",FITTING PVC,FITTING · ELBOW 45°,3259,Export ERP master_product_updated.xlsx (diunduh 2026-10-06),Warna: Putih,,,2 1/2,,,,,,,,,
product.0_S_04_419_075000_00,"Elbow 45° Putih Dv 3""",FITTING PVC,FITTING · ELBOW 45°,3260,Export ERP master_product_updated.xlsx (diunduh 2026-10-06),Warna: Putih,,,3,,,,,,,,,
product.0_S_04_419_100000_00,"Elbow 45° Putih Dv 4""",FITTING PVC,FITTING · ELBOW 45°,3261,Export ERP master_product_updated.xlsx (diunduh 2026-10-06),Warna: Putih,,,4,,,,,,,,,
product.0_S_04_419_150000_00,"Elbow 45° Putih Dv 6""",FITTING PVC,FITTING · ELBOW 45°,3262,Export ERP master_product_updated.xlsx (diunduh 2026-10-06),Warna: Putih,,,6,,,,,,,,,
product.0_S_04_420_040000_00,"Socket Putih Dv 1 1/2""",FITTING PVC,FITTING · SOCKET,3263,Export ERP master_product_updated.xlsx (diunduh 2026-10-06),Warna: Putih,,,1 1/2,,,,,,,,,
product.0_S_04_420_042000_00,"Socket Putih Dv 1 1/4""",FITTING PVC,FITTING · SOCKET,3264,Export ERP master_product_updated.xlsx (diunduh 2026-10-06),Warna: Putih,,,1 1/4,,,,,,,,,
product.0_S_04_420_050000_00,"Socket Putih Dv 2""",FITTING PVC,FITTING · SOCKET,3265,Export ERP master_product_updated.xlsx (diunduh 2026-10-06),Warna: Putih,,,2,,,,,,,,,
product.0_S_04_420_065000_00,"Socket Putih Dv 2 1/2""",FITTING PVC,FITTING · SOCKET,3266,Export ERP master_product_updated.xlsx (diunduh 2026-10-06),Warna: Putih,,,2 1/2,,,,,,,,,
product.0_S_04_420_075000_00,"Socket Putih Dv 3""",FITTING PVC,FITTING · SOCKET,3267,Export ERP master_product_updated.xlsx (diunduh 2026-10-06),Warna: Putih,,,3,,,,,,,,,
product.0_S_04_420_100000_00,"Socket Putih Dv 4""",FITTING PVC,FITTING · SOCKET,3268,Export ERP master_product_updated.xlsx (diunduh 2026-10-06),Warna: Putih,,,4,,,,,,,,,
product.0_S_04_420_125000_00,"Socket Putih Dv 5""",FITTING PVC,FITTING · SOCKET,3269,Export ERP master_product_updated.xlsx (diunduh 2026-10-06),Warna: Putih,,,5,,,,,,,,,
product.0_S_04_420_150000_00,"Socket Putih Dv 6""",FITTING PVC,FITTING · SOCKET,3270,Export ERP master_product_updated.xlsx (diunduh 2026-10-06),Warna: Putih,,,6,,,,,,,,,
product.0_S_04_420_200000_00,"Socket Putih Dv 8""",FITTING PVC,FITTING · SOCKET,3271,Export ERP master_product_updated.xlsx (diunduh 2026-10-06),Warna: Putih,,,8,,,,,,,,,
product.0_S_04_421_040038_00,"Red Socket Putih Dv 1 1/2"" x 1 1/4""",FITTING PVC,FITTING · RED SOCKET,3272,Export ERP master_product_updated.xlsx (diunduh 2026-10-06),Warna: Putih,,,1 1/4; 1 1/2,,,,,,,,,
product.0_S_04_421_050038_00,"Red Socket Putih Dv 2"" x 1 1/4""",FITTING PVC,FITTING · RED SOCKET,3273,Export ERP master_product_updated.xlsx (diunduh 2026-10-06),Warna: Putih,,,1 1/4; 2,,,,,,,,,
product.0_S_04_421_065050_00,"Red Socket Putih Dv 2 1/2"" x 2""",FITTING PVC,FITTING · RED SOCKET,3274,Export ERP master_product_updated.xlsx (diunduh 2026-10-06),Warna: Putih,,,2; 2 1/2,,,,,,,,,
product.0_S_04_421_075050_00,"Red Socket Putih Dv 3"" x 2""",FITTING PVC,FITTING · RED SOCKET,3275,Export ERP master_product_updated.xlsx (diunduh 2026-10-06),Warna: Putih,,,2; 3,,,,,,,,,
product.0_S_04_421_100050_00,"Red Socket Putih Dv 4"" x 2""",FITTING PVC,FITTING · RED SOCKET,3276,Export ERP master_product_updated.xlsx (diunduh 2026-10-06),Warna: Putih,,,2; 4,,,,,,,,,
product.0_S_04_421_100075_00,"Red Socket Putih Dv 4"" x 3""",FITTING PVC,FITTING · RED SOCKET,3277,Export ERP master_product_updated.xlsx (diunduh 2026-10-06),Warna: Putih,,,3; 4,,,,,,,,,
product.0_S_04_421_150100_00,"Red Socket Putih Dv 6"" x 4""",FITTING PVC,FITTING · RED SOCKET,3278,Export ERP master_product_updated.xlsx (diunduh 2026-10-06),Warna: Putih,,,4; 6,,,,,,,,,
product.0_S_04_426_016000_00,"Socket Putih Ts 1/2""",FITTING PVC,FITTING · SOCKET,3321,Export ERP master_product_updated.xlsx (diunduh 2026-10-06),Warna: Putih,,,1/2,,,,,,,,,
product.0_S_04_426_020000_00,"Socket Putih Ts 3/4""",FITTING PVC,FITTING · SOCKET,3322,Export ERP master_product_updated.xlsx (diunduh 2026-10-06),Warna: Putih,,,3/4,,,,,,,,,
product.0_S_04_426_025000_00,"Socket Putih Ts 1""",FITTING PVC,FITTING · SOCKET,3329,Export ERP master_product_updated.xlsx (diunduh 2026-10-06),Warna: Putih,,,1,,,,,,,,,
product.0_S_04_426_040000_00,"Socket Putih Ts 1 1/2""",FITTING PVC,FITTING · SOCKET,3330,Export ERP master_product_updated.xlsx (diunduh 2026-10-06),Warna: Putih,,,1 1/2,,,,,,,,,
product.0_S_04_426_042000_00,"Socket Putih Ts 1 1/4""",FITTING PVC,FITTING · SOCKET,3331,Export ERP master_product_updated.xlsx (diunduh 2026-10-06),Warna: Putih,,,1 1/4,,,,,,,,,
product.0_S_04_426_050000_00,"Socket Putih Ts 2""",FITTING PVC,FITTING · SOCKET,3332,Export ERP master_product_updated.xlsx (diunduh 2026-10-06),Warna: Putih,,,2,,,,,,,,,
product.0_S_04_426_075000_00,"Socket Putih Ts 3""",FITTING PVC,FITTING · SOCKET,3333,Export ERP master_product_updated.xlsx (diunduh 2026-10-06),Warna: Putih,,,3,,,,,,,,,
product.0_S_04_426_100000_00,"Socket Putih Ts 4""",FITTING PVC,FITTING · SOCKET,3334,Export ERP master_product_updated.xlsx (diunduh 2026-10-06),Warna: Putih,,,4,,,,,,,,,
product.0_S_04_430_016000_00,"Faucet Socket Insert Putih Ts 1/2""",FITTING PVC,FITTING · FAUCET SOCKET INSERT,3335,Export ERP master_product_updated.xlsx (diunduh 2026-10-06),Warna: Putih,,,1/2,,,,,,,,,
product.0_S_04_430_020000_00,"Faucet Socket Insert Putih Ts 3/4""",FITTING PVC,FITTING · FAUCET SOCKET INSERT,3336,Export ERP master_product_updated.xlsx (diunduh 2026-10-06),Warna: Putih,,,3/4,,,,,,,,,
product.0_S_04_430_025000_00,"Faucet Socket Insert Putih Ts 1""",FITTING PVC,FITTING · FAUCET SOCKET INSERT,3337,Export ERP master_product_updated.xlsx (diunduh 2026-10-06),Warna: Putih,,,1,,,,,,,,,
product.0_S_04_430_038000_00,"Faucet Socket Insert Putih Ts 1 1/4""",FITTING PVC,FITTING · FAUCET SOCKET INSERT,3338,Export ERP master_product_updated.xlsx (diunduh 2026-10-06),Warna: Putih,,,1 1/4,,,,,,,,,
product.0_S_04_430_040000_00,"Faucet Socket Insert Putih Ts 1 1/2""",FITTING PVC,FITTING · FAUCET SOCKET INSERT,3339,Export ERP master_product_updated.xlsx (diunduh 2026-10-06),Warna: Putih,,,1 1/2,,,,,,,,,
product.0_S_04_430_050000_00,"Faucet Socket Insert Putih Ts 2""",FITTING PVC,FITTING · FAUCET SOCKET INSERT,3340,Export ERP master_product_updated.xlsx (diunduh 2026-10-06),Warna: Putih,,,2,,,,,,,,,
product.0_S_04_431_016000_00,"Faucet Elbow Insert Putih Ts 1/2""",FITTING PVC,FITTING · FAUCET ELBOW INSERT,3341,Export ERP master_product_updated.xlsx (diunduh 2026-10-06),Warna: Putih,,,1/2,,,,,,,,,
product.0_S_04_431_020000_00,"Faucet Elbow Insert Putih Ts 3/4""",FITTING PVC,FITTING · FAUCET ELBOW INSERT,3342,Export ERP master_product_updated.xlsx (diunduh 2026-10-06),Warna: Putih,,,3/4,,,,,,,,,
product.0_S_04_431_025000_00,"Faucet Elbow Insert Putih Ts 1""",FITTING PVC,FITTING · FAUCET ELBOW INSERT,3343,Export ERP master_product_updated.xlsx (diunduh 2026-10-06),Warna: Putih,,,1,,,,,,,,,
product.0_S_04_431_038000_00,"Faucet Elbow Insert Putih Ts 1 1/4""",FITTING PVC,FITTING · FAUCET ELBOW INSERT,3344,Export ERP master_product_updated.xlsx (diunduh 2026-10-06),Warna: Putih,,,1 1/4,,,,,,,,,
product.0_S_04_431_040000_00,"Faucet Elbow Insert Putih Ts 1 1/2""",FITTING PVC,FITTING · FAUCET ELBOW INSERT,3345,Export ERP master_product_updated.xlsx (diunduh 2026-10-06),Warna: Putih,,,1 1/2,,,,,,,,,
product.0_S_04_431_050000_00,"Faucet Elbow Insert Putih Ts 2""",FITTING PVC,FITTING · FAUCET ELBOW INSERT,3346,Export ERP master_product_updated.xlsx (diunduh 2026-10-06),Warna: Putih,,,2,,,,,,,,,
product.0_S_04_432_016000_00,"Plug Putih Ts 1/2""",FITTING PVC,FITTING · PLUG,3347,Export ERP master_product_updated.xlsx (diunduh 2026-10-06),Warna: Putih,,,1/2,,,,,,,,,
product.0_S_04_432_020000_00,"Plug Putih Ts 3/4""",FITTING PVC,FITTING · PLUG,3348,Export ERP master_product_updated.xlsx (diunduh 2026-10-06),Warna: Putih,,,3/4,,,,,,,,,
product.0_S_04_433_075000_00,"Clean Out Putih 3""",FITTING PVC,FITTING · CLEAN OUT,3349,Export ERP master_product_updated.xlsx (diunduh 2026-10-06),Warna: Putih,,,3,,,,,,,,,
product.0_S_04_433_100000_00,"Clean Out Putih 4""",FITTING PVC,FITTING · CLEAN OUT,3350,Export ERP master_product_updated.xlsx (diunduh 2026-10-06),Warna: Putih,,,4,,,,,,,,,
product.0_S_04_433_200000_00,"Clean Out Putih 8""",FITTING PVC,FITTING · CLEAN OUT,3351,Export ERP master_product_updated.xlsx (diunduh 2026-10-06),Warna: Putih,,,8,,,,,,,,,
product.0_S_04_434_075000_00,"Clean Out Bottom Putih 3""",FITTING PVC,FITTING · CLEAN OUT BOTTOM,3352,Export ERP master_product_updated.xlsx (diunduh 2026-10-06),Warna: Putih,,,3,,,,,,,,,
product.0_S_04_434_100000_00,"Clean Out Bottom Putih 4""",FITTING PVC,FITTING · CLEAN OUT BOTTOM,3353,Export ERP master_product_updated.xlsx (diunduh 2026-10-06),Warna: Putih,,,4,,,,,,,,,
product.0_S_04_434_200000_00,"Clean Out Bottom Putih 8""",FITTING PVC,FITTING · CLEAN OUT BOTTOM,3354,Export ERP master_product_updated.xlsx (diunduh 2026-10-06),Warna: Putih,,,8,,,,,,,,,
product.0_S_04_435_075000_00,"Clean Out Cover Putih 3""",FITTING PVC,FITTING · CLEAN OUT COVER,3355,Export ERP master_product_updated.xlsx (diunduh 2026-10-06),Warna: Putih,,,3,,,,,,,,,
product.0_S_04_435_100000_00,"Clean Out Cover Putih 4""",FITTING PVC,FITTING · CLEAN OUT COVER,3356,Export ERP master_product_updated.xlsx (diunduh 2026-10-06),Warna: Putih,,,4,,,,,,,,,
product.0_S_04_435_200000_00,"Clean Out Cover Putih 8""",FITTING PVC,FITTING · CLEAN OUT COVER,3357,Export ERP master_product_updated.xlsx (diunduh 2026-10-06),Warna: Putih,,,8,,,,,,,,,
product.0_S_04_436_100000_00,"Flange Socket Putih 4""",FITTING PVC,FITTING · FLANGE SOCKET,3358,Export ERP master_product_updated.xlsx (diunduh 2026-10-06),Warna: Putih,,,4,,,,,,,,,
product.0_S_04_437_050000_00,"P-Trap Putih 2""",FITTING PVC,FITTING · P-TRAP,3359,Export ERP master_product_updated.xlsx (diunduh 2026-10-06),Warna: Putih,,,2,,,,,,,,,
product.0_S_05_011_065040_00,"TY 2 1/2"" x 1 1/2""",FITTING PVC,FITTING · TY,3360,Export ERP master_product_updated.xlsx (diunduh 2026-10-06),,,,1 1/2; 2 1/2,,,,,,,,,
product.0_S_05_011_075025_00,"TY 3"" x 1""",FITTING PVC,FITTING · TY,3361,Export ERP master_product_updated.xlsx (diunduh 2026-10-06),,,,1; 3,,,,,,,,,
product.0_S_05_011_075040_00,"TY 3"" x 1 1/2""",FITTING PVC,FITTING · TY,3362,Export ERP master_product_updated.xlsx (diunduh 2026-10-06),,,,1 1/2; 3,,,,,,,,,
product.0_S_05_011_075065_00,"TY 3"" x 2 1/2""",FITTING PVC,FITTING · TY,3363,Export ERP master_product_updated.xlsx (diunduh 2026-10-06),,,,2 1/2; 3,,,,,,,,,
__export__.product_product_10875,"TY 4"" x 1 1/2""",FITTING PVC,FITTING · TY,3364,Export ERP master_product_updated.xlsx (diunduh 2026-10-06),,,,1 1/2; 4,,,,,,,,,
product.0_S_05_011_100050_00,"TY 4"" x 2""",FITTING PVC,FITTING · TY,3365,Export ERP master_product_updated.xlsx (diunduh 2026-10-06),,,,2; 4,,,,,,,,,
product.0_S_05_011_100065_00,"TY 4"" x 2 1/2""",FITTING PVC,FITTING · TY,3366,Export ERP master_product_updated.xlsx (diunduh 2026-10-06),,,,2 1/2; 4,,,,,,,,,
product.0_S_05_011_125000_00,"TY 5""",FITTING PVC,FITTING · TY,3367,Export ERP master_product_updated.xlsx (diunduh 2026-10-06),,,,5,,,,,,,,,
__export__.product_product_10876,"TY 5"" x 4""",FITTING PVC,FITTING · TY,3368,Export ERP master_product_updated.xlsx (diunduh 2026-10-06),,,,4; 5,,,,,,,,,
product.0_S_05_011_150000_00,"TY 6""",FITTING PVC,FITTING · TY,3369,Export ERP master_product_updated.xlsx (diunduh 2026-10-06),,,,6,,,,,,,,,
product.0_S_05_011_150075_00,"TY 6"" x 3""",FITTING PVC,FITTING · TY,3370,Export ERP master_product_updated.xlsx (diunduh 2026-10-06),,,,3; 6,,,,,,,,,
product.0_S_05_011_300000_00,"TY 12""",FITTING PVC,FITTING · TY,3371,Export ERP master_product_updated.xlsx (diunduh 2026-10-06),,,,12,,,,,,,,,
product.0_S_05_011_300200_00,"TY 12"" x 8""",FITTING PVC,FITTING · TY,3372,Export ERP master_product_updated.xlsx (diunduh 2026-10-06),,,,8; 12,,,,,,,,,
product.0_S_05_012_020000_00,"Ts Elbow 45 Deg. 3/4""",FITTING PVC,FITTING · ELBOW 45 DEG.,3373,Export ERP master_product_updated.xlsx (diunduh 2026-10-06),,,,3/4,,,,,,,,,
product.0_S_05_012_025000_00,"Ts Elbow 45 Deg. 1""",FITTING PVC,FITTING · ELBOW 45 DEG.,3374,Export ERP master_product_updated.xlsx (diunduh 2026-10-06),,,,1,,,,,,,,,
product.0_S_05_012_040000_00,"Ts Elbow 45 Deg. 1 1/2""",FITTING PVC,FITTING · ELBOW 45 DEG.,3375,Export ERP master_product_updated.xlsx (diunduh 2026-10-06),,,,1 1/2,,,,,,,,,
product.0_S_05_012_042000_00,"Ts Elbow 45 Deg. 1 1/4""",FITTING PVC,FITTING · ELBOW 45 DEG.,3376,Export ERP master_product_updated.xlsx (diunduh 2026-10-06),,,,1 1/4,,,,,,,,,
product.0_S_05_012_050000_00,"Ts Elbow 45 Deg. 2""",FITTING PVC,FITTING · ELBOW 45 DEG.,3377,Export ERP master_product_updated.xlsx (diunduh 2026-10-06),,,,2,,,,,,,,,
__export__.product_product_10816,"Ts Elbow 45 Deg. 5""",FITTING PVC,FITTING · ELBOW 45 DEG.,3378,Export ERP master_product_updated.xlsx (diunduh 2026-10-06),,,,5,,,,,,,,,
product.0_S_05_013_040000_00,"Y 1 1/2""",FITTING PVC,FITTING · Y,3379,Export ERP master_product_updated.xlsx (diunduh 2026-10-06),,,,1 1/2,,,,,,,,,
__export__.product_product_10821,"Y 1 1/2"" x 1 1/4""",FITTING PVC,FITTING · Y,3380,Export ERP master_product_updated.xlsx (diunduh 2026-10-06),,,,1 1/4; 1 1/2,,,,,,,,,
product.0_S_05_013_050000_00,"Y 2""",FITTING PVC,FITTING · Y,3381,Export ERP master_product_updated.xlsx (diunduh 2026-10-06),,,,2,,,,,,,,,
product.0_S_05_013_050040_00,"Y 2"" x 1 1/2""",FITTING PVC,FITTING · Y,3382,Export ERP master_product_updated.xlsx (diunduh 2026-10-06),,,,1 1/2; 2,,,,,,,,,
product.0_S_05_013_050042_00,"Y 2"" x 1 1/4""",FITTING PVC,FITTING · Y,3383,Export ERP master_product_updated.xlsx (diunduh 2026-10-06),,,,1 1/4; 2,,,,,,,,,
product.0_S_05_013_065000_00,"Y 2 1/2""",FITTING PVC,FITTING · Y,3384,Export ERP master_product_updated.xlsx (diunduh 2026-10-06),,,,2 1/2,,,,,,,,,
product.0_S_05_013_065040_00,"Y 2 1/2"" x 1 1/2""",FITTING PVC,FITTING · Y,3385,Export ERP master_product_updated.xlsx (diunduh 2026-10-06),,,,1 1/2; 2 1/2,,,,,,,,,
product.0_S_05_013_065050_00,"Y 2 1/2"" x 2""",FITTING PVC,FITTING · Y,3386,Export ERP master_product_updated.xlsx (diunduh 2026-10-06),,,,2; 2 1/2,,,,,,,,,
product.0_S_05_013_075040_00,"Y 3"" x 1 1/2""",FITTING PVC,FITTING · Y,3387,Export ERP master_product_updated.xlsx (diunduh 2026-10-06),,,,1 1/2; 3,,,,,,,,,
product.0_S_05_013_075065_00,"Y 3"" x 2 1/2""",FITTING PVC,FITTING · Y,3388,Export ERP master_product_updated.xlsx (diunduh 2026-10-06),,,,2 1/2; 3,,,,,,,,,
__export__.product_product_11069,"Y 4"" x 2 1/2""",FITTING PVC,FITTING · Y,3389,Export ERP master_product_updated.xlsx (diunduh 2026-10-06),,,,2 1/2; 4,,,,,,,,,
__export__.product_product_10819,"Y 5""",FITTING PVC,FITTING · Y,3390,Export ERP master_product_updated.xlsx (diunduh 2026-10-06),,,,5,,,,,,,,,
__export__.product_product_10822,"Y 5"" x 4""",FITTING PVC,FITTING · Y,3391,Export ERP master_product_updated.xlsx (diunduh 2026-10-06),,,,4; 5,,,,,,,,,
product.0_S_05_013_150000_00,"Y 6""",FITTING PVC,FITTING · Y,3392,Export ERP master_product_updated.xlsx (diunduh 2026-10-06),,,,6,,,,,,,,,
product.0_S_05_013_150125_00,"Y 6"" x 5""",FITTING PVC,FITTING · Y,3393,Export ERP master_product_updated.xlsx (diunduh 2026-10-06),,,,5; 6,,,,,,,,,
__export__.product_product_10820,"Y 10""",FITTING PVC,FITTING · Y,3394,Export ERP master_product_updated.xlsx (diunduh 2026-10-06),,,,10,,,,,,,,,
__export__.product_product_11073,"Y 10"" x 6""",FITTING PVC,FITTING · Y,3395,Export ERP master_product_updated.xlsx (diunduh 2026-10-06),,,,6; 10,,,,,,,,,
__export__.product_product_10823,"Y 10"" x 8""",FITTING PVC,FITTING · Y,3396,Export ERP master_product_updated.xlsx (diunduh 2026-10-06),,,,8; 10,,,,,,,,,
__export__.product_product_18830,"Y 12""",FITTING PVC,FITTING · Y,3397,Export ERP master_product_updated.xlsx (diunduh 2026-10-06),,,,12,,,,,,,,,
__export__.product_product_18032,"Y 12"" x 4""",FITTING PVC,FITTING · Y,3398,Export ERP master_product_updated.xlsx (diunduh 2026-10-06),,,,4; 12,,,,,,,,,
__export__.product_product_18031,"Y 12"" x 6""",FITTING PVC,FITTING · Y,3399,Export ERP master_product_updated.xlsx (diunduh 2026-10-06),,,,6; 12,,,,,,,,,
__export__.product_product_18030,"Y 16"" x 4""",FITTING PVC,FITTING · Y,3400,Export ERP master_product_updated.xlsx (diunduh 2026-10-06),,,,4; 16,,,,,,,,,
__export__.product_product_18029,"Y 16"" x 6""",FITTING PVC,FITTING · Y,3401,Export ERP master_product_updated.xlsx (diunduh 2026-10-06),,,,6; 16,,,,,,,,,
__export__.product_product_18033,"Y 16"" x 12""",FITTING PVC,FITTING · Y,3402,Export ERP master_product_updated.xlsx (diunduh 2026-10-06),,,,12; 16,,,,,,,,,
__export__.product_product_10829,"Reducer Tee D 1 1/2"" x 1 1/4""",FITTING PVC,FITTING · REDUCER TEE D,3403,Export ERP master_product_updated.xlsx (diunduh 2026-10-06),,,,1 1/4; 1 1/2,,,,,,,,,
__export__.product_product_10828,"Reducer Tee D 1 1/4"" x 1""",FITTING PVC,FITTING · REDUCER TEE D,3404,Export ERP master_product_updated.xlsx (diunduh 2026-10-06),,,,1; 1 1/4,,,,,,,,,
__export__.product_product_10830,"Reducer Tee D 2"" x 1 1/2""",FITTING PVC,FITTING · REDUCER TEE D,3405,Export ERP master_product_updated.xlsx (diunduh 2026-10-06),,,,1 1/2; 2,,,,,,,,,
__export__.product_product_11664,"Reducer Tee D 2"" x 1 1/4""",FITTING PVC,FITTING · REDUCER TEE D,3406,Export ERP master_product_updated.xlsx (diunduh 2026-10-06),,,,1 1/4; 2,,,,,,,,,
__export__.product_product_11690,"Reducer Tee D 3"" x 1 1/2""",FITTING PVC,FITTING · REDUCER TEE D,3407,Export ERP master_product_updated.xlsx (diunduh 2026-10-06),,,,1 1/2; 3,,,,,,,,,
__export__.product_product_11215,"Reducer Tee D 4"" x 3""",FITTING PVC,FITTING · REDUCER TEE D,3408,Export ERP master_product_updated.xlsx (diunduh 2026-10-06),,,,3; 4,,,,,,,,,
product.0_S_05_016_065000_00,"Double Long TY 2 1/2""",FITTING PVC,FITTING · DOUBLE LONG TY,3409,Export ERP master_product_updated.xlsx (diunduh 2026-10-06),,,,2 1/2,,,,,,,,,
product.0_S_05_016_075000_00,"Double Long TY 3""",FITTING PVC,FITTING · DOUBLE LONG TY,3410,Export ERP master_product_updated.xlsx (diunduh 2026-10-06),,,,3,,,,,,,,,
product.0_S_05_016_100000_00,"Double Long TY 4""",FITTING PVC,FITTING · DOUBLE LONG TY,3411,Export ERP master_product_updated.xlsx (diunduh 2026-10-06),,,,4,,,,,,,,,
product.0_S_05_016_100050_00,"Double Long TY 4"" x 2""",FITTING PVC,FITTING · DOUBLE LONG TY,3412,Export ERP master_product_updated.xlsx (diunduh 2026-10-06),,,,2; 4,,,,,,,,,
product.0_S_05_016_100075_00,"Double Long TY 4"" x 3""",FITTING PVC,FITTING · DOUBLE LONG TY,3413,Export ERP master_product_updated.xlsx (diunduh 2026-10-06),,,,3; 4,,,,,,,,,
product.0_S_05_016_125100_00,"Double Long TY 5"" x 4""",FITTING PVC,FITTING · DOUBLE LONG TY,3414,Export ERP master_product_updated.xlsx (diunduh 2026-10-06),,,,4; 5,,,,,,,,,
product.0_S_05_016_150100_00,"Double Long TY 6"" x 4""",FITTING PVC,FITTING · DOUBLE LONG TY,3415,Export ERP master_product_updated.xlsx (diunduh 2026-10-06),,,,4; 6,,,,,,,,,
product.0_S_05_017_040000_00,"Elbow DV 90° 1 1/2""",FITTING PVC,FITTING · ELBOW 90°,3416,Export ERP master_product_updated.xlsx (diunduh 2026-10-06),,,,1 1/2,,,,,,,,,
product.0_S_05_017_050000_00,"Elbow DV 90° 2""",FITTING PVC,FITTING · ELBOW 90°,3417,Export ERP master_product_updated.xlsx (diunduh 2026-10-06),,,,2,,,,,,,,,
product.0_S_05_017_125000_00,"Elbow DV 90° 5""",FITTING PVC,FITTING · ELBOW 90°,3418,Export ERP master_product_updated.xlsx (diunduh 2026-10-06),,,,5,,,,,,,,,
product.0_S_05_017_200000_00,"Elbow DV 90° 8""",FITTING PVC,FITTING · ELBOW 90°,3419,Export ERP master_product_updated.xlsx (diunduh 2026-10-06),,,,8,,,,,,,,,
product.0_S_05_017_250000_00,"Elbow DV 90° 10""",FITTING PVC,FITTING · ELBOW 90°,3420,Export ERP master_product_updated.xlsx (diunduh 2026-10-06),,,,10,,,,,,,,,
product.0_S_05_017_350000_00,"Elbow DV 90° 14""",FITTING PVC,FITTING · ELBOW 90°,3421,Export ERP master_product_updated.xlsx (diunduh 2026-10-06),,,,14,,,,,,,,,
product.0_S_05_018_040000_00,"Long Elbow DV 90° 1 1/2""",FITTING PVC,FITTING · LONG ELBOW 90°,3422,Export ERP master_product_updated.xlsx (diunduh 2026-10-06),,,,1 1/2,,,,,,,,,
product.0_S_05_018_050000_00,"Long Elbow DV 90° 2""",FITTING PVC,FITTING · LONG ELBOW 90°,3423,Export ERP master_product_updated.xlsx (diunduh 2026-10-06),,,,2,,,,,,,,,
__export__.product_product_10874,"Long Elbow DV 90° 2 1/2""",FITTING PVC,FITTING · LONG ELBOW 90°,3424,Export ERP master_product_updated.xlsx (diunduh 2026-10-06),,,,2 1/2,,,,,,,,,
product.0_S_05_018_075000_00,"Long Elbow DV 90° 3""",FITTING PVC,FITTING · LONG ELBOW 90°,3425,Export ERP master_product_updated.xlsx (diunduh 2026-10-06),,,,3,,,,,,,,,
__export__.product_product_10291,"Long Elbow DV 90° 4""",FITTING PVC,FITTING · LONG ELBOW 90°,3426,Export ERP master_product_updated.xlsx (diunduh 2026-10-06),,,,4,,,,,,,,,
product.0_S_05_018_125000_00,"Long Elbow DV 90° 5""",FITTING PVC,FITTING · LONG ELBOW 90°,3427,Export ERP master_product_updated.xlsx (diunduh 2026-10-06),,,,5,,,,,,,,,
product.0_S_05_018_150000_00,"Long Elbow DV 90° 6""",FITTING PVC,FITTING · LONG ELBOW 90°,3428,Export ERP master_product_updated.xlsx (diunduh 2026-10-06),,,,6,,,,,,,,,
product.0_S_05_018_200000_00,"Long Elbow DV 90° 8""",FITTING PVC,FITTING · LONG ELBOW 90°,3429,Export ERP master_product_updated.xlsx (diunduh 2026-10-06),,,,8,,,,,,,,,
product.0_S_05_018_300000_00,"Long Elbow DV 90° 12""",FITTING PVC,FITTING · LONG ELBOW 90°,3430,Export ERP master_product_updated.xlsx (diunduh 2026-10-06),,,,12,,,,,,,,,
product.0_S_05_019_040000_00,"Elbow DV 45° 1 1/2""",FITTING PVC,FITTING · ELBOW 45°,3431,Export ERP master_product_updated.xlsx (diunduh 2026-10-06),,,,1 1/2,,,,,,,,,
product.0_S_05_019_042000_00,"Elbow DV 45° 1 1/4"" (42)",FITTING PVC,FITTING · ELBOW 45°,3432,Export ERP master_product_updated.xlsx (diunduh 2026-10-06),,,,1 1/4,,,,,,,,,
product.0_S_05_019_050000_00,"Elbow DV 45° 2""",FITTING PVC,FITTING · ELBOW 45°,3433,Export ERP master_product_updated.xlsx (diunduh 2026-10-06),,,,2,,,,,,,,,
product.0_S_05_019_065000_00,"Elbow DV 45° 2 1/2""",FITTING PVC,FITTING · ELBOW 45°,3434,Export ERP master_product_updated.xlsx (diunduh 2026-10-06),,,,2 1/2,,,,,,,,,
product.0_S_05_019_075000_00,"Elbow DV 45° 3""",FITTING PVC,FITTING · ELBOW 45°,3435,Export ERP master_product_updated.xlsx (diunduh 2026-10-06),,,,3,,,,,,,,,
__export__.product_product_18485,"Elbow DV 45° 5""",FITTING PVC,FITTING · ELBOW 45°,3436,Export ERP master_product_updated.xlsx (diunduh 2026-10-06),,,,5,,,,,,,,,
product.0_S_05_019_150000_00,"Elbow DV 45° 6""",FITTING PVC,FITTING · ELBOW 45°,3437,Export ERP master_product_updated.xlsx (diunduh 2026-10-06),,,,6,,,,,,,,,
product.0_S_05_019_250000_00,"Elbow DV 45° 10""",FITTING PVC,FITTING · ELBOW 45°,3438,Export ERP master_product_updated.xlsx (diunduh 2026-10-06),,,,10,,,,,,,,,
product.0_S_05_019_300000_00,"Elbow DV 45° 12""",FITTING PVC,FITTING · ELBOW 45°,3439,Export ERP master_product_updated.xlsx (diunduh 2026-10-06),,,,12,,,,,,,,,
product.0_S_05_019_350000_00,"Elbow DV 45° 14""",FITTING PVC,FITTING · ELBOW 45°,3440,Export ERP master_product_updated.xlsx (diunduh 2026-10-06),,,,14,,,,,,,,,
__export__.product_product_18034,"Elbow DV 45° 16""",FITTING PVC,FITTING · ELBOW 45°,3441,Export ERP master_product_updated.xlsx (diunduh 2026-10-06),,,,16,,,,,,,,,
product.0_S_05_021_040020_00,"Red Socket DV 1 1/2"" x 3/4""",FITTING PVC,FITTING · RED SOCKET,3442,Export ERP master_product_updated.xlsx (diunduh 2026-10-06),,,,3/4; 1 1/2,,,,,,,,,
product.0_S_05_021_040042_00,"Red Socket DV 1 1/2"" x 1 1/4""",FITTING PVC,FITTING · RED SOCKET,3443,Export ERP master_product_updated.xlsx (diunduh 2026-10-06),,,,1 1/4; 1 1/2,,,,,,,,,
product.0_S_05_021_042025_00,"Red Socket DV 1 1/4"" x 1""",FITTING PVC,FITTING · RED SOCKET,3444,Export ERP master_product_updated.xlsx (diunduh 2026-10-06),,,,1; 1 1/4,,,,,,,,,
product.0_S_05_021_050016_00,"Red Socket DV 2"" x 1/2""",FITTING PVC,FITTING · RED SOCKET,3445,Export ERP master_product_updated.xlsx (diunduh 2026-10-06),,,,1/2; 2,,,,,,,,,
product.0_S_05_021_050025_00,"Red Socket DV 2"" x 1""",FITTING PVC,FITTING · RED SOCKET,3446,Export ERP master_product_updated.xlsx (diunduh 2026-10-06),,,,1; 2,,,,,,,,,
product.0_S_05_021_050040_00,"Red Socket DV 2"" x 1 1/2""",FITTING PVC,FITTING · RED SOCKET,3447,Export ERP master_product_updated.xlsx (diunduh 2026-10-06),,,,1 1/2; 2,,,,,,,,,
product.0_S_05_021_065042_00,"Red Socket DV 2 1/2"" x 1 1/4""",FITTING PVC,FITTING · RED SOCKET,3448,Export ERP master_product_updated.xlsx (diunduh 2026-10-06),,,,1 1/4; 2 1/2,,,,,,,,,
product.0_S_05_021_075040_00,"Red Socket DV 3"" x 1 1/2""",FITTING PVC,FITTING · RED SOCKET,3449,Export ERP master_product_updated.xlsx (diunduh 2026-10-06),,,,1 1/2; 3,,,,,,,,,
product.0_S_05_021_075050_00,"Red Socket DV 3"" x 2""",FITTING PVC,FITTING · RED SOCKET,3450,Export ERP master_product_updated.xlsx (diunduh 2026-10-06),,,,2; 3,,,,,,,,,
product.0_S_05_021_075065_00,"Red Socket DV 3"" x 2 1/2""",FITTING PVC,FITTING · RED SOCKET,3451,Export ERP master_product_updated.xlsx (diunduh 2026-10-06),,,,2 1/2; 3,,,,,,,,,
product.0_S_05_021_100040_00,"Red Socket DV 4"" x 1 1/2""",FITTING PVC,FITTING · RED SOCKET,3452,Export ERP master_product_updated.xlsx (diunduh 2026-10-06),,,,1 1/2; 4,,,,,,,,,
product.0_S_05_021_100050_00,"Red Socket DV 4"" x 2""",FITTING PVC,FITTING · RED SOCKET,3453,Export ERP master_product_updated.xlsx (diunduh 2026-10-06),,,,2; 4,,,,,,,,,
product.0_S_05_021_100150_00,"Red Socket DV 6"" x 4""",FITTING PVC,FITTING · RED SOCKET,3454,Export ERP master_product_updated.xlsx (diunduh 2026-10-06),,,,4; 6,,,,,,,,,
product.0_S_05_021_200100_00,"Red Socket DV 8"" x 4""",FITTING PVC,FITTING · RED SOCKET,3455,Export ERP master_product_updated.xlsx (diunduh 2026-10-06),,,,4; 8,,,,,,,,,
product.0_S_05_021_200150_00,"Red Socket DV 8"" x 6""",FITTING PVC,FITTING · RED SOCKET,3456,Export ERP master_product_updated.xlsx (diunduh 2026-10-06),,,,6; 8,,,,,,,,,
product.0_S_05_021_200250_00,"Red Socket DV 8"" x 10""",FITTING PVC,FITTING · RED SOCKET,3457,Export ERP master_product_updated.xlsx (diunduh 2026-10-06),,,,8; 10,,,,,,,,,
product.0_S_05_021_250000_00,"Red Socket DV 10""",FITTING PVC,FITTING · RED SOCKET,3458,Export ERP master_product_updated.xlsx (diunduh 2026-10-06),,,,10,,,,,,,,,
__export__.product_product_12334,"Red Socket DV 10"" x 4""",FITTING PVC,FITTING · RED SOCKET,3459,Export ERP master_product_updated.xlsx (diunduh 2026-10-06),,,,4; 10,,,,,,,,,
product.0_S_05_021_250150_00,"Red Socket DV 10"" x 6""",FITTING PVC,FITTING · RED SOCKET,3460,Export ERP master_product_updated.xlsx (diunduh 2026-10-06),,,,6; 10,,,,,,,,,
product.0_S_05_021_250200_00,"Red Socket DV 10"" x 8""",FITTING PVC,FITTING · RED SOCKET,3461,Export ERP master_product_updated.xlsx (diunduh 2026-10-06),,,,8; 10,,,,,,,,,
product.0_S_05_021_300000_00,"Red Socket DV 12""",FITTING PVC,FITTING · RED SOCKET,3462,Export ERP master_product_updated.xlsx (diunduh 2026-10-06),,,,12,,,,,,,,,
product.0_S_05_021_300150_00,"Red Socket DV 12"" x 6""",FITTING PVC,FITTING · RED SOCKET,3463,Export ERP master_product_updated.xlsx (diunduh 2026-10-06),,,,6; 12,,,,,,,,,
product.0_S_05_020_350000_00,"Red Socket DV 14""",FITTING PVC,FITTING · RED SOCKET,3464,Export ERP master_product_updated.xlsx (diunduh 2026-10-06),,,,14,,,,,,,,,
product.0_S_05_023_063016_00,"Clamp Saddle 63 mm x 1/2""",FITTING PVC,FITTING · CLAMP SADDLE,3465,Export ERP master_product_updated.xlsx (diunduh 2026-10-06),,,,1/2,,,,,,,,,
product.0_S_05_023_063020_00,"Clamp Saddle 63 mm x 3/4""",FITTING PVC,FITTING · CLAMP SADDLE,3466,Export ERP master_product_updated.xlsx (diunduh 2026-10-06),,,,3/4,,,,,,,,,
product.0_S_05_023_063032_00,"Clamp Saddle 63 mm x 1""",FITTING PVC,FITTING · CLAMP SADDLE,3467,Export ERP master_product_updated.xlsx (diunduh 2026-10-06),,,,1,,,,,,,,,
product.0_S_05_023_075016_00,"Clamp Saddle 90 mm x 1/2""",FITTING PVC,FITTING · CLAMP SADDLE,3468,Export ERP master_product_updated.xlsx (diunduh 2026-10-06),,,,1/2,,,,,,,,,
product.0_S_05_023_090020_00,"Clamp Saddle 90 mm x 3/4""",FITTING PVC,FITTING · CLAMP SADDLE,3469,Export ERP master_product_updated.xlsx (diunduh 2026-10-06),,,,3/4,,,,,,,,,
product.0_S_05_023_090032_00,"Clamp Saddle 90 mm x 1""",FITTING PVC,FITTING · CLAMP SADDLE,3470,Export ERP master_product_updated.xlsx (diunduh 2026-10-06),,,,1,,,,,,,,,
product.0_S_05_023_100025_00,"Clamp Saddle 110 mm x 1/2""",FITTING PVC,FITTING · CLAMP SADDLE,3471,Export ERP master_product_updated.xlsx (diunduh 2026-10-06),,,,1/2,,,,,,,,,
product.0_S_05_023_110020_00,"Clamp Saddle 110 mm x 3/4""",FITTING PVC,FITTING · CLAMP SADDLE,3472,Export ERP master_product_updated.xlsx (diunduh 2026-10-06),,,,3/4,,,,,,,,,
product.0_S_05_023_110032_00,"Clamp Saddle 110 mm x 1""",FITTING PVC,FITTING · CLAMP SADDLE,3473,Export ERP master_product_updated.xlsx (diunduh 2026-10-06),,,,1,,,,,,,,,
product.0_S_05_026_016000_00,"Ts Socket 1/2""",FITTING PVC,FITTING · SOCKET,3474,Export ERP master_product_updated.xlsx (diunduh 2026-10-06),,,,1/2,,,,,,,,,
product.0_S_05_026_020000_00,"Ts Socket 3/4""",FITTING PVC,FITTING · SOCKET,3475,Export ERP master_product_updated.xlsx (diunduh 2026-10-06),,,,3/4,,,,,,,,,
product.0_S_05_026_025000_00,"Ts Socket 1""",FITTING PVC,FITTING · SOCKET,3476,Export ERP master_product_updated.xlsx (diunduh 2026-10-06),,,,1,,,,,,,,,
product.0_S_05_026_040000_00,"Ts Socket 1 1/2""",FITTING PVC,FITTING · SOCKET,3477,Export ERP master_product_updated.xlsx (diunduh 2026-10-06),,,,1 1/2,,,,,,,,,
product.0_S_05_026_042000_00,"Ts Socket 1 1/4""",FITTING PVC,FITTING · SOCKET,3478,Export ERP master_product_updated.xlsx (diunduh 2026-10-06),,,,1 1/4,,,,,,,,,
product.0_S_05_026_050000_00,"Ts Socket 2""",FITTING PVC,FITTING · SOCKET,3479,Export ERP master_product_updated.xlsx (diunduh 2026-10-06),,,,2,,,,,,,,,
product.0_S_05_026_065000_00,"Ts Socket 2 1/2""",FITTING PVC,FITTING · SOCKET,3480,Export ERP master_product_updated.xlsx (diunduh 2026-10-06),,,,2 1/2,,,,,,,,,
product.0_S_05_026_350000_00,"Ts Socket 14""",FITTING PVC,FITTING · SOCKET,3481,Export ERP master_product_updated.xlsx (diunduh 2026-10-06),,,,14,,,,,,,,,
product.0_S_05_026_400000_00,"Ts Socket 16""",FITTING PVC,FITTING · SOCKET,3482,Export ERP master_product_updated.xlsx (diunduh 2026-10-06),,,,16,,,,,,,,,
product.0_S_05_029_050000_00,"Clean Out 2""",FITTING PVC,FITTING · CLEAN OUT,3483,Export ERP master_product_updated.xlsx (diunduh 2026-10-06),,,,2,,,,,,,,,
product.0_S_05_029_075000_00,"Clean Out 3""",FITTING PVC,FITTING · CLEAN OUT,3484,Export ERP master_product_updated.xlsx (diunduh 2026-10-06),,,,3,,,,,,,,,
product.0_S_05_029_100000_00,"Clean Out 4""",FITTING PVC,FITTING · CLEAN OUT,3485,Export ERP master_product_updated.xlsx (diunduh 2026-10-06),,,,4,,,,,,,,,
product.0_S_05_029_125000_00,"Clean Out 5""",FITTING PVC,FITTING · CLEAN OUT,3486,Export ERP master_product_updated.xlsx (diunduh 2026-10-06),,,,5,,,,,,,,,
__export__.product_product_10877,"Clean Out 8""",FITTING PVC,FITTING · CLEAN OUT,3487,Export ERP master_product_updated.xlsx (diunduh 2026-10-06),,,,8,,,,,,,,,
__export__.product_product_10878,"Clean Out 10""",FITTING PVC,FITTING · CLEAN OUT,3488,Export ERP master_product_updated.xlsx (diunduh 2026-10-06),,,,10,,,,,,,,,
product.0_S_05_030_075000_00,"RR Socket 3""",FITTING PVC,FITTING · RR SOCKET,3489,Export ERP master_product_updated.xlsx (diunduh 2026-10-06),,,,3,,,,,,,,,
product.0_S_05_030_100000_00,"RR Socket 4""",FITTING PVC,FITTING · RR SOCKET,3490,Export ERP master_product_updated.xlsx (diunduh 2026-10-06),,,,4,,,,,,,,,
product.0_S_05_030_150000_00,"RR Socket 6""",FITTING PVC,FITTING · RR SOCKET,3491,Export ERP master_product_updated.xlsx (diunduh 2026-10-06),,,,6,,,,,,,,,
__export__.product_product_10388,"Socket DV 1 1/2 """,FITTING PVC,FITTING · SOCKET,3492,Export ERP master_product_updated.xlsx (diunduh 2026-10-06),,,,1 1/2,,,,,,,,,
__export__.product_product_10389,"Socket DV 2 """,FITTING PVC,FITTING · SOCKET,3493,Export ERP master_product_updated.xlsx (diunduh 2026-10-06),,,,2,,,,,,,,,
product.0_S_05_031_065000_00,"Socket DV 2 1/2 """,FITTING PVC,FITTING · SOCKET,3494,Export ERP master_product_updated.xlsx (diunduh 2026-10-06),,,,2 1/2,,,,,,,,,
__export__.product_product_9393,"Socket DV 3""",FITTING PVC,FITTING · SOCKET,3495,Export ERP master_product_updated.xlsx (diunduh 2026-10-06),,,,3,,,,,,,,,
product.0_S_05_031_150000_00,"Socket DV 6""",FITTING PVC,FITTING · SOCKET,3496,Export ERP master_product_updated.xlsx (diunduh 2026-10-06),,,,6,,,,,,,,,
product.0_S_05_031_200000_00,"Socket DV 8""",FITTING PVC,FITTING · SOCKET,3497,Export ERP master_product_updated.xlsx (diunduh 2026-10-06),,,,8,,,,,,,,,
product.0_S_05_031_250000_00,"Socket DV 10""",FITTING PVC,FITTING · SOCKET,3498,Export ERP master_product_updated.xlsx (diunduh 2026-10-06),,,,10,,,,,,,,,
__export__.product_product_11285,"Socket DV 12""",FITTING PVC,FITTING · SOCKET,3499,Export ERP master_product_updated.xlsx (diunduh 2026-10-06),,,,12,,,,,,,,,
__export__.product_product_11286,"Socket DV 14""",FITTING PVC,FITTING · SOCKET,3500,Export ERP master_product_updated.xlsx (diunduh 2026-10-06),,,,14,,,,,,,,,
__export__.product_product_11287,"Socket DV 16""",FITTING PVC,FITTING · SOCKET,3501,Export ERP master_product_updated.xlsx (diunduh 2026-10-06),,,,16,,,,,,,,,
__export__.product_product_11227,"Foot Valve 1""",FITTING PVC,FITTING · FOOT VALVE,3503,Export ERP master_product_updated.xlsx (diunduh 2026-10-06),,,,1,,,,,,,,,
product.0_S_05_034_042000_00,"Foot Valve 1 1/4""",FITTING PVC,FITTING · FOOT VALVE,3504,Export ERP master_product_updated.xlsx (diunduh 2026-10-06),,,,1 1/4,,,,,,,,,
product.0_S_05_036_200100_00,"All Bell Tee 8"" x 4""",FITTING PVC,FITTING · ALL BELL TEE,3516,Export ERP master_product_updated.xlsx (diunduh 2026-10-06),,,,4; 8,,,,,,,,,
product.0_S_05_036_250150_00,"All Bell Tee 10"" x 6""",FITTING PVC,FITTING · ALL BELL TEE,3518,Export ERP master_product_updated.xlsx (diunduh 2026-10-06),,,,6; 10,,,,,,,,,
product.0_S_05_036_250250_00,"All Bell Tee 10"" x 10""",FITTING PVC,FITTING · ALL BELL TEE,3520,Export ERP master_product_updated.xlsx (diunduh 2026-10-06),,,,10,,,,,,,,,
product.0_S_06_000_025000_00,"Cap Female 1""",FITTING PVC,FITTING · CAP FEMALE,3526,Export ERP master_product_updated.xlsx (diunduh 2026-10-06),,,,1,,,,,,,,,
product.0_S_06_001_016000_00,"Cap - W 1/2""",FITTING PVC,FITTING · CAP,3527,Export ERP master_product_updated.xlsx (diunduh 2026-10-06),,,,1/2,,,,,,,,,
product.0_S_06_001_020000_00,"Cap - W 3/4""",FITTING PVC,FITTING · CAP,3528,Export ERP master_product_updated.xlsx (diunduh 2026-10-06),,,,3/4,,,,,,,,,
product.0_S_06_001_025000_00,"Cap - W 1""",FITTING PVC,FITTING · CAP,3529,Export ERP master_product_updated.xlsx (diunduh 2026-10-06),,,,1,,,,,,,,,
product.0_S_06_001_040000_00,"Cap - W 1 1/2""",FITTING PVC,FITTING · CAP,3530,Export ERP master_product_updated.xlsx (diunduh 2026-10-06),,,,1 1/2,,,,,,,,,
product.0_S_06_001_042000_00,"Cap - W 1 1/4""",FITTING PVC,FITTING · CAP,3531,Export ERP master_product_updated.xlsx (diunduh 2026-10-06),,,,1 1/4,,,,,,,,,
product.0_S_06_001_050000_00,Cap - W 2'',FITTING PVC,FITTING · CAP,3532,Export ERP master_product_updated.xlsx (diunduh 2026-10-06),,,,2,,,,,,,,,
product.0_S_06_001_065000_00,Cap - W 2 1/2'',FITTING PVC,FITTING · CAP,3533,Export ERP master_product_updated.xlsx (diunduh 2026-10-06),,,,2 1/2,,,,,,,,,
product.0_S_06_001_075000_00,"Cap - W 3""",FITTING PVC,FITTING · CAP,3534,Export ERP master_product_updated.xlsx (diunduh 2026-10-06),,,,3,,,,,,,,,
product.0_S_06_001_100000_00,"Cap - W 4""",FITTING PVC,FITTING · CAP,3535,Export ERP master_product_updated.xlsx (diunduh 2026-10-06),,,,4,,,,,,,,,
product.0_S_06_001_125000_00,"Cap - W 5""",FITTING PVC,FITTING · CAP,3536,Export ERP master_product_updated.xlsx (diunduh 2026-10-06),,,,5,,,,,,,,,
product.0_S_06_001_150000_00,"Cap - W 6""",FITTING PVC,FITTING · CAP,3537,Export ERP master_product_updated.xlsx (diunduh 2026-10-06),,,,6,,,,,,,,,
product.0_S_06_001_200000_00,"Cap - W 8""",FITTING PVC,FITTING · CAP,3538,Export ERP master_product_updated.xlsx (diunduh 2026-10-06),,,,8,,,,,,,,,
product.0_S_06_001_250000_00,"Cap - W 10""",FITTING PVC,FITTING · CAP,3539,Export ERP master_product_updated.xlsx (diunduh 2026-10-06),,,,10,,,,,,,,,
product.0_S_06_001_300000_00,"Cap - W 12""",FITTING PVC,FITTING · CAP,3540,Export ERP master_product_updated.xlsx (diunduh 2026-10-06),,,,12,,,,,,,,,
__export__.product_product_13413,"Cap - D 1""",FITTING PVC,FITTING · CAP,3560,Export ERP master_product_updated.xlsx (diunduh 2026-10-06),,,,1,,,,,,D,,,
__export__.product_product_13412,"Cap - D 2""",FITTING PVC,FITTING · CAP,3561,Export ERP master_product_updated.xlsx (diunduh 2026-10-06),,,,2,,,,,,D,,,
product.0_S_06_003_075000_00,"Cap - D 3""",FITTING PVC,FITTING · CAP,3562,Export ERP master_product_updated.xlsx (diunduh 2026-10-06),,,,3,,,,,,D,,,
product.0_S_06_003_100000_00,"Cap - D 4""",FITTING PVC,FITTING · CAP,3563,Export ERP master_product_updated.xlsx (diunduh 2026-10-06),,,,4,,,,,,D,,,
product.0_S_06_003_125000_00,"Cap - D 5""",FITTING PVC,FITTING · CAP,3564,Export ERP master_product_updated.xlsx (diunduh 2026-10-06),,,,5,,,,,,D,,,
product.0_S_06_003_150000_00,"Cap - D 6""",FITTING PVC,FITTING · CAP,3565,Export ERP master_product_updated.xlsx (diunduh 2026-10-06),,,,6,,,,,,D,,,
product.0_S_06_003_200000_00,"Cap - D 8""",FITTING PVC,FITTING · CAP,3566,Export ERP master_product_updated.xlsx (diunduh 2026-10-06),,,,8,,,,,,D,,,
product.0_S_06_003_250000_00,"Cap - D 10""",FITTING PVC,FITTING · CAP,3567,Export ERP master_product_updated.xlsx (diunduh 2026-10-06),,,,10,,,,,,D,,,
product.0_S_06_003_300000_00,"Cap - D 12""",FITTING PVC,FITTING · CAP,3568,Export ERP master_product_updated.xlsx (diunduh 2026-10-06),,,,12,,,,,,D,,,
product.0_S_06_005_050000_00,"Bell Cap - W 2""",FITTING PVC,FITTING · BELL CAP,3570,Export ERP master_product_updated.xlsx (diunduh 2026-10-06),,,,2,,,,,,,,,
product.0_S_06_005_065000_00,"Bell Cap - W 2 1/2""",FITTING PVC,FITTING · BELL CAP,3571,Export ERP master_product_updated.xlsx (diunduh 2026-10-06),,,,2 1/2,,,,,,,,,
product.0_S_06_005_075000_00,"Bell Cap - W 3""",FITTING PVC,FITTING · BELL CAP,3572,Export ERP master_product_updated.xlsx (diunduh 2026-10-06),,,,3,,,,,,,,,
product.0_S_06_005_100000_00,"Bell Cap - W 4""",FITTING PVC,FITTING · BELL CAP,3573,Export ERP master_product_updated.xlsx (diunduh 2026-10-06),,,,4,,,,,,,,,
product.0_S_06_005_150000_00,"Bell Cap - W 6""",FITTING PVC,FITTING · BELL CAP,3574,Export ERP master_product_updated.xlsx (diunduh 2026-10-06),,,,6,,,,,,,,,
product.0_S_06_005_200000_00,"Bell Cap - W 8""",FITTING PVC,FITTING · BELL CAP,3575,Export ERP master_product_updated.xlsx (diunduh 2026-10-06),,,,8,,,,,,,,,
product.0_S_06_005_250000_00,"Bell Cap - W 10""",FITTING PVC,FITTING · BELL CAP,3576,Export ERP master_product_updated.xlsx (diunduh 2026-10-06),,,,10,,,,,,,,,
product.0_S_06_005_300000_00,"Bell Cap - W 12""",FITTING PVC,FITTING · BELL CAP,3577,Export ERP master_product_updated.xlsx (diunduh 2026-10-06),,,,12,,,,,,,,,
product.0_S_06_007_050000_00,"Bell Cap - D 2""",FITTING PVC,FITTING · BELL CAP,3591,Export ERP master_product_updated.xlsx (diunduh 2026-10-06),,,,2,,,,,,D,,,
product.0_S_06_007_065000_00,"Bell Cap - D 2 1/2""",FITTING PVC,FITTING · BELL CAP,3592,Export ERP master_product_updated.xlsx (diunduh 2026-10-06),,,,2 1/2,,,,,,D,,,
product.0_S_06_007_075000_00,"Bell Cap - D 3""",FITTING PVC,FITTING · BELL CAP,3593,Export ERP master_product_updated.xlsx (diunduh 2026-10-06),,,,3,,,,,,D,,,
product.0_S_06_007_100000_00,"Bell Cap - D 4""",FITTING PVC,FITTING · BELL CAP,3594,Export ERP master_product_updated.xlsx (diunduh 2026-10-06),,,,4,,,,,,D,,,
product.0_S_06_007_150000_00,"Bell Cap - D 6""",FITTING PVC,FITTING · BELL CAP,3595,Export ERP master_product_updated.xlsx (diunduh 2026-10-06),,,,6,,,,,,D,,,
product.0_S_06_007_200000_00,"Bell Cap - D 8""",FITTING PVC,FITTING · BELL CAP,3596,Export ERP master_product_updated.xlsx (diunduh 2026-10-06),,,,8,,,,,,D,,,
product.0_S_06_007_250000_00,"Bell Cap - D 10""",FITTING PVC,FITTING · BELL CAP,3597,Export ERP master_product_updated.xlsx (diunduh 2026-10-06),,,,10,,,,,,D,,,
product.0_S_06_007_300000_00,"Bell Cap - D 12""",FITTING PVC,FITTING · BELL CAP,3598,Export ERP master_product_updated.xlsx (diunduh 2026-10-06),,,,12,,,,,,D,,,
product.0_S_06_009_050000_00,"Dresser Joint - W 2""",FITTING PVC,FITTING · DRESSER JOINT,3616,Export ERP master_product_updated.xlsx (diunduh 2026-10-06),,,,2,,,,,,,,,
product.0_S_06_009_065000_00,"Dresser Joint - W 2 1/2""",FITTING PVC,FITTING · DRESSER JOINT,3617,Export ERP master_product_updated.xlsx (diunduh 2026-10-06),,,,2 1/2,,,,,,,,,
product.0_S_06_009_075000_00,"Dresser Joint - W 3""",FITTING PVC,FITTING · DRESSER JOINT,3618,Export ERP master_product_updated.xlsx (diunduh 2026-10-06),,,,3,,,,,,,,,
product.0_S_06_009_100000_00,"Dresser Joint - W 4""",FITTING PVC,FITTING · DRESSER JOINT,3619,Export ERP master_product_updated.xlsx (diunduh 2026-10-06),,,,4,,,,,,,,,
product.0_S_06_009_125000_00,"Dresser Joint - W 5""",FITTING PVC,FITTING · DRESSER JOINT,3620,Export ERP master_product_updated.xlsx (diunduh 2026-10-06),,,,5,,,,,,,,,
product.0_S_06_009_150000_00,"Dresser Joint - W 6""",FITTING PVC,FITTING · DRESSER JOINT,3621,Export ERP master_product_updated.xlsx (diunduh 2026-10-06),,,,6,,,,,,,,,
product.0_S_06_009_200000_00,"Dresser Joint - W 8""",FITTING PVC,FITTING · DRESSER JOINT,3622,Export ERP master_product_updated.xlsx (diunduh 2026-10-06),,,,8,,,,,,,,,
product.0_S_06_009_250000_00,"Dresser Joint - W 10""",FITTING PVC,FITTING · DRESSER JOINT,3623,Export ERP master_product_updated.xlsx (diunduh 2026-10-06),,,,10,,,,,,,,,
product.0_S_06_009_300000_00,"Dresser Joint - W 12""",FITTING PVC,FITTING · DRESSER JOINT,3624,Export ERP master_product_updated.xlsx (diunduh 2026-10-06),,,,12,,,,,,,,,
product.0_S_06_013_016000_00,"Socket - W 1/2""",FITTING PVC,FITTING · SOCKET,3643,Export ERP master_product_updated.xlsx (diunduh 2026-10-06),,,,1/2,,,,,,,,,
product.0_S_06_013_020000_00,"Socket - W 3/4""",FITTING PVC,FITTING · SOCKET,3644,Export ERP master_product_updated.xlsx (diunduh 2026-10-06),,,,3/4,,,,,,,,,
product.0_S_06_013_025000_00,"Socket - W 1""",FITTING PVC,FITTING · SOCKET,3645,Export ERP master_product_updated.xlsx (diunduh 2026-10-06),,,,1,,,,,,,,,
product.0_S_06_013_050000_00,Socket - W 2'',FITTING PVC,FITTING · SOCKET,3648,Export ERP master_product_updated.xlsx (diunduh 2026-10-06),,,,2,,,,,,,,,
product.0_S_06_013_075000_00,"Socket - W 3""",FITTING PVC,FITTING · SOCKET,3650,Export ERP master_product_updated.xlsx (diunduh 2026-10-06),,,,3,,,,,,,,,
product.0_S_06_013_100000_00,"Socket - W 4""",FITTING PVC,FITTING · SOCKET,3651,Export ERP master_product_updated.xlsx (diunduh 2026-10-06),,,,4,,,,,,,,,
product.0_S_06_013_125000_00,"Socket - W 5""",FITTING PVC,FITTING · SOCKET,3652,Export ERP master_product_updated.xlsx (diunduh 2026-10-06),,,,5,,,,,,,,,
product.0_S_06_013_150000_00,"Socket - W 6""",FITTING PVC,FITTING · SOCKET,3653,Export ERP master_product_updated.xlsx (diunduh 2026-10-06),,,,6,,,,,,,,,
product.0_S_06_013_200000_00,"Socket - W 8""",FITTING PVC,FITTING · SOCKET,3654,Export ERP master_product_updated.xlsx (diunduh 2026-10-06),,,,8,,,,,,,,,
product.0_S_06_013_250000_00,"Socket - W 10""",FITTING PVC,FITTING · SOCKET,3655,Export ERP master_product_updated.xlsx (diunduh 2026-10-06),,,,10,,,,,,,,,
product.0_S_06_013_300000_00,"Socket - W 12""",FITTING PVC,FITTING · SOCKET,3656,Export ERP master_product_updated.xlsx (diunduh 2026-10-06),,,,12,,,,,,,,,
__export__.product_product_13560,"Socket - W 1/2"" x 20 mm",FITTING PVC,FITTING · SOCKET,3657,Export ERP master_product_updated.xlsx (diunduh 2026-10-06),,,,1/2,,,,,,,,,
__export__.product_product_13561,"Socket - W 3/4"" x 25 mm",FITTING PVC,FITTING · SOCKET,3659,Export ERP master_product_updated.xlsx (diunduh 2026-10-06),,,,3/4,,,,,,,,,
__export__.product_product_17117,"Socket - W 32 mm x 1""",FITTING PVC,FITTING · SOCKET,3662,Export ERP master_product_updated.xlsx (diunduh 2026-10-06),,,,1,,,,,,,,,
__export__.product_product_13562,"Socket - W 1 1/4"" x 40 mm",FITTING PVC,FITTING · SOCKET,3664,Export ERP master_product_updated.xlsx (diunduh 2026-10-06),,,,1 1/4,,,,,,,,,
__export__.product_product_13563,"Socket - W 2"" x 63 mm",FITTING PVC,FITTING · SOCKET,3666,Export ERP master_product_updated.xlsx (diunduh 2026-10-06),,,,2,,,,,,,,,
__export__.product_product_13564,"Socket - W 2 1/2"" x 75 mm",FITTING PVC,FITTING · SOCKET,3668,Export ERP master_product_updated.xlsx (diunduh 2026-10-06),,,,2 1/2,,,,,,,,,
__export__.product_product_13703,"Socket - W 3"" x 90 mm",FITTING PVC,FITTING · SOCKET,3670,Export ERP master_product_updated.xlsx (diunduh 2026-10-06),,,,3,,,,,,,,,
__export__.product_product_19283,"Socket - W 4"" x 110 mm",FITTING PVC,FITTING · SOCKET,3672,Export ERP master_product_updated.xlsx (diunduh 2026-10-06),,,,4,,,,,,,,,
__export__.product_product_13675,"Socket - W 110 mm x 3""",FITTING PVC,FITTING · SOCKET,3674,Export ERP master_product_updated.xlsx (diunduh 2026-10-06),,,,3,,,,,,,,,
__export__.product_product_19284,"Socket - W 6"" x 160 mm",FITTING PVC,FITTING · SOCKET,3676,Export ERP master_product_updated.xlsx (diunduh 2026-10-06),,,,6,,,,,,,,,
product.0_S_06_015_050000_00,Socket - D 2'',FITTING PVC,FITTING · SOCKET,3688,Export ERP master_product_updated.xlsx (diunduh 2026-10-06),,,,2,,,,,,D,,,
product.0_S_06_015_075000_00,"Socket - D 3""",FITTING PVC,FITTING · SOCKET,3690,Export ERP master_product_updated.xlsx (diunduh 2026-10-06),,,,3,,,,,,D,,,
product.0_S_06_015_100000_00,"Socket - D 4""",FITTING PVC,FITTING · SOCKET,3691,Export ERP master_product_updated.xlsx (diunduh 2026-10-06),,,,4,,,,,,D,,,
product.0_S_06_015_125000_00,"Socket - D 5""",FITTING PVC,FITTING · SOCKET,3692,Export ERP master_product_updated.xlsx (diunduh 2026-10-06),,,,5,,,,,,D,,,
product.0_S_06_015_150000_00,"Socket - D 6""",FITTING PVC,FITTING · SOCKET,3693,Export ERP master_product_updated.xlsx (diunduh 2026-10-06),,,,6,,,,,,D,,,
product.0_S_06_015_200000_00,"Socket - D 8""",FITTING PVC,FITTING · SOCKET,3694,Export ERP master_product_updated.xlsx (diunduh 2026-10-06),,,,8,,,,,,D,,,
product.0_S_06_015_250000_00,"Socket - D 10""",FITTING PVC,FITTING · SOCKET,3695,Export ERP master_product_updated.xlsx (diunduh 2026-10-06),,,,10,,,,,,D,,,
product.0_S_06_015_300000_00,"Socket - D 12""",FITTING PVC,FITTING · SOCKET,3696,Export ERP master_product_updated.xlsx (diunduh 2026-10-06),,,,12,,,,,,D,,,
product.0_S_06_015_350000_00,"Socket - D 14""",FITTING PVC,FITTING · SOCKET,3697,Export ERP master_product_updated.xlsx (diunduh 2026-10-06),,,,14,,,,,,D,,,
product.0_S_06_017_020016_00,"Red Socket - W 3/4"" x 1/2""",FITTING PVC,FITTING · RED SOCKET,3717,Export ERP master_product_updated.xlsx (diunduh 2026-10-06),,,,1/2; 3/4,,,,,,,,,
product.0_S_06_017_025016_00,"Red Socket - W 1"" x 1/2""",FITTING PVC,FITTING · RED SOCKET,3718,Export ERP master_product_updated.xlsx (diunduh 2026-10-06),,,,1/2; 1,,,,,,,,,
product.0_S_06_017_025020_00,"Red Socket - W 1"" x 3/4""",FITTING PVC,FITTING · RED SOCKET,3719,Export ERP master_product_updated.xlsx (diunduh 2026-10-06),,,,3/4; 1,,,,,,,,,
product.0_S_06_017_040025_00,"Red Socket - W 1 1/2"" x 1""",FITTING PVC,FITTING · RED SOCKET,3720,Export ERP master_product_updated.xlsx (diunduh 2026-10-06),,,,1; 1 1/2,,,,,,,,,
__export__.product_product_14586,"Red Socket - W 1 1/2"" x 40mm",FITTING PVC,FITTING · RED SOCKET,3721,Export ERP master_product_updated.xlsx (diunduh 2026-10-06),,,,1 1/2,,,,,,,,,
product.0_S_06_017_040042_00,"Red Socket - W 1 1/2"" x 1 1/4""",FITTING PVC,FITTING · RED SOCKET,3722,Export ERP master_product_updated.xlsx (diunduh 2026-10-06),,,,1 1/4; 1 1/2,,,,,,,,,
product.0_S_06_017_042016_00,"Red Socket - W 1 1/4""(42) x 1/2""",FITTING PVC,FITTING · RED SOCKET,3723,Export ERP master_product_updated.xlsx (diunduh 2026-10-06),,,,1/2; 1 1/4,,,,,,,,,
product.0_S_06_017_042020_00,"Red Socket - W 1 1/4""(42) x 3/4""",FITTING PVC,FITTING · RED SOCKET,3724,Export ERP master_product_updated.xlsx (diunduh 2026-10-06),,,,3/4; 1 1/4,,,,,,,,,
product.0_S_06_017_042025_00,"Red Socket - W 1 1/4"" x 1""",FITTING PVC,FITTING · RED SOCKET,3725,Export ERP master_product_updated.xlsx (diunduh 2026-10-06),,,,1; 1 1/4,,,,,,,,,
product.0_S_06_017_050016_00,"Red Socket - W 2"" x 1/2""",FITTING PVC,FITTING · RED SOCKET,3726,Export ERP master_product_updated.xlsx (diunduh 2026-10-06),,,,1/2; 2,,,,,,,,,
product.0_S_06_017_050025_00,"Red Socket - W 2"" x 1""",FITTING PVC,FITTING · RED SOCKET,3727,Export ERP master_product_updated.xlsx (diunduh 2026-10-06),,,,1; 2,,,,,,,,,
product.0_S_06_017_050038_00,"Red Socket - W 2"" x 1 1/4""",FITTING PVC,FITTING · RED SOCKET,3728,Export ERP master_product_updated.xlsx (diunduh 2026-10-06),,,,1 1/4; 2,,,,,,,,,
product.0_S_06_017_050040_00,"Red Socket - W 2"" x 1 1/2""",FITTING PVC,FITTING · RED SOCKET,3729,Export ERP master_product_updated.xlsx (diunduh 2026-10-06),,,,1 1/2; 2,,,,,,,,,
product.0_S_06_017_065040_00,"Red Socket - W 2 1/2"" x 1 1/2""",FITTING PVC,FITTING · RED SOCKET,3730,Export ERP master_product_updated.xlsx (diunduh 2026-10-06),,,,1 1/2; 2 1/2,,,,,,,,,
product.0_S_06_017_065050_00,"Red Socket - W 2 1/2"" x 2""",FITTING PVC,FITTING · RED SOCKET,3731,Export ERP master_product_updated.xlsx (diunduh 2026-10-06),,,,2; 2 1/2,,,,,,,,,
product.0_S_06_017_075016_00,"Red Socket - W 3"" x 1/2""",FITTING PVC,FITTING · RED SOCKET,3732,Export ERP master_product_updated.xlsx (diunduh 2026-10-06),,,,1/2; 3,,,,,,,,,
product.0_S_06_017_075040_00,"Red Socket - W 3"" x 1 1/2""",FITTING PVC,FITTING · RED SOCKET,3733,Export ERP master_product_updated.xlsx (diunduh 2026-10-06),,,,1 1/2; 3,,,,,,,,,
product.0_S_06_017_075042_00,"Red Socket - W 3"" x 1 1/4""",FITTING PVC,FITTING · RED SOCKET,3734,Export ERP master_product_updated.xlsx (diunduh 2026-10-06),,,,1 1/4; 3,,,,,,,,,
product.0_S_06_017_075050_00,"Red Socket - W 3"" x 2""",FITTING PVC,FITTING · RED SOCKET,3735,Export ERP master_product_updated.xlsx (diunduh 2026-10-06),,,,2; 3,,,,,,,,,
product.0_S_06_017_075065_00,"Red Socket - W 3"" x 2 1/2""",FITTING PVC,FITTING · RED SOCKET,3736,Export ERP master_product_updated.xlsx (diunduh 2026-10-06),,,,2 1/2; 3,,,,,,,,,
product.0_S_06_017_100025_00,"Red Socket - W 4"" x 1""",FITTING PVC,FITTING · RED SOCKET,3737,Export ERP master_product_updated.xlsx (diunduh 2026-10-06),,,,1; 4,,,,,,,,,
__export__.product_product_18723,"Red Socket - W 4"" x 1 1/2""",FITTING PVC,FITTING · RED SOCKET,3738,Export ERP master_product_updated.xlsx (diunduh 2026-10-06),,,,1 1/2; 4,,,,,,,,,
product.0_S_06_017_100050_00,"Red Socket - W 4"" x 2""",FITTING PVC,FITTING · RED SOCKET,3739,Export ERP master_product_updated.xlsx (diunduh 2026-10-06),,,,2; 4,,,,,,,,,
product.0_S_06_017_100065_00,"Red Socket - W 4"" x 2 1/2""",FITTING PVC,FITTING · RED SOCKET,3740,Export ERP master_product_updated.xlsx (diunduh 2026-10-06),,,,2 1/2; 4,,,,,,,,,
product.0_S_06_017_100075_00,"Red Socket - W 4"" x 3""",FITTING PVC,FITTING · RED SOCKET,3741,Export ERP master_product_updated.xlsx (diunduh 2026-10-06),,,,3; 4,,,,,,,,,
__export__.product_product_19282,"Red Socket - W 4"" x 110 mm",FITTING PVC,FITTING · RED SOCKET,3742,Export ERP master_product_updated.xlsx (diunduh 2026-10-06),,,,4,,,,,,,,,
product.0_S_06_017_125100_00,"Red Socket - W 5"" x 4""",FITTING PVC,FITTING · RED SOCKET,3743,Export ERP master_product_updated.xlsx (diunduh 2026-10-06),,,,4; 5,,,,,,,,,
product.0_S_06_017_150050_00,"Red Socket - W 6"" x 2""",FITTING PVC,FITTING · RED SOCKET,3744,Export ERP master_product_updated.xlsx (diunduh 2026-10-06),,,,2; 6,,,,,,,,,
product.0_S_06_017_150065_00,"Red Socket - W 6"" x 2 1/2""",FITTING PVC,FITTING · RED SOCKET,3745,Export ERP master_product_updated.xlsx (diunduh 2026-10-06),,,,2 1/2; 6,,,,,,,,,
__export__.product_product_18785,"Red Socket - W 6"" x 3""",FITTING PVC,FITTING · RED SOCKET,3746,Export ERP master_product_updated.xlsx (diunduh 2026-10-06),,,,3; 6,,,,,,,,,
product.0_S_06_017_150100_00,"Red Socket - W 6"" x 4""",FITTING PVC,FITTING · RED SOCKET,3747,Export ERP master_product_updated.xlsx (diunduh 2026-10-06),,,,4; 6,,,,,,,,,
product.0_S_06_017_150125_00,"Red Socket - W 6"" x 5""",FITTING PVC,FITTING · RED SOCKET,3748,Export ERP master_product_updated.xlsx (diunduh 2026-10-06),,,,5; 6,,,,,,,,,
__export__.product_product_19281,"Red Socket - W 6"" x 150 mm",FITTING PVC,FITTING · RED SOCKET,3749,Export ERP master_product_updated.xlsx (diunduh 2026-10-06),,,,6,,,,,,,,,
product.0_S_06_017_200050_00,"Red Socket - W 8"" x 2""",FITTING PVC,FITTING · RED SOCKET,3750,Export ERP master_product_updated.xlsx (diunduh 2026-10-06),,,,2; 8,,,,,,,,,
product.0_S_06_017_200100_00,"Red Socket - W 8"" x 4""",FITTING PVC,FITTING · RED SOCKET,3751,Export ERP master_product_updated.xlsx (diunduh 2026-10-06),,,,4; 8,,,,,,,,,
__export__.product_product_13768,"Red Socket - W 8"" x 5""",FITTING PVC,FITTING · RED SOCKET,3752,Export ERP master_product_updated.xlsx (diunduh 2026-10-06),,,,5; 8,,,,,,,,,
product.0_S_06_017_200150_00,"Red Socket - W 8"" x 6""",FITTING PVC,FITTING · RED SOCKET,3753,Export ERP master_product_updated.xlsx (diunduh 2026-10-06),,,,6; 8,,,,,,,,,
__export__.product_product_17454,"Red Socket - W 10"" x 6""",FITTING PVC,FITTING · RED SOCKET,3754,Export ERP master_product_updated.xlsx (diunduh 2026-10-06),,,,6; 10,,,,,,,,,
product.0_S_06_017_250200_00,"Red Socket - W 10"" x 8""",FITTING PVC,FITTING · RED SOCKET,3755,Export ERP master_product_updated.xlsx (diunduh 2026-10-06),,,,8; 10,,,,,,,,,
__export__.product_product_14977,"Red Socket - W 12"" x 4""",FITTING PVC,FITTING · RED SOCKET,3756,Export ERP master_product_updated.xlsx (diunduh 2026-10-06),,,,4; 12,,,,,,,,,
product.0_S_06_017_300200_00,"Red Socket - W 12"" x 8""",FITTING PVC,FITTING · RED SOCKET,3757,Export ERP master_product_updated.xlsx (diunduh 2026-10-06),,,,8; 12,,,,,,,,,
product.0_S_06_017_300250_00,"Red Socket - W 12"" x 10""",FITTING PVC,FITTING · RED SOCKET,3758,Export ERP master_product_updated.xlsx (diunduh 2026-10-06),,,,10; 12,,,,,,,,,
product.0_S_06_017_350200_00,"Red Socket - W 14"" x 8""",FITTING PVC,FITTING · RED SOCKET,3759,Export ERP master_product_updated.xlsx (diunduh 2026-10-06),,,,8; 14,,,,,,,,,
__export__.product_product_14496,"Red Socket - W 400 mm x 10""",FITTING PVC,FITTING · RED SOCKET,3819,Export ERP master_product_updated.xlsx (diunduh 2026-10-06),,,,10,,,,,,,,,
product.0_S_06_019_020016_00,"Red Socket - D 3/4"" x 1/2""",FITTING PVC,FITTING · RED SOCKET,3827,Export ERP master_product_updated.xlsx (diunduh 2026-10-06),,,,1/2; 3/4,,,,,,D,,,
product.0_S_06_019_025016_00,"Red Socket - D 1"" x 1/2""",FITTING PVC,FITTING · RED SOCKET,3828,Export ERP master_product_updated.xlsx (diunduh 2026-10-06),,,,1/2; 1,,,,,,D,,,
product.0_S_06_019_025020_00,"Red Socket - D 1"" x 3/4""",FITTING PVC,FITTING · RED SOCKET,3829,Export ERP master_product_updated.xlsx (diunduh 2026-10-06),,,,3/4; 1,,,,,,D,,,
product.0_S_06_019_040025_00,"Red Socket - D 1 1/2"" x 1""",FITTING PVC,FITTING · RED SOCKET,3830,Export ERP master_product_updated.xlsx (diunduh 2026-10-06),,,,1; 1 1/2,,,,,,D,,,
product.0_S_06_019_040042_00,"Red Socket - D 1 1/2"" x 1 1/4""(42)",FITTING PVC,FITTING · RED SOCKET,3831,Export ERP master_product_updated.xlsx (diunduh 2026-10-06),,,,1 1/4; 1 1/2,,,,,,D,,,
product.0_S_06_019_042016_00,"Red Socket - D 1 1/4""(42) x 1/2""",FITTING PVC,FITTING · RED SOCKET,3832,Export ERP master_product_updated.xlsx (diunduh 2026-10-06),,,,1/2; 1 1/4,,,,,,D,,,
product.0_S_06_019_042020_00,"Red Socket - D 1 1/4""(42) x 3/4""",FITTING PVC,FITTING · RED SOCKET,3833,Export ERP master_product_updated.xlsx (diunduh 2026-10-06),,,,3/4; 1 1/4,,,,,,D,,,
product.0_S_06_019_042025_00,"Red Socket - D 1 1/4"" x 1""",FITTING PVC,FITTING · RED SOCKET,3834,Export ERP master_product_updated.xlsx (diunduh 2026-10-06),,,,1; 1 1/4,,,,,,D,,,
product.0_S_06_019_050016_00,"Red Socket - D 2"" x 1/2""",FITTING PVC,FITTING · RED SOCKET,3835,Export ERP master_product_updated.xlsx (diunduh 2026-10-06),,,,1/2; 2,,,,,,D,,,
product.0_S_06_019_050025_00,"Red Socket - D 2"" x 1""",FITTING PVC,FITTING · RED SOCKET,3836,Export ERP master_product_updated.xlsx (diunduh 2026-10-06),,,,1; 2,,,,,,D,,,
product.0_S_06_019_050040_00,"Red Socket - D 2"" x 1 1/2""",FITTING PVC,FITTING · RED SOCKET,3837,Export ERP master_product_updated.xlsx (diunduh 2026-10-06),,,,1 1/2; 2,,,,,,D,,,
product.0_S_06_019_050042_00,"Red Socket - D 2"" x 1 1/4""",FITTING PVC,FITTING · RED SOCKET,3838,Export ERP master_product_updated.xlsx (diunduh 2026-10-06),,,,1 1/4; 2,,,,,,D,,,
product.0_S_06_019_065040_00,"Red Socket - D 2 1/2"" x 1 1/2""",FITTING PVC,FITTING · RED SOCKET,3839,Export ERP master_product_updated.xlsx (diunduh 2026-10-06),,,,1 1/2; 2 1/2,,,,,,D,,,
product.0_S_06_019_065050_00,"Red Socket - D 2 1/2"" x 2""",FITTING PVC,FITTING · RED SOCKET,3840,Export ERP master_product_updated.xlsx (diunduh 2026-10-06),,,,2; 2 1/2,,,,,,D,,,
product.0_S_06_019_075016_00,"Red Socket - D 3"" x 1/2""",FITTING PVC,FITTING · RED SOCKET,3841,Export ERP master_product_updated.xlsx (diunduh 2026-10-06),,,,1/2; 3,,,,,,D,,,
product.0_S_06_019_075050_00,"Red Socket - D 3"" x 2""",FITTING PVC,FITTING · RED SOCKET,3842,Export ERP master_product_updated.xlsx (diunduh 2026-10-06),,,,2; 3,,,,,,D,,,
product.0_S_06_019_075065_00,"Red Socket - D 3"" x 2 1/2""",FITTING PVC,FITTING · RED SOCKET,3843,Export ERP master_product_updated.xlsx (diunduh 2026-10-06),,,,2 1/2; 3,,,,,,D,,,
product.0_S_06_019_100025_00,"Red Socket - D 4"" x 1""",FITTING PVC,FITTING · RED SOCKET,3844,Export ERP master_product_updated.xlsx (diunduh 2026-10-06),,,,1; 4,,,,,,D,,,
product.0_S_06_019_100050_00,"Red Socket - D 4"" x 2""",FITTING PVC,FITTING · RED SOCKET,3845,Export ERP master_product_updated.xlsx (diunduh 2026-10-06),,,,2; 4,,,,,,D,,,
product.0_S_06_019_100065_00,"Red Socket - D 4"" x 2 1/2""",FITTING PVC,FITTING · RED SOCKET,3846,Export ERP master_product_updated.xlsx (diunduh 2026-10-06),,,,2 1/2; 4,,,,,,D,,,
product.0_S_06_019_100075_00,"Red Socket - D 4"" x 3""",FITTING PVC,FITTING · RED SOCKET,3847,Export ERP master_product_updated.xlsx (diunduh 2026-10-06),,,,3; 4,,,,,,D,,,
product.0_S_06_019_100150_00,"Red Socket - D 4"" x 6""",FITTING PVC,FITTING · RED SOCKET,3848,Export ERP master_product_updated.xlsx (diunduh 2026-10-06),,,,4; 6,,,,,,D,,,
product.0_S_06_019_125100_00,"Red Socket - D 5"" x 4""",FITTING PVC,FITTING · RED SOCKET,3849,Export ERP master_product_updated.xlsx (diunduh 2026-10-06),,,,4; 5,,,,,,D,,,
product.0_S_06_019_150050_00,"Red Socket - D 6"" x 2""",FITTING PVC,FITTING · RED SOCKET,3850,Export ERP master_product_updated.xlsx (diunduh 2026-10-06),,,,2; 6,,,,,,D,,,
product.0_S_06_019_150100_00,"Red Socket - D 6"" x 4""",FITTING PVC,FITTING · RED SOCKET,3851,Export ERP master_product_updated.xlsx (diunduh 2026-10-06),,,,4; 6,,,,,,D,,,
product.0_S_06_019_150125_00,"Red Socket - D 6"" x 5""",FITTING PVC,FITTING · RED SOCKET,3852,Export ERP master_product_updated.xlsx (diunduh 2026-10-06),,,,5; 6,,,,,,D,,,
product.0_S_06_019_200100_00,"Red Socket - D 8"" x 4""",FITTING PVC,FITTING · RED SOCKET,3853,Export ERP master_product_updated.xlsx (diunduh 2026-10-06),,,,4; 8,,,,,,D,,,
product.0_S_06_019_200150_00,"Red Socket - D 8"" x 6""",FITTING PVC,FITTING · RED SOCKET,3854,Export ERP master_product_updated.xlsx (diunduh 2026-10-06),,,,6; 8,,,,,,D,,,
product.0_S_06_019_300200_00,"Red Socket - D 10"" x 4""",FITTING PVC,FITTING · RED SOCKET,3855,Export ERP master_product_updated.xlsx (diunduh 2026-10-06),,,,4; 10,,,,,,D,,,
product.0_S_06_019_250200_00,"Red Socket - D 10"" x 8""",FITTING PVC,FITTING · RED SOCKET,3856,Export ERP master_product_updated.xlsx (diunduh 2026-10-06),,,,8; 10,,,,,,D,,,
product.0_S_06_019_300250_00,"Red Socket - D 12"" x 10""",FITTING PVC,FITTING · RED SOCKET,3857,Export ERP master_product_updated.xlsx (diunduh 2026-10-06),,,,10; 12,,,,,,D,,,
product.0_S_06_019_350200_00,"Red Socket - D 14"" x 8""",FITTING PVC,FITTING · RED SOCKET,3858,Export ERP master_product_updated.xlsx (diunduh 2026-10-06),,,,8; 14,,,,,,D,,,
product.0_S_06_021_050000_00,"Bell Socket - W 2""",FITTING PVC,FITTING · BELL SOCKET,3904,Export ERP master_product_updated.xlsx (diunduh 2026-10-06),,,,2,,,,,,,,,
product.0_S_06_021_065000_00,"Bell Socket - W 2 1/2""",FITTING PVC,FITTING · BELL SOCKET,3905,Export ERP master_product_updated.xlsx (diunduh 2026-10-06),,,,2 1/2,,,,,,,,,
product.0_S_06_021_075000_00,"Bell Socket - W 3""",FITTING PVC,FITTING · BELL SOCKET,3906,Export ERP master_product_updated.xlsx (diunduh 2026-10-06),,,,3,,,,,,,,,
product.0_S_06_021_100000_00,"Bell Socket - W 4""",FITTING PVC,FITTING · BELL SOCKET,3907,Export ERP master_product_updated.xlsx (diunduh 2026-10-06),,,,4,,,,,,,,,
product.0_S_06_021_125000_00,"Bell Socket - W 5""",FITTING PVC,FITTING · BELL SOCKET,3908,Export ERP master_product_updated.xlsx (diunduh 2026-10-06),,,,5,,,,,,,,,
product.0_S_06_021_150000_00,"Bell Socket - W 6""",FITTING PVC,FITTING · BELL SOCKET,3909,Export ERP master_product_updated.xlsx (diunduh 2026-10-06),,,,6,,,,,,,,,
product.0_S_06_021_200000_00,"Bell Socket - W 8""",FITTING PVC,FITTING · BELL SOCKET,3910,Export ERP master_product_updated.xlsx (diunduh 2026-10-06),,,,8,,,,,,,,,
product.0_S_06_021_250000_00,"Bell Socket - W 10""",FITTING PVC,FITTING · BELL SOCKET,3911,Export ERP master_product_updated.xlsx (diunduh 2026-10-06),,,,10,,,,,,,,,
product.0_S_06_021_300000_00,"Bell Socket - W 12""",FITTING PVC,FITTING · BELL SOCKET,3912,Export ERP master_product_updated.xlsx (diunduh 2026-10-06),,,,12,,,,,,,,,
__export__.product_product_15709,"Bell Socket - W 63 mm x 2""",FITTING PVC,FITTING · BELL SOCKET,3914,Export ERP master_product_updated.xlsx (diunduh 2026-10-06),,,,2,,,,,,,,,
__export__.product_product_15710,"Bell Socket - W 90 mm x 3""",FITTING PVC,FITTING · BELL SOCKET,3917,Export ERP master_product_updated.xlsx (diunduh 2026-10-06),,,,3,,,,,,,,,
__export__.product_product_10426,"Bell Socket - W 110 mm x 4""",FITTING PVC,FITTING · BELL SOCKET,3919,Export ERP master_product_updated.xlsx (diunduh 2026-10-06),,,,4,,,,,,,,,
__export__.product_product_15712,"Bell Socket - W 160 mm x 6""",FITTING PVC,FITTING · BELL SOCKET,3922,Export ERP master_product_updated.xlsx (diunduh 2026-10-06),,,,6,,,,,,,,,
__export__.product_product_15713,"Bell Socket - W 200 mm x 8""",FITTING PVC,FITTING · BELL SOCKET,3925,Export ERP master_product_updated.xlsx (diunduh 2026-10-06),,,,8,,,,,,,,,
product.0_S_06_023_050000_00,"Bell Socket - D 2""",FITTING PVC,FITTING · BELL SOCKET,3936,Export ERP master_product_updated.xlsx (diunduh 2026-10-06),,,,2,,,,,,D,,,
product.0_S_06_023_065000_00,"Bell Socket - D 2 1/2""",FITTING PVC,FITTING · BELL SOCKET,3937,Export ERP master_product_updated.xlsx (diunduh 2026-10-06),,,,2 1/2,,,,,,D,,,
product.0_S_06_023_075000_00,"Bell Socket - D 3""",FITTING PVC,FITTING · BELL SOCKET,3938,Export ERP master_product_updated.xlsx (diunduh 2026-10-06),,,,3,,,,,,D,,,
product.0_S_06_023_100000_00,"Bell Socket - D 4""",FITTING PVC,FITTING · BELL SOCKET,3939,Export ERP master_product_updated.xlsx (diunduh 2026-10-06),,,,4,,,,,,D,,,
product.0_S_06_023_125000_00,"Bell Socket - D 5""",FITTING PVC,FITTING · BELL SOCKET,3940,Export ERP master_product_updated.xlsx (diunduh 2026-10-06),,,,5,,,,,,D,,,
product.0_S_06_023_150000_00,"Bell Socket - D 6""",FITTING PVC,FITTING · BELL SOCKET,3941,Export ERP master_product_updated.xlsx (diunduh 2026-10-06),,,,6,,,,,,D,,,
product.0_S_06_023_200000_00,"Bell Socket - D 8""",FITTING PVC,FITTING · BELL SOCKET,3942,Export ERP master_product_updated.xlsx (diunduh 2026-10-06),,,,8,,,,,,D,,,
product.0_S_06_023_250000_00,"Bell Socket - D 10""",FITTING PVC,FITTING · BELL SOCKET,3943,Export ERP master_product_updated.xlsx (diunduh 2026-10-06),,,,10,,,,,,D,,,
product.0_S_06_023_300000_00,"Bell Socket - D 12""",FITTING PVC,FITTING · BELL SOCKET,3944,Export ERP master_product_updated.xlsx (diunduh 2026-10-06),,,,12,,,,,,D,,,
__export__.product_product_10427,"Bell Socket - D 110 mm x 4""",FITTING PVC,FITTING · BELL SOCKET,3952,Export ERP master_product_updated.xlsx (diunduh 2026-10-06),,,,4,,,,,,D,,,
__export__.product_product_17494,"Bell Socket - D 250 mm x 10 "" Coklat",FITTING PVC,FITTING · BELL SOCKET,3960,Export ERP master_product_updated.xlsx (diunduh 2026-10-06),Warna: Coklat,,,10,,,,,,D,,,
product.0_S_06_025_050040_00,"Bell Reducer - W 2"" x 1 1/2""",FITTING PVC,FITTING · BELL REDUCER,3969,Export ERP master_product_updated.xlsx (diunduh 2026-10-06),,,,1 1/2; 2,,,,,,,,,
product.0_S_06_025_075050_00,"Bell Reducer - W 3"" x 2""",FITTING PVC,FITTING · BELL REDUCER,3970,Export ERP master_product_updated.xlsx (diunduh 2026-10-06),,,,2; 3,,,,,,,,,
__export__.product_product_13134,"Bell Reducer - W 4"" x 2""",FITTING PVC,FITTING · BELL REDUCER,3971,Export ERP master_product_updated.xlsx (diunduh 2026-10-06),,,,2; 4,,,,,,,,,
product.0_S_06_025_100075_00,"Bell Reducer - W 4"" x 3""",FITTING PVC,FITTING · BELL REDUCER,3972,Export ERP master_product_updated.xlsx (diunduh 2026-10-06),,,,3; 4,,,,,,,,,
product.0_S_06_025_125100_00,"Bell Reducer - W 5"" x 4""",FITTING PVC,FITTING · BELL REDUCER,3973,Export ERP master_product_updated.xlsx (diunduh 2026-10-06),,,,4; 5,,,,,,,,,
__export__.product_product_13569,"Bell Reducer - W 6"" x 4""",FITTING PVC,FITTING · BELL REDUCER,3974,Export ERP master_product_updated.xlsx (diunduh 2026-10-06),,,,4; 6,,,,,,,,,
product.0_S_06_025_200150_00,"Bell Reducer - W 8"" x 6""",FITTING PVC,FITTING · BELL REDUCER,3975,Export ERP master_product_updated.xlsx (diunduh 2026-10-06),,,,6; 8,,,,,,,,,
product.0_S_06_025_250200_00,"Bell Reducer - W 10"" x 8""",FITTING PVC,FITTING · BELL REDUCER,3976,Export ERP master_product_updated.xlsx (diunduh 2026-10-06),,,,8; 10,,,,,,,,,
product.0_S_06_025_300100_00,"Bell Reducer - W 12"" x 4""",FITTING PVC,FITTING · BELL REDUCER,3977,Export ERP master_product_updated.xlsx (diunduh 2026-10-06),,,,4; 12,,,,,,,,,
product.0_S_06_025_300250_00,"Bell Reducer - W 12"" x 10""",FITTING PVC,FITTING · BELL REDUCER,3978,Export ERP master_product_updated.xlsx (diunduh 2026-10-06),,,,10; 12,,,,,,,,,
__export__.product_product_18157,"Bell Reducer - W 160 mm x 4""",FITTING PVC,FITTING · BELL REDUCER,3999,Export ERP master_product_updated.xlsx (diunduh 2026-10-06),,,,4,,,,,,,,,
product.0_S_06_027_050040_00,"Bell Reducer - D 2"" x 1 1/2""",FITTING PVC,FITTING · BELL REDUCER,4036,Export ERP master_product_updated.xlsx (diunduh 2026-10-06),,,,1 1/2; 2,,,,,,D,,,
product.0_S_06_027_075050_00,"Bell Reducer - D 3"" x 2""",FITTING PVC,FITTING · BELL REDUCER,4037,Export ERP master_product_updated.xlsx (diunduh 2026-10-06),,,,2; 3,,,,,,D,,,
product.0_S_06_027_100075_00,"Bell Reducer - D 4"" x 3""",FITTING PVC,FITTING · BELL REDUCER,4038,Export ERP master_product_updated.xlsx (diunduh 2026-10-06),,,,3; 4,,,,,,D,,,
product.0_S_06_027_150100_00,"Bell Reducer - D 5"" x 4""",FITTING PVC,FITTING · BELL REDUCER,4039,Export ERP master_product_updated.xlsx (diunduh 2026-10-06),,,,4; 5,,,,,,D,,,
product.0_S_06_027_150101_00,"Bell Reducer - D 6"" x 4""",FITTING PVC,FITTING · BELL REDUCER,4040,Export ERP master_product_updated.xlsx (diunduh 2026-10-06),,,,4; 6,,,,,,D,,,
product.0_S_06_027_200150_00,"Bell Reducer - D 8"" x 6""",FITTING PVC,FITTING · BELL REDUCER,4041,Export ERP master_product_updated.xlsx (diunduh 2026-10-06),,,,6; 8,,,,,,D,,,
product.0_S_06_027_250200_00,"Bell Reducer - D 10"" x 8""",FITTING PVC,FITTING · BELL REDUCER,4042,Export ERP master_product_updated.xlsx (diunduh 2026-10-06),,,,8; 10,,,,,,D,,,
product.0_S_06_027_300100_00,"Bell Reducer - D 12"" x 4""",FITTING PVC,FITTING · BELL REDUCER,4043,Export ERP master_product_updated.xlsx (diunduh 2026-10-06),,,,4; 12,,,,,,D,,,
product.0_S_06_027_300250_00,"Bell Reducer - D 12"" x 10""",FITTING PVC,FITTING · BELL REDUCER,4044,Export ERP master_product_updated.xlsx (diunduh 2026-10-06),,,,10; 12,,,,,,D,,,
__export__.product_product_16338,"Single Socket W - 32 mm x 3/4""",FITTING PVC,FITTING · SINGLE SOCKET W,4086,Export ERP master_product_updated.xlsx (diunduh 2026-10-06),,,,3/4,,,,,,,,,
__export__.product_product_16337,"Single Socket W - 50 mm x 1""",FITTING PVC,FITTING · SINGLE SOCKET W,4087,Export ERP master_product_updated.xlsx (diunduh 2026-10-06),,,,1,,,,,,,,,
__export__.product_product_16340,"Single Socket W - 50 mm x 1 1/2""",FITTING PVC,FITTING · SINGLE SOCKET W,4088,Export ERP master_product_updated.xlsx (diunduh 2026-10-06),,,,1 1/2,,,,,,,,,
__export__.product_product_16336,"Single Socket W - 63 mm x 1""",FITTING PVC,FITTING · SINGLE SOCKET W,4089,Export ERP master_product_updated.xlsx (diunduh 2026-10-06),,,,1,,,,,,,,,
__export__.product_product_16333,"Single Socket W - 63 mm x 1 1/2""",FITTING PVC,FITTING · SINGLE SOCKET W,4090,Export ERP master_product_updated.xlsx (diunduh 2026-10-06),,,,1 1/2,,,,,,,,,
__export__.product_product_13494,"Single Socket W - 63 mm x 2""",FITTING PVC,FITTING · SINGLE SOCKET W,4091,Export ERP master_product_updated.xlsx (diunduh 2026-10-06),,,,2,,,,,,,,,
__export__.product_product_16334,"Single Socket W - 75 mm x 2""",FITTING PVC,FITTING · SINGLE SOCKET W,4092,Export ERP master_product_updated.xlsx (diunduh 2026-10-06),,,,2,,,,,,,,,
__export__.product_product_16341,"Single Socket W - 75 mm x 2 1/2""",FITTING PVC,FITTING · SINGLE SOCKET W,4093,Export ERP master_product_updated.xlsx (diunduh 2026-10-06),,,,2 1/2,,,,,,,,,
__export__.product_product_13752,"Single Socket W - 3"" x 90 mm",FITTING PVC,FITTING · SINGLE SOCKET W,4094,Export ERP master_product_updated.xlsx (diunduh 2026-10-06),,,,3,,,,,,,,,
__export__.product_product_16339,"Single Socket W - 90 mm x 2""",FITTING PVC,FITTING · SINGLE SOCKET W,4095,Export ERP master_product_updated.xlsx (diunduh 2026-10-06),,,,2,,,,,,,,,
__export__.product_product_16335,"Single Socket W - 90 mm x 2 1/2""",FITTING PVC,FITTING · SINGLE SOCKET W,4096,Export ERP master_product_updated.xlsx (diunduh 2026-10-06),,,,2 1/2,,,,,,,,,
__export__.product_product_16342,"Single Socket W - 90 mm x 3""",FITTING PVC,FITTING · SINGLE SOCKET W,4097,Export ERP master_product_updated.xlsx (diunduh 2026-10-06),,,,3,,,,,,,,,
product.0_S_06_045_016000_00,"Bell Spigot - W 1/2""",FITTING PVC,FITTING · BELL SPIGOT,4105,Export ERP master_product_updated.xlsx (diunduh 2026-10-06),,,,1/2,,,,,,,,,
product.0_S_06_045_020000_00,"Bell Spigot - W 3/4""",FITTING PVC,FITTING · BELL SPIGOT,4106,Export ERP master_product_updated.xlsx (diunduh 2026-10-06),,,,3/4,,,,,,,,,
product.0_S_06_045_025000_00,"Bell Spigot - W 1""",FITTING PVC,FITTING · BELL SPIGOT,4107,Export ERP master_product_updated.xlsx (diunduh 2026-10-06),,,,1,,,,,,,,,
product.0_S_06_045_040000_00,"Bell Spigot - W 1 1/2""",FITTING PVC,FITTING · BELL SPIGOT,4108,Export ERP master_product_updated.xlsx (diunduh 2026-10-06),,,,1 1/2,,,,,,,,,
product.0_S_06_045_042000_00,"Bell Spigot - W 1 1/4""",FITTING PVC,FITTING · BELL SPIGOT,4109,Export ERP master_product_updated.xlsx (diunduh 2026-10-06),,,,1 1/4,,,,,,,,,
product.0_S_06_045_050000_00,"Bell Spigot - W 2""",FITTING PVC,FITTING · BELL SPIGOT,4110,Export ERP master_product_updated.xlsx (diunduh 2026-10-06),,,,2,,,,,,,,,
product.0_S_06_045_065000_00,"Bell Spigot - W 2 1/2""",FITTING PVC,FITTING · BELL SPIGOT,4111,Export ERP master_product_updated.xlsx (diunduh 2026-10-06),,,,2 1/2,,,,,,,,,
product.0_S_06_045_075000_00,"Bell Spigot - W 3""",FITTING PVC,FITTING · BELL SPIGOT,4112,Export ERP master_product_updated.xlsx (diunduh 2026-10-06),,,,3,,,,,,,,,
product.0_S_06_045_100000_00,"Bell Spigot - W 4""",FITTING PVC,FITTING · BELL SPIGOT,4113,Export ERP master_product_updated.xlsx (diunduh 2026-10-06),,,,4,,,,,,,,,
product.0_S_06_045_125000_00,"Bell Spigot - W 5""",FITTING PVC,FITTING · BELL SPIGOT,4114,Export ERP master_product_updated.xlsx (diunduh 2026-10-06),,,,5,,,,,,,,,
product.0_S_06_045_160000_00,"Bell Spigot - W 6""",FITTING PVC,FITTING · BELL SPIGOT,4115,Export ERP master_product_updated.xlsx (diunduh 2026-10-06),,,,6,,,,,,,,,
product.0_S_06_045_200000_00,"Bell Spigot - W 8""",FITTING PVC,FITTING · BELL SPIGOT,4116,Export ERP master_product_updated.xlsx (diunduh 2026-10-06),,,,8,,,,,,,,,
product.0_S_06_045_250000_00,"Bell Spigot - W 10""",FITTING PVC,FITTING · BELL SPIGOT,4117,Export ERP master_product_updated.xlsx (diunduh 2026-10-06),,,,10,,,,,,,,,
product.0_S_06_045_300000_00,"Bell Spigot - W 12""",FITTING PVC,FITTING · BELL SPIGOT,4118,Export ERP master_product_updated.xlsx (diunduh 2026-10-06),,,,12,,,,,,,,,
product.0_S_06_045_350000_00,"Bell Spigot - W 14""",FITTING PVC,FITTING · BELL SPIGOT,4119,Export ERP master_product_updated.xlsx (diunduh 2026-10-06),,,,14,,,,,,,,,
product.0_S_06_047_016000_00,"Bell Spigot - D 1/2""",FITTING PVC,FITTING · BELL SPIGOT,4134,Export ERP master_product_updated.xlsx (diunduh 2026-10-06),,,,1/2,,,,,,D,,,
product.0_S_06_047_020000_00,"Bell Spigot - D 3/4""",FITTING PVC,FITTING · BELL SPIGOT,4135,Export ERP master_product_updated.xlsx (diunduh 2026-10-06),,,,3/4,,,,,,D,,,
product.0_S_06_047_025000_00,"Bell Spigot - D 1""",FITTING PVC,FITTING · BELL SPIGOT,4136,Export ERP master_product_updated.xlsx (diunduh 2026-10-06),,,,1,,,,,,D,,,
product.0_S_06_047_040000_00,"Bell Spigot - D 1 1/2""",FITTING PVC,FITTING · BELL SPIGOT,4137,Export ERP master_product_updated.xlsx (diunduh 2026-10-06),,,,1 1/2,,,,,,D,,,
product.0_S_06_047_042000_00,"Bell Spigot - D 1 1/4""",FITTING PVC,FITTING · BELL SPIGOT,4138,Export ERP master_product_updated.xlsx (diunduh 2026-10-06),,,,1 1/4,,,,,,D,,,
product.0_S_06_047_050000_00,"Bell Spigot - D 2""",FITTING PVC,FITTING · BELL SPIGOT,4139,Export ERP master_product_updated.xlsx (diunduh 2026-10-06),,,,2,,,,,,D,,,
product.0_S_06_047_065000_00,"Bell Spigot - D 2 1/2""",FITTING PVC,FITTING · BELL SPIGOT,4140,Export ERP master_product_updated.xlsx (diunduh 2026-10-06),,,,2 1/2,,,,,,D,,,
product.0_S_06_047_075000_00,"Bell Spigot - D 3""",FITTING PVC,FITTING · BELL SPIGOT,4141,Export ERP master_product_updated.xlsx (diunduh 2026-10-06),,,,3,,,,,,D,,,
product.0_S_06_047_100000_00,"Bell Spigot - D 4""",FITTING PVC,FITTING · BELL SPIGOT,4142,Export ERP master_product_updated.xlsx (diunduh 2026-10-06),,,,4,,,,,,D,,,
product.0_S_06_047_125000_00,"Bell Spigot - D 5""",FITTING PVC,FITTING · BELL SPIGOT,4143,Export ERP master_product_updated.xlsx (diunduh 2026-10-06),,,,5,,,,,,D,,,
product.0_S_06_047_160000_00,"Bell Spigot - D 6""",FITTING PVC,FITTING · BELL SPIGOT,4144,Export ERP master_product_updated.xlsx (diunduh 2026-10-06),,,,6,,,,,,D,,,
product.0_S_06_047_200000_00,"Bell Spigot - D 8""",FITTING PVC,FITTING · BELL SPIGOT,4145,Export ERP master_product_updated.xlsx (diunduh 2026-10-06),,,,8,,,,,,D,,,
product.0_S_06_047_250000_00,"Bell Spigot - D 10""",FITTING PVC,FITTING · BELL SPIGOT,4146,Export ERP master_product_updated.xlsx (diunduh 2026-10-06),,,,10,,,,,,D,,,
product.0_S_06_047_300000_00,"Bell Spigot - D 12""",FITTING PVC,FITTING · BELL SPIGOT,4147,Export ERP master_product_updated.xlsx (diunduh 2026-10-06),,,,12,,,,,,D,,,
product.0_S_06_047_350000_00,"Bell Spigot - D 14""",FITTING PVC,FITTING · BELL SPIGOT,4148,Export ERP master_product_updated.xlsx (diunduh 2026-10-06),,,,14,,,,,,D,,,
product.0_S_06_049_016000_00,"Flange Spigot - W 1/2""",FITTING PVC,FITTING · FLANGE SPIGOT,4163,Export ERP master_product_updated.xlsx (diunduh 2026-10-06),,,,1/2,,,,,,,,,
product.0_S_06_049_020000_00,"Flange Spigot - W 3/4""",FITTING PVC,FITTING · FLANGE SPIGOT,4164,Export ERP master_product_updated.xlsx (diunduh 2026-10-06),,,,3/4,,,,,,,,,
product.0_S_06_049_025000_00,"Flange Spigot - W 1""",FITTING PVC,FITTING · FLANGE SPIGOT,4165,Export ERP master_product_updated.xlsx (diunduh 2026-10-06),,,,1,,,,,,,,,
product.0_S_06_049_040000_00,"Flange Spigot - W 1 1/2""",FITTING PVC,FITTING · FLANGE SPIGOT,4166,Export ERP master_product_updated.xlsx (diunduh 2026-10-06),,,,1 1/2,,,,,,,,,
product.0_S_06_049_042000_00,"Flange Spigot - W 1 1/4""",FITTING PVC,FITTING · FLANGE SPIGOT,4167,Export ERP master_product_updated.xlsx (diunduh 2026-10-06),,,,1 1/4,,,,,,,,,
product.0_S_06_049_050000_00,"Flange Spigot - W 2""",FITTING PVC,FITTING · FLANGE SPIGOT,4168,Export ERP master_product_updated.xlsx (diunduh 2026-10-06),,,,2,,,,,,,,,
product.0_S_06_049_065000_00,"Flange Spigot - W 2 1/2""",FITTING PVC,FITTING · FLANGE SPIGOT,4169,Export ERP master_product_updated.xlsx (diunduh 2026-10-06),,,,2 1/2,,,,,,,,,
product.0_S_06_049_075000_00,"Flange Spigot - W 3""",FITTING PVC,FITTING · FLANGE SPIGOT,4170,Export ERP master_product_updated.xlsx (diunduh 2026-10-06),,,,3,,,,,,,,,
product.0_S_06_049_100000_00,"Flange Spigot - W 4""",FITTING PVC,FITTING · FLANGE SPIGOT,4171,Export ERP master_product_updated.xlsx (diunduh 2026-10-06),,,,4,,,,,,,,,
product.0_S_06_049_125000_00,"Flange Spigot - W 5""",FITTING PVC,FITTING · FLANGE SPIGOT,4172,Export ERP master_product_updated.xlsx (diunduh 2026-10-06),,,,5,,,,,,,,,
product.0_S_06_049_150000_00,"Flange Spigot - W 6""",FITTING PVC,FITTING · FLANGE SPIGOT,4173,Export ERP master_product_updated.xlsx (diunduh 2026-10-06),,,,6,,,,,,,,,
product.0_S_06_049_200000_00,"Flange Spigot - W 8""",FITTING PVC,FITTING · FLANGE SPIGOT,4174,Export ERP master_product_updated.xlsx (diunduh 2026-10-06),,,,8,,,,,,,,,
product.0_S_06_049_250000_00,"Flange Spigot - W 10""",FITTING PVC,FITTING · FLANGE SPIGOT,4175,Export ERP master_product_updated.xlsx (diunduh 2026-10-06),,,,10,,,,,,,,,
product.0_S_06_049_300000_00,"Flange Spigot - W 12""",FITTING PVC,FITTING · FLANGE SPIGOT,4176,Export ERP master_product_updated.xlsx (diunduh 2026-10-06),,,,12,,,,,,,,,
product.0_S_06_051_016000_00,"Flange Spigot - D 1/2""",FITTING PVC,FITTING · FLANGE SPIGOT,4197,Export ERP master_product_updated.xlsx (diunduh 2026-10-06),,,,1/2,,,,,,D,,,
product.0_S_06_051_020000_00,"Flange Spigot - D 3/4""",FITTING PVC,FITTING · FLANGE SPIGOT,4198,Export ERP master_product_updated.xlsx (diunduh 2026-10-06),,,,3/4,,,,,,D,,,
product.0_S_06_051_025000_00,"Flange Spigot - D 1""",FITTING PVC,FITTING · FLANGE SPIGOT,4199,Export ERP master_product_updated.xlsx (diunduh 2026-10-06),,,,1,,,,,,D,,,
product.0_S_06_051_040000_00,"Flange Spigot - D 1 1/2""",FITTING PVC,FITTING · FLANGE SPIGOT,4200,Export ERP master_product_updated.xlsx (diunduh 2026-10-06),,,,1 1/2,,,,,,D,,,
product.0_S_06_051_042000_00,"Flange Spigot - D 1 1/4""",FITTING PVC,FITTING · FLANGE SPIGOT,4201,Export ERP master_product_updated.xlsx (diunduh 2026-10-06),,,,1 1/4,,,,,,D,,,
product.0_S_06_051_063000_00,"Flange Spigot - D 2""",FITTING PVC,FITTING · FLANGE SPIGOT,4202,Export ERP master_product_updated.xlsx (diunduh 2026-10-06),,,,2,,,,,,D,,,
product.0_S_06_051_065000_00,"Flange Spigot - D 2 1/2""",FITTING PVC,FITTING · FLANGE SPIGOT,4203,Export ERP master_product_updated.xlsx (diunduh 2026-10-06),,,,2 1/2,,,,,,D,,,
product.0_S_06_051_090000_00,"Flange Spigot - D 3""",FITTING PVC,FITTING · FLANGE SPIGOT,4204,Export ERP master_product_updated.xlsx (diunduh 2026-10-06),,,,3,,,,,,D,,,
product.0_S_06_051_100000_00,"Flange Spigot - D 4""",FITTING PVC,FITTING · FLANGE SPIGOT,4205,Export ERP master_product_updated.xlsx (diunduh 2026-10-06),,,,4,,,,,,D,,,
product.0_S_06_051_125000_00,"Flange Spigot - D 5""",FITTING PVC,FITTING · FLANGE SPIGOT,4206,Export ERP master_product_updated.xlsx (diunduh 2026-10-06),,,,5,,,,,,D,,,
product.0_S_06_051_150000_00,"Flange Spigot - D 6""",FITTING PVC,FITTING · FLANGE SPIGOT,4207,Export ERP master_product_updated.xlsx (diunduh 2026-10-06),,,,6,,,,,,D,,,
product.0_S_06_051_200000_00,"Flange Spigot - D 8""",FITTING PVC,FITTING · FLANGE SPIGOT,4208,Export ERP master_product_updated.xlsx (diunduh 2026-10-06),,,,8,,,,,,D,,,
product.0_S_06_051_250000_00,"Flange Spigot - D 10""",FITTING PVC,FITTING · FLANGE SPIGOT,4209,Export ERP master_product_updated.xlsx (diunduh 2026-10-06),,,,10,,,,,,D,,,
product.0_S_06_051_300000_00,"Flange Spigot - D 12""",FITTING PVC,FITTING · FLANGE SPIGOT,4210,Export ERP master_product_updated.xlsx (diunduh 2026-10-06),,,,12,,,,,,D,,,
product.0_S_06_053_050000_00,"Flange Bell End - W 2""",FITTING PVC,FITTING · FLANGE BELL END,4227,Export ERP master_product_updated.xlsx (diunduh 2026-10-06),,,,2,,,,,,,,,
product.0_S_06_053_065000_00,"Flange Bell End - W 2 1/2""",FITTING PVC,FITTING · FLANGE BELL END,4228,Export ERP master_product_updated.xlsx (diunduh 2026-10-06),,,,2 1/2,,,,,,,,,
product.0_S_06_053_075000_00,"Flange Bell End - W 3""",FITTING PVC,FITTING · FLANGE BELL END,4229,Export ERP master_product_updated.xlsx (diunduh 2026-10-06),,,,3,,,,,,,,,
product.0_S_06_053_100000_00,"Flange Bell End - W 4""",FITTING PVC,FITTING · FLANGE BELL END,4230,Export ERP master_product_updated.xlsx (diunduh 2026-10-06),,,,4,,,,,,,,,
product.0_S_06_053_125000_00,"Flange Bell End - W 5""",FITTING PVC,FITTING · FLANGE BELL END,4231,Export ERP master_product_updated.xlsx (diunduh 2026-10-06),,,,5,,,,,,,,,
product.0_S_06_053_150000_00,"Flange Bell End - W 6""",FITTING PVC,FITTING · FLANGE BELL END,4232,Export ERP master_product_updated.xlsx (diunduh 2026-10-06),,,,6,,,,,,,,,
product.0_S_06_053_200000_00,"Flange Bell End - W 8""",FITTING PVC,FITTING · FLANGE BELL END,4233,Export ERP master_product_updated.xlsx (diunduh 2026-10-06),,,,8,,,,,,,,,
product.0_S_06_053_250000_00,"Flange Bell End - W 10""",FITTING PVC,FITTING · FLANGE BELL END,4234,Export ERP master_product_updated.xlsx (diunduh 2026-10-06),,,,10,,,,,,,,,
product.0_S_06_053_300000_00,"Flange Bell End - W 12""",FITTING PVC,FITTING · FLANGE BELL END,4235,Export ERP master_product_updated.xlsx (diunduh 2026-10-06),,,,12,,,,,,,,,
product.0_S_06_053_350000_00,"Flange Bell End - W 14""",FITTING PVC,FITTING · FLANGE BELL END,4236,Export ERP master_product_updated.xlsx (diunduh 2026-10-06),,,,14,,,,,,,,,
product.0_S_06_053_400000_00,"Flange Bell End - W 16""",FITTING PVC,FITTING · FLANGE BELL END,4237,Export ERP master_product_updated.xlsx (diunduh 2026-10-06),,,,16,,,,,,,,,
product.0_S_06_057_050016_00,"Bell Tee TS Branch - W 2"" x 1/2""",FITTING PVC,FITTING · BELL TEE BRANCH,4269,Export ERP master_product_updated.xlsx (diunduh 2026-10-06),,,,1/2; 2,,,,,,,,,
product.0_S_06_057_050020_00,"Bell Tee TS Branch - W 2"" x 3/4""",FITTING PVC,FITTING · BELL TEE BRANCH,4270,Export ERP master_product_updated.xlsx (diunduh 2026-10-06),,,,3/4; 2,,,,,,,,,
product.0_S_06_057_050025_00,"Bell Tee TS Branch - W 2"" x 1""",FITTING PVC,FITTING · BELL TEE BRANCH,4271,Export ERP master_product_updated.xlsx (diunduh 2026-10-06),,,,1; 2,,,,,,,,,
product.0_S_06_057_050040_00,"Bell Tee TS Branch - W 2"" x 1 1/2""",FITTING PVC,FITTING · BELL TEE BRANCH,4272,Export ERP master_product_updated.xlsx (diunduh 2026-10-06),,,,1 1/2; 2,,,,,,,,,
product.0_S_06_057_050050_00,"Bell Tee TS Branch - W 2"" x 2""",FITTING PVC,FITTING · BELL TEE BRANCH,4273,Export ERP master_product_updated.xlsx (diunduh 2026-10-06),,,,2,,,,,,,,,
product.0_S_06_057_075040_00,"Bell Tee TS Branch - W 3"" x 1 1/2""",FITTING PVC,FITTING · BELL TEE BRANCH,4274,Export ERP master_product_updated.xlsx (diunduh 2026-10-06),,,,1 1/2; 3,,,,,,,,,
product.0_S_06_057_075050_00,"Bell Tee TS Branch - W 3"" x 2""",FITTING PVC,FITTING · BELL TEE BRANCH,4275,Export ERP master_product_updated.xlsx (diunduh 2026-10-06),,,,2; 3,,,,,,,,,
product.0_S_06_057_100050_00,"Bell Tee TS Branch - W 4"" x 2""",FITTING PVC,FITTING · BELL TEE BRANCH,4276,Export ERP master_product_updated.xlsx (diunduh 2026-10-06),,,,2; 4,,,,,,,,,
product.0_S_06_057_100075_00,"Bell Tee TS Branch - W 4"" x 3""",FITTING PVC,FITTING · BELL TEE BRANCH,4277,Export ERP master_product_updated.xlsx (diunduh 2026-10-06),,,,3; 4,,,,,,,,,
product.0_S_06_057_100100_00,"Bell Tee TS Branch - W 4"" x 4""",FITTING PVC,FITTING · BELL TEE BRANCH,4278,Export ERP master_product_updated.xlsx (diunduh 2026-10-06),,,,4,,,,,,,,,
__export__.product_product_10094,"Bell Tee TS Branch - W 6"" x 2""",FITTING PVC,FITTING · BELL TEE BRANCH,4279,Export ERP master_product_updated.xlsx (diunduh 2026-10-06),,,,2; 6,,,,,,,,,
product.0_S_06_057_150075_00,"Bell Tee TS Branch - W 6"" x 3'",FITTING PVC,FITTING · BELL TEE BRANCH X 3',4280,Export ERP master_product_updated.xlsx (diunduh 2026-10-06),,,,6,,,,,,,,,
product.0_S_06_057_150150_00,"Bell Tee TS Branch - W 6"" x 6""",FITTING PVC,FITTING · BELL TEE BRANCH,4281,Export ERP master_product_updated.xlsx (diunduh 2026-10-06),,,,6,,,,,,,,,
__export__.product_product_15417,"Bell Tee TS Branch - W 8"" x 2""",FITTING PVC,FITTING · BELL TEE BRANCH,4282,Export ERP master_product_updated.xlsx (diunduh 2026-10-06),,,,2; 8,,,,,,,,,
__export__.product_product_14659,"Bell Tee TS Branch - W 160 mmx 2""",FITTING PVC,FITTING · BELL TEE BRANCH,4304,Export ERP master_product_updated.xlsx (diunduh 2026-10-06),,,,2,,,,,,,,,
product.0_S_06_059_016016_00,"Bell Tee TS Branch - D 1/2"" x 1/2""",FITTING PVC,FITTING · BELL TEE BRANCH,4318,Export ERP master_product_updated.xlsx (diunduh 2026-10-06),,,,1/2,,,,,,D,,,
product.0_S_06_059_020016_00,"Bell Tee TS Branch - D 3/4"" x 1/2""",FITTING PVC,FITTING · BELL TEE BRANCH,4319,Export ERP master_product_updated.xlsx (diunduh 2026-10-06),,,,1/2; 3/4,,,,,,D,,,
product.0_S_06_059_025016_00,"Bell Tee TS Branch - D 1"" x 1/2""",FITTING PVC,FITTING · BELL TEE BRANCH,4320,Export ERP master_product_updated.xlsx (diunduh 2026-10-06),,,,1/2; 1,,,,,,D,,,
product.0_S_06_059_025020_00,"Bell Tee TS Branch - D 1"" x 3/4""",FITTING PVC,FITTING · BELL TEE BRANCH,4321,Export ERP master_product_updated.xlsx (diunduh 2026-10-06),,,,3/4; 1,,,,,,D,,,
product.0_S_06_059_025025_00,"Bell Tee TS Branch - D 1"" x 1""",FITTING PVC,FITTING · BELL TEE BRANCH,4322,Export ERP master_product_updated.xlsx (diunduh 2026-10-06),,,,1,,,,,,D,,,
product.0_S_06_059_050016_00,"Bell Tee TS Branch - D 2"" x 1/2""",FITTING PVC,FITTING · BELL TEE BRANCH,4323,Export ERP master_product_updated.xlsx (diunduh 2026-10-06),,,,1/2; 2,,,,,,D,,,
product.0_S_06_059_050020_00,"Bell Tee TS Branch - D 2"" x 3/4""",FITTING PVC,FITTING · BELL TEE BRANCH,4324,Export ERP master_product_updated.xlsx (diunduh 2026-10-06),,,,3/4; 2,,,,,,D,,,
product.0_S_06_059_050025_00,"Bell Tee TS Branch - D 2"" x 1""",FITTING PVC,FITTING · BELL TEE BRANCH,4325,Export ERP master_product_updated.xlsx (diunduh 2026-10-06),,,,1; 2,,,,,,D,,,
product.0_S_06_059_050040_00,"Bell Tee TS Branch - D 2"" x 1 1/2""",FITTING PVC,FITTING · BELL TEE BRANCH,4326,Export ERP master_product_updated.xlsx (diunduh 2026-10-06),,,,1 1/2; 2,,,,,,D,,,
product.0_S_06_059_050050_00,"Bell Tee TS Branch - D 2"" x 2""",FITTING PVC,FITTING · BELL TEE BRANCH,4327,Export ERP master_product_updated.xlsx (diunduh 2026-10-06),,,,2,,,,,,D,,,
product.0_S_06_059_075040_00,"Bell Tee TS Branch - D 3"" x 1 1/2""",FITTING PVC,FITTING · BELL TEE BRANCH,4328,Export ERP master_product_updated.xlsx (diunduh 2026-10-06),,,,1 1/2; 3,,,,,,D,,,
product.0_S_06_059_075050_00,"Bell Tee TS Branch - D 3"" x 2""",FITTING PVC,FITTING · BELL TEE BRANCH,4329,Export ERP master_product_updated.xlsx (diunduh 2026-10-06),,,,2; 3,,,,,,D,,,
product.0_S_06_059_100050_00,"Bell Tee TS Branch - D 4"" x 2""",FITTING PVC,FITTING · BELL TEE BRANCH,4330,Export ERP master_product_updated.xlsx (diunduh 2026-10-06),,,,2; 4,,,,,,D,,,
product.0_S_06_059_100075_00,"Bell Tee TS Branch - D 4"" x 3""",FITTING PVC,FITTING · BELL TEE BRANCH,4331,Export ERP master_product_updated.xlsx (diunduh 2026-10-06),,,,3; 4,,,,,,D,,,
product.0_S_06_059_100100_00,"Bell Tee TS Branch - D 4"" x 4""",FITTING PVC,FITTING · BELL TEE BRANCH,4332,Export ERP master_product_updated.xlsx (diunduh 2026-10-06),,,,4,,,,,,D,,,
product.0_S_06_059_150075_00,"Bell Tee TS Branch - D 6"" x 3'",FITTING PVC,FITTING · BELL TEE BRANCH X 3',4333,Export ERP master_product_updated.xlsx (diunduh 2026-10-06),,,,6,,,,,,D,,,
product.0_S_06_061_050050_00,"Bell Tee Bell Branch - W 2"" x 2""",FITTING PVC,FITTING · BELL TEE BELL BRANCH,4368,Export ERP master_product_updated.xlsx (diunduh 2026-10-06),,,,2,,,,,,,,,
product.0_S_06_061_075050_00,"Bell Tee Bell Branch - W 3"" x 2'",FITTING PVC,FITTING · BELL TEE BELL BRANCH X 2',4369,Export ERP master_product_updated.xlsx (diunduh 2026-10-06),,,,3,,,,,,,,,
product.0_S_06_061_075075_00,"Bell Tee Bell Branch - W 3"" x 3""",FITTING PVC,FITTING · BELL TEE BELL BRANCH,4370,Export ERP master_product_updated.xlsx (diunduh 2026-10-06),,,,3,,,,,,,,,
product.0_S_06_061_100050_00,"Bell Tee Bell Branch - W 4"" x 2""",FITTING PVC,FITTING · BELL TEE BELL BRANCH,4371,Export ERP master_product_updated.xlsx (diunduh 2026-10-06),,,,2; 4,,,,,,,,,
product.0_S_06_061_100075_00,"Bell Tee Bell Branch - W 4"" x 3""",FITTING PVC,FITTING · BELL TEE BELL BRANCH,4372,Export ERP master_product_updated.xlsx (diunduh 2026-10-06),,,,3; 4,,,,,,,,,
product.0_S_06_061_100100_00,"Bell Tee Bell Branch - W 4"" x 4""",FITTING PVC,FITTING · BELL TEE BELL BRANCH,4373,Export ERP master_product_updated.xlsx (diunduh 2026-10-06),,,,4,,,,,,,,,
product.0_S_06_061_125075_00,"Bell Tee Bell Branch - W 5"" x 3""",FITTING PVC,FITTING · BELL TEE BELL BRANCH,4374,Export ERP master_product_updated.xlsx (diunduh 2026-10-06),,,,3; 5,,,,,,,,,
product.0_S_06_061_125100_00,"Bell Tee Bell Branch - W 5"" x 4""",FITTING PVC,FITTING · BELL TEE BELL BRANCH,4375,Export ERP master_product_updated.xlsx (diunduh 2026-10-06),,,,4; 5,,,,,,,,,
product.0_S_06_061_125125_00,"Bell Tee Bell Branch - W 5"" x 5""",FITTING PVC,FITTING · BELL TEE BELL BRANCH,4376,Export ERP master_product_updated.xlsx (diunduh 2026-10-06),,,,5,,,,,,,,,
product.0_S_06_061_150050_00,"Bell Tee Bell Branch - W 6"" x 2""",FITTING PVC,FITTING · BELL TEE BELL BRANCH,4377,Export ERP master_product_updated.xlsx (diunduh 2026-10-06),,,,2; 6,,,,,,,,,
product.0_S_06_061_150075_00,"Bell Tee Bell Branch - W 6"" x 3""",FITTING PVC,FITTING · BELL TEE BELL BRANCH,4378,Export ERP master_product_updated.xlsx (diunduh 2026-10-06),,,,3; 6,,,,,,,,,
product.0_S_06_061_150100_00,"Bell Tee Bell Branch - W 6"" x 4""",FITTING PVC,FITTING · BELL TEE BELL BRANCH,4379,Export ERP master_product_updated.xlsx (diunduh 2026-10-06),,,,4; 6,,,,,,,,,
product.0_S_06_061_150150_00,"Bell Tee Bell Branch - W 6"" x 6""",FITTING PVC,FITTING · BELL TEE BELL BRANCH,4380,Export ERP master_product_updated.xlsx (diunduh 2026-10-06),,,,6,,,,,,,,,
product.0_S_06_061_200075_00,"Bell Tee Bell Branch (FRP) - W 8"" x 3""",FITTING FRP,FITTING · BELL TEE BELL BRANCH,4381,Export ERP master_product_updated.xlsx (diunduh 2026-10-06),,,,3; 8,,,,,,,,,
product.0_S_06_061_200100_00,"Bell Tee Bell Branch (FRP) - W 8"" x 4""",FITTING FRP,FITTING · BELL TEE BELL BRANCH,4382,Export ERP master_product_updated.xlsx (diunduh 2026-10-06),,,,4; 8,,,,,,,,,
product.0_S_06_061_200125_00,"Bell Tee Bell Branch (FRP) - W 8"" x 5""",FITTING FRP,FITTING · BELL TEE BELL BRANCH,4383,Export ERP master_product_updated.xlsx (diunduh 2026-10-06),,,,5; 8,,,,,,,,,
product.0_S_06_061_200150_00,"Bell Tee Bell Branch (FRP) - W 8"" x 6""",FITTING FRP,FITTING · BELL TEE BELL BRANCH,4384,Export ERP master_product_updated.xlsx (diunduh 2026-10-06),,,,6; 8,,,,,,,,,
product.0_S_06_061_200200_00,"Bell Tee Bell Branch (FRP) - W 8"" x 8""",FITTING FRP,FITTING · BELL TEE BELL BRANCH,4385,Export ERP master_product_updated.xlsx (diunduh 2026-10-06),,,,8,,,,,,,,,
__export__.product_product_18760,"Bell Tee Bell Branch - W 8"" x 8""",FITTING PVC,FITTING · BELL TEE BELL BRANCH,4386,Export ERP master_product_updated.xlsx (diunduh 2026-10-06),,,,8,,,,,,,,,
product.0_S_06_061_300300_00,"Bell Tee Bell Branch (FRP) - W 12"" x 12""",FITTING FRP,FITTING · BELL TEE BELL BRANCH,4387,Export ERP master_product_updated.xlsx (diunduh 2026-10-06),,,,12,,,,,,,,,
product.0_S_06_063_050050_00,"Bell Tee Bell Branch - D 2"" x 2""",FITTING PVC,FITTING · BELL TEE BELL BRANCH,4432,Export ERP master_product_updated.xlsx (diunduh 2026-10-06),,,,2,,,,,,D,,,
product.0_S_06_063_075050_00,"Bell Tee Bell Branch - D 3"" x 2""",FITTING PVC,FITTING · BELL TEE BELL BRANCH,4433,Export ERP master_product_updated.xlsx (diunduh 2026-10-06),,,,2; 3,,,,,,D,,,
product.0_S_06_063_075075_00,"Bell Tee Bell Branch - D 3"" x 3""",FITTING PVC,FITTING · BELL TEE BELL BRANCH,4434,Export ERP master_product_updated.xlsx (diunduh 2026-10-06),,,,3,,,,,,D,,,
product.0_S_06_063_100050_00,"Bell Tee Bell Branch - D 4"" x 2""",FITTING PVC,FITTING · BELL TEE BELL BRANCH,4435,Export ERP master_product_updated.xlsx (diunduh 2026-10-06),,,,2; 4,,,,,,D,,,
product.0_S_06_063_100075_00,"Bell Tee Bell Branch - D 4"" x 3""",FITTING PVC,FITTING · BELL TEE BELL BRANCH,4436,Export ERP master_product_updated.xlsx (diunduh 2026-10-06),,,,3; 4,,,,,,D,,,
product.0_S_06_063_100100_00,"Bell Tee Bell Branch - D 4"" x 4""",FITTING PVC,FITTING · BELL TEE BELL BRANCH,4437,Export ERP master_product_updated.xlsx (diunduh 2026-10-06),,,,4,,,,,,D,,,
product.0_S_06_063_125075_00,"Bell Tee Bell Branch - D 5"" x 3""",FITTING PVC,FITTING · BELL TEE BELL BRANCH,4438,Export ERP master_product_updated.xlsx (diunduh 2026-10-06),,,,3; 5,,,,,,D,,,
product.0_S_06_063_125100_00,"Bell Tee Bell Branch - D 5"" x 4""",FITTING PVC,FITTING · BELL TEE BELL BRANCH,4439,Export ERP master_product_updated.xlsx (diunduh 2026-10-06),,,,4; 5,,,,,,D,,,
product.0_S_06_063_125125_00,"Bell Tee Bell Branch - D 5"" x 5""",FITTING PVC,FITTING · BELL TEE BELL BRANCH,4440,Export ERP master_product_updated.xlsx (diunduh 2026-10-06),,,,5,,,,,,D,,,
product.0_S_06_063_150050_00,"Bell Tee Bell Branch - D 6"" x 2""",FITTING PVC,FITTING · BELL TEE BELL BRANCH,4441,Export ERP master_product_updated.xlsx (diunduh 2026-10-06),,,,2; 6,,,,,,D,,,
product.0_S_06_063_150075_00,"Bell Tee Bell Branch - D 6"" x 3""",FITTING PVC,FITTING · BELL TEE BELL BRANCH,4442,Export ERP master_product_updated.xlsx (diunduh 2026-10-06),,,,3; 6,,,,,,D,,,
product.0_S_06_063_150100_00,"Bell Tee Bell Branch - D 6"" x 4""",FITTING PVC,FITTING · BELL TEE BELL BRANCH,4443,Export ERP master_product_updated.xlsx (diunduh 2026-10-06),,,,4; 6,,,,,,D,,,
product.0_S_06_063_150150_00,"Bell Tee Bell Branch - D 6"" x 6""",FITTING PVC,FITTING · BELL TEE BELL BRANCH,4444,Export ERP master_product_updated.xlsx (diunduh 2026-10-06),,,,6,,,,,,D,,,
product.0_S_06_063_200075_00,"Bell Tee Bell Branch (FRP) - D 8"" x 3""",FITTING FRP,FITTING · BELL TEE BELL BRANCH,4445,Export ERP master_product_updated.xlsx (diunduh 2026-10-06),,,,3; 8,,,,,,D,,,
product.0_S_06_063_200100_00,"Bell Tee Bell Branch (FRP) - D 8"" x 4""",FITTING FRP,FITTING · BELL TEE BELL BRANCH,4446,Export ERP master_product_updated.xlsx (diunduh 2026-10-06),,,,4; 8,,,,,,D,,,
product.0_S_06_063_200125_00,"Bell Tee Bell Branch (FRP) - D 8"" x 5""",FITTING FRP,FITTING · BELL TEE BELL BRANCH,4447,Export ERP master_product_updated.xlsx (diunduh 2026-10-06),,,,5; 8,,,,,,D,,,
product.0_S_06_063_200150_00,"Bell Tee Bell Branch (FRP) - D 8"" x 6""",FITTING FRP,FITTING · BELL TEE BELL BRANCH,4448,Export ERP master_product_updated.xlsx (diunduh 2026-10-06),,,,6; 8,,,,,,D,,,
product.0_S_06_063_200200_00,"Bell Tee Bell Branch (FRP) - D 8"" x 8""",FITTING FRP,FITTING · BELL TEE BELL BRANCH,4449,Export ERP master_product_updated.xlsx (diunduh 2026-10-06),,,,8,,,,,,D,,,
product.0_S_06_063_250075_00,"Bell Tee Bell Branch (FRP) - D 10"" x 3""",FITTING FRP,FITTING · BELL TEE BELL BRANCH,4450,Export ERP master_product_updated.xlsx (diunduh 2026-10-06),,,,3; 10,,,,,,D,,,
product.0_S_06_063_250100_00,"Bell Tee Bell Branch (FRP) - D 10"" x 4""",FITTING FRP,FITTING · BELL TEE BELL BRANCH,4451,Export ERP master_product_updated.xlsx (diunduh 2026-10-06),,,,4; 10,,,,,,D,,,
product.0_S_06_063_250125_00,"Bell Tee Bell Branch (FRP) - D 10"" x 5""",FITTING FRP,FITTING · BELL TEE BELL BRANCH,4452,Export ERP master_product_updated.xlsx (diunduh 2026-10-06),,,,5; 10,,,,,,D,,,
product.0_S_06_063_250150_00,"Bell Tee Bell Branch (FRP) - D 10"" x 6""",FITTING FRP,FITTING · BELL TEE BELL BRANCH,4453,Export ERP master_product_updated.xlsx (diunduh 2026-10-06),,,,6; 10,,,,,,D,,,
product.0_S_06_063_250200_00,"Bell Tee Bell Branch (FRP) - D 10"" x 8""",FITTING FRP,FITTING · BELL TEE BELL BRANCH,4454,Export ERP master_product_updated.xlsx (diunduh 2026-10-06),,,,8; 10,,,,,,D,,,
product.0_S_06_063_250250_00,"Bell Tee Bell Branch (FRP) - D 10"" x 10""",FITTING FRP,FITTING · BELL TEE BELL BRANCH,4455,Export ERP master_product_updated.xlsx (diunduh 2026-10-06),,,,10,,,,,,D,,,
product.0_S_06_065_050050_00,"Bell Tee Flange Branch - W 2"" x 2""",FITTING PVC,FITTING · BELL TEE FLANGE BRANCH,4479,Export ERP master_product_updated.xlsx (diunduh 2026-10-06),,,,2,,,,,,,,,
product.0_S_06_065_075050_00,"Bell Tee Flange Branch - W 3"" x 2""",FITTING PVC,FITTING · BELL TEE FLANGE BRANCH,4480,Export ERP master_product_updated.xlsx (diunduh 2026-10-06),,,,2; 3,,,,,,,,,
product.0_S_06_065_075075_00,"Bell Tee Flange Branch - W 3"" x 3""",FITTING PVC,FITTING · BELL TEE FLANGE BRANCH,4481,Export ERP master_product_updated.xlsx (diunduh 2026-10-06),,,,3,,,,,,,,,
product.0_S_06_065_100050_00,"Bell Tee Flange Branch - W 4"" x 2""",FITTING PVC,FITTING · BELL TEE FLANGE BRANCH,4482,Export ERP master_product_updated.xlsx (diunduh 2026-10-06),,,,2; 4,,,,,,,,,
product.0_S_06_065_100075_00,"Bell Tee Flange Branch - W 4"" x 3""",FITTING PVC,FITTING · BELL TEE FLANGE BRANCH,4483,Export ERP master_product_updated.xlsx (diunduh 2026-10-06),,,,3; 4,,,,,,,,,
product.0_S_06_065_100100_00,"Bell Tee Flange Branch - W 4"" x 4""",FITTING PVC,FITTING · BELL TEE FLANGE BRANCH,4484,Export ERP master_product_updated.xlsx (diunduh 2026-10-06),,,,4,,,,,,,,,
product.0_S_06_065_150075_00,"Bell Tee Flange Branch - W 6"" x 3""",FITTING PVC,FITTING · BELL TEE FLANGE BRANCH,4485,Export ERP master_product_updated.xlsx (diunduh 2026-10-06),,,,3; 6,,,,,,,,,
product.0_S_06_065_150110_00,"Bell Tee Flange Branch - W 6"" x 4""",FITTING PVC,FITTING · BELL TEE FLANGE BRANCH,4486,Export ERP master_product_updated.xlsx (diunduh 2026-10-06),,,,4; 6,,,,,,,,,
product.0_S_06_065_150150_00,"Bell Tee Flange Branch - W 6"" x 6""",FITTING PVC,FITTING · BELL TEE FLANGE BRANCH,4487,Export ERP master_product_updated.xlsx (diunduh 2026-10-06),,,,6,,,,,,,,,
product.0_S_06_065_200100_00,"Bell Tee Flange Branch (FRP) - W 8"" x 4""",FITTING FRP,FITTING · BELL TEE FLANGE BRANCH,4488,Export ERP master_product_updated.xlsx (diunduh 2026-10-06),,,,4; 8,,,,,,,,,
product.0_S_06_065_200200_00,"Bell Tee Flange Branch (FRP) - W 8"" x 8""",FITTING FRP,FITTING · BELL TEE FLANGE BRANCH,4489,Export ERP master_product_updated.xlsx (diunduh 2026-10-06),,,,8,,,,,,,,,
product.0_S_06_065_250100_00,"Bell Tee Flange Branch (FRP) - W 10"" x 4""",FITTING FRP,FITTING · BELL TEE FLANGE BRANCH,4490,Export ERP master_product_updated.xlsx (diunduh 2026-10-06),,,,4; 10,,,,,,,,,
product.0_S_06_065_250125_00,"Bell Tee Flange Branch (FRP) - W 10"" x 5""",FITTING FRP,FITTING · BELL TEE FLANGE BRANCH,4491,Export ERP master_product_updated.xlsx (diunduh 2026-10-06),,,,5; 10,,,,,,,,,
product.0_S_06_065_250150_00,"Bell Tee Flange Branch (FRP) - W 10"" x 6""",FITTING FRP,FITTING · BELL TEE FLANGE BRANCH,4492,Export ERP master_product_updated.xlsx (diunduh 2026-10-06),,,,6; 10,,,,,,,,,
product.0_S_06_065_250200_00,"Bell Tee Flange Branch (FRP) - W 10"" x 8""",FITTING FRP,FITTING · BELL TEE FLANGE BRANCH,4493,Export ERP master_product_updated.xlsx (diunduh 2026-10-06),,,,8; 10,,,,,,,,,
product.0_S_06_065_250250_00,"Bell Tee Flange Branch (FRP) - W 10"" x 10""",FITTING FRP,FITTING · BELL TEE FLANGE BRANCH,4494,Export ERP master_product_updated.xlsx (diunduh 2026-10-06),,,,10,,,,,,,,,
product.0_S_06_065_300100_00,"Bell Tee Flange Branch (FRP) - W 12"" x 4""",FITTING FRP,FITTING · BELL TEE FLANGE BRANCH,4495,Export ERP master_product_updated.xlsx (diunduh 2026-10-06),,,,4; 12,,,,,,,,,
product.0_S_06_065_300150_00,"Bell Tee Flange Branch (FRP) - W 12"" x 6""",FITTING FRP,FITTING · BELL TEE FLANGE BRANCH,4496,Export ERP master_product_updated.xlsx (diunduh 2026-10-06),,,,6; 12,,,,,,,,,
product.0_S_06_065_300200_00,"Bell Tee Flange Branch (FRP) - W 12"" x 8""",FITTING FRP,FITTING · BELL TEE FLANGE BRANCH,4497,Export ERP master_product_updated.xlsx (diunduh 2026-10-06),,,,8; 12,,,,,,,,,
product.0_S_06_065_300250_00,"Bell Tee Flange Branch (FRP) - W 12"" x 10""",FITTING FRP,FITTING · BELL TEE FLANGE BRANCH,4498,Export ERP master_product_updated.xlsx (diunduh 2026-10-06),,,,10; 12,,,,,,,,,
product.0_S_06_065_300300_00,"Bell Tee Flange Branch (FRP) - W 12"" x 12""",FITTING FRP,FITTING · BELL TEE FLANGE BRANCH,4499,Export ERP master_product_updated.xlsx (diunduh 2026-10-06),,,,12,,,,,,,,,
product.0_S_06_067_050050_00,"Bell Tee Flange Branch - D 2"" x 2""",FITTING PVC,FITTING · BELL TEE FLANGE BRANCH,4519,Export ERP master_product_updated.xlsx (diunduh 2026-10-06),,,,2,,,,,,D,,,
product.0_S_06_067_075050_00,"Bell Tee Flange Branch - D 3"" x 2""",FITTING PVC,FITTING · BELL TEE FLANGE BRANCH,4520,Export ERP master_product_updated.xlsx (diunduh 2026-10-06),,,,2; 3,,,,,,D,,,
product.0_S_06_067_075075_00,"Bell Tee Flange Branch - D 3"" x 3""",FITTING PVC,FITTING · BELL TEE FLANGE BRANCH,4521,Export ERP master_product_updated.xlsx (diunduh 2026-10-06),,,,3,,,,,,D,,,
product.0_S_06_067_100050_00,"Bell Tee Flange Branch - D 4"" x 2""",FITTING PVC,FITTING · BELL TEE FLANGE BRANCH,4522,Export ERP master_product_updated.xlsx (diunduh 2026-10-06),,,,2; 4,,,,,,D,,,
product.0_S_06_067_100075_00,"Bell Tee Flange Branch - D 4"" x 3""",FITTING PVC,FITTING · BELL TEE FLANGE BRANCH,4523,Export ERP master_product_updated.xlsx (diunduh 2026-10-06),,,,3; 4,,,,,,D,,,
product.0_S_06_067_100100_00,"Bell Tee Flange Branch - D 4"" x 4""",FITTING PVC,FITTING · BELL TEE FLANGE BRANCH,4524,Export ERP master_product_updated.xlsx (diunduh 2026-10-06),,,,4,,,,,,D,,,
product.0_S_06_067_150075_00,"Bell Tee Flange Branch - D 6"" x 3""",FITTING PVC,FITTING · BELL TEE FLANGE BRANCH,4525,Export ERP master_product_updated.xlsx (diunduh 2026-10-06),,,,3; 6,,,,,,D,,,
product.0_S_06_067_150110_00,"Bell Tee Flange Branch - D 6"" x 4""",FITTING PVC,FITTING · BELL TEE FLANGE BRANCH,4526,Export ERP master_product_updated.xlsx (diunduh 2026-10-06),,,,4; 6,,,,,,D,,,
product.0_S_06_067_150150_00,"Bell Tee Flange Branch - D 6"" x 6""",FITTING PVC,FITTING · BELL TEE FLANGE BRANCH,4527,Export ERP master_product_updated.xlsx (diunduh 2026-10-06),,,,6,,,,,,D,,,
product.0_S_06_067_200100_00,"Bell Tee Flange Branch (FRP) - D 8"" x 4""",FITTING FRP,FITTING · BELL TEE FLANGE BRANCH,4528,Export ERP master_product_updated.xlsx (diunduh 2026-10-06),,,,4; 8,,,,,,D,,,
product.0_S_06_067_200200_00,"Bell Tee Flange Branch (FRP) - D 8"" x 8""",FITTING FRP,FITTING · BELL TEE FLANGE BRANCH,4529,Export ERP master_product_updated.xlsx (diunduh 2026-10-06),,,,8,,,,,,D,,,
product.0_S_06_067_250100_00,"Bell Tee Flange Branch (FRP) - D 10"" x 4""",FITTING FRP,FITTING · BELL TEE FLANGE BRANCH,4530,Export ERP master_product_updated.xlsx (diunduh 2026-10-06),,,,4; 10,,,,,,D,,,
product.0_S_06_067_250125_00,"Bell Tee Flange Branch (FRP) - D 10"" x 5""",FITTING FRP,FITTING · BELL TEE FLANGE BRANCH,4531,Export ERP master_product_updated.xlsx (diunduh 2026-10-06),,,,5; 10,,,,,,D,,,
product.0_S_06_067_250150_00,"Bell Tee Flange Branch (FRP) - D 10"" x 6""",FITTING FRP,FITTING · BELL TEE FLANGE BRANCH,4532,Export ERP master_product_updated.xlsx (diunduh 2026-10-06),,,,6; 10,,,,,,D,,,
product.0_S_06_067_250200_00,"Bell Tee Flange Branch (FRP) - D 10"" x 8""",FITTING FRP,FITTING · BELL TEE FLANGE BRANCH,4533,Export ERP master_product_updated.xlsx (diunduh 2026-10-06),,,,8; 10,,,,,,D,,,
product.0_S_06_067_250250_00,"Bell Tee Flange Branch (FRP) - D 10"" x 10""",FITTING FRP,FITTING · BELL TEE FLANGE BRANCH,4534,Export ERP master_product_updated.xlsx (diunduh 2026-10-06),,,,10,,,,,,D,,,
product.0_S_06_067_300100_00,"Bell Tee Flange Branch (FRP) - D 12"" x 4""",FITTING FRP,FITTING · BELL TEE FLANGE BRANCH,4535,Export ERP master_product_updated.xlsx (diunduh 2026-10-06),,,,4; 12,,,,,,D,,,
product.0_S_06_067_300150_00,"Bell Tee Flange Branch (FRP) - D 12"" x 6""",FITTING FRP,FITTING · BELL TEE FLANGE BRANCH,4536,Export ERP master_product_updated.xlsx (diunduh 2026-10-06),,,,6; 12,,,,,,D,,,
product.0_S_06_067_300200_00,"Bell Tee Flange Branch (FRP) - D 12"" x 8""",FITTING FRP,FITTING · BELL TEE FLANGE BRANCH,4537,Export ERP master_product_updated.xlsx (diunduh 2026-10-06),,,,8; 12,,,,,,D,,,
product.0_S_06_067_300250_00,"Bell Tee Flange Branch (FRP) - D 12"" x 10""",FITTING FRP,FITTING · BELL TEE FLANGE BRANCH,4538,Export ERP master_product_updated.xlsx (diunduh 2026-10-06),,,,10; 12,,,,,,D,,,
product.0_S_06_067_300300_00,"Bell Tee Flange Branch (FRP) - D 12"" x 12""",FITTING FRP,FITTING · BELL TEE FLANGE BRANCH,4539,Export ERP master_product_updated.xlsx (diunduh 2026-10-06),,,,12,,,,,,D,,,
product.0_S_06_069_050040_00,"All Bell Tee TS - W 2"" x 1 1/2""",FITTING PVC,FITTING · ALL BELL TEE,4558,Export ERP master_product_updated.xlsx (diunduh 2026-10-06),,,,1 1/2; 2,,,,,,,,,
product.0_S_06_069_050042_00,"All Bell Tee TS - W 2"" x 1 1/4""(42)",FITTING PVC,FITTING · ALL BELL TEE,4559,Export ERP master_product_updated.xlsx (diunduh 2026-10-06),,,,1 1/4; 2,,,,,,,,,
product.0_S_06_069_050050_00,"All Bell Tee TS - W 2"" x 2""",FITTING PVC,FITTING · ALL BELL TEE,4560,Export ERP master_product_updated.xlsx (diunduh 2026-10-06),,,,2,,,,,,,,,
product.0_S_06_069_075075_00,"All Bell Tee TS - W 3"" x 3""",FITTING PVC,FITTING · ALL BELL TEE,4561,Export ERP master_product_updated.xlsx (diunduh 2026-10-06),,,,3,,,,,,,,,
__export__.product_product_13727,"All Bell Tee TS - W 10"" x 1""",FITTING PVC,FITTING · ALL BELL TEE,4562,Export ERP master_product_updated.xlsx (diunduh 2026-10-06),,,,1; 10,,,,,,,,,
__export__.product_product_13729,"All Bell Tee TS - W 10"" x 6""",FITTING PVC,FITTING · ALL BELL TEE,4563,Export ERP master_product_updated.xlsx (diunduh 2026-10-06),,,,6; 10,,,,,,,,,
__export__.product_product_13728,"All Bell Tee TS - W 12"" x 1""",FITTING PVC,FITTING · ALL BELL TEE,4564,Export ERP master_product_updated.xlsx (diunduh 2026-10-06),,,,1; 12,,,,,,,,,
__export__.product_product_16680,"All Bell Tee TS - W 200 mm x 6""",FITTING PVC,FITTING · ALL BELL TEE,4578,Export ERP master_product_updated.xlsx (diunduh 2026-10-06),,,,6,,,,,,,,,
__export__.product_product_15351,"All Bell Tee TS (FRP) - W 355 mm x 10""",FITTING FRP,FITTING · ALL BELL TEE,4583,Export ERP master_product_updated.xlsx (diunduh 2026-10-06),,,,10,,,,,,,,,
product.0_S_06_071_016000_00,"Flange Socket - D 1/2""",FITTING PVC,FITTING · FLANGE SOCKET,4585,Export ERP master_product_updated.xlsx (diunduh 2026-10-06),,,,1/2,,,,,,D,,,
product.0_S_06_071_020000_00,"Flange Socket - D 3/4""",FITTING PVC,FITTING · FLANGE SOCKET,4586,Export ERP master_product_updated.xlsx (diunduh 2026-10-06),,,,3/4,,,,,,D,,,
product.0_S_06_071_025000_00,"Flange Socket - D 1""",FITTING PVC,FITTING · FLANGE SOCKET,4587,Export ERP master_product_updated.xlsx (diunduh 2026-10-06),,,,1,,,,,,D,,,
product.0_S_06_071_040000_00,"Flange Socket - D 1 1/2""",FITTING PVC,FITTING · FLANGE SOCKET,4588,Export ERP master_product_updated.xlsx (diunduh 2026-10-06),,,,1 1/2,,,,,,D,,,
product.0_S_06_071_042000_00,"Flange Socket - D 1 1/4""",FITTING PVC,FITTING · FLANGE SOCKET,4589,Export ERP master_product_updated.xlsx (diunduh 2026-10-06),,,,1 1/4,,,,,,D,,,
product.0_S_06_071_050000_00,"Flange Socket - D 2""",FITTING PVC,FITTING · FLANGE SOCKET,4590,Export ERP master_product_updated.xlsx (diunduh 2026-10-06),,,,2,,,,,,D,,,
product.0_S_06_071_065000_00,"Flange Socket - D 2 1/2""",FITTING PVC,FITTING · FLANGE SOCKET,4591,Export ERP master_product_updated.xlsx (diunduh 2026-10-06),,,,2 1/2,,,,,,D,,,
__export__.product_product_17066,"Flange Socket - D 3""",FITTING PVC,FITTING · FLANGE SOCKET,4592,Export ERP master_product_updated.xlsx (diunduh 2026-10-06),,,,3,,,,,,D,,,
product.0_S_06_071_100000_00,"Flange Socket - D 4""",FITTING PVC,FITTING · FLANGE SOCKET,4593,Export ERP master_product_updated.xlsx (diunduh 2026-10-06),,,,4,,,,,,D,,,
product.0_S_06_071_125000_00,"Flange Socket - D 5""",FITTING PVC,FITTING · FLANGE SOCKET,4594,Export ERP master_product_updated.xlsx (diunduh 2026-10-06),,,,5,,,,,,D,,,
product.0_S_06_071_150000_00,"Flange Socket - D 6""",FITTING PVC,FITTING · FLANGE SOCKET,4595,Export ERP master_product_updated.xlsx (diunduh 2026-10-06),,,,6,,,,,,D,,,
product.0_S_06_071_200000_00,"Flange Socket - D 8""",FITTING PVC,FITTING · FLANGE SOCKET,4596,Export ERP master_product_updated.xlsx (diunduh 2026-10-06),,,,8,,,,,,D,,,
product.0_S_06_071_250000_00,"Flange Socket - D 10""",FITTING PVC,FITTING · FLANGE SOCKET,4597,Export ERP master_product_updated.xlsx (diunduh 2026-10-06),,,,10,,,,,,D,,,
__export__.product_product_17851,"Bell Tee Thread Branch - W 3"" x 2""",FITTING PVC,FITTING · BELL TEE THREAD BRANCH,4598,Export ERP master_product_updated.xlsx (diunduh 2026-10-06),,,,2; 3,,,,,,,,,
__export__.product_product_11631,"Bell Tee Thread Branch - W 4"" x 2""",FITTING PVC,FITTING · BELL TEE THREAD BRANCH,4599,Export ERP master_product_updated.xlsx (diunduh 2026-10-06),,,,2; 4,,,,,,,,,
__export__.product_product_16163,"Bell Tee Thread Branch - W 6"" x 2""",FITTING PVC,FITTING · BELL TEE THREAD BRANCH,4600,Export ERP master_product_updated.xlsx (diunduh 2026-10-06),,,,2; 6,,,,,,,,,
__export__.product_product_16189,"Bell Tee Thread Branch - W 160 mm x 2""",FITTING PVC,FITTING · BELL TEE THREAD BRANCH,4601,Export ERP master_product_updated.xlsx (diunduh 2026-10-06),,,,2,,,,,,,,,
__export__.product_product_17501,"Bell Tee Thread Branch - W 8"" x 2""",FITTING PVC,FITTING · BELL TEE THREAD BRANCH,4603,Export ERP master_product_updated.xlsx (diunduh 2026-10-06),,,,2; 8,,,,,,,,,
product.0_S_06_073_050050_00,"All Bell Tee - W 2"" x 2""",FITTING PVC,FITTING · ALL BELL TEE,4604,Export ERP master_product_updated.xlsx (diunduh 2026-10-06),,,,2,,,,,,,,,
__export__.product_product_13265,"All Bell Tee - W 3"" x 3""",FITTING PVC,FITTING · ALL BELL TEE,4605,Export ERP master_product_updated.xlsx (diunduh 2026-10-06),,,,3,,,,,,,,,
product.0_S_06_073_075050_00,"All Bell Tee - W 3"" x 2""",FITTING PVC,FITTING · ALL BELL TEE,4606,Export ERP master_product_updated.xlsx (diunduh 2026-10-06),,,,2; 3,,,,,,,,,
product.0_S_06_073_100050_00,"All Bell Tee - W 4"" x 2""",FITTING PVC,FITTING · ALL BELL TEE,4607,Export ERP master_product_updated.xlsx (diunduh 2026-10-06),,,,2; 4,,,,,,,,,
__export__.product_product_13266,"All Bell Tee - W 4"" x 3""",FITTING PVC,FITTING · ALL BELL TEE,4608,Export ERP master_product_updated.xlsx (diunduh 2026-10-06),,,,3; 4,,,,,,,,,
__export__.product_product_15342,"All Bell Tee - W 4"" x 4""",FITTING PVC,FITTING · ALL BELL TEE,4609,Export ERP master_product_updated.xlsx (diunduh 2026-10-06),,,,4,,,,,,,,,
__export__.product_product_15403,"All Bell Tee - W 5"" x 3""",FITTING PVC,FITTING · ALL BELL TEE,4610,Export ERP master_product_updated.xlsx (diunduh 2026-10-06),,,,3; 5,,,,,,,,,
product.0_S_06_073_125100_00,"All Bell Tee - W 5"" x 4""",FITTING PVC,FITTING · ALL BELL TEE,4611,Export ERP master_product_updated.xlsx (diunduh 2026-10-06),,,,4; 5,,,,,,,,,
__export__.product_product_16380,"All Bell Tee - W 5"" x 5""",FITTING PVC,FITTING · ALL BELL TEE,4612,Export ERP master_product_updated.xlsx (diunduh 2026-10-06),,,,5,,,,,,,,,
product.0_S_06_073_150065_00,"All Bell Tee - W 6"" x 2 1/2""",FITTING PVC,FITTING · ALL BELL TEE,4613,Export ERP master_product_updated.xlsx (diunduh 2026-10-06),,,,2 1/2; 6,,,,,,,,,
product.0_S_06_073_150075_00,"All Bell Tee - W 6"" x 3""",FITTING PVC,FITTING · ALL BELL TEE,4614,Export ERP master_product_updated.xlsx (diunduh 2026-10-06),,,,3; 6,,,,,,,,,
product.0_S_06_073_150100_00,"All Bell Tee - W 6"" x 4""",FITTING PVC,FITTING · ALL BELL TEE,4615,Export ERP master_product_updated.xlsx (diunduh 2026-10-06),,,,4; 6,,,,,,,,,
__export__.product_product_13612,"All Bell Tee - W 6"" x 6""",FITTING PVC,FITTING · ALL BELL TEE,4616,Export ERP master_product_updated.xlsx (diunduh 2026-10-06),,,,6,,,,,,,,,
product.0_S_06_073_200100_00,"All Bell Tee (FRP) - W 8"" x 4""",FITTING FRP,FITTING · ALL BELL TEE,4617,Export ERP master_product_updated.xlsx (diunduh 2026-10-06),,,,4; 8,,,,,,,,,
product.0_S_06_073_200200_00,"All Bell Tee (FRP) - W 8"" x 8""",FITTING FRP,FITTING · ALL BELL TEE,4618,Export ERP master_product_updated.xlsx (diunduh 2026-10-06),,,,8,,,,,,,,,
product.0_S_06_073_250100_00,"All Bell Tee (FRP) - W 10"" x 4""",FITTING FRP,FITTING · ALL BELL TEE,4619,Export ERP master_product_updated.xlsx (diunduh 2026-10-06),,,,4; 10,,,,,,,,,
product.0_S_06_073_250125_00,"All Bell Tee (FRP) - W 10"" x 5""",FITTING FRP,FITTING · ALL BELL TEE,4620,Export ERP master_product_updated.xlsx (diunduh 2026-10-06),,,,5; 10,,,,,,,,,
product.0_S_06_073_250150_00,"All Bell Tee (FRP) - W 10"" x 6""",FITTING FRP,FITTING · ALL BELL TEE,4621,Export ERP master_product_updated.xlsx (diunduh 2026-10-06),,,,6; 10,,,,,,,,,
__export__.product_product_17659,"All Bell Tee (FRP) - W 10"" x 10""",FITTING FRP,FITTING · ALL BELL TEE,4622,Export ERP master_product_updated.xlsx (diunduh 2026-10-06),,,,10,,,,,,,,,
product.0_S_06_073_300100_00,"All Bell Tee (FRP) - W 12"" x 4""",FITTING FRP,FITTING · ALL BELL TEE,4623,Export ERP master_product_updated.xlsx (diunduh 2026-10-06),,,,4; 12,,,,,,,,,
product.0_S_06_073_300150_00,"All Bell Tee (FRP) - W 12"" x 6""",FITTING FRP,FITTING · ALL BELL TEE,4624,Export ERP master_product_updated.xlsx (diunduh 2026-10-06),,,,6; 12,,,,,,,,,
product.0_S_06_073_300200_00,"All Bell Tee (FRP) - W 12"" x 8""",FITTING FRP,FITTING · ALL BELL TEE,4625,Export ERP master_product_updated.xlsx (diunduh 2026-10-06),,,,8; 12,,,,,,,,,
product.0_S_06_073_300250_00,"All Bell Tee (FRP) - W 12"" x 10""",FITTING FRP,FITTING · ALL BELL TEE,4626,Export ERP master_product_updated.xlsx (diunduh 2026-10-06),,,,10; 12,,,,,,,,,
product.0_S_06_073_300300_00,"All Bell Tee (FRP) - W 12"" x 12""",FITTING FRP,FITTING · ALL BELL TEE,4627,Export ERP master_product_updated.xlsx (diunduh 2026-10-06),,,,12,,,,,,,,,
product.0_S_06_075_016000_00,"Bend 90° - W 1/2""",FITTING PVC,FITTING · BEND 90°,4700,Export ERP master_product_updated.xlsx (diunduh 2026-10-06),,,,1/2,,,,,,,,,
product.0_S_06_075_020000_00,"Bend 90° - W 3/4""",FITTING PVC,FITTING · BEND 90°,4701,Export ERP master_product_updated.xlsx (diunduh 2026-10-06),,,,3/4,,,,,,,,,
product.0_S_06_075_025000_00,"Bend 90° - W 1""",FITTING PVC,FITTING · BEND 90°,4702,Export ERP master_product_updated.xlsx (diunduh 2026-10-06),,,,1,,,,,,,,,
product.0_S_06_075_038000_00,"Bend 90° - W 1 1/4""",FITTING PVC,FITTING · BEND 90°,4703,Export ERP master_product_updated.xlsx (diunduh 2026-10-06),,,,1 1/4,,,,,,,,,
product.0_S_06_075_040000_00,"Bend 90° - W 1 1/2""",FITTING PVC,FITTING · BEND 90°,4704,Export ERP master_product_updated.xlsx (diunduh 2026-10-06),,,,1 1/2,,,,,,,,,
product.0_S_06_075_050000_00,Bend 90° - W 2'',FITTING PVC,FITTING · BEND 90°,4705,Export ERP master_product_updated.xlsx (diunduh 2026-10-06),,,,2,,,,,,,,,
product.0_S_06_075_065000_00,Bend 90° - W 2 1/2'',FITTING PVC,FITTING · BEND 90°,4706,Export ERP master_product_updated.xlsx (diunduh 2026-10-06),,,,2 1/2,,,,,,,,,
product.0_S_06_075_075000_00,"Bend 90° - W 3""",FITTING PVC,FITTING · BEND 90°,4707,Export ERP master_product_updated.xlsx (diunduh 2026-10-06),,,,3,,,,,,,,,
product.0_S_06_075_100000_00,"Bend 90° - W 4""",FITTING PVC,FITTING · BEND 90°,4708,Export ERP master_product_updated.xlsx (diunduh 2026-10-06),,,,4,,,,,,,,,
product.0_S_06_075_125000_00,"Bend 90° - W 5""",FITTING PVC,FITTING · BEND 90°,4709,Export ERP master_product_updated.xlsx (diunduh 2026-10-06),,,,5,,,,,,,,,
product.0_S_06_075_150000_00,"Bend 90° - W 6""",FITTING PVC,FITTING · BEND 90°,4710,Export ERP master_product_updated.xlsx (diunduh 2026-10-06),,,,6,,,,,,,,,
product.0_S_06_075_200000_00,"Bend 90° - W 8""",FITTING PVC,FITTING · BEND 90°,4711,Export ERP master_product_updated.xlsx (diunduh 2026-10-06),,,,8,,,,,,,,,
product.0_S_06_075_250000_00,"Bend 90° - W 10""",FITTING PVC,FITTING · BEND 90°,4712,Export ERP master_product_updated.xlsx (diunduh 2026-10-06),,,,10,,,,,,,,,
product.0_S_06_075_300000_00,"Bend 90° - W 12""",FITTING PVC,FITTING · BEND 90°,4713,Export ERP master_product_updated.xlsx (diunduh 2026-10-06),,,,12,,,,,,,,,
product.0_S_06_077_016000_00,"Bend 45° - W 1/2""",FITTING PVC,FITTING · BEND 45°,4733,Export ERP master_product_updated.xlsx (diunduh 2026-10-06),,,,1/2,,,,,,,,,
product.0_S_06_077_020000_00,"Bend 45° - W 3/4""",FITTING PVC,FITTING · BEND 45°,4734,Export ERP master_product_updated.xlsx (diunduh 2026-10-06),,,,3/4,,,,,,,,,
product.0_S_06_077_025000_00,"Bend 45° - W 1""",FITTING PVC,FITTING · BEND 45°,4735,Export ERP master_product_updated.xlsx (diunduh 2026-10-06),,,,1,,,,,,,,,
product.0_S_06_077_038000_00,"Bend 45° - W 1 1/4""",FITTING PVC,FITTING · BEND 45°,4736,Export ERP master_product_updated.xlsx (diunduh 2026-10-06),,,,1 1/4,,,,,,,,,
product.0_S_06_077_040000_00,"Bend 45° - W 1 1/2""",FITTING PVC,FITTING · BEND 45°,4737,Export ERP master_product_updated.xlsx (diunduh 2026-10-06),,,,1 1/2,,,,,,,,,
product.0_S_06_077_050000_00,Bend 45° - W 2'',FITTING PVC,FITTING · BEND 45°,4738,Export ERP master_product_updated.xlsx (diunduh 2026-10-06),,,,2,,,,,,,,,
product.0_S_06_077_065000_00,Bend 45° - W 2 1/2'',FITTING PVC,FITTING · BEND 45°,4739,Export ERP master_product_updated.xlsx (diunduh 2026-10-06),,,,2 1/2,,,,,,,,,
product.0_S_06_077_075000_00,"Bend 45° - W 3""",FITTING PVC,FITTING · BEND 45°,4740,Export ERP master_product_updated.xlsx (diunduh 2026-10-06),,,,3,,,,,,,,,
product.0_S_06_077_100000_00,"Bend 45° - W 4""",FITTING PVC,FITTING · BEND 45°,4741,Export ERP master_product_updated.xlsx (diunduh 2026-10-06),,,,4,,,,,,,,,
product.0_S_06_077_125000_00,"Bend 45° - W 5""",FITTING PVC,FITTING · BEND 45°,4742,Export ERP master_product_updated.xlsx (diunduh 2026-10-06),,,,5,,,,,,,,,
product.0_S_06_077_150000_00,"Bend 45° - W 6""",FITTING PVC,FITTING · BEND 45°,4743,Export ERP master_product_updated.xlsx (diunduh 2026-10-06),,,,6,,,,,,,,,
product.0_S_06_077_200000_00,"Bend 45° - W 8""",FITTING PVC,FITTING · BEND 45°,4744,Export ERP master_product_updated.xlsx (diunduh 2026-10-06),,,,8,,,,,,,,,
product.0_S_06_077_250000_00,"Bend 45° - W 10""",FITTING PVC,FITTING · BEND 45°,4745,Export ERP master_product_updated.xlsx (diunduh 2026-10-06),,,,10,,,,,,,,,
product.0_S_06_077_300000_00,"Bend 45° - W 12""",FITTING PVC,FITTING · BEND 45°,4746,Export ERP master_product_updated.xlsx (diunduh 2026-10-06),,,,12,,,,,,,,,
product.0_S_06_079_016000_00,"Bend 22 1/2° - W 1/2""",FITTING PVC,FITTING · BEND 22 1/2°,4767,Export ERP master_product_updated.xlsx (diunduh 2026-10-06),,,,1/2,,,,,,,,,
product.0_S_06_079_020000_00,"Bend 22 1/2° - W 3/4""",FITTING PVC,FITTING · BEND 22 1/2°,4768,Export ERP master_product_updated.xlsx (diunduh 2026-10-06),,,,3/4,,,,,,,,,
product.0_S_06_079_025000_00,"Bend 22 1/2° - W 1""",FITTING PVC,FITTING · BEND 22 1/2°,4769,Export ERP master_product_updated.xlsx (diunduh 2026-10-06),,,,1,,,,,,,,,
product.0_S_06_079_038000_00,"Bend 22 1/2° - W 1 1/4""",FITTING PVC,FITTING · BEND 22 1/2°,4770,Export ERP master_product_updated.xlsx (diunduh 2026-10-06),,,,1 1/4,,,,,,,,,
product.0_S_06_079_040000_00,"Bend 22 1/2° - W 1 1/2""",FITTING PVC,FITTING · BEND 22 1/2°,4771,Export ERP master_product_updated.xlsx (diunduh 2026-10-06),,,,1 1/2,,,,,,,,,
product.0_S_06_079_050000_00,Bend 22 1/2° - W 2'',FITTING PVC,FITTING · BEND 22 1/2°,4772,Export ERP master_product_updated.xlsx (diunduh 2026-10-06),,,,2,,,,,,,,,
product.0_S_06_079_065000_00,Bend 22 1/2° - W 2 1/2'',FITTING PVC,FITTING · BEND 22 1/2°,4773,Export ERP master_product_updated.xlsx (diunduh 2026-10-06),,,,2 1/2,,,,,,,,,
product.0_S_06_079_075000_00,"Bend 22 1/2° - W 3""",FITTING PVC,FITTING · BEND 22 1/2°,4774,Export ERP master_product_updated.xlsx (diunduh 2026-10-06),,,,3,,,,,,,,,
product.0_S_06_079_100000_00,"Bend 22 1/2° - W 4""",FITTING PVC,FITTING · BEND 22 1/2°,4775,Export ERP master_product_updated.xlsx (diunduh 2026-10-06),,,,4,,,,,,,,,
product.0_S_06_079_125000_00,"Bend 22 1/2° - W 5""",FITTING PVC,FITTING · BEND 22 1/2°,4776,Export ERP master_product_updated.xlsx (diunduh 2026-10-06),,,,5,,,,,,,,,
product.0_S_06_079_150000_00,"Bend 22 1/2° - W 6""",FITTING PVC,FITTING · BEND 22 1/2°,4777,Export ERP master_product_updated.xlsx (diunduh 2026-10-06),,,,6,,,,,,,,,
product.0_S_06_079_200000_00,"Bend 22 1/2° - W 8""",FITTING PVC,FITTING · BEND 22 1/2°,4778,Export ERP master_product_updated.xlsx (diunduh 2026-10-06),,,,8,,,,,,,,,
product.0_S_06_079_250000_00,"Bend 22 1/2° - W 10""",FITTING PVC,FITTING · BEND 22 1/2°,4779,Export ERP master_product_updated.xlsx (diunduh 2026-10-06),,,,10,,,,,,,,,
product.0_S_06_079_300000_00,"Bend 22 1/2° - W 12""",FITTING PVC,FITTING · BEND 22 1/2°,4780,Export ERP master_product_updated.xlsx (diunduh 2026-10-06),,,,12,,,,,,,,,
product.0_S_06_081_016000_00,"Bend 11 1/4° - W 1/2""",FITTING PVC,FITTING · BEND 11 1/4°,4800,Export ERP master_product_updated.xlsx (diunduh 2026-10-06),,,,1/2,,,,,,,,,
product.0_S_06_081_020000_00,"Bend 11 1/4° - W 3/4""",FITTING PVC,FITTING · BEND 11 1/4°,4801,Export ERP master_product_updated.xlsx (diunduh 2026-10-06),,,,3/4,,,,,,,,,
product.0_S_06_081_025000_00,"Bend 11 1/4° - W 1""",FITTING PVC,FITTING · BEND 11 1/4°,4802,Export ERP master_product_updated.xlsx (diunduh 2026-10-06),,,,1,,,,,,,,,
product.0_S_06_081_038000_00,"Bend 11 1/4° - W 1 1/4""",FITTING PVC,FITTING · BEND 11 1/4°,4803,Export ERP master_product_updated.xlsx (diunduh 2026-10-06),,,,1 1/4,,,,,,,,,
product.0_S_06_081_040000_00,"Bend 11 1/4° - W 1 1/2""",FITTING PVC,FITTING · BEND 11 1/4°,4804,Export ERP master_product_updated.xlsx (diunduh 2026-10-06),,,,1 1/2,,,,,,,,,
product.0_S_06_081_050000_00,Bend 11 1/4° - W 2'',FITTING PVC,FITTING · BEND 11 1/4°,4805,Export ERP master_product_updated.xlsx (diunduh 2026-10-06),,,,2,,,,,,,,,
product.0_S_06_081_065000_00,Bend 11 1/4° - W 2 1/2'',FITTING PVC,FITTING · BEND 11 1/4°,4806,Export ERP master_product_updated.xlsx (diunduh 2026-10-06),,,,2 1/2,,,,,,,,,
product.0_S_06_081_075000_00,"Bend 11 1/4° - W 3""",FITTING PVC,FITTING · BEND 11 1/4°,4807,Export ERP master_product_updated.xlsx (diunduh 2026-10-06),,,,3,,,,,,,,,
product.0_S_06_081_100000_00,"Bend 11 1/4° - W 4""",FITTING PVC,FITTING · BEND 11 1/4°,4808,Export ERP master_product_updated.xlsx (diunduh 2026-10-06),,,,4,,,,,,,,,
product.0_S_06_081_125000_00,"Bend 11 1/4° - W 5""",FITTING PVC,FITTING · BEND 11 1/4°,4809,Export ERP master_product_updated.xlsx (diunduh 2026-10-06),,,,5,,,,,,,,,
product.0_S_06_081_150000_00,"Bend 11 1/4° - W 6""",FITTING PVC,FITTING · BEND 11 1/4°,4810,Export ERP master_product_updated.xlsx (diunduh 2026-10-06),,,,6,,,,,,,,,
product.0_S_06_081_200000_00,"Bend 11 1/4° - W 8""",FITTING PVC,FITTING · BEND 11 1/4°,4811,Export ERP master_product_updated.xlsx (diunduh 2026-10-06),,,,8,,,,,,,,,
product.0_S_06_081_250000_00,"Bend 11 1/4° - W 10""",FITTING PVC,FITTING · BEND 11 1/4°,4812,Export ERP master_product_updated.xlsx (diunduh 2026-10-06),,,,10,,,,,,,,,
product.0_S_06_081_300000_00,"Bend 11 1/4° - W 12""",FITTING PVC,FITTING · BEND 11 1/4°,4813,Export ERP master_product_updated.xlsx (diunduh 2026-10-06),,,,12,,,,,,,,,
product.0_S_06_083_016000_00,"Bend 90° - D 1/2""",FITTING PVC,FITTING · BEND 90°,4833,Export ERP master_product_updated.xlsx (diunduh 2026-10-06),,,,1/2,,,,,,D,,,
product.0_S_06_083_020000_00,"Bend 90° - D 3/4""",FITTING PVC,FITTING · BEND 90°,4834,Export ERP master_product_updated.xlsx (diunduh 2026-10-06),,,,3/4,,,,,,D,,,
product.0_S_06_083_025000_00,"Bend 90° - D 1""",FITTING PVC,FITTING · BEND 90°,4835,Export ERP master_product_updated.xlsx (diunduh 2026-10-06),,,,1,,,,,,D,,,
product.0_S_06_083_040000_00,"Bend 90° - D 1 1/2""",FITTING PVC,FITTING · BEND 90°,4836,Export ERP master_product_updated.xlsx (diunduh 2026-10-06),,,,1 1/2,,,,,,D,,,
product.0_S_06_083_042000_00,"Bend 90° - D 1 1/4""",FITTING PVC,FITTING · BEND 90°,4837,Export ERP master_product_updated.xlsx (diunduh 2026-10-06),,,,1 1/4,,,,,,D,,,
product.0_S_06_083_050000_00,Bend 90° - D 2'',FITTING PVC,FITTING · BEND 90°,4838,Export ERP master_product_updated.xlsx (diunduh 2026-10-06),,,,2,,,,,,D,,,
product.0_S_06_083_065000_00,Bend 90° - D 2 1/2'',FITTING PVC,FITTING · BEND 90°,4839,Export ERP master_product_updated.xlsx (diunduh 2026-10-06),,,,2 1/2,,,,,,D,,,
product.0_S_06_083_075000_00,"Bend 90° - D 3""",FITTING PVC,FITTING · BEND 90°,4840,Export ERP master_product_updated.xlsx (diunduh 2026-10-06),,,,3,,,,,,D,,,
product.0_S_06_083_100000_00,"Bend 90° - D 4""",FITTING PVC,FITTING · BEND 90°,4841,Export ERP master_product_updated.xlsx (diunduh 2026-10-06),,,,4,,,,,,D,,,
product.0_S_06_083_125000_00,"Bend 90° - D 5""",FITTING PVC,FITTING · BEND 90°,4842,Export ERP master_product_updated.xlsx (diunduh 2026-10-06),,,,5,,,,,,D,,,
product.0_S_06_083_150000_00,"Bend 90° - D 6""",FITTING PVC,FITTING · BEND 90°,4843,Export ERP master_product_updated.xlsx (diunduh 2026-10-06),,,,6,,,,,,D,,,
product.0_S_06_083_200000_00,"Bend 90° - D 8""",FITTING PVC,FITTING · BEND 90°,4844,Export ERP master_product_updated.xlsx (diunduh 2026-10-06),,,,8,,,,,,D,,,
product.0_S_06_083_250000_00,"Bend 90° - D 10""",FITTING PVC,FITTING · BEND 90°,4845,Export ERP master_product_updated.xlsx (diunduh 2026-10-06),,,,10,,,,,,D,,,
product.0_S_06_083_300000_00,"Bend 90° - D 12""",FITTING PVC,FITTING · BEND 90°,4846,Export ERP master_product_updated.xlsx (diunduh 2026-10-06),,,,12,,,,,,D,,,
product.0_S_06_085_016000_00,"Bend 45° - D 1/2""",FITTING PVC,FITTING · BEND 45°,4863,Export ERP master_product_updated.xlsx (diunduh 2026-10-06),,,,1/2,,,,,,D,,,
product.0_S_06_085_020000_00,"Bend 45° - D 3/4""",FITTING PVC,FITTING · BEND 45°,4864,Export ERP master_product_updated.xlsx (diunduh 2026-10-06),,,,3/4,,,,,,D,,,
product.0_S_06_085_025000_00,"Bend 45° - D 1""",FITTING PVC,FITTING · BEND 45°,4865,Export ERP master_product_updated.xlsx (diunduh 2026-10-06),,,,1,,,,,,D,,,
product.0_S_06_085_040000_00,"Bend 45° - D 1 1/2""",FITTING PVC,FITTING · BEND 45°,4866,Export ERP master_product_updated.xlsx (diunduh 2026-10-06),,,,1 1/2,,,,,,D,,,
product.0_S_06_085_042000_00,"Bend 45° - D 1 1/4""",FITTING PVC,FITTING · BEND 45°,4867,Export ERP master_product_updated.xlsx (diunduh 2026-10-06),,,,1 1/4,,,,,,D,,,
product.0_S_06_085_050000_00,Bend 45° - D 2'',FITTING PVC,FITTING · BEND 45°,4868,Export ERP master_product_updated.xlsx (diunduh 2026-10-06),,,,2,,,,,,D,,,
product.0_S_06_085_065000_00,Bend 45° - D 2 1/2'',FITTING PVC,FITTING · BEND 45°,4869,Export ERP master_product_updated.xlsx (diunduh 2026-10-06),,,,2 1/2,,,,,,D,,,
product.0_S_06_085_075000_00,"Bend 45° - D 3""",FITTING PVC,FITTING · BEND 45°,4870,Export ERP master_product_updated.xlsx (diunduh 2026-10-06),,,,3,,,,,,D,,,
product.0_S_06_085_100000_00,"Bend 45° - D 4""",FITTING PVC,FITTING · BEND 45°,4871,Export ERP master_product_updated.xlsx (diunduh 2026-10-06),,,,4,,,,,,D,,,
product.0_S_06_085_125000_00,"Bend 45° - D 5""",FITTING PVC,FITTING · BEND 45°,4872,Export ERP master_product_updated.xlsx (diunduh 2026-10-06),,,,5,,,,,,D,,,
product.0_S_06_085_150000_00,"Bend 45° - D 6""",FITTING PVC,FITTING · BEND 45°,4873,Export ERP master_product_updated.xlsx (diunduh 2026-10-06),,,,6,,,,,,D,,,
product.0_S_06_085_200000_00,"Bend 45° - D 8""",FITTING PVC,FITTING · BEND 45°,4874,Export ERP master_product_updated.xlsx (diunduh 2026-10-06),,,,8,,,,,,D,,,
product.0_S_06_085_250000_00,"Bend 45° - D 10""",FITTING PVC,FITTING · BEND 45°,4875,Export ERP master_product_updated.xlsx (diunduh 2026-10-06),,,,10,,,,,,D,,,
product.0_S_06_085_300000_00,"Bend 45° - D 12""",FITTING PVC,FITTING · BEND 45°,4876,Export ERP master_product_updated.xlsx (diunduh 2026-10-06),,,,12,,,,,,D,,,
product.0_S_06_085_350000_00,"Bend 45° - D 14""",FITTING PVC,FITTING · BEND 45°,4877,Export ERP master_product_updated.xlsx (diunduh 2026-10-06),,,,14,,,,,,D,,,
product.0_S_06_087_016000_00,"Bend 22 1/2° - D 1/2""",FITTING PVC,FITTING · BEND 22 1/2°,4896,Export ERP master_product_updated.xlsx (diunduh 2026-10-06),,,,1/2,,,,,,D,,,
product.0_S_06_087_020000_00,"Bend 22 1/2° - D 3/4""",FITTING PVC,FITTING · BEND 22 1/2°,4897,Export ERP master_product_updated.xlsx (diunduh 2026-10-06),,,,3/4,,,,,,D,,,
product.0_S_06_087_025000_00,"Bend 22 1/2° - D 1""",FITTING PVC,FITTING · BEND 22 1/2°,4898,Export ERP master_product_updated.xlsx (diunduh 2026-10-06),,,,1,,,,,,D,,,
product.0_S_06_087_040000_00,"Bend 22 1/2° - D 1 1/2""",FITTING PVC,FITTING · BEND 22 1/2°,4899,Export ERP master_product_updated.xlsx (diunduh 2026-10-06),,,,1 1/2,,,,,,D,,,
product.0_S_06_087_042000_00,"Bend 22 1/2° - D 1 1/4""",FITTING PVC,FITTING · BEND 22 1/2°,4900,Export ERP master_product_updated.xlsx (diunduh 2026-10-06),,,,1 1/4,,,,,,D,,,
product.0_S_06_087_050000_00,Bend 22 1/2° - D 2'',FITTING PVC,FITTING · BEND 22 1/2°,4901,Export ERP master_product_updated.xlsx (diunduh 2026-10-06),,,,2,,,,,,D,,,
product.0_S_06_087_065000_00,Bend 22 1/2° - D 2 1/2'',FITTING PVC,FITTING · BEND 22 1/2°,4902,Export ERP master_product_updated.xlsx (diunduh 2026-10-06),,,,2 1/2,,,,,,D,,,
product.0_S_06_087_075000_00,"Bend 22 1/2° - D 3""",FITTING PVC,FITTING · BEND 22 1/2°,4903,Export ERP master_product_updated.xlsx (diunduh 2026-10-06),,,,3,,,,,,D,,,
product.0_S_06_087_100000_00,"Bend 22 1/2° - D 4""",FITTING PVC,FITTING · BEND 22 1/2°,4904,Export ERP master_product_updated.xlsx (diunduh 2026-10-06),,,,4,,,,,,D,,,
product.0_S_06_087_125000_00,"Bend 22 1/2° - D 5""",FITTING PVC,FITTING · BEND 22 1/2°,4905,Export ERP master_product_updated.xlsx (diunduh 2026-10-06),,,,5,,,,,,D,,,
product.0_S_06_087_150000_00,"Bend 22 1/2° - D 6""",FITTING PVC,FITTING · BEND 22 1/2°,4906,Export ERP master_product_updated.xlsx (diunduh 2026-10-06),,,,6,,,,,,D,,,
product.0_S_06_087_200000_00,"Bend 22 1/2° - D 8""",FITTING PVC,FITTING · BEND 22 1/2°,4907,Export ERP master_product_updated.xlsx (diunduh 2026-10-06),,,,8,,,,,,D,,,
product.0_S_06_087_250000_00,"Bend 22 1/2° - D 10""",FITTING PVC,FITTING · BEND 22 1/2°,4908,Export ERP master_product_updated.xlsx (diunduh 2026-10-06),,,,10,,,,,,D,,,
product.0_S_06_087_300000_00,"Bend 22 1/2° - D 12""",FITTING PVC,FITTING · BEND 22 1/2°,4909,Export ERP master_product_updated.xlsx (diunduh 2026-10-06),,,,12,,,,,,D,,,
product.0_S_06_089_016000_00,"Bend 11 1/4° - D 1/2""",FITTING PVC,FITTING · BEND 11 1/4°,4926,Export ERP master_product_updated.xlsx (diunduh 2026-10-06),,,,1/2,,,,,,D,,,
product.0_S_06_089_020000_00,"Bend 11 1/4° - D 3/4""",FITTING PVC,FITTING · BEND 11 1/4°,4927,Export ERP master_product_updated.xlsx (diunduh 2026-10-06),,,,3/4,,,,,,D,,,
product.0_S_06_089_025000_00,"Bend 11 1/4° - D 1""",FITTING PVC,FITTING · BEND 11 1/4°,4928,Export ERP master_product_updated.xlsx (diunduh 2026-10-06),,,,1,,,,,,D,,,
product.0_S_06_089_040000_00,"Bend 11 1/4° - D 1 1/2""",FITTING PVC,FITTING · BEND 11 1/4°,4929,Export ERP master_product_updated.xlsx (diunduh 2026-10-06),,,,1 1/2,,,,,,D,,,
product.0_S_06_089_042000_00,"Bend 11 1/4° - D 1 1/4""",FITTING PVC,FITTING · BEND 11 1/4°,4930,Export ERP master_product_updated.xlsx (diunduh 2026-10-06),,,,1 1/4,,,,,,D,,,
product.0_S_06_089_050000_00,Bend 11 1/4° - D 2'',FITTING PVC,FITTING · BEND 11 1/4°,4931,Export ERP master_product_updated.xlsx (diunduh 2026-10-06),,,,2,,,,,,D,,,
product.0_S_06_089_065000_00,Bend 11 1/4° - D 2 1/2'',FITTING PVC,FITTING · BEND 11 1/4°,4932,Export ERP master_product_updated.xlsx (diunduh 2026-10-06),,,,2 1/2,,,,,,D,,,
product.0_S_06_089_075000_00,"Bend 11 1/4° - D 3""",FITTING PVC,FITTING · BEND 11 1/4°,4933,Export ERP master_product_updated.xlsx (diunduh 2026-10-06),,,,3,,,,,,D,,,
product.0_S_06_089_100000_00,"Bend 11 1/4° - D 4""",FITTING PVC,FITTING · BEND 11 1/4°,4934,Export ERP master_product_updated.xlsx (diunduh 2026-10-06),,,,4,,,,,,D,,,
product.0_S_06_089_125000_00,"Bend 11 1/4° - D 5""",FITTING PVC,FITTING · BEND 11 1/4°,4935,Export ERP master_product_updated.xlsx (diunduh 2026-10-06),,,,5,,,,,,D,,,
product.0_S_06_089_150000_00,"Bend 11 1/4° - D 6""",FITTING PVC,FITTING · BEND 11 1/4°,4936,Export ERP master_product_updated.xlsx (diunduh 2026-10-06),,,,6,,,,,,D,,,
product.0_S_06_089_200000_00,"Bend 11 1/4° - D 8""",FITTING PVC,FITTING · BEND 11 1/4°,4937,Export ERP master_product_updated.xlsx (diunduh 2026-10-06),,,,8,,,,,,D,,,
product.0_S_06_089_250000_00,"Bend 11 1/4° - D 10""",FITTING PVC,FITTING · BEND 11 1/4°,4938,Export ERP master_product_updated.xlsx (diunduh 2026-10-06),,,,10,,,,,,D,,,
product.0_S_06_089_300000_00,"Bend 11 1/4° - D 12""",FITTING PVC,FITTING · BEND 11 1/4°,4939,Export ERP master_product_updated.xlsx (diunduh 2026-10-06),,,,12,,,,,,D,,,
product.0_S_06_091_050000_00,Bell Bend 11 1/4° - W 2'',FITTING PVC,FITTING · BELL BEND 11 1/4°,4956,Export ERP master_product_updated.xlsx (diunduh 2026-10-06),,,,2,,,,,,,,,
product.0_S_06_091_065000_00,Bell Bend 11 1/4° - W 2 1/2'',FITTING PVC,FITTING · BELL BEND 11 1/4°,4957,Export ERP master_product_updated.xlsx (diunduh 2026-10-06),,,,2 1/2,,,,,,,,,
product.0_S_06_091_075000_00,"Bell Bend 11 1/4° - W 3""",FITTING PVC,FITTING · BELL BEND 11 1/4°,4958,Export ERP master_product_updated.xlsx (diunduh 2026-10-06),,,,3,,,,,,,,,
product.0_S_06_091_100000_00,"Bell Bend 11 1/4° - W 4""",FITTING PVC,FITTING · BELL BEND 11 1/4°,4959,Export ERP master_product_updated.xlsx (diunduh 2026-10-06),,,,4,,,,,,,,,
product.0_S_06_091_125000_00,"Bell Bend 11 1/4° - W 5""",FITTING PVC,FITTING · BELL BEND 11 1/4°,4960,Export ERP master_product_updated.xlsx (diunduh 2026-10-06),,,,5,,,,,,,,,
product.0_S_06_091_150000_00,"Bell Bend 11 1/4° - W 6""",FITTING PVC,FITTING · BELL BEND 11 1/4°,4961,Export ERP master_product_updated.xlsx (diunduh 2026-10-06),,,,6,,,,,,,,,
product.0_S_06_091_200000_00,"Bell Bend 11 1/4° - W 8""",FITTING PVC,FITTING · BELL BEND 11 1/4°,4962,Export ERP master_product_updated.xlsx (diunduh 2026-10-06),,,,8,,,,,,,,,
product.0_S_06_091_250000_00,"Bell Bend 11 1/4° - W 10""",FITTING PVC,FITTING · BELL BEND 11 1/4°,4963,Export ERP master_product_updated.xlsx (diunduh 2026-10-06),,,,10,,,,,,,,,
product.0_S_06_091_300000_00,"Bell Bend 11 1/4° - W 12""",FITTING PVC,FITTING · BELL BEND 11 1/4°,4964,Export ERP master_product_updated.xlsx (diunduh 2026-10-06),,,,12,,,,,,,,,
__export__.product_product_13698,"Bell Tee Female Thread Branch 200mm x 2""",FITTING PVC,FITTING · BELL TEE FEMALE THREAD BRANCH,4986,Export ERP master_product_updated.xlsx (diunduh 2026-10-06),,,,2,,,,,,,,,
__export__.product_product_15592,"Bell Tee Female Thread Branch 3"" x 2""",FITTING PVC,FITTING · BELL TEE FEMALE THREAD BRANCH,4987,Export ERP master_product_updated.xlsx (diunduh 2026-10-06),,,,2; 3,,,,,,,,,
__export__.product_product_15591,"Bell Tee Female Thread Branch 4"" x 2""",FITTING PVC,FITTING · BELL TEE FEMALE THREAD BRANCH,4988,Export ERP master_product_updated.xlsx (diunduh 2026-10-06),,,,2; 4,,,,,,,,,
__export__.product_product_15590,"Bell Tee Female Thread Branch 6"" x 2""",FITTING PVC,FITTING · BELL TEE FEMALE THREAD BRANCH,4989,Export ERP master_product_updated.xlsx (diunduh 2026-10-06),,,,2; 6,,,,,,,,,
__export__.product_product_15589,"Bell Tee Female Thread Branch 8"" x 2""",FITTING PVC,FITTING · BELL TEE FEMALE THREAD BRANCH,4990,Export ERP master_product_updated.xlsx (diunduh 2026-10-06),,,,2; 8,,,,,,,,,
__export__.product_product_13470,"Valve Socket - W 25 mm x 1/2""",FITTING PVC,FITTING · VALVE SOCKET,5038,Export ERP master_product_updated.xlsx (diunduh 2026-10-06),,,,1/2,,,,,,,,,
__export__.product_product_12446,"Valve Socket - W 1 1/4"" x 1""",FITTING PVC,FITTING · VALVE SOCKET,5049,Export ERP master_product_updated.xlsx (diunduh 2026-10-06),,,,1; 1 1/4,,,,,,,,,
product.0_S_06_104_025007_00,"Double Nepple 1"" x 7 cm",FITTING PVC,FITTING · DOUBLE NEPPLE,5050,Export ERP master_product_updated.xlsx (diunduh 2026-10-06),,,,1,,,,,,,,,
__export__.product_product_13776,"Double Nepple 1"" x 8 cm",FITTING PVC,FITTING · DOUBLE NEPPLE,5051,Export ERP master_product_updated.xlsx (diunduh 2026-10-06),,,,1,,,,,,,,,
product.0_S_06_104_025010_00,"Double Nepple 1"" x 10 cm",FITTING PVC,FITTING · DOUBLE NEPPLE,5052,Export ERP master_product_updated.xlsx (diunduh 2026-10-06),,,,1,,,,,,,,,
product.0_S_06_104_025015_00,"Double Nepple 1""x 15 cm",FITTING PVC,FITTING · DOUBLE NEPPLE,5053,Export ERP master_product_updated.xlsx (diunduh 2026-10-06),,,,1,,,,,,,,,
product.0_S_06_104_025020_00,"Double Nepple 1"" x 20 cm",FITTING PVC,FITTING · DOUBLE NEPPLE,5054,Export ERP master_product_updated.xlsx (diunduh 2026-10-06),,,,1,,,,,,,,,
product.0_S_06_104_025030_00,"Double Nepple 1"" x 30 cm",FITTING PVC,FITTING · DOUBLE NEPPLE,5055,Export ERP master_product_updated.xlsx (diunduh 2026-10-06),,,,1,,,,,,,,,
__export__.product_product_17737,"Double Nepple 2"" x 9,5 cm",FITTING PVC,FITTING · DOUBLE NEPPLE,5056,Export ERP master_product_updated.xlsx (diunduh 2026-10-06),,,,2,,,,,,,,,
__export__.product_product_16936,"Double Nepple 2"" x 10 cm",FITTING PVC,FITTING · DOUBLE NEPPLE,5057,Export ERP master_product_updated.xlsx (diunduh 2026-10-06),,,,2,,,,,,,,,
__export__.product_product_16937,"Double Nepple 2"" x 15 cm",FITTING PVC,FITTING · DOUBLE NEPPLE,5058,Export ERP master_product_updated.xlsx (diunduh 2026-10-06),,,,2,,,,,,,,,
__export__.product_product_16938,"Double Nepple 2"" x 20 cm",FITTING PVC,FITTING · DOUBLE NEPPLE,5059,Export ERP master_product_updated.xlsx (diunduh 2026-10-06),,,,2,,,,,,,,,
__export__.product_product_15044,"Double Nepple 2"" x 1 1/2"" x 20 Cm",FITTING PVC,FITTING · DOUBLE NEPPLE,5060,Export ERP master_product_updated.xlsx (diunduh 2026-10-06),,,,1 1/2; 2,,,,,,,,,
product.0_S_06_106_016000_00,"Repairing Bell Socket - W 1/2""",FITTING PVC,FITTING · REPAIRING BELL SOCKET,5061,Export ERP master_product_updated.xlsx (diunduh 2026-10-06),,,,1/2,,,,,,,,,
product.0_S_06_106_020000_00,"Repairing Bell Socket - W 3/4""",FITTING PVC,FITTING · REPAIRING BELL SOCKET,5062,Export ERP master_product_updated.xlsx (diunduh 2026-10-06),,,,3/4,,,,,,,,,
product.0_S_06_106_040000_00,"Repairing Bell Socket - W 1 1/2""",FITTING PVC,FITTING · REPAIRING BELL SOCKET,5063,Export ERP master_product_updated.xlsx (diunduh 2026-10-06),,,,1 1/2,,,,,,,,,
product.0_S_06_106_042000_00,"Repairing Bell Socket - W 1 1/4""",FITTING PVC,FITTING · REPAIRING BELL SOCKET,5064,Export ERP master_product_updated.xlsx (diunduh 2026-10-06),,,,1 1/4,,,,,,,,,
product.0_S_06_106_050000_00,"Repairing Bell Socket - W 2""",FITTING PVC,FITTING · REPAIRING BELL SOCKET,5065,Export ERP master_product_updated.xlsx (diunduh 2026-10-06),,,,2,,,,,,,,,
product.0_S_06_106_065000_00,"Repairing Bell Socket - W 2 1/2""",FITTING PVC,FITTING · REPAIRING BELL SOCKET,5066,Export ERP master_product_updated.xlsx (diunduh 2026-10-06),,,,2 1/2,,,,,,,,,
product.0_S_06_106_075000_00,"Repairing Bell Socket - W 3""",FITTING PVC,FITTING · REPAIRING BELL SOCKET,5067,Export ERP master_product_updated.xlsx (diunduh 2026-10-06),,,,3,,,,,,,,,
product.0_S_06_106_100000_00,"Repairing Bell Socket - W 4""",FITTING PVC,FITTING · REPAIRING BELL SOCKET,5068,Export ERP master_product_updated.xlsx (diunduh 2026-10-06),,,,4,,,,,,,,,
product.0_S_06_106_125000_00,"Repairing Bell Socket - W 5""",FITTING PVC,FITTING · REPAIRING BELL SOCKET,5069,Export ERP master_product_updated.xlsx (diunduh 2026-10-06),,,,5,,,,,,,,,
product.0_S_06_106_150000_00,"Repairing Bell Socket - W 6""",FITTING PVC,FITTING · REPAIRING BELL SOCKET,5070,Export ERP master_product_updated.xlsx (diunduh 2026-10-06),,,,6,,,,,,,,,
product.0_S_06_106_200000_00,"Repairing Bell Socket - W 8""",FITTING PVC,FITTING · REPAIRING BELL SOCKET,5071,Export ERP master_product_updated.xlsx (diunduh 2026-10-06),,,,8,,,,,,,,,
product.0_S_06_106_250000_00,"Repairing Bell Socket - W 10""",FITTING PVC,FITTING · REPAIRING BELL SOCKET,5072,Export ERP master_product_updated.xlsx (diunduh 2026-10-06),,,,10,,,,,,,,,
product.0_S_06_106_300000_00,"Repairing Bell Socket - W 12""",FITTING PVC,FITTING · REPAIRING BELL SOCKET,5073,Export ERP master_product_updated.xlsx (diunduh 2026-10-06),,,,12,,,,,,,,,
__export__.product_product_16168,"Faucet Socket - W 50 mm x 1 1/2""",FITTING PVC,FITTING · FAUCET SOCKET,5116,Export ERP master_product_updated.xlsx (diunduh 2026-10-06),,,,1 1/2,,,,,,,,,
product.0_S_06_109_063040_00,"Faucet Socket - W 63 mm x 1 1/2""",FITTING PVC,FITTING · FAUCET SOCKET,5119,Export ERP master_product_updated.xlsx (diunduh 2026-10-06),,,,1 1/2,,,,,,,,,
product.0_S_06_110_016000_00,"Flange Socket - W 1/2""",FITTING PVC,FITTING · FLANGE SOCKET,5123,Export ERP master_product_updated.xlsx (diunduh 2026-10-06),,,,1/2,,,,,,,,,
product.0_S_06_110_020000_00,"Flange Socket - W 3/4""",FITTING PVC,FITTING · FLANGE SOCKET,5124,Export ERP master_product_updated.xlsx (diunduh 2026-10-06),,,,3/4,,,,,,,,,
product.0_S_06_110_025000_00,"Flange Socket - W 1""",FITTING PVC,FITTING · FLANGE SOCKET,5125,Export ERP master_product_updated.xlsx (diunduh 2026-10-06),,,,1,,,,,,,,,
product.0_S_06_110_040000_00,"Flange Socket - W 1 1/2""",FITTING PVC,FITTING · FLANGE SOCKET,5126,Export ERP master_product_updated.xlsx (diunduh 2026-10-06),,,,1 1/2,,,,,,,,,
product.0_S_06_110_042000_00,"Flange Socket - W 1 1/4""",FITTING PVC,FITTING · FLANGE SOCKET,5127,Export ERP master_product_updated.xlsx (diunduh 2026-10-06),,,,1 1/4,,,,,,,,,
product.0_S_06_110_060000_00,"Flange Socket - W 2""",FITTING PVC,FITTING · FLANGE SOCKET,5128,Export ERP master_product_updated.xlsx (diunduh 2026-10-06),,,,2,,,,,,,,,
product.0_S_06_110_065000_00,"Flange Socket - W 2 1/2""",FITTING PVC,FITTING · FLANGE SOCKET,5129,Export ERP master_product_updated.xlsx (diunduh 2026-10-06),,,,2 1/2,,,,,,,,,
product.0_S_06_110_075001_00,"Flange Socket - W 3""",FITTING PVC,FITTING · FLANGE SOCKET,5130,Export ERP master_product_updated.xlsx (diunduh 2026-10-06),,,,3,,,,,,,,,
product.0_S_06_110_100000_00,"Flange Socket - W 4""",FITTING PVC,FITTING · FLANGE SOCKET,5131,Export ERP master_product_updated.xlsx (diunduh 2026-10-06),,,,4,,,,,,,,,
product.0_S_06_110_125000_00,"Flange Socket - W 5""",FITTING PVC,FITTING · FLANGE SOCKET,5132,Export ERP master_product_updated.xlsx (diunduh 2026-10-06),,,,5,,,,,,,,,
product.0_S_06_110_150000_00,"Flange Socket - W 6""",FITTING PVC,FITTING · FLANGE SOCKET,5133,Export ERP master_product_updated.xlsx (diunduh 2026-10-06),,,,6,,,,,,,,,
__export__.product_product_13641,"Flange Socket - W 8""",FITTING PVC,FITTING · FLANGE SOCKET,5134,Export ERP master_product_updated.xlsx (diunduh 2026-10-06),,,,8,,,,,,,,,
__export__.product_product_13642,"Flange Socket - W 10""",FITTING PVC,FITTING · FLANGE SOCKET,5135,Export ERP master_product_updated.xlsx (diunduh 2026-10-06),,,,10,,,,,,,,,
__export__.product_product_13643,"Flange Socket - W 12""",FITTING PVC,FITTING · FLANGE SOCKET,5136,Export ERP master_product_updated.xlsx (diunduh 2026-10-06),,,,12,,,,,,,,,
product.0_S_06_111_040042_00,"Faucet Tee - W 40 mm x 1 1/4""",FITTING PVC,FITTING · FAUCET TEE,5138,Export ERP master_product_updated.xlsx (diunduh 2026-10-06),,,,1 1/4,,,,,,,,,
product.0_S_06_111_063025_00,"Faucet Tee - W 63 mm x 1""",FITTING PVC,FITTING · FAUCET TEE,5141,Export ERP master_product_updated.xlsx (diunduh 2026-10-06),,,,1,,,,,,,,,
product.0_S_06_111_063040_00,"Faucet Tee - W 63 mm x 1 1/2""",FITTING PVC,FITTING · FAUCET TEE,5143,Export ERP master_product_updated.xlsx (diunduh 2026-10-06),,,,1 1/2,,,,,,,,,
product.0_S_06_111_075040_00,"Faucet Tee - W 75 mm x 1 1/2""",FITTING PVC,FITTING · FAUCET TEE,5145,Export ERP master_product_updated.xlsx (diunduh 2026-10-06),,,,1 1/2,,,,,,,,,
product.0_S_06_112_016000_00,"Clean Out Cap - W 1/2""",FITTING PVC,FITTING · CLEAN OUT CAP,5146,Export ERP master_product_updated.xlsx (diunduh 2026-10-06),,,,1/2,,,,,,,,,
product.0_S_06_112_020000_00,"Clean Out Cap - W 3/4""",FITTING PVC,FITTING · CLEAN OUT CAP,5147,Export ERP master_product_updated.xlsx (diunduh 2026-10-06),,,,3/4,,,,,,,,,
product.0_S_06_112_025000_00,"Clean Out Cap - W 1""",FITTING PVC,FITTING · CLEAN OUT CAP,5148,Export ERP master_product_updated.xlsx (diunduh 2026-10-06),,,,1,,,,,,,,,
product.0_S_06_112_040000_00,"Clean Out Cap - W 1 1/2""",FITTING PVC,FITTING · CLEAN OUT CAP,5149,Export ERP master_product_updated.xlsx (diunduh 2026-10-06),,,,1 1/2,,,,,,,,,
product.0_S_06_112_042000_00,"Clean Out Cap - W 1 1/4""",FITTING PVC,FITTING · CLEAN OUT CAP,5150,Export ERP master_product_updated.xlsx (diunduh 2026-10-06),,,,1 1/4,,,,,,,,,
product.0_S_06_112_050000_00,"Clean Out Cap - W 2""",FITTING PVC,FITTING · CLEAN OUT CAP,5151,Export ERP master_product_updated.xlsx (diunduh 2026-10-06),,,,2,,,,,,,,,
product.0_S_06_112_065000_00,"Clean Out Cap - W 2 1/2""",FITTING PVC,FITTING · CLEAN OUT CAP,5152,Export ERP master_product_updated.xlsx (diunduh 2026-10-06),,,,2 1/2,,,,,,,,,
product.0_S_06_112_075000_00,"Clean Out Cap - W 3""",FITTING PVC,FITTING · CLEAN OUT CAP,5153,Export ERP master_product_updated.xlsx (diunduh 2026-10-06),,,,3,,,,,,,,,
product.0_S_06_112_100000_00,"Clean Out Cap - W 4""",FITTING PVC,FITTING · CLEAN OUT CAP,5154,Export ERP master_product_updated.xlsx (diunduh 2026-10-06),,,,4,,,,,,,,,
product.0_S_06_112_150000_00,"Clean Out Cap - W 6""",FITTING PVC,FITTING · CLEAN OUT CAP,5155,Export ERP master_product_updated.xlsx (diunduh 2026-10-06),,,,6,,,,,,,,,
product.0_S_06_112_200000_00,"Clean Out Cap - W 8""",FITTING PVC,FITTING · CLEAN OUT CAP,5156,Export ERP master_product_updated.xlsx (diunduh 2026-10-06),,,,8,,,,,,,,,
product.0_S_06_112_250000_00,"Clean Out Cap - W 10""",FITTING PVC,FITTING · CLEAN OUT CAP,5157,Export ERP master_product_updated.xlsx (diunduh 2026-10-06),,,,10,,,,,,,,,
product.0_S_06_112_300000_00,"Clean Out Cap - W 12""",FITTING PVC,FITTING · CLEAN OUT CAP,5158,Export ERP master_product_updated.xlsx (diunduh 2026-10-06),,,,12,,,,,,,,,
__export__.product_product_13475,"Faucet Socket - W 2 "" x 1 1/4""",FITTING PVC,FITTING · FAUCET SOCKET,5203,Export ERP master_product_updated.xlsx (diunduh 2026-10-06),,,,1 1/4; 2,,,,,,,,,
product.0_S_06_116_050000_00,Bell Bend 11 1/4° - D 2'',FITTING PVC,FITTING · BELL BEND 11 1/4°,5204,Export ERP master_product_updated.xlsx (diunduh 2026-10-06),,,,2,,,,,,D,,,
product.0_S_06_116_065000_00,Bell Bend 11 1/4° - D 2 1/2'',FITTING PVC,FITTING · BELL BEND 11 1/4°,5205,Export ERP master_product_updated.xlsx (diunduh 2026-10-06),,,,2 1/2,,,,,,D,,,
product.0_S_06_116_075000_00,"Bell Bend 11 1/4° - D 3""",FITTING PVC,FITTING · BELL BEND 11 1/4°,5206,Export ERP master_product_updated.xlsx (diunduh 2026-10-06),,,,3,,,,,,D,,,
product.0_S_06_116_100000_00,"Bell Bend 11 1/4° - D 4""",FITTING PVC,FITTING · BELL BEND 11 1/4°,5207,Export ERP master_product_updated.xlsx (diunduh 2026-10-06),,,,4,,,,,,D,,,
product.0_S_06_116_125000_00,"Bell Bend 11 1/4° - D 5""",FITTING PVC,FITTING · BELL BEND 11 1/4°,5208,Export ERP master_product_updated.xlsx (diunduh 2026-10-06),,,,5,,,,,,D,,,
product.0_S_06_116_150000_00,"Bell Bend 11 1/4° - D 6""",FITTING PVC,FITTING · BELL BEND 11 1/4°,5209,Export ERP master_product_updated.xlsx (diunduh 2026-10-06),,,,6,,,,,,D,,,
product.0_S_06_116_200000_00,"Bell Bend 11 1/4° - D 8""",FITTING PVC,FITTING · BELL BEND 11 1/4°,5210,Export ERP master_product_updated.xlsx (diunduh 2026-10-06),,,,8,,,,,,D,,,
product.0_S_06_116_250000_00,"Bell Bend 11 1/4° - D 10""",FITTING PVC,FITTING · BELL BEND 11 1/4°,5211,Export ERP master_product_updated.xlsx (diunduh 2026-10-06),,,,10,,,,,,D,,,
product.0_S_06_116_300000_00,"Bell Bend 11 1/4° - D 12""",FITTING PVC,FITTING · BELL BEND 11 1/4°,5212,Export ERP master_product_updated.xlsx (diunduh 2026-10-06),,,,12,,,,,,D,,,
__export__.product_product_15914,"VA Socket - W 2""",FITTING PVC,FITTING · VA SOCKET,5231,Export ERP master_product_updated.xlsx (diunduh 2026-10-06),,,,2,,,,,,,,,
__export__.product_product_13313,"Ts.Tee - W 63 mm x 3/4""",FITTING PVC,FITTING · .TEE,5251,Export ERP master_product_updated.xlsx (diunduh 2026-10-06),,,,3/4,,,,,,,,,
__export__.product_product_16162,"Ts.Tee - W 63 mm x 1 1/2""",FITTING PVC,FITTING · .TEE,5255,Export ERP master_product_updated.xlsx (diunduh 2026-10-06),,,,1 1/2,,,,,,,,,
__export__.product_product_16519,"Ts.Tee - W 1 1/2"" x 1/2""",FITTING PVC,FITTING · .TEE,5309,Export ERP master_product_updated.xlsx (diunduh 2026-10-06),,,,1/2; 1 1/2,,,,,,,,,
__export__.product_product_18644,"Ts.Tee - W 1 1/2"" x 1 1/2""",FITTING PVC,FITTING · .TEE,5310,Export ERP master_product_updated.xlsx (diunduh 2026-10-06),,,,1 1/2,,,,,,,,,
__export__.product_product_15556,"Ts.Tee - W 2"" x 1/2""",FITTING PVC,FITTING · .TEE,5311,Export ERP master_product_updated.xlsx (diunduh 2026-10-06),,,,1/2; 2,,,,,,,,,
__export__.product_product_11236,"Ts.Tee - W 2"" x 1 1/2""",FITTING PVC,FITTING · .TEE,5312,Export ERP master_product_updated.xlsx (diunduh 2026-10-06),,,,1 1/2; 2,,,,,,,,,
product.0_S_06_124_050042_00,"Ts.Tee - W 2"" x 1 1/4""(42)",FITTING PVC,FITTING · .TEE,5313,Export ERP master_product_updated.xlsx (diunduh 2026-10-06),,,,1 1/4; 2,,,,,,,,,
product.0_S_06_124_075020_00,"Ts.Tee - W 3"" x 1""",FITTING PVC,FITTING · .TEE,5314,Export ERP master_product_updated.xlsx (diunduh 2026-10-06),,,,1; 3,,,,,,,,,
__export__.product_product_9456,"Ts.Tee - W 3"" x 1 1/2""",FITTING PVC,FITTING · .TEE,5315,Export ERP master_product_updated.xlsx (diunduh 2026-10-06),,,,1 1/2; 3,,,,,,,,,
product.0_S_06_124_100020_00,"Ts.Tee - W 4"" x 1""",FITTING PVC,FITTING · .TEE,5316,Export ERP master_product_updated.xlsx (diunduh 2026-10-06),,,,1; 4,,,,,,,,,
__export__.product_product_16520,"Ts.Tee - W 4"" x 1 1/2""",FITTING PVC,FITTING · .TEE,5317,Export ERP master_product_updated.xlsx (diunduh 2026-10-06),,,,1 1/2; 4,,,,,,,,,
__export__.product_product_18635,"Ts.Tee - W 4"" x 3""",FITTING PVC,FITTING · .TEE,5318,Export ERP master_product_updated.xlsx (diunduh 2026-10-06),,,,3; 4,,,,,,,,,
product.0_S_06_124_125020_00,"Ts.Tee - W 5"" x 1""",FITTING PVC,FITTING · .TEE,5319,Export ERP master_product_updated.xlsx (diunduh 2026-10-06),,,,1; 5,,,,,,,,,
__export__.product_product_14973,"Ts.Tee - W 6"" x 4""",FITTING PVC,FITTING · .TEE,5320,Export ERP master_product_updated.xlsx (diunduh 2026-10-06),,,,4; 6,,,,,,,,,
__export__.product_product_11977,"Ts.Tee - W 8"" x 6""",FITTING PVC,FITTING · .TEE,5321,Export ERP master_product_updated.xlsx (diunduh 2026-10-06),,,,6; 8,,,,,,,,,
__export__.product_product_13704,"Ts.Tee - W 8"" x 8""",FITTING PVC,FITTING · .TEE,5322,Export ERP master_product_updated.xlsx (diunduh 2026-10-06),,,,8,,,,,,,,,
__export__.product_product_11978,"Ts.Tee - W 10"" x 6""",FITTING PVC,FITTING · .TEE,5323,Export ERP master_product_updated.xlsx (diunduh 2026-10-06),,,,6; 10,,,,,,,,,
__export__.product_product_11979,"Ts.Tee - W 12"" x 6""",FITTING PVC,FITTING · .TEE,5324,Export ERP master_product_updated.xlsx (diunduh 2026-10-06),,,,6; 12,,,,,,,,,
__export__.product_product_18637,"Ts.Tee - W 12"" x 12""",FITTING PVC,FITTING · .TEE,5325,Export ERP master_product_updated.xlsx (diunduh 2026-10-06),,,,12,,,,,,,,,
product.0_S_06_132_016000_00,"Saddle - W 1/2""",FITTING PVC,FITTING · SADDLE,5382,Export ERP master_product_updated.xlsx (diunduh 2026-10-06),,,,1/2,,,,,,,,,
product.0_S_06_132_020000_00,"Saddle - W 3/4""",FITTING PVC,FITTING · SADDLE,5383,Export ERP master_product_updated.xlsx (diunduh 2026-10-06),,,,3/4,,,,,,,,,
product.0_S_06_132_025000_00,"Saddle - W 1""",FITTING PVC,FITTING · SADDLE,5384,Export ERP master_product_updated.xlsx (diunduh 2026-10-06),,,,1,,,,,,,,,
product.0_S_06_132_040000_00,"Saddle - W 1 1/2""",FITTING PVC,FITTING · SADDLE,5385,Export ERP master_product_updated.xlsx (diunduh 2026-10-06),,,,1 1/2,,,,,,,,,
product.0_S_06_132_042000_00,"Saddle - W 1 1/4""",FITTING PVC,FITTING · SADDLE,5386,Export ERP master_product_updated.xlsx (diunduh 2026-10-06),,,,1 1/4,,,,,,,,,
product.0_S_06_132_050000_00,"Saddle - W 2""",FITTING PVC,FITTING · SADDLE,5387,Export ERP master_product_updated.xlsx (diunduh 2026-10-06),,,,2,,,,,,,,,
product.0_S_06_132_065000_00,"Saddle - W 2 1/2""",FITTING PVC,FITTING · SADDLE,5388,Export ERP master_product_updated.xlsx (diunduh 2026-10-06),,,,2 1/2,,,,,,,,,
product.0_S_06_132_075000_00,"Saddle - W 3""",FITTING PVC,FITTING · SADDLE,5389,Export ERP master_product_updated.xlsx (diunduh 2026-10-06),,,,3,,,,,,,,,
product.0_S_06_132_100000_00,"Saddle - W 4""",FITTING PVC,FITTING · SADDLE,5390,Export ERP master_product_updated.xlsx (diunduh 2026-10-06),,,,4,,,,,,,,,
product.0_S_06_132_125000_00,"Saddle - W 5""",FITTING PVC,FITTING · SADDLE,5391,Export ERP master_product_updated.xlsx (diunduh 2026-10-06),,,,5,,,,,,,,,
product.0_S_06_132_150000_00,"Saddle - W 6""",FITTING PVC,FITTING · SADDLE,5392,Export ERP master_product_updated.xlsx (diunduh 2026-10-06),,,,6,,,,,,,,,
product.0_S_06_132_200000_00,"Saddle - W 8""",FITTING PVC,FITTING · SADDLE,5393,Export ERP master_product_updated.xlsx (diunduh 2026-10-06),,,,8,,,,,,,,,
product.0_S_06_132_250000_00,"Saddle - W 10""",FITTING PVC,FITTING · SADDLE,5394,Export ERP master_product_updated.xlsx (diunduh 2026-10-06),,,,10,,,,,,,,,
product.0_S_06_132_300000_00,"Saddle - W 12""",FITTING PVC,FITTING · SADDLE,5395,Export ERP master_product_updated.xlsx (diunduh 2026-10-06),,,,12,,,,,,,,,
product.0_S_06_135_150100_00,"Flange Bell Reducer - W 6"" x 4""",FITTING PVC,FITTING · FLANGE BELL REDUCER,5398,Export ERP master_product_updated.xlsx (diunduh 2026-10-06),,,,4; 6,,,,,,,,,
product.0_S_06_135_200100_00,"Flange Bell Reducer - W 8"" x 4""",FITTING PVC,FITTING · FLANGE BELL REDUCER,5399,Export ERP master_product_updated.xlsx (diunduh 2026-10-06),,,,4; 8,,,,,,,,,
product.0_S_06_135_200200_00,"Flange Bell Reducer - W 8"" x 8""",FITTING PVC,FITTING · FLANGE BELL REDUCER,5400,Export ERP master_product_updated.xlsx (diunduh 2026-10-06),,,,8,,,,,,,,,
product.0_S_06_135_250150_00,"Flange Bell Reducer - W 10"" x 6""",FITTING PVC,FITTING · FLANGE BELL REDUCER,5401,Export ERP master_product_updated.xlsx (diunduh 2026-10-06),,,,6; 10,,,,,,,,,
product.0_S_06_135_250250_00,"Flange Bell Reducer - W 10"" x 10""",FITTING PVC,FITTING · FLANGE BELL REDUCER,5402,Export ERP master_product_updated.xlsx (diunduh 2026-10-06),,,,10,,,,,,,,,
product.0_S_06_135_300150_00,"Flange Bell Reducer - W 12"" x 6""",FITTING PVC,FITTING · FLANGE BELL REDUCER,5403,Export ERP master_product_updated.xlsx (diunduh 2026-10-06),,,,6; 12,,,,,,,,,
product.0_S_06_135_300250_00,"Flange Bell Reducer - W 12"" x 10""",FITTING PVC,FITTING · FLANGE BELL REDUCER,5404,Export ERP master_product_updated.xlsx (diunduh 2026-10-06),,,,10; 12,,,,,,,,,
product.0_S_06_135_300300_00,"Flange Bell Reducer - W 12"" x 12""",FITTING PVC,FITTING · FLANGE BELL REDUCER,5405,Export ERP master_product_updated.xlsx (diunduh 2026-10-06),,,,12,,,,,,,,,
product.0_S_06_137_040000_00,"All Flange Reducer - W 1 1/2""",FITTING PVC,FITTING · ALL FLANGE REDUCER,5427,Export ERP master_product_updated.xlsx (diunduh 2026-10-06),,,,1 1/2,,,,,,,,,
product.0_S_06_137_042000_00,"All Flange Reducer - W 1 1/4""",FITTING PVC,FITTING · ALL FLANGE REDUCER,5428,Export ERP master_product_updated.xlsx (diunduh 2026-10-06),,,,1 1/4,,,,,,,,,
product.0_S_06_137_050000_00,"All Flange Reducer - W 2""",FITTING PVC,FITTING · ALL FLANGE REDUCER,5429,Export ERP master_product_updated.xlsx (diunduh 2026-10-06),,,,2,,,,,,,,,
product.0_S_06_137_065000_00,"All Flange Reducer - W 2 1/2""",FITTING PVC,FITTING · ALL FLANGE REDUCER,5430,Export ERP master_product_updated.xlsx (diunduh 2026-10-06),,,,2 1/2,,,,,,,,,
product.0_S_06_137_075000_00,"All Flange Reducer - W 3""",FITTING PVC,FITTING · ALL FLANGE REDUCER,5431,Export ERP master_product_updated.xlsx (diunduh 2026-10-06),,,,3,,,,,,,,,
product.0_S_06_137_100000_00,"All Flange Reducer - W 4""",FITTING PVC,FITTING · ALL FLANGE REDUCER,5432,Export ERP master_product_updated.xlsx (diunduh 2026-10-06),,,,4,,,,,,,,,
product.0_S_06_137_125000_00,"All Flange Reducer - W 5""",FITTING PVC,FITTING · ALL FLANGE REDUCER,5433,Export ERP master_product_updated.xlsx (diunduh 2026-10-06),,,,5,,,,,,,,,
product.0_S_06_137_125100_00,"All Flange Reducer - W 5""x4""",FITTING PVC,"FITTING · ALL FLANGE REDUCER X4""",5434,Export ERP master_product_updated.xlsx (diunduh 2026-10-06),,,,5,,,,,,,,,
product.0_S_06_137_150000_00,"All Flange Reducer - W 6""",FITTING PVC,FITTING · ALL FLANGE REDUCER,5435,Export ERP master_product_updated.xlsx (diunduh 2026-10-06),,,,6,,,,,,,,,
product.0_S_06_137_150065_00,"All Flange Reducer - W 6"" x 2 1/2""",FITTING PVC,FITTING · ALL FLANGE REDUCER,5436,Export ERP master_product_updated.xlsx (diunduh 2026-10-06),,,,2 1/2; 6,,,,,,,,,
product.0_S_06_137_150075_00,"All Flange Reducer - W 6"" x 3""",FITTING PVC,FITTING · ALL FLANGE REDUCER,5437,Export ERP master_product_updated.xlsx (diunduh 2026-10-06),,,,3; 6,,,,,,,,,
product.0_S_06_137_150100_00,"All Flange Reducer - W 6"" x 4""",FITTING PVC,FITTING · ALL FLANGE REDUCER,5438,Export ERP master_product_updated.xlsx (diunduh 2026-10-06),,,,4; 6,,,,,,,,,
product.0_S_06_137_200000_00,"All Flange Reducer - W 8""",FITTING PVC,FITTING · ALL FLANGE REDUCER,5439,Export ERP master_product_updated.xlsx (diunduh 2026-10-06),,,,8,,,,,,,,,
product.0_S_06_137_200100_00,"All Flange Reducer - W 8"" x 4""",FITTING PVC,FITTING · ALL FLANGE REDUCER,5440,Export ERP master_product_updated.xlsx (diunduh 2026-10-06),,,,4; 8,,,,,,,,,
product.0_S_06_137_250000_00,"All Flange Reducer - W 10""",FITTING PVC,FITTING · ALL FLANGE REDUCER,5441,Export ERP master_product_updated.xlsx (diunduh 2026-10-06),,,,10,,,,,,,,,
product.0_S_06_137_250100_00,"All Flange Reducer - W 10"" x 4""",FITTING PVC,FITTING · ALL FLANGE REDUCER,5442,Export ERP master_product_updated.xlsx (diunduh 2026-10-06),,,,4; 10,,,,,,,,,
product.0_S_06_137_250125_00,"All Flange Reducer - W 10"" x 5""",FITTING PVC,FITTING · ALL FLANGE REDUCER,5443,Export ERP master_product_updated.xlsx (diunduh 2026-10-06),,,,5; 10,,,,,,,,,
product.0_S_06_137_250150_00,"All Flange Reducer - W 10"" x 6""",FITTING PVC,FITTING · ALL FLANGE REDUCER,5444,Export ERP master_product_updated.xlsx (diunduh 2026-10-06),,,,6; 10,,,,,,,,,
product.0_S_06_137_300000_00,"All Flange Reducer - W 12""",FITTING PVC,FITTING · ALL FLANGE REDUCER,5445,Export ERP master_product_updated.xlsx (diunduh 2026-10-06),,,,12,,,,,,,,,
product.0_S_06_137_300100_00,"All Flange Reducer - W 12"" x 4""",FITTING PVC,FITTING · ALL FLANGE REDUCER,5446,Export ERP master_product_updated.xlsx (diunduh 2026-10-06),,,,4; 12,,,,,,,,,
product.0_S_06_137_300150_00,"All Flange Reducer - W 12"" x 6""",FITTING PVC,FITTING · ALL FLANGE REDUCER,5447,Export ERP master_product_updated.xlsx (diunduh 2026-10-06),,,,6; 12,,,,,,,,,
product.0_S_06_137_300200_00,"All Flange Reducer - W 12"" x 8""",FITTING PVC,FITTING · ALL FLANGE REDUCER,5448,Export ERP master_product_updated.xlsx (diunduh 2026-10-06),,,,8; 12,,,,,,,,,
product.0_S_06_137_300250_00,"All Flange Reducer - W 12"" x 10""",FITTING PVC,FITTING · ALL FLANGE REDUCER,5449,Export ERP master_product_updated.xlsx (diunduh 2026-10-06),,,,10; 12,,,,,,,,,
product.0_S_06_143_050000_00,Bell Bend 22 1/2° - W 2'',FITTING PVC,FITTING · BELL BEND 22 1/2°,5509,Export ERP master_product_updated.xlsx (diunduh 2026-10-06),,,,2,,,,,,,,,
product.0_S_06_143_065000_00,Bell Bend 22 1/2° - W 2 1/2'',FITTING PVC,FITTING · BELL BEND 22 1/2°,5510,Export ERP master_product_updated.xlsx (diunduh 2026-10-06),,,,2 1/2,,,,,,,,,
product.0_S_06_143_075000_00,"Bell Bend 22 1/2° - W 3""",FITTING PVC,FITTING · BELL BEND 22 1/2°,5511,Export ERP master_product_updated.xlsx (diunduh 2026-10-06),,,,3,,,,,,,,,
product.0_S_06_143_100000_00,"Bell Bend 22 1/2° - W 4""",FITTING PVC,FITTING · BELL BEND 22 1/2°,5512,Export ERP master_product_updated.xlsx (diunduh 2026-10-06),,,,4,,,,,,,,,
product.0_S_06_143_125000_00,"Bell Bend 22 1/2° - W 5""",FITTING PVC,FITTING · BELL BEND 22 1/2°,5513,Export ERP master_product_updated.xlsx (diunduh 2026-10-06),,,,5,,,,,,,,,
product.0_S_06_143_150000_00,"Bell Bend 22 1/2° - W 6""",FITTING PVC,FITTING · BELL BEND 22 1/2°,5514,Export ERP master_product_updated.xlsx (diunduh 2026-10-06),,,,6,,,,,,,,,
product.0_S_06_143_200000_00,"Bell Bend 22 1/2° - W 8""",FITTING PVC,FITTING · BELL BEND 22 1/2°,5515,Export ERP master_product_updated.xlsx (diunduh 2026-10-06),,,,8,,,,,,,,,
product.0_S_06_143_250000_00,"Bell Bend 22 1/2° - W 10""",FITTING PVC,FITTING · BELL BEND 22 1/2°,5516,Export ERP master_product_updated.xlsx (diunduh 2026-10-06),,,,10,,,,,,,,,
product.0_S_06_143_300000_00,"Bell Bend 22 1/2° - W 12""",FITTING PVC,FITTING · BELL BEND 22 1/2°,5517,Export ERP master_product_updated.xlsx (diunduh 2026-10-06),,,,12,,,,,,,,,
product.0_S_06_144_050000_00,Bell Bend 45° - W 2'',FITTING PVC,FITTING · BELL BEND 45°,5518,Export ERP master_product_updated.xlsx (diunduh 2026-10-06),,,,2,,,,,,,,,
product.0_S_06_144_065000_00,Bell Bend 45° - W 2 1/2'',FITTING PVC,FITTING · BELL BEND 45°,5519,Export ERP master_product_updated.xlsx (diunduh 2026-10-06),,,,2 1/2,,,,,,,,,
product.0_S_06_144_075000_00,"Bell Bend 45° - W 3""",FITTING PVC,FITTING · BELL BEND 45°,5520,Export ERP master_product_updated.xlsx (diunduh 2026-10-06),,,,3,,,,,,,,,
product.0_S_06_144_100000_00,"Bell Bend 45° - W 4""",FITTING PVC,FITTING · BELL BEND 45°,5521,Export ERP master_product_updated.xlsx (diunduh 2026-10-06),,,,4,,,,,,,,,
product.0_S_06_144_125000_00,"Bell Bend 45° - W 5""",FITTING PVC,FITTING · BELL BEND 45°,5522,Export ERP master_product_updated.xlsx (diunduh 2026-10-06),,,,5,,,,,,,,,
product.0_S_06_144_150000_00,"Bell Bend 45° - W 6""",FITTING PVC,FITTING · BELL BEND 45°,5523,Export ERP master_product_updated.xlsx (diunduh 2026-10-06),,,,6,,,,,,,,,
product.0_S_06_144_200000_00,"Bell Bend 45° - W 8""",FITTING PVC,FITTING · BELL BEND 45°,5524,Export ERP master_product_updated.xlsx (diunduh 2026-10-06),,,,8,,,,,,,,,
product.0_S_06_144_250000_00,"Bell Bend 45° - W 10""",FITTING PVC,FITTING · BELL BEND 45°,5525,Export ERP master_product_updated.xlsx (diunduh 2026-10-06),,,,10,,,,,,,,,
__export__.product_product_13464,"Bell Bend 45° - W 12""",FITTING PVC,FITTING · BELL BEND 45°,5526,Export ERP master_product_updated.xlsx (diunduh 2026-10-06),,,,12,,,,,,,,,
__export__.product_product_16291,"Bell Bend 45° - W 20""",FITTING PVC,FITTING · BELL BEND 45°,5527,Export ERP master_product_updated.xlsx (diunduh 2026-10-06),,,,20,,,,,,,,,
product.0_S_06_145_050000_00,Bell Bend 90° - W 2'',FITTING PVC,FITTING · BELL BEND 90°,5528,Export ERP master_product_updated.xlsx (diunduh 2026-10-06),,,,2,,,,,,,,,
product.0_S_06_145_065000_00,Bell Bend 90° - W 2 1/2'',FITTING PVC,FITTING · BELL BEND 90°,5529,Export ERP master_product_updated.xlsx (diunduh 2026-10-06),,,,2 1/2,,,,,,,,,
product.0_S_06_145_075000_00,"Bell Bend 90° - W 3""",FITTING PVC,FITTING · BELL BEND 90°,5530,Export ERP master_product_updated.xlsx (diunduh 2026-10-06),,,,3,,,,,,,,,
product.0_S_06_145_100000_00,"Bell Bend 90° - W 4""",FITTING PVC,FITTING · BELL BEND 90°,5531,Export ERP master_product_updated.xlsx (diunduh 2026-10-06),,,,4,,,,,,,,,
product.0_S_06_145_125000_00,"Bell Bend 90° - W 5""",FITTING PVC,FITTING · BELL BEND 90°,5532,Export ERP master_product_updated.xlsx (diunduh 2026-10-06),,,,5,,,,,,,,,
product.0_S_06_145_150000_00,"Bell Bend 90° - W 6""",FITTING PVC,FITTING · BELL BEND 90°,5533,Export ERP master_product_updated.xlsx (diunduh 2026-10-06),,,,6,,,,,,,,,
product.0_S_06_145_200000_00,"Bell Bend 90° - W 8""",FITTING PVC,FITTING · BELL BEND 90°,5534,Export ERP master_product_updated.xlsx (diunduh 2026-10-06),,,,8,,,,,,,,,
product.0_S_06_145_250000_00,"Bell Bend 90° - W 10""",FITTING PVC,FITTING · BELL BEND 90°,5535,Export ERP master_product_updated.xlsx (diunduh 2026-10-06),,,,10,,,,,,,,,
product.0_S_06_145_300000_00,"Bell Bend 90° - W 12""",FITTING PVC,FITTING · BELL BEND 90°,5536,Export ERP master_product_updated.xlsx (diunduh 2026-10-06),,,,12,,,,,,,,,
__export__.product_product_16292,"Bell Bend 90° - W 16""",FITTING PVC,FITTING · BELL BEND 90°,5537,Export ERP master_product_updated.xlsx (diunduh 2026-10-06),,,,16,,,,,,,,,
__export__.product_product_16293,"Bell Bend 90° - W 20""",FITTING PVC,FITTING · BELL BEND 90°,5538,Export ERP master_product_updated.xlsx (diunduh 2026-10-06),,,,20,,,,,,,,,
product.0_S_06_149_050000_00,Bell Bend 22 1/2° - D 2'',FITTING PVC,FITTING · BELL BEND 22 1/2°,5593,Export ERP master_product_updated.xlsx (diunduh 2026-10-06),,,,2,,,,,,D,,,
product.0_S_06_149_065000_00,"Bell Bend 22 1/2° - D 2 1/2""",FITTING PVC,FITTING · BELL BEND 22 1/2°,5594,Export ERP master_product_updated.xlsx (diunduh 2026-10-06),,,,2 1/2,,,,,,D,,,
product.0_S_06_149_075000_00,"Bell Bend 22 1/2° - D 3""",FITTING PVC,FITTING · BELL BEND 22 1/2°,5595,Export ERP master_product_updated.xlsx (diunduh 2026-10-06),,,,3,,,,,,D,,,
product.0_S_06_149_100000_00,"Bell Bend 22 1/2° - D 4""",FITTING PVC,FITTING · BELL BEND 22 1/2°,5596,Export ERP master_product_updated.xlsx (diunduh 2026-10-06),,,,4,,,,,,D,,,
product.0_S_06_149_125000_00,"Bell Bend 22 1/2° - D 5""",FITTING PVC,FITTING · BELL BEND 22 1/2°,5597,Export ERP master_product_updated.xlsx (diunduh 2026-10-06),,,,5,,,,,,D,,,
product.0_S_06_149_150000_00,"Bell Bend 22 1/2° - D 6""",FITTING PVC,FITTING · BELL BEND 22 1/2°,5598,Export ERP master_product_updated.xlsx (diunduh 2026-10-06),,,,6,,,,,,D,,,
product.0_S_06_149_200000_00,"Bell Bend 22 1/2° - D 8""",FITTING PVC,FITTING · BELL BEND 22 1/2°,5599,Export ERP master_product_updated.xlsx (diunduh 2026-10-06),,,,8,,,,,,D,,,
product.0_S_06_149_250000_00,"Bell Bend 22 1/2° - D 10""",FITTING PVC,FITTING · BELL BEND 22 1/2°,5600,Export ERP master_product_updated.xlsx (diunduh 2026-10-06),,,,10,,,,,,D,,,
product.0_S_06_149_300000_00,"Bell Bend 22 1/2° - D 12""",FITTING PVC,FITTING · BELL BEND 22 1/2°,5601,Export ERP master_product_updated.xlsx (diunduh 2026-10-06),,,,12,,,,,,D,,,
product.0_S_06_150_050000_00,Bell Bend 45° - D 2'',FITTING PVC,FITTING · BELL BEND 45°,5602,Export ERP master_product_updated.xlsx (diunduh 2026-10-06),,,,2,,,,,,D,,,
product.0_S_06_150_065000_00,Bell Bend 45° - D 2 1/2'',FITTING PVC,FITTING · BELL BEND 45°,5603,Export ERP master_product_updated.xlsx (diunduh 2026-10-06),,,,2 1/2,,,,,,D,,,
product.0_S_06_150_075000_00,"Bell Bend 45° - D 3""",FITTING PVC,FITTING · BELL BEND 45°,5604,Export ERP master_product_updated.xlsx (diunduh 2026-10-06),,,,3,,,,,,D,,,
product.0_S_06_150_100000_00,"Bell Bend 45° - D 4""",FITTING PVC,FITTING · BELL BEND 45°,5605,Export ERP master_product_updated.xlsx (diunduh 2026-10-06),,,,4,,,,,,D,,,
product.0_S_06_150_125000_00,"Bell Bend 45° - D 5""",FITTING PVC,FITTING · BELL BEND 45°,5606,Export ERP master_product_updated.xlsx (diunduh 2026-10-06),,,,5,,,,,,D,,,
product.0_S_06_150_150000_00,"Bell Bend 45° - D 6""",FITTING PVC,FITTING · BELL BEND 45°,5607,Export ERP master_product_updated.xlsx (diunduh 2026-10-06),,,,6,,,,,,D,,,
product.0_S_06_150_200000_00,"Bell Bend 45° - D 8""",FITTING PVC,FITTING · BELL BEND 45°,5608,Export ERP master_product_updated.xlsx (diunduh 2026-10-06),,,,8,,,,,,D,,,
product.0_S_06_150_250000_00,"Bell Bend 45° - D 10""",FITTING PVC,FITTING · BELL BEND 45°,5609,Export ERP master_product_updated.xlsx (diunduh 2026-10-06),,,,10,,,,,,D,,,
product.0_S_06_150_300000_00,"Bell Bend 45° - D 12""",FITTING PVC,FITTING · BELL BEND 45°,5610,Export ERP master_product_updated.xlsx (diunduh 2026-10-06),,,,12,,,,,,D,,,
product.0_S_06_151_050000_00,Bell Bend 90° - D 2'',FITTING PVC,FITTING · BELL BEND 90°,5611,Export ERP master_product_updated.xlsx (diunduh 2026-10-06),,,,2,,,,,,D,,,
product.0_S_06_151_065000_00,Bell Bend 90° - D 2 1/2'',FITTING PVC,FITTING · BELL BEND 90°,5612,Export ERP master_product_updated.xlsx (diunduh 2026-10-06),,,,2 1/2,,,,,,D,,,
product.0_S_06_151_075000_00,"Bell Bend 90° - D 3""",FITTING PVC,FITTING · BELL BEND 90°,5613,Export ERP master_product_updated.xlsx (diunduh 2026-10-06),,,,3,,,,,,D,,,
product.0_S_06_151_100000_00,"Bell Bend 90° - D 4""",FITTING PVC,FITTING · BELL BEND 90°,5614,Export ERP master_product_updated.xlsx (diunduh 2026-10-06),,,,4,,,,,,D,,,
product.0_S_06_151_125000_00,"Bell Bend 90° - D 5""",FITTING PVC,FITTING · BELL BEND 90°,5615,Export ERP master_product_updated.xlsx (diunduh 2026-10-06),,,,5,,,,,,D,,,
product.0_S_06_151_150000_00,"Bell Bend 90° - D 6""",FITTING PVC,FITTING · BELL BEND 90°,5616,Export ERP master_product_updated.xlsx (diunduh 2026-10-06),,,,6,,,,,,D,,,
product.0_S_06_151_200000_00,"Bell Bend 90° - D 8""",FITTING PVC,FITTING · BELL BEND 90°,5617,Export ERP master_product_updated.xlsx (diunduh 2026-10-06),,,,8,,,,,,D,,,
product.0_S_06_151_250000_00,"Bell Bend 90° - D 10""",FITTING PVC,FITTING · BELL BEND 90°,5618,Export ERP master_product_updated.xlsx (diunduh 2026-10-06),,,,10,,,,,,D,,,
product.0_S_06_151_300000_00,"Bell Bend 90° - D 12""",FITTING PVC,FITTING · BELL BEND 90°,5619,Export ERP master_product_updated.xlsx (diunduh 2026-10-06),,,,12,,,,,,D,,,
product.0_S_06_152_150100_00,"Reducer All Flange - W 6"" x 4""",FITTING PVC,FITTING · REDUCER ALL FLANGE,5620,Export ERP master_product_updated.xlsx (diunduh 2026-10-06),,,,4; 6,,,,,,,,,
product.0_S_06_152_200100_00,"Reducer All Flange - W 8"" x 4""",FITTING PVC,FITTING · REDUCER ALL FLANGE,5621,Export ERP master_product_updated.xlsx (diunduh 2026-10-06),,,,4; 8,,,,,,,,,
product.0_S_06_152_200200_00,"Reducer All Flange - W 8"" x 8""",FITTING PVC,FITTING · REDUCER ALL FLANGE,5622,Export ERP master_product_updated.xlsx (diunduh 2026-10-06),,,,8,,,,,,,,,
product.0_S_06_152_250150_00,"Reducer All Flange - W 10"" x 6""",FITTING PVC,FITTING · REDUCER ALL FLANGE,5623,Export ERP master_product_updated.xlsx (diunduh 2026-10-06),,,,6; 10,,,,,,,,,
product.0_S_06_152_250250_00,"Reducer All Flange - W 10"" x 10""",FITTING PVC,FITTING · REDUCER ALL FLANGE,5624,Export ERP master_product_updated.xlsx (diunduh 2026-10-06),,,,10,,,,,,,,,
product.0_S_06_152_300150_00,"Reducer All Flange - W 12"" x 6""",FITTING PVC,FITTING · REDUCER ALL FLANGE,5625,Export ERP master_product_updated.xlsx (diunduh 2026-10-06),,,,6; 12,,,,,,,,,
product.0_S_06_152_300250_00,"Reducer All Flange - W 12"" x 10""",FITTING PVC,FITTING · REDUCER ALL FLANGE,5626,Export ERP master_product_updated.xlsx (diunduh 2026-10-06),,,,10; 12,,,,,,,,,
product.0_S_06_152_300300_00,"Reducer All Flange - W 12"" x 12""",FITTING PVC,FITTING · REDUCER ALL FLANGE,5627,Export ERP master_product_updated.xlsx (diunduh 2026-10-06),,,,12,,,,,,,,,
product.0_S_06_153_016000_00,"Bell Ts Socket - W 1/2""",FITTING PVC,FITTING · BELL SOCKET,5628,Export ERP master_product_updated.xlsx (diunduh 2026-10-06),,,,1/2,,,,,,,,,
product.0_S_06_153_020000_00,"Bell Ts Socket - W 3/4""",FITTING PVC,FITTING · BELL SOCKET,5629,Export ERP master_product_updated.xlsx (diunduh 2026-10-06),,,,3/4,,,,,,,,,
product.0_S_06_153_025000_00,"Bell Ts Socket - W 1""",FITTING PVC,FITTING · BELL SOCKET,5630,Export ERP master_product_updated.xlsx (diunduh 2026-10-06),,,,1,,,,,,,,,
product.0_S_06_153_040000_00,"Bell Ts Socket - W 1 1/2""",FITTING PVC,FITTING · BELL SOCKET,5631,Export ERP master_product_updated.xlsx (diunduh 2026-10-06),,,,1 1/2,,,,,,,,,
product.0_S_06_153_042000_00,"Bell Ts Socket - W 1 1/4""",FITTING PVC,FITTING · BELL SOCKET,5632,Export ERP master_product_updated.xlsx (diunduh 2026-10-06),,,,1 1/4,,,,,,,,,
product.0_S_06_153_050000_00,"Bell Ts Socket - W 2""",FITTING PVC,FITTING · BELL SOCKET,5633,Export ERP master_product_updated.xlsx (diunduh 2026-10-06),,,,2,,,,,,,,,
product.0_S_06_153_065000_00,"Bell Ts Socket - W 2 1/2""",FITTING PVC,FITTING · BELL SOCKET,5634,Export ERP master_product_updated.xlsx (diunduh 2026-10-06),,,,2 1/2,,,,,,,,,
product.0_S_06_153_075000_00,"Bell Ts Socket - W 3""",FITTING PVC,FITTING · BELL SOCKET,5635,Export ERP master_product_updated.xlsx (diunduh 2026-10-06),,,,3,,,,,,,,,
product.0_S_06_153_100000_00,"Bell Ts Socket - W 4""",FITTING PVC,FITTING · BELL SOCKET,5636,Export ERP master_product_updated.xlsx (diunduh 2026-10-06),,,,4,,,,,,,,,
product.0_S_06_153_125000_00,"Bell Ts Socket - W 5""",FITTING PVC,FITTING · BELL SOCKET,5637,Export ERP master_product_updated.xlsx (diunduh 2026-10-06),,,,5,,,,,,,,,
product.0_S_06_153_150000_00,"Bell Ts Socket - W 6""",FITTING PVC,FITTING · BELL SOCKET,5638,Export ERP master_product_updated.xlsx (diunduh 2026-10-06),,,,6,,,,,,,,,
product.0_S_06_153_200000_00,"Bell Ts Socket - W 8""",FITTING PVC,FITTING · BELL SOCKET,5639,Export ERP master_product_updated.xlsx (diunduh 2026-10-06),,,,8,,,,,,,,,
product.0_S_06_153_250000_00,"Bell Ts Socket - W 10""",FITTING PVC,FITTING · BELL SOCKET,5640,Export ERP master_product_updated.xlsx (diunduh 2026-10-06),,,,10,,,,,,,,,
product.0_S_06_153_300000_00,"Bell Ts Socket - W 12""",FITTING PVC,FITTING · BELL SOCKET,5641,Export ERP master_product_updated.xlsx (diunduh 2026-10-06),,,,12,,,,,,,,,
__export__.product_product_13135,"Bell Y TS Branch - W 4"" x 2""",FITTING PVC,FITTING · BELL Y BRANCH,5642,Export ERP master_product_updated.xlsx (diunduh 2026-10-06),,,,2; 4,,,,,,,,,
product.0_S_06_155_016000_00,"Spigot - W 1/2""",FITTING PVC,FITTING · SPIGOT,5643,Export ERP master_product_updated.xlsx (diunduh 2026-10-06),,,,1/2,,,,,,,,,
product.0_S_06_155_020000_00,"Spigot - W 3/4""",FITTING PVC,FITTING · SPIGOT,5644,Export ERP master_product_updated.xlsx (diunduh 2026-10-06),,,,3/4,,,,,,,,,
product.0_S_06_155_025000_00,"Spigot - W 1""",FITTING PVC,FITTING · SPIGOT,5645,Export ERP master_product_updated.xlsx (diunduh 2026-10-06),,,,1,,,,,,,,,
product.0_S_06_155_040000_00,"Spigot - W 1 1/2""",FITTING PVC,FITTING · SPIGOT,5646,Export ERP master_product_updated.xlsx (diunduh 2026-10-06),,,,1 1/2,,,,,,,,,
product.0_S_06_155_042000_00,"Spigot - W 1 1/4""",FITTING PVC,FITTING · SPIGOT,5647,Export ERP master_product_updated.xlsx (diunduh 2026-10-06),,,,1 1/4,,,,,,,,,
product.0_S_06_155_050000_00,"Spigot - W 2""",FITTING PVC,FITTING · SPIGOT,5648,Export ERP master_product_updated.xlsx (diunduh 2026-10-06),,,,2,,,,,,,,,
product.0_S_06_155_065000_00,"Spigot - W 2 1/2""",FITTING PVC,FITTING · SPIGOT,5649,Export ERP master_product_updated.xlsx (diunduh 2026-10-06),,,,2 1/2,,,,,,,,,
product.0_S_06_155_075000_00,"Spigot - W 3""",FITTING PVC,FITTING · SPIGOT,5650,Export ERP master_product_updated.xlsx (diunduh 2026-10-06),,,,3,,,,,,,,,
product.0_S_06_155_100000_00,"Spigot - W 4""",FITTING PVC,FITTING · SPIGOT,5651,Export ERP master_product_updated.xlsx (diunduh 2026-10-06),,,,4,,,,,,,,,
product.0_S_06_155_125000_00,"Spigot - W 5""",FITTING PVC,FITTING · SPIGOT,5652,Export ERP master_product_updated.xlsx (diunduh 2026-10-06),,,,5,,,,,,,,,
product.0_S_06_155_150000_00,"Spigot - W 6""",FITTING PVC,FITTING · SPIGOT,5653,Export ERP master_product_updated.xlsx (diunduh 2026-10-06),,,,6,,,,,,,,,
product.0_S_06_155_200000_00,"Spigot - W 8""",FITTING PVC,FITTING · SPIGOT,5654,Export ERP master_product_updated.xlsx (diunduh 2026-10-06),,,,8,,,,,,,,,
product.0_S_06_155_300000_00,"Spigot - W 12""",FITTING PVC,FITTING · SPIGOT,5655,Export ERP master_product_updated.xlsx (diunduh 2026-10-06),,,,12,,,,,,,,,
__export__.product_product_13133,"Bell Y - W 4""",FITTING PVC,FITTING · BELL Y,5656,Export ERP master_product_updated.xlsx (diunduh 2026-10-06),,,,4,,,,,,,,,
__export__.product_product_13132,"Bell Y - W 4"" x 2""",FITTING PVC,FITTING · BELL Y,5657,Export ERP master_product_updated.xlsx (diunduh 2026-10-06),,,,2; 4,,,,,,,,,
__export__.product_product_17479,"Bell Y - W 6"" x 4""",FITTING PVC,FITTING · BELL Y,5658,Export ERP master_product_updated.xlsx (diunduh 2026-10-06),,,,4; 6,,,,,,,,,
__export__.product_product_17478,"Bell Y - W 6""",FITTING PVC,FITTING · BELL Y,5659,Export ERP master_product_updated.xlsx (diunduh 2026-10-06),,,,6,,,,,,,,,
__export__.product_product_13114,"Bell Y - W 8""",FITTING PVC,FITTING · BELL Y,5660,Export ERP master_product_updated.xlsx (diunduh 2026-10-06),,,,8,,,,,,,,,
__export__.product_product_13116,"Bell Y - W 8"" x 4""",FITTING PVC,FITTING · BELL Y,5661,Export ERP master_product_updated.xlsx (diunduh 2026-10-06),,,,4; 8,,,,,,,,,
__export__.product_product_13115,"Bell Y - W 8"" x 6""",FITTING PVC,FITTING · BELL Y,5662,Export ERP master_product_updated.xlsx (diunduh 2026-10-06),,,,6; 8,,,,,,,,,
__export__.product_product_13112,"Bell Y - W 10""",FITTING PVC,FITTING · BELL Y,5663,Export ERP master_product_updated.xlsx (diunduh 2026-10-06),,,,10,,,,,,,,,
__export__.product_product_13111,"Bell Y - W 10"" x 4""",FITTING PVC,FITTING · BELL Y,5664,Export ERP master_product_updated.xlsx (diunduh 2026-10-06),,,,4; 10,,,,,,,,,
__export__.product_product_13113,"Bell Y - W 10"" x 6""",FITTING PVC,FITTING · BELL Y,5665,Export ERP master_product_updated.xlsx (diunduh 2026-10-06),,,,6; 10,,,,,,,,,
__export__.product_product_13110,"Bell Y - W 10"" x 8""",FITTING PVC,FITTING · BELL Y,5666,Export ERP master_product_updated.xlsx (diunduh 2026-10-06),,,,8; 10,,,,,,,,,
product.0_S_06_157_150100_00,"All Bell Tee - D 6"" x 4""",FITTING PVC,FITTING · ALL BELL TEE,5667,Export ERP master_product_updated.xlsx (diunduh 2026-10-06),,,,4; 6,,,,,,D,,,
product.0_S_06_157_200100_00,"All Bell Tee - D 8"" x 4""",FITTING PVC,FITTING · ALL BELL TEE,5668,Export ERP master_product_updated.xlsx (diunduh 2026-10-06),,,,4; 8,,,,,,D,,,
__export__.product_product_19192,"All Bell Tee - D 8"" x 6""",FITTING PVC,FITTING · ALL BELL TEE,5669,Export ERP master_product_updated.xlsx (diunduh 2026-10-06),,,,6; 8,,,,,,D,,,
product.0_S_06_157_200200_00,"All Bell Tee - D 8"" x 8""",FITTING PVC,FITTING · ALL BELL TEE,5670,Export ERP master_product_updated.xlsx (diunduh 2026-10-06),,,,8,,,,,,D,,,
product.0_S_06_157_250150_00,"All Bell Tee - D 10"" x 6""",FITTING PVC,FITTING · ALL BELL TEE,5671,Export ERP master_product_updated.xlsx (diunduh 2026-10-06),,,,6; 10,,,,,,D,,,
product.0_S_06_157_250250_00,"All Bell Tee - D 10"" x 10""",FITTING PVC,FITTING · ALL BELL TEE,5672,Export ERP master_product_updated.xlsx (diunduh 2026-10-06),,,,10,,,,,,D,,,
product.0_S_06_157_300150_00,"All Bell Tee - D 12"" x 6""",FITTING PVC,FITTING · ALL BELL TEE,5673,Export ERP master_product_updated.xlsx (diunduh 2026-10-06),,,,6; 12,,,,,,D,,,
product.0_S_06_157_300300_00,"All Bell Tee - D 12"" x 12""",FITTING PVC,FITTING · ALL BELL TEE,5674,Export ERP master_product_updated.xlsx (diunduh 2026-10-06),,,,12,,,,,,D,,,
product.0_S_06_158_125100_00,"Bell Y - D 5"" x 4""",FITTING PVC,FITTING · BELL Y,5675,Export ERP master_product_updated.xlsx (diunduh 2026-10-06),,,,4; 5,,,,,,D,,,
product.0_S_06_158_150065_00,"Bell Y - D 6"" x 2 1/2""",FITTING PVC,FITTING · BELL Y,5676,Export ERP master_product_updated.xlsx (diunduh 2026-10-06),,,,2 1/2; 6,,,,,,D,,,
product.0_S_06_158_150075_00,"Bell Y - D 6"" x 3""",FITTING PVC,FITTING · BELL Y,5677,Export ERP master_product_updated.xlsx (diunduh 2026-10-06),,,,3; 6,,,,,,D,,,
product.0_S_06_158_150100_00,"Bell Y - D 6"" x 4""",FITTING PVC,FITTING · BELL Y,5678,Export ERP master_product_updated.xlsx (diunduh 2026-10-06),,,,4; 6,,,,,,D,,,
product.0_S_06_158_200100_00,"Bell Y - D 8"" x 4""",FITTING PVC,FITTING · BELL Y,5679,Export ERP master_product_updated.xlsx (diunduh 2026-10-06),,,,4; 8,,,,,,D,,,
__export__.product_product_13108,"Bell Y - D 8"" x 6""",FITTING PVC,FITTING · BELL Y,5680,Export ERP master_product_updated.xlsx (diunduh 2026-10-06),,,,6; 8,,,,,,D,,,
product.0_S_06_158_200200_00,"Bell Y - D 8"" x 8""",FITTING PVC,FITTING · BELL Y,5681,Export ERP master_product_updated.xlsx (diunduh 2026-10-06),,,,8,,,,,,D,,,
product.0_S_06_158_250100_00,"Bell Y - D 10"" x 4""",FITTING PVC,FITTING · BELL Y,5682,Export ERP master_product_updated.xlsx (diunduh 2026-10-06),,,,4; 10,,,,,,D,,,
product.0_S_06_158_250125_00,"Bell Y - D 10"" x 5""",FITTING PVC,FITTING · BELL Y,5683,Export ERP master_product_updated.xlsx (diunduh 2026-10-06),,,,5; 10,,,,,,D,,,
product.0_S_06_158_250150_00,"Bell Y - D 10"" x 6""",FITTING PVC,FITTING · BELL Y,5684,Export ERP master_product_updated.xlsx (diunduh 2026-10-06),,,,6; 10,,,,,,D,,,
product.0_S_06_158_250200_00,"Bell Y - D 10"" x 8""",FITTING PVC,FITTING · BELL Y,5685,Export ERP master_product_updated.xlsx (diunduh 2026-10-06),,,,8; 10,,,,,,D,,,
product.0_S_06_158_250250_00,"Bell Y - D 10"" x 10""",FITTING PVC,FITTING · BELL Y,5686,Export ERP master_product_updated.xlsx (diunduh 2026-10-06),,,,10,,,,,,D,,,
product.0_S_06_158_300100_00,"Bell Y - D 12"" x 4""",FITTING PVC,FITTING · BELL Y,5687,Export ERP master_product_updated.xlsx (diunduh 2026-10-06),,,,4; 12,,,,,,D,,,
product.0_S_06_158_300150_00,"Bell Y - D 12"" x 6""",FITTING PVC,FITTING · BELL Y,5688,Export ERP master_product_updated.xlsx (diunduh 2026-10-06),,,,6; 12,,,,,,D,,,
product.0_S_06_158_300200_00,"Bell Y - D 12"" x 8""",FITTING PVC,FITTING · BELL Y,5689,Export ERP master_product_updated.xlsx (diunduh 2026-10-06),,,,8; 12,,,,,,D,,,
product.0_S_06_158_300250_00,"Bell Y - D 12"" x 10""",FITTING PVC,FITTING · BELL Y,5690,Export ERP master_product_updated.xlsx (diunduh 2026-10-06),,,,10; 12,,,,,,D,,,
product.0_S_06_158_300300_00,"Bell Y - D 12"" x 12""",FITTING PVC,FITTING · BELL Y,5691,Export ERP master_product_updated.xlsx (diunduh 2026-10-06),,,,12,,,,,,D,,,
product.0_S_06_164_050000_00,"All Bell Bend 11 1/4° - W 2""",FITTING PVC,FITTING · ALL BELL BEND 11 1/4°,5807,Export ERP master_product_updated.xlsx (diunduh 2026-10-06),,,,2,,,,,,,,,
product.0_S_06_164_065000_00,"All Bell Bend 11 1/4° - W 2 1/2""",FITTING PVC,FITTING · ALL BELL BEND 11 1/4°,5808,Export ERP master_product_updated.xlsx (diunduh 2026-10-06),,,,2 1/2,,,,,,,,,
product.0_S_06_164_075000_00,"All Bell Bend 11 1/4° - W 3""",FITTING PVC,FITTING · ALL BELL BEND 11 1/4°,5809,Export ERP master_product_updated.xlsx (diunduh 2026-10-06),,,,3,,,,,,,,,
product.0_S_06_164_100000_00,"All Bell Bend 11 1/4° - W 4""",FITTING PVC,FITTING · ALL BELL BEND 11 1/4°,5810,Export ERP master_product_updated.xlsx (diunduh 2026-10-06),,,,4,,,,,,,,,
product.0_S_06_164_125000_00,"All Bell Bend 11 1/4° - W 5""",FITTING PVC,FITTING · ALL BELL BEND 11 1/4°,5811,Export ERP master_product_updated.xlsx (diunduh 2026-10-06),,,,5,,,,,,,,,
product.0_S_06_164_150000_00,"All Bell Bend 11 1/4° - W 6""",FITTING PVC,FITTING · ALL BELL BEND 11 1/4°,5812,Export ERP master_product_updated.xlsx (diunduh 2026-10-06),,,,6,,,,,,,,,
product.0_S_06_164_200000_00,"All Bell Bend 11 1/4° - W 8""",FITTING PVC,FITTING · ALL BELL BEND 11 1/4°,5813,Export ERP master_product_updated.xlsx (diunduh 2026-10-06),,,,8,,,,,,,,,
product.0_S_06_164_250000_00,"All Bell Bend 11 1/4° - W 10""",FITTING PVC,FITTING · ALL BELL BEND 11 1/4°,5814,Export ERP master_product_updated.xlsx (diunduh 2026-10-06),,,,10,,,,,,,,,
product.0_S_06_164_300000_00,"All Bell Bend 11 1/4° - W 12""",FITTING PVC,FITTING · ALL BELL BEND 11 1/4°,5815,Export ERP master_product_updated.xlsx (diunduh 2026-10-06),,,,12,,,,,,,,,
product.0_S_06_165_050000_00,"All Bell Bend 11 1/4° - D 2""",FITTING PVC,FITTING · ALL BELL BEND 11 1/4°,5816,Export ERP master_product_updated.xlsx (diunduh 2026-10-06),,,,2,,,,,,D,,,
product.0_S_06_165_065000_00,"All Bell Bend 11 1/4° - D 2 1/2""",FITTING PVC,FITTING · ALL BELL BEND 11 1/4°,5817,Export ERP master_product_updated.xlsx (diunduh 2026-10-06),,,,2 1/2,,,,,,D,,,
product.0_S_06_165_075000_00,"All Bell Bend 11 1/4° - D 3""",FITTING PVC,FITTING · ALL BELL BEND 11 1/4°,5818,Export ERP master_product_updated.xlsx (diunduh 2026-10-06),,,,3,,,,,,D,,,
product.0_S_06_165_100000_00,"All Bell Bend 11 1/4° - D 4""",FITTING PVC,FITTING · ALL BELL BEND 11 1/4°,5819,Export ERP master_product_updated.xlsx (diunduh 2026-10-06),,,,4,,,,,,D,,,
product.0_S_06_165_150000_00,"All Bell Bend 11 1/4° - D 6""",FITTING PVC,FITTING · ALL BELL BEND 11 1/4°,5820,Export ERP master_product_updated.xlsx (diunduh 2026-10-06),,,,6,,,,,,D,,,
product.0_S_06_165_200000_00,"All Bell Bend 11 1/4° - D 8""",FITTING PVC,FITTING · ALL BELL BEND 11 1/4°,5821,Export ERP master_product_updated.xlsx (diunduh 2026-10-06),,,,8,,,,,,D,,,
product.0_S_06_165_250000_00,"All Bell Bend 11 1/4° - D 10""",FITTING PVC,FITTING · ALL BELL BEND 11 1/4°,5822,Export ERP master_product_updated.xlsx (diunduh 2026-10-06),,,,10,,,,,,D,,,
product.0_S_06_165_300000_00,"All Bell Bend 11 1/4° - D 12""",FITTING PVC,FITTING · ALL BELL BEND 11 1/4°,5823,Export ERP master_product_updated.xlsx (diunduh 2026-10-06),,,,12,,,,,,D,,,
product.0_S_06_167_050000_00,"All Bell Bend 22 1/2° - W 2""",FITTING PVC,FITTING · ALL BELL BEND 22 1/2°,5836,Export ERP master_product_updated.xlsx (diunduh 2026-10-06),,,,2,,,,,,,,,
product.0_S_06_167_065000_00,"All Bell Bend 22 1/2° - W 2 1/2""",FITTING PVC,FITTING · ALL BELL BEND 22 1/2°,5837,Export ERP master_product_updated.xlsx (diunduh 2026-10-06),,,,2 1/2,,,,,,,,,
product.0_S_06_167_075000_00,"All Bell Bend 22 1/2° - W 3""",FITTING PVC,FITTING · ALL BELL BEND 22 1/2°,5838,Export ERP master_product_updated.xlsx (diunduh 2026-10-06),,,,3,,,,,,,,,
product.0_S_06_167_100000_00,"All Bell Bend 22 1/2° - W 4""",FITTING PVC,FITTING · ALL BELL BEND 22 1/2°,5839,Export ERP master_product_updated.xlsx (diunduh 2026-10-06),,,,4,,,,,,,,,
product.0_S_06_167_125000_00,"All Bell Bend 22 1/2° - W 5""",FITTING PVC,FITTING · ALL BELL BEND 22 1/2°,5840,Export ERP master_product_updated.xlsx (diunduh 2026-10-06),,,,5,,,,,,,,,
product.0_S_06_167_150000_00,"All Bell Bend 22 1/2° - W 6""",FITTING PVC,FITTING · ALL BELL BEND 22 1/2°,5841,Export ERP master_product_updated.xlsx (diunduh 2026-10-06),,,,6,,,,,,,,,
product.0_S_06_167_200000_00,"All Bell Bend 22 1/2° - W 8""",FITTING PVC,FITTING · ALL BELL BEND 22 1/2°,5842,Export ERP master_product_updated.xlsx (diunduh 2026-10-06),,,,8,,,,,,,,,
product.0_S_06_167_250000_00,"All Bell Bend 22 1/2° - W 10""",FITTING PVC,FITTING · ALL BELL BEND 22 1/2°,5843,Export ERP master_product_updated.xlsx (diunduh 2026-10-06),,,,10,,,,,,,,,
product.0_S_06_167_300000_00,"All Bell Bend 22 1/2° - W 12""",FITTING PVC,FITTING · ALL BELL BEND 22 1/2°,5844,Export ERP master_product_updated.xlsx (diunduh 2026-10-06),,,,12,,,,,,,,,
product.0_S_06_169_050000_00,"All Bell Bend 22 1/2° - D 2""",FITTING PVC,FITTING · ALL BELL BEND 22 1/2°,5858,Export ERP master_product_updated.xlsx (diunduh 2026-10-06),,,,2,,,,,,D,,,
product.0_S_06_169_065000_00,"All Bell Bend 22 1/2° - D 2 1/2""",FITTING PVC,FITTING · ALL BELL BEND 22 1/2°,5859,Export ERP master_product_updated.xlsx (diunduh 2026-10-06),,,,2 1/2,,,,,,D,,,
product.0_S_06_169_075000_00,"All Bell Bend 22 1/2° - D 3""",FITTING PVC,FITTING · ALL BELL BEND 22 1/2°,5860,Export ERP master_product_updated.xlsx (diunduh 2026-10-06),,,,3,,,,,,D,,,
product.0_S_06_169_100000_00,"All Bell Bend 22 1/2° - D 4""",FITTING PVC,FITTING · ALL BELL BEND 22 1/2°,5861,Export ERP master_product_updated.xlsx (diunduh 2026-10-06),,,,4,,,,,,D,,,
product.0_S_06_169_125000_00,"All Bell Bend 22 1/2° - D 5""",FITTING PVC,FITTING · ALL BELL BEND 22 1/2°,5862,Export ERP master_product_updated.xlsx (diunduh 2026-10-06),,,,5,,,,,,D,,,
product.0_S_06_169_150000_00,"All Bell Bend 22 1/2° - D 6""",FITTING PVC,FITTING · ALL BELL BEND 22 1/2°,5863,Export ERP master_product_updated.xlsx (diunduh 2026-10-06),,,,6,,,,,,D,,,
product.0_S_06_169_200000_00,"All Bell Bend 22 1/2° - D 8""",FITTING PVC,FITTING · ALL BELL BEND 22 1/2°,5864,Export ERP master_product_updated.xlsx (diunduh 2026-10-06),,,,8,,,,,,D,,,
product.0_S_06_169_250000_00,"All Bell Bend 22 1/2° - D 10""",FITTING PVC,FITTING · ALL BELL BEND 22 1/2°,5865,Export ERP master_product_updated.xlsx (diunduh 2026-10-06),,,,10,,,,,,D,,,
product.0_S_06_169_300000_00,"All Bell Bend 22 1/2° - D 12""",FITTING PVC,FITTING · ALL BELL BEND 22 1/2°,5866,Export ERP master_product_updated.xlsx (diunduh 2026-10-06),,,,12,,,,,,D,,,
product.0_S_06_170_050000_00,"All Bell Bend 45° - W 2""",FITTING PVC,FITTING · ALL BELL BEND 45°,5867,Export ERP master_product_updated.xlsx (diunduh 2026-10-06),,,,2,,,,,,,,,
product.0_S_06_170_065000_00,"All Bell Bend 45° - W 2 1/2""",FITTING PVC,FITTING · ALL BELL BEND 45°,5868,Export ERP master_product_updated.xlsx (diunduh 2026-10-06),,,,2 1/2,,,,,,,,,
product.0_S_06_170_075000_00,"All Bell Bend 45° - W 3""",FITTING PVC,FITTING · ALL BELL BEND 45°,5869,Export ERP master_product_updated.xlsx (diunduh 2026-10-06),,,,3,,,,,,,,,
product.0_S_06_170_100000_00,"All Bell Bend 45° - W 4""",FITTING PVC,FITTING · ALL BELL BEND 45°,5870,Export ERP master_product_updated.xlsx (diunduh 2026-10-06),,,,4,,,,,,,,,
product.0_S_06_170_125000_00,"All Bell Bend 45° - W 5""",FITTING PVC,FITTING · ALL BELL BEND 45°,5871,Export ERP master_product_updated.xlsx (diunduh 2026-10-06),,,,5,,,,,,,,,
product.0_S_06_170_150000_00,"All Bell Bend 45° - W 6""",FITTING PVC,FITTING · ALL BELL BEND 45°,5872,Export ERP master_product_updated.xlsx (diunduh 2026-10-06),,,,6,,,,,,,,,
product.0_S_06_170_200000_00,"All Bell Bend 45° - W 8""",FITTING PVC,FITTING · ALL BELL BEND 45°,5873,Export ERP master_product_updated.xlsx (diunduh 2026-10-06),,,,8,,,,,,,,,
product.0_S_06_170_250000_00,"All Bell Bend 45° - W 10""",FITTING PVC,FITTING · ALL BELL BEND 45°,5874,Export ERP master_product_updated.xlsx (diunduh 2026-10-06),,,,10,,,,,,,,,
product.0_S_06_170_300000_00,"All Bell Bend 45° - W 12""",FITTING PVC,FITTING · ALL BELL BEND 45°,5875,Export ERP master_product_updated.xlsx (diunduh 2026-10-06),,,,12,,,,,,,,,
product.0_S_06_172_050000_00,"All Bell Bend 45° - D 2""",FITTING PVC,FITTING · ALL BELL BEND 45°,5889,Export ERP master_product_updated.xlsx (diunduh 2026-10-06),,,,2,,,,,,D,,,
product.0_S_06_172_065000_00,"All Bell Bend 45° - D 2 1/2""",FITTING PVC,FITTING · ALL BELL BEND 45°,5890,Export ERP master_product_updated.xlsx (diunduh 2026-10-06),,,,2 1/2,,,,,,D,,,
product.0_S_06_172_075000_00,"All Bell Bend 45° - D 3""",FITTING PVC,FITTING · ALL BELL BEND 45°,5891,Export ERP master_product_updated.xlsx (diunduh 2026-10-06),,,,3,,,,,,D,,,
product.0_S_06_172_100000_00,"All Bell Bend 45° - D 4""",FITTING PVC,FITTING · ALL BELL BEND 45°,5892,Export ERP master_product_updated.xlsx (diunduh 2026-10-06),,,,4,,,,,,D,,,
product.0_S_06_172_125000_00,"All Bell Bend 45° - D 5""",FITTING PVC,FITTING · ALL BELL BEND 45°,5893,Export ERP master_product_updated.xlsx (diunduh 2026-10-06),,,,5,,,,,,D,,,
product.0_S_06_172_150000_00,"All Bell Bend 45° - D 6""",FITTING PVC,FITTING · ALL BELL BEND 45°,5894,Export ERP master_product_updated.xlsx (diunduh 2026-10-06),,,,6,,,,,,D,,,
product.0_S_06_172_200000_00,"All Bell Bend 45° - D 8""",FITTING PVC,FITTING · ALL BELL BEND 45°,5895,Export ERP master_product_updated.xlsx (diunduh 2026-10-06),,,,8,,,,,,D,,,
product.0_S_06_172_250000_00,"All Bell Bend 45° - D 10""",FITTING PVC,FITTING · ALL BELL BEND 45°,5896,Export ERP master_product_updated.xlsx (diunduh 2026-10-06),,,,10,,,,,,D,,,
product.0_S_06_172_300000_00,"All Bell Bend 45° - D 12""",FITTING PVC,FITTING · ALL BELL BEND 45°,5897,Export ERP master_product_updated.xlsx (diunduh 2026-10-06),,,,12,,,,,,D,,,
product.0_S_06_174_050000_00,"All Bell Bend 90° - W 2""",FITTING PVC,FITTING · ALL BELL BEND 90°,5911,Export ERP master_product_updated.xlsx (diunduh 2026-10-06),,,,2,,,,,,,,,
product.0_S_06_174_065000_00,"All Bell Bend 90° - W 2 1/2""",FITTING PVC,FITTING · ALL BELL BEND 90°,5912,Export ERP master_product_updated.xlsx (diunduh 2026-10-06),,,,2 1/2,,,,,,,,,
product.0_S_06_174_075000_00,"All Bell Bend 90° - W 3""",FITTING PVC,FITTING · ALL BELL BEND 90°,5913,Export ERP master_product_updated.xlsx (diunduh 2026-10-06),,,,3,,,,,,,,,
product.0_S_06_174_100000_00,"All Bell Bend 90° - W 4""",FITTING PVC,FITTING · ALL BELL BEND 90°,5914,Export ERP master_product_updated.xlsx (diunduh 2026-10-06),,,,4,,,,,,,,,
product.0_S_06_174_125000_00,"All Bell Bend 90° - W 5""",FITTING PVC,FITTING · ALL BELL BEND 90°,5915,Export ERP master_product_updated.xlsx (diunduh 2026-10-06),,,,5,,,,,,,,,
product.0_S_06_174_150000_00,"All Bell Bend 90° - W 6""",FITTING PVC,FITTING · ALL BELL BEND 90°,5916,Export ERP master_product_updated.xlsx (diunduh 2026-10-06),,,,6,,,,,,,,,
product.0_S_06_174_200000_00,"All Bell Bend 90° - W 8""",FITTING PVC,FITTING · ALL BELL BEND 90°,5917,Export ERP master_product_updated.xlsx (diunduh 2026-10-06),,,,8,,,,,,,,,
product.0_S_06_174_250000_00,"All Bell Bend 90° - W 10""",FITTING PVC,FITTING · ALL BELL BEND 90°,5918,Export ERP master_product_updated.xlsx (diunduh 2026-10-06),,,,10,,,,,,,,,
product.0_S_06_174_300000_00,"All Bell Bend 90° - W 12""",FITTING PVC,FITTING · ALL BELL BEND 90°,5919,Export ERP master_product_updated.xlsx (diunduh 2026-10-06),,,,12,,,,,,,,,
__export__.product_product_16294,"All Bell Bend 90° - W 16""",FITTING PVC,FITTING · ALL BELL BEND 90°,5920,Export ERP master_product_updated.xlsx (diunduh 2026-10-06),,,,16,,,,,,,,,
__export__.product_product_16295,"All Bell Bend 90° - W 20""",FITTING PVC,FITTING · ALL BELL BEND 90°,5921,Export ERP master_product_updated.xlsx (diunduh 2026-10-06),,,,20,,,,,,,,,
product.0_S_06_176_050000_00,"All Bell Bend 90° - D 2""",FITTING PVC,FITTING · ALL BELL BEND 90°,5935,Export ERP master_product_updated.xlsx (diunduh 2026-10-06),,,,2,,,,,,D,,,
product.0_S_06_176_065000_00,"All Bell Bend 90° - D 2 1/2""",FITTING PVC,FITTING · ALL BELL BEND 90°,5936,Export ERP master_product_updated.xlsx (diunduh 2026-10-06),,,,2 1/2,,,,,,D,,,
product.0_S_06_176_075000_00,"All Bell Bend 90° - D 3""",FITTING PVC,FITTING · ALL BELL BEND 90°,5937,Export ERP master_product_updated.xlsx (diunduh 2026-10-06),,,,3,,,,,,D,,,
product.0_S_06_176_100000_00,"All Bell Bend 90° - D 4""",FITTING PVC,FITTING · ALL BELL BEND 90°,5938,Export ERP master_product_updated.xlsx (diunduh 2026-10-06),,,,4,,,,,,D,,,
product.0_S_06_176_125000_00,"All Bell Bend 90° - D 5""",FITTING PVC,FITTING · ALL BELL BEND 90°,5939,Export ERP master_product_updated.xlsx (diunduh 2026-10-06),,,,5,,,,,,D,,,
product.0_S_06_176_150000_00,"All Bell Bend 90° - D 6""",FITTING PVC,FITTING · ALL BELL BEND 90°,5940,Export ERP master_product_updated.xlsx (diunduh 2026-10-06),,,,6,,,,,,D,,,
product.0_S_06_176_200000_00,"All Bell Bend 90° - D 8""",FITTING PVC,FITTING · ALL BELL BEND 90°,5941,Export ERP master_product_updated.xlsx (diunduh 2026-10-06),,,,8,,,,,,D,,,
product.0_S_06_176_250000_00,"All Bell Bend 90° - D 10""",FITTING PVC,FITTING · ALL BELL BEND 90°,5942,Export ERP master_product_updated.xlsx (diunduh 2026-10-06),,,,10,,,,,,D,,,
product.0_S_06_176_300000_00,"All Bell Bend 90° - D 12""",FITTING PVC,FITTING · ALL BELL BEND 90°,5943,Export ERP master_product_updated.xlsx (diunduh 2026-10-06),,,,12,,,,,,D,,,
product.0_S_06_184_050000_00,"Repairing Bell Socket - D 2""",FITTING PVC,FITTING · REPAIRING BELL SOCKET,5962,Export ERP master_product_updated.xlsx (diunduh 2026-10-06),,,,2,,,,,,D,,,
product.0_S_06_184_065000_00,"Repairing Bell Socket - D 2 1/2""",FITTING PVC,FITTING · REPAIRING BELL SOCKET,5963,Export ERP master_product_updated.xlsx (diunduh 2026-10-06),,,,2 1/2,,,,,,D,,,
product.0_S_06_184_075000_00,"Repairing Bell Socket - D 3""",FITTING PVC,FITTING · REPAIRING BELL SOCKET,5964,Export ERP master_product_updated.xlsx (diunduh 2026-10-06),,,,3,,,,,,D,,,
product.0_S_06_184_100000_00,"Repairing Bell Socket - D 4""",FITTING PVC,FITTING · REPAIRING BELL SOCKET,5965,Export ERP master_product_updated.xlsx (diunduh 2026-10-06),,,,4,,,,,,D,,,
product.0_S_06_184_125000_00,"Repairing Bell Socket - D 5""",FITTING PVC,FITTING · REPAIRING BELL SOCKET,5966,Export ERP master_product_updated.xlsx (diunduh 2026-10-06),,,,5,,,,,,D,,,
product.0_S_06_184_150000_00,"Repairing Bell Socket - D 6""",FITTING PVC,FITTING · REPAIRING BELL SOCKET,5967,Export ERP master_product_updated.xlsx (diunduh 2026-10-06),,,,6,,,,,,D,,,
product.0_S_06_184_200000_00,"Repairing Bell Socket - D 8""",FITTING PVC,FITTING · REPAIRING BELL SOCKET,5968,Export ERP master_product_updated.xlsx (diunduh 2026-10-06),,,,8,,,,,,D,,,
product.0_S_06_184_250000_00,"Repairing Bell Socket - D 10""",FITTING PVC,FITTING · REPAIRING BELL SOCKET,5969,Export ERP master_product_updated.xlsx (diunduh 2026-10-06),,,,10,,,,,,D,,,
product.0_S_06_184_300000_00,"Repairing Bell Socket - D 12""",FITTING PVC,FITTING · REPAIRING BELL SOCKET,5970,Export ERP master_product_updated.xlsx (diunduh 2026-10-06),,,,12,,,,,,D,,,
product.0_S_06_186_016000_00,"Repairing Socket - W 1/2""",FITTING PVC,FITTING · REPAIRING SOCKET,5987,Export ERP master_product_updated.xlsx (diunduh 2026-10-06),,,,1/2,,,,,,,,,
product.0_S_06_186_020000_00,"Repairing Socket - W 3/4""",FITTING PVC,FITTING · REPAIRING SOCKET,5988,Export ERP master_product_updated.xlsx (diunduh 2026-10-06),,,,3/4,,,,,,,,,
product.0_S_06_186_025000_00,"Repairing Socket - W 1""",FITTING PVC,FITTING · REPAIRING SOCKET,5989,Export ERP master_product_updated.xlsx (diunduh 2026-10-06),,,,1,,,,,,,,,
product.0_S_06_186_040000_00,"Repairing Socket - W 1 1/2""",FITTING PVC,FITTING · REPAIRING SOCKET,5990,Export ERP master_product_updated.xlsx (diunduh 2026-10-06),,,,1 1/2,,,,,,,,,
product.0_S_06_186_042000_00,"Repairing Socket - W 1 1/4""",FITTING PVC,FITTING · REPAIRING SOCKET,5991,Export ERP master_product_updated.xlsx (diunduh 2026-10-06),,,,1 1/4,,,,,,,,,
product.0_S_06_186_050000_00,"Repairing Socket - W 2""",FITTING PVC,FITTING · REPAIRING SOCKET,5992,Export ERP master_product_updated.xlsx (diunduh 2026-10-06),,,,2,,,,,,,,,
product.0_S_06_186_065000_00,"Repairing Socket - W 2 1/2""",FITTING PVC,FITTING · REPAIRING SOCKET,5993,Export ERP master_product_updated.xlsx (diunduh 2026-10-06),,,,2 1/2,,,,,,,,,
__export__.product_product_10115,"Repairing Socket - W 3""",FITTING PVC,FITTING · REPAIRING SOCKET,5994,Export ERP master_product_updated.xlsx (diunduh 2026-10-06),,,,3,,,,,,,,,
product.0_S_06_186_100000_00,"Repairing Socket - W 4""",FITTING PVC,FITTING · REPAIRING SOCKET,5995,Export ERP master_product_updated.xlsx (diunduh 2026-10-06),,,,4,,,,,,,,,
product.0_S_06_186_125000_00,"Repairing Socket - W 5""",FITTING PVC,FITTING · REPAIRING SOCKET,5996,Export ERP master_product_updated.xlsx (diunduh 2026-10-06),,,,5,,,,,,,,,
product.0_S_06_186_150000_00,"Repairing Socket - W 6""",FITTING PVC,FITTING · REPAIRING SOCKET,5997,Export ERP master_product_updated.xlsx (diunduh 2026-10-06),,,,6,,,,,,,,,
product.0_S_06_186_200000_00,"Repairing Socket - W 8""",FITTING PVC,FITTING · REPAIRING SOCKET,5998,Export ERP master_product_updated.xlsx (diunduh 2026-10-06),,,,8,,,,,,,,,
product.0_S_06_186_250000_00,"Repairing Socket - W 10""",FITTING PVC,FITTING · REPAIRING SOCKET,5999,Export ERP master_product_updated.xlsx (diunduh 2026-10-06),,,,10,,,,,,,,,
product.0_S_06_186_300000_00,"Repairing Socket - W 12""",FITTING PVC,FITTING · REPAIRING SOCKET,6000,Export ERP master_product_updated.xlsx (diunduh 2026-10-06),,,,12,,,,,,,,,
product.0_S_06_187_016000_00,"Repairing Socket - D 1/2""",FITTING PVC,FITTING · REPAIRING SOCKET,6001,Export ERP master_product_updated.xlsx (diunduh 2026-10-06),,,,1/2,,,,,,D,,,
product.0_S_06_187_020000_00,"Repairing Socket - D 3/4""",FITTING PVC,FITTING · REPAIRING SOCKET,6002,Export ERP master_product_updated.xlsx (diunduh 2026-10-06),,,,3/4,,,,,,D,,,
product.0_S_06_187_025000_00,"Repairing Socket - D 1""",FITTING PVC,FITTING · REPAIRING SOCKET,6003,Export ERP master_product_updated.xlsx (diunduh 2026-10-06),,,,1,,,,,,D,,,
product.0_S_06_187_040000_00,"Repairing Socket - D 1 1/2""",FITTING PVC,FITTING · REPAIRING SOCKET,6004,Export ERP master_product_updated.xlsx (diunduh 2026-10-06),,,,1 1/2,,,,,,D,,,
product.0_S_06_187_042000_00,"Repairing Socket - D 1 1/4""",FITTING PVC,FITTING · REPAIRING SOCKET,6005,Export ERP master_product_updated.xlsx (diunduh 2026-10-06),,,,1 1/4,,,,,,D,,,
product.0_S_06_187_050000_00,"Repairing Socket - D 2""",FITTING PVC,FITTING · REPAIRING SOCKET,6006,Export ERP master_product_updated.xlsx (diunduh 2026-10-06),,,,2,,,,,,D,,,
product.0_S_06_187_065000_00,"Repairing Socket - D 2 1/2""",FITTING PVC,FITTING · REPAIRING SOCKET,6007,Export ERP master_product_updated.xlsx (diunduh 2026-10-06),,,,2 1/2,,,,,,D,,,
product.0_S_06_187_100000_00,"Repairing Socket - D 4""",FITTING PVC,FITTING · REPAIRING SOCKET,6008,Export ERP master_product_updated.xlsx (diunduh 2026-10-06),,,,4,,,,,,D,,,
product.0_S_06_187_125000_00,"Repairing Socket - D 5""",FITTING PVC,FITTING · REPAIRING SOCKET,6009,Export ERP master_product_updated.xlsx (diunduh 2026-10-06),,,,5,,,,,,D,,,
product.0_S_06_187_150000_00,"Repairing Socket - D 6""",FITTING PVC,FITTING · REPAIRING SOCKET,6010,Export ERP master_product_updated.xlsx (diunduh 2026-10-06),,,,6,,,,,,D,,,
product.0_S_06_187_200000_00,"Repairing Socket - D 8""",FITTING PVC,FITTING · REPAIRING SOCKET,6011,Export ERP master_product_updated.xlsx (diunduh 2026-10-06),,,,8,,,,,,D,,,
product.0_S_06_187_250000_00,"Repairing Socket - D 10""",FITTING PVC,FITTING · REPAIRING SOCKET,6012,Export ERP master_product_updated.xlsx (diunduh 2026-10-06),,,,10,,,,,,D,,,
product.0_S_06_187_300000_00,"Repairing Socket - D 12""",FITTING PVC,FITTING · REPAIRING SOCKET,6013,Export ERP master_product_updated.xlsx (diunduh 2026-10-06),,,,12,,,,,,D,,,
product.0_S_06_192_040042_00,"Faucet Tee - W 1 1/2"" x 1 1/4""",FITTING PVC,FITTING · FAUCET TEE,6032,Export ERP master_product_updated.xlsx (diunduh 2026-10-06),,,,1 1/4; 1 1/2,,,,,,,,,
product.0_S_06_192_050000_00,"Faucet Tee - W 2""",FITTING PVC,FITTING · FAUCET TEE,6033,Export ERP master_product_updated.xlsx (diunduh 2026-10-06),,,,2,,,,,,,,,
__export__.product_product_13474,"Faucet Tee - W 2"" x 1""",FITTING PVC,FITTING · FAUCET TEE,6034,Export ERP master_product_updated.xlsx (diunduh 2026-10-06),,,,1; 2,,,,,,,,,
__export__.product_product_13473,"Faucet Tee - W 2"" x 1 1/2""",FITTING PVC,FITTING · FAUCET TEE,6035,Export ERP master_product_updated.xlsx (diunduh 2026-10-06),,,,1 1/2; 2,,,,,,,,,
__export__.product_product_13476,"Faucet Tee - W 2"" x 1 1/4""",FITTING PVC,FITTING · FAUCET TEE,6036,Export ERP master_product_updated.xlsx (diunduh 2026-10-06),,,,1 1/4; 2,,,,,,,,,
product.0_S_06_192_065025_00,"Faucet Tee - W 2 1/2"" x 1""",FITTING PVC,FITTING · FAUCET TEE,6037,Export ERP master_product_updated.xlsx (diunduh 2026-10-06),,,,1; 2 1/2,,,,,,,,,
product.0_S_06_192_065040_00,"Faucet Tee - W 2 1/2"" x 1 1/2""",FITTING PVC,FITTING · FAUCET TEE,6038,Export ERP master_product_updated.xlsx (diunduh 2026-10-06),,,,1 1/2; 2 1/2,,,,,,,,,
product.0_S_06_192_075040_00,"Faucet Tee - W 3"" x 1 1/2""",FITTING PVC,FITTING · FAUCET TEE,6039,Export ERP master_product_updated.xlsx (diunduh 2026-10-06),,,,1 1/2; 3,,,,,,,,,
__export__.product_product_15882,"Spigot Tee Faucet 3"" x 2""",FITTING PVC,FITTING · SPIGOT TEE FAUCET,6040,Export ERP master_product_updated.xlsx (diunduh 2026-10-06),,,,2; 3,,,,,,,,,
product.0_S_06_196_016000_00,"Clean Out Cap - D 1/2""",FITTING PVC,FITTING · CLEAN OUT CAP,6056,Export ERP master_product_updated.xlsx (diunduh 2026-10-06),,,,1/2,,,,,,D,,,
product.0_S_06_196_020000_00,"Clean Out Cap - D 3/4""",FITTING PVC,FITTING · CLEAN OUT CAP,6057,Export ERP master_product_updated.xlsx (diunduh 2026-10-06),,,,3/4,,,,,,D,,,
product.0_S_06_196_025000_00,"Clean Out Cap - D 1""",FITTING PVC,FITTING · CLEAN OUT CAP,6058,Export ERP master_product_updated.xlsx (diunduh 2026-10-06),,,,1,,,,,,D,,,
product.0_S_06_196_040000_00,"Clean Out Cap - D 1 1/2""",FITTING PVC,FITTING · CLEAN OUT CAP,6059,Export ERP master_product_updated.xlsx (diunduh 2026-10-06),,,,1 1/2,,,,,,D,,,
product.0_S_06_196_042000_00,"Clean Out Cap - D 1 1/4""",FITTING PVC,FITTING · CLEAN OUT CAP,6060,Export ERP master_product_updated.xlsx (diunduh 2026-10-06),,,,1 1/4,,,,,,D,,,
product.0_S_06_196_050000_00,"Clean Out Cap - D 2""",FITTING PVC,FITTING · CLEAN OUT CAP,6061,Export ERP master_product_updated.xlsx (diunduh 2026-10-06),,,,2,,,,,,D,,,
product.0_S_06_196_065000_00,"Clean Out Cap - D 2 1/2""",FITTING PVC,FITTING · CLEAN OUT CAP,6062,Export ERP master_product_updated.xlsx (diunduh 2026-10-06),,,,2 1/2,,,,,,D,,,
product.0_S_06_196_075000_00,"Clean Out Cap - D 3""",FITTING PVC,FITTING · CLEAN OUT CAP,6063,Export ERP master_product_updated.xlsx (diunduh 2026-10-06),,,,3,,,,,,D,,,
product.0_S_06_196_100000_00,"Clean Out Cap - D 4""",FITTING PVC,FITTING · CLEAN OUT CAP,6064,Export ERP master_product_updated.xlsx (diunduh 2026-10-06),,,,4,,,,,,D,,,
product.0_S_06_196_125000_00,"Clean Out Cap - D 5""",FITTING PVC,FITTING · CLEAN OUT CAP,6065,Export ERP master_product_updated.xlsx (diunduh 2026-10-06),,,,5,,,,,,D,,,
product.0_S_06_196_150000_00,"Clean Out Cap - D 6""",FITTING PVC,FITTING · CLEAN OUT CAP,6066,Export ERP master_product_updated.xlsx (diunduh 2026-10-06),,,,6,,,,,,D,,,
product.0_S_06_196_200000_00,"Clean Out Cap - D 8""",FITTING PVC,FITTING · CLEAN OUT CAP,6067,Export ERP master_product_updated.xlsx (diunduh 2026-10-06),,,,8,,,,,,D,,,
product.0_S_06_196_250000_00,"Clean Out Cap - D 10""",FITTING PVC,FITTING · CLEAN OUT CAP,6068,Export ERP master_product_updated.xlsx (diunduh 2026-10-06),,,,10,,,,,,D,,,
product.0_S_06_196_300000_00,"Clean Out Cap - D 12""",FITTING PVC,FITTING · CLEAN OUT CAP,6069,Export ERP master_product_updated.xlsx (diunduh 2026-10-06),,,,12,,,,,,D,,,
product.0_S_06_199_065000_00,"TY - D 2 1/2""",FITTING PVC,FITTING · TY,6084,Export ERP master_product_updated.xlsx (diunduh 2026-10-06),,,,2 1/2,,,,,,D,,,
product.0_S_06_199_100050_00,"TY - D 4"" x 2""",FITTING PVC,FITTING · TY,6085,Export ERP master_product_updated.xlsx (diunduh 2026-10-06),,,,2; 4,,,,,,D,,,
product.0_S_06_199_100075_00,"TY - D 4"" x 3""",FITTING PVC,FITTING · TY,6086,Export ERP master_product_updated.xlsx (diunduh 2026-10-06),,,,3; 4,,,,,,D,,,
product.0_S_06_199_150050_00,"TY - D 6"" x 2""",FITTING PVC,FITTING · TY,6087,Export ERP master_product_updated.xlsx (diunduh 2026-10-06),,,,2; 6,,,,,,D,,,
product.0_S_06_199_150100_00,"TY - D 6"" x 4""",FITTING PVC,FITTING · TY,6088,Export ERP master_product_updated.xlsx (diunduh 2026-10-06),,,,4; 6,,,,,,D,,,
product.0_S_06_199_150200_00,"TY - D 6"" x 8""",FITTING PVC,FITTING · TY,6089,Export ERP master_product_updated.xlsx (diunduh 2026-10-06),,,,6; 8,,,,,,D,,,
__export__.product_product_14783,"TY - D 6"" x 8"" x 6""",FITTING PVC,FITTING · TY,6090,Export ERP master_product_updated.xlsx (diunduh 2026-10-06),,,,6; 8,,,,,,D,,,
product.0_S_06_199_200000_00,"TY - D 8""",FITTING PVC,FITTING · TY,6091,Export ERP master_product_updated.xlsx (diunduh 2026-10-06),,,,8,,,,,,D,,,
__export__.product_product_15858,"TY - D 8"" x 6""",FITTING PVC,FITTING · TY,6092,Export ERP master_product_updated.xlsx (diunduh 2026-10-06),,,,6; 8,,,,,,D,,,
__export__.product_product_18880,"TY - D 8"" x 10""",FITTING PVC,FITTING · TY,6093,Export ERP master_product_updated.xlsx (diunduh 2026-10-06),,,,8; 10,,,,,,D,,,
__export__.product_product_18881,"TY - D 8"" x 12""",FITTING PVC,FITTING · TY,6094,Export ERP master_product_updated.xlsx (diunduh 2026-10-06),,,,8; 12,,,,,,D,,,
product.0_S_06_199_250000_00,"TY - D 10""",FITTING PVC,FITTING · TY,6095,Export ERP master_product_updated.xlsx (diunduh 2026-10-06),,,,10,,,,,,D,,,
__export__.product_product_17942,"TY - D 10"" x 8""",FITTING PVC,FITTING · TY,6096,Export ERP master_product_updated.xlsx (diunduh 2026-10-06),,,,8; 10,,,,,,D,,,
product.0_S_06_199_300000_00,"TY - D 12""",FITTING PVC,FITTING · TY,6097,Export ERP master_product_updated.xlsx (diunduh 2026-10-06),,,,12,,,,,,D,,,
product.0_S_06_199_300150_00,"TY - D 12"" x 6""",FITTING PVC,FITTING · TY,6098,Export ERP master_product_updated.xlsx (diunduh 2026-10-06),,,,6; 12,,,,,,D,,,
product.0_S_06_199_300200_00,"TY - D 12"" x 8""",FITTING PVC,FITTING · TY,6099,Export ERP master_product_updated.xlsx (diunduh 2026-10-06),,,,8; 12,,,,,,D,,,
__export__.product_product_13700,"TY - D 12"" x 10""",FITTING PVC,FITTING · TY,6100,Export ERP master_product_updated.xlsx (diunduh 2026-10-06),,,,10; 12,,,,,,D,,,
__export__.product_product_17348,"TY - D 200 mm x 6"" Coklat",FITTING PVC,FITTING · TY,6120,Export ERP master_product_updated.xlsx (diunduh 2026-10-06),Warna: Coklat,,,6,,,,,,D,,,
__export__.product_product_17782,"TY - D 250 mm x 10""",FITTING PVC,FITTING · TY,6127,Export ERP master_product_updated.xlsx (diunduh 2026-10-06),,,,10,,,,,,D,,,
product.0_S_06_202_050042_00,"Bell Long TY - D 2"" x 1 1/4""(42)",FITTING PVC,FITTING · BELL LONG TY,6146,Export ERP master_product_updated.xlsx (diunduh 2026-10-06),,,,1 1/4; 2,,,,,,D,,,
product.0_S_06_202_050050_00,"Bell Long TY - D 2"" x 2""",FITTING PVC,FITTING · BELL LONG TY,6147,Export ERP master_product_updated.xlsx (diunduh 2026-10-06),,,,2,,,,,,D,,,
product.0_S_06_202_075050_00,"Bell Long TY - D 3"" x 2""",FITTING PVC,FITTING · BELL LONG TY,6148,Export ERP master_product_updated.xlsx (diunduh 2026-10-06),,,,2; 3,,,,,,D,,,
product.0_S_06_202_100050_00,"Bell Long TY - D 4"" x 2""",FITTING PVC,FITTING · BELL LONG TY,6149,Export ERP master_product_updated.xlsx (diunduh 2026-10-06),,,,2; 4,,,,,,D,,,
product.0_S_06_202_125100_00,"Bell Long TY - D 5"" x 4""",FITTING PVC,FITTING · BELL LONG TY,6150,Export ERP master_product_updated.xlsx (diunduh 2026-10-06),,,,4; 5,,,,,,D,,,
product.0_S_06_202_150065_00,"Bell Long TY - D 6"" x 2 1/2""",FITTING PVC,FITTING · BELL LONG TY,6151,Export ERP master_product_updated.xlsx (diunduh 2026-10-06),,,,2 1/2; 6,,,,,,D,,,
product.0_S_06_202_150075_00,"Bell Long TY - D 6"" x 3""",FITTING PVC,FITTING · BELL LONG TY,6152,Export ERP master_product_updated.xlsx (diunduh 2026-10-06),,,,3; 6,,,,,,D,,,
product.0_S_06_202_150100_00,"Bell Long TY - D 6"" x 4""",FITTING PVC,FITTING · BELL LONG TY,6153,Export ERP master_product_updated.xlsx (diunduh 2026-10-06),,,,4; 6,,,,,,D,,,
product.0_S_06_202_200100_00,"Bell Long TY - D 8"" x 4""",FITTING PVC,FITTING · BELL LONG TY,6154,Export ERP master_product_updated.xlsx (diunduh 2026-10-06),,,,4; 8,,,,,,D,,,
product.0_S_06_202_200200_00,"Bell Long TY - D 8"" x 8""",FITTING PVC,FITTING · BELL LONG TY,6155,Export ERP master_product_updated.xlsx (diunduh 2026-10-06),,,,8,,,,,,D,,,
product.0_S_06_202_250100_00,"Bell Long TY - D 10"" x 4""",FITTING PVC,FITTING · BELL LONG TY,6156,Export ERP master_product_updated.xlsx (diunduh 2026-10-06),,,,4; 10,,,,,,D,,,
product.0_S_06_202_250125_00,"Bell Long TY - D 10"" x 5""",FITTING PVC,FITTING · BELL LONG TY,6157,Export ERP master_product_updated.xlsx (diunduh 2026-10-06),,,,5; 10,,,,,,D,,,
product.0_S_06_202_250150_00,"Bell Long TY - D 10"" x 6""",FITTING PVC,FITTING · BELL LONG TY,6158,Export ERP master_product_updated.xlsx (diunduh 2026-10-06),,,,6; 10,,,,,,D,,,
product.0_S_06_202_250200_00,"Bell Long TY - D 10"" x 8""",FITTING PVC,FITTING · BELL LONG TY,6159,Export ERP master_product_updated.xlsx (diunduh 2026-10-06),,,,8; 10,,,,,,D,,,
product.0_S_06_202_250250_00,"Bell Long TY - D 10"" x 10""",FITTING PVC,FITTING · BELL LONG TY,6160,Export ERP master_product_updated.xlsx (diunduh 2026-10-06),,,,10,,,,,,D,,,
product.0_S_06_202_300100_00,"Bell Long TY - D 12"" x 4""",FITTING PVC,FITTING · BELL LONG TY,6161,Export ERP master_product_updated.xlsx (diunduh 2026-10-06),,,,4; 12,,,,,,D,,,
product.0_S_06_202_300125_00,"Bell Long TY - D 12"" x 5""",FITTING PVC,FITTING · BELL LONG TY,6162,Export ERP master_product_updated.xlsx (diunduh 2026-10-06),,,,5; 12,,,,,,D,,,
product.0_S_06_202_300150_00,"Bell Long TY - D 12"" x 6""",FITTING PVC,FITTING · BELL LONG TY,6163,Export ERP master_product_updated.xlsx (diunduh 2026-10-06),,,,6; 12,,,,,,D,,,
product.0_S_06_202_300200_00,"Bell Long TY - D 12"" x 8""",FITTING PVC,FITTING · BELL LONG TY,6164,Export ERP master_product_updated.xlsx (diunduh 2026-10-06),,,,8; 12,,,,,,D,,,
product.0_S_06_202_300250_00,"Bell Long TY - D 12"" x 10""",FITTING PVC,FITTING · BELL LONG TY,6165,Export ERP master_product_updated.xlsx (diunduh 2026-10-06),,,,10; 12,,,,,,D,,,
product.0_S_06_202_300300_00,"Bell Long TY - D 12"" x 12""",FITTING PVC,FITTING · BELL LONG TY,6166,Export ERP master_product_updated.xlsx (diunduh 2026-10-06),,,,12,,,,,,D,,,
__export__.product_product_17477,"Bell Long TY - W 6""",FITTING PVC,FITTING · BELL LONG TY,6187,Export ERP master_product_updated.xlsx (diunduh 2026-10-06),,,,6,,,,,,,,,
__export__.product_product_13109,"Bell Long TY - W 10""",FITTING PVC,FITTING · BELL LONG TY,6188,Export ERP master_product_updated.xlsx (diunduh 2026-10-06),,,,10,,,,,,,,,
product.0_S_06_205_150065_00,"Y - D 6"" x 2 1/2""",FITTING PVC,FITTING · Y,6189,Export ERP master_product_updated.xlsx (diunduh 2026-10-06),,,,2 1/2; 6,,,,,,D,,,
product.0_S_06_205_150075_00,"Y - D 6"" x 3""",FITTING PVC,FITTING · Y,6190,Export ERP master_product_updated.xlsx (diunduh 2026-10-06),,,,3; 6,,,,,,D,,,
product.0_S_06_205_150100_00,"Y - D 6"" x 4""",FITTING PVC,FITTING · Y,6191,Export ERP master_product_updated.xlsx (diunduh 2026-10-06),,,,4; 6,,,,,,D,,,
product.0_S_06_205_200100_00,"Y - D 8"" x 4""",FITTING PVC,FITTING · Y,6192,Export ERP master_product_updated.xlsx (diunduh 2026-10-06),,,,4; 8,,,,,,D,,,
__export__.product_product_19629,"Y - D 8"" x 6""",FITTING PVC,FITTING · Y,6193,Export ERP master_product_updated.xlsx (diunduh 2026-10-06),,,,6; 8,,,,,,D,,,
product.0_S_06_205_200200_00,"Y - D 8"" x 8""",FITTING PVC,FITTING · Y,6194,Export ERP master_product_updated.xlsx (diunduh 2026-10-06),,,,8,,,,,,D,,,
product.0_S_06_205_250100_00,"Y - D 10"" x 4""",FITTING PVC,FITTING · Y,6195,Export ERP master_product_updated.xlsx (diunduh 2026-10-06),,,,4; 10,,,,,,D,,,
product.0_S_06_205_250125_00,"Y - D 10"" x 5""",FITTING PVC,FITTING · Y,6196,Export ERP master_product_updated.xlsx (diunduh 2026-10-06),,,,5; 10,,,,,,D,,,
product.0_S_06_205_250150_00,"Y - D 10"" x 6""",FITTING PVC,FITTING · Y,6197,Export ERP master_product_updated.xlsx (diunduh 2026-10-06),,,,6; 10,,,,,,D,,,
product.0_S_06_205_250200_00,"Y - D 10"" x 8""",FITTING PVC,FITTING · Y,6198,Export ERP master_product_updated.xlsx (diunduh 2026-10-06),,,,8; 10,,,,,,D,,,
product.0_S_06_205_250250_00,"Y - D 10"" x 10""",FITTING PVC,FITTING · Y,6199,Export ERP master_product_updated.xlsx (diunduh 2026-10-06),,,,10,,,,,,D,,,
product.0_S_06_205_300100_00,"Y - D 12"" x 4""",FITTING PVC,FITTING · Y,6200,Export ERP master_product_updated.xlsx (diunduh 2026-10-06),,,,4; 12,,,,,,D,,,
product.0_S_06_205_300150_00,"Y - D 12"" x 6""",FITTING PVC,FITTING · Y,6201,Export ERP master_product_updated.xlsx (diunduh 2026-10-06),,,,6; 12,,,,,,D,,,
product.0_S_06_205_300200_00,"Y - D 12"" x 8""",FITTING PVC,FITTING · Y,6202,Export ERP master_product_updated.xlsx (diunduh 2026-10-06),,,,8; 12,,,,,,D,,,
product.0_S_06_205_300250_00,"Y - D 12"" x 10""",FITTING PVC,FITTING · Y,6203,Export ERP master_product_updated.xlsx (diunduh 2026-10-06),,,,10; 12,,,,,,D,,,
product.0_S_06_205_300300_00,"Y - D 12"" x 12""",FITTING PVC,FITTING · Y,6204,Export ERP master_product_updated.xlsx (diunduh 2026-10-06),,,,12,,,,,,D,,,
product.0_S_06_209_040000_00,"Long Y - D 1 1/2""",FITTING PVC,FITTING · LONG Y,6253,Export ERP master_product_updated.xlsx (diunduh 2026-10-06),,,,1 1/2,,,,,,D,,,
product.0_S_06_209_050000_00,"Long Y - D 2""",FITTING PVC,FITTING · LONG Y,6254,Export ERP master_product_updated.xlsx (diunduh 2026-10-06),,,,2,,,,,,D,,,
product.0_S_06_209_050040_00,"Long Y - D 2"" x 1 1/2""",FITTING PVC,FITTING · LONG Y,6255,Export ERP master_product_updated.xlsx (diunduh 2026-10-06),,,,1 1/2; 2,,,,,,D,,,
product.0_S_06_209_075000_00,"Long Y - D 3""",FITTING PVC,FITTING · LONG Y,6256,Export ERP master_product_updated.xlsx (diunduh 2026-10-06),,,,3,,,,,,D,,,
product.0_S_06_209_075050_00,"Long Y - D 3"" x 2""",FITTING PVC,FITTING · LONG Y,6257,Export ERP master_product_updated.xlsx (diunduh 2026-10-06),,,,2; 3,,,,,,D,,,
product.0_S_06_209_100000_00,"Long Y - D 4""",FITTING PVC,FITTING · LONG Y,6258,Export ERP master_product_updated.xlsx (diunduh 2026-10-06),,,,4,,,,,,D,,,
product.0_S_06_209_100050_00,"Long Y - D 4"" x 2""",FITTING PVC,FITTING · LONG Y,6259,Export ERP master_product_updated.xlsx (diunduh 2026-10-06),,,,2; 4,,,,,,D,,,
product.0_S_06_209_100075_00,"Long Y - D 4"" x 3""",FITTING PVC,FITTING · LONG Y,6260,Export ERP master_product_updated.xlsx (diunduh 2026-10-06),,,,3; 4,,,,,,D,,,
product.0_S_06_209_150000_00,"Long Y - D 6""",FITTING PVC,FITTING · LONG Y,6261,Export ERP master_product_updated.xlsx (diunduh 2026-10-06),,,,6,,,,,,D,,,
product.0_S_06_209_150075_00,"Long Y - D 6"" x 3""",FITTING PVC,FITTING · LONG Y,6262,Export ERP master_product_updated.xlsx (diunduh 2026-10-06),,,,3; 6,,,,,,D,,,
product.0_S_06_209_150100_00,"Long Y - D 6"" x 4""",FITTING PVC,FITTING · LONG Y,6263,Export ERP master_product_updated.xlsx (diunduh 2026-10-06),,,,4; 6,,,,,,D,,,
__export__.product_product_12288,"Ts Tee - D 8"" x 5""",FITTING PVC,FITTING · TEE,6285,Export ERP master_product_updated.xlsx (diunduh 2026-10-06),,,,5; 8,,,,,,D,,,
__export__.product_product_18786,"Ts Tee - D 8"" x 6""",FITTING PVC,FITTING · TEE,6286,Export ERP master_product_updated.xlsx (diunduh 2026-10-06),,,,6; 8,,,,,,D,,,
__export__.product_product_19037,"Ts Tee - D 12"" x 8""",FITTING PVC,FITTING · TEE,6287,Export ERP master_product_updated.xlsx (diunduh 2026-10-06),,,,8; 12,,,,,,D,,,
__export__.product_product_18115,"Elbow DV 90° - 6"" x 160 mm Coklat",FITTING PVC,FITTING · ELBOW 90°,6299,Export ERP master_product_updated.xlsx (diunduh 2026-10-06),Warna: Coklat,,,6,,,,,,,,,
__export__.product_product_16888,"Faucet Reducer Socket - W 2"" x 90 mm",FITTING PVC,FITTING · FAUCET REDUCER SOCKET,6333,Export ERP master_product_updated.xlsx (diunduh 2026-10-06),,,,2,,,,,,,,,
__export__.product_product_12167,"Faucet Elbow - W 1 1/2""",FITTING PVC,FITTING · FAUCET ELBOW,6334,Export ERP master_product_updated.xlsx (diunduh 2026-10-06),,,,1 1/2,,,,,,,,,
product.0_S_06_233_050000_00,"Faucet Elbow - W 2""",FITTING PVC,FITTING · FAUCET ELBOW,6335,Export ERP master_product_updated.xlsx (diunduh 2026-10-06),,,,2,,,,,,,,,
product.0_S_06_233_065000_00,"Faucet Elbow - W 2 1/2""",FITTING PVC,FITTING · FAUCET ELBOW,6336,Export ERP master_product_updated.xlsx (diunduh 2026-10-06),,,,2 1/2,,,,,,,,,
product.0_S_06_233_075000_00,"Faucet Elbow - W 3""",FITTING PVC,FITTING · FAUCET ELBOW,6337,Export ERP master_product_updated.xlsx (diunduh 2026-10-06),,,,3,,,,,,,,,
product.0_S_06_233_100000_00,"Faucet Elbow - W 4""",FITTING PVC,FITTING · FAUCET ELBOW,6338,Export ERP master_product_updated.xlsx (diunduh 2026-10-06),,,,4,,,,,,,,,
product.0_S_06_233_125000_00,"Faucet Elbow - W 5""",FITTING PVC,FITTING · FAUCET ELBOW,6339,Export ERP master_product_updated.xlsx (diunduh 2026-10-06),,,,5,,,,,,,,,
product.0_S_06_233_150000_00,"Faucet Elbow - W 6""",FITTING PVC,FITTING · FAUCET ELBOW,6340,Export ERP master_product_updated.xlsx (diunduh 2026-10-06),,,,6,,,,,,,,,
product.0_S_06_233_200000_00,"Faucet Elbow - W 8""",FITTING PVC,FITTING · FAUCET ELBOW,6341,Export ERP master_product_updated.xlsx (diunduh 2026-10-06),,,,8,,,,,,,,,
product.0_S_06_233_250000_00,"Faucet Elbow - W 10""",FITTING PVC,FITTING · FAUCET ELBOW,6342,Export ERP master_product_updated.xlsx (diunduh 2026-10-06),,,,10,,,,,,,,,
product.0_S_06_233_300000_00,"Faucet Elbow - W 12""",FITTING PVC,FITTING · FAUCET ELBOW,6343,Export ERP master_product_updated.xlsx (diunduh 2026-10-06),,,,12,,,,,,,,,
__export__.product_product_14909,"Faucet Elbow - W 20 mm x 1/2""",FITTING PVC,FITTING · FAUCET ELBOW,6345,Export ERP master_product_updated.xlsx (diunduh 2026-10-06),,,,1/2,,,,,,,,,
__export__.product_product_16939,"Faucet Elbow - W 1"" x 7,5 Cm",FITTING PVC,FITTING · FAUCET ELBOW,6347,Export ERP master_product_updated.xlsx (diunduh 2026-10-06),,,,1,,,,,,,,,
__export__.product_product_14910,"Faucet Elbow - W 25 mm x 1/2""",FITTING PVC,FITTING · FAUCET ELBOW,6348,Export ERP master_product_updated.xlsx (diunduh 2026-10-06),,,,1/2,,,,,,,,,
product.0_S_06_238_016000_00,"Saddle - D 1/2""",FITTING PVC,FITTING · SADDLE,6368,Export ERP master_product_updated.xlsx (diunduh 2026-10-06),,,,1/2,,,,,,D,,,
product.0_S_06_238_020000_00,"Saddle - D 3/4""",FITTING PVC,FITTING · SADDLE,6369,Export ERP master_product_updated.xlsx (diunduh 2026-10-06),,,,3/4,,,,,,D,,,
product.0_S_06_238_025000_00,"Saddle - D 1""",FITTING PVC,FITTING · SADDLE,6370,Export ERP master_product_updated.xlsx (diunduh 2026-10-06),,,,1,,,,,,D,,,
product.0_S_06_238_040000_00,"Saddle - D 1 1/2""",FITTING PVC,FITTING · SADDLE,6371,Export ERP master_product_updated.xlsx (diunduh 2026-10-06),,,,1 1/2,,,,,,D,,,
product.0_S_06_238_042000_00,"Saddle - D 1 1/4""",FITTING PVC,FITTING · SADDLE,6372,Export ERP master_product_updated.xlsx (diunduh 2026-10-06),,,,1 1/4,,,,,,D,,,
product.0_S_06_238_050000_00,"Saddle - D 2""",FITTING PVC,FITTING · SADDLE,6373,Export ERP master_product_updated.xlsx (diunduh 2026-10-06),,,,2,,,,,,D,,,
product.0_S_06_238_065000_00,"Saddle - D 2 1/2""",FITTING PVC,FITTING · SADDLE,6374,Export ERP master_product_updated.xlsx (diunduh 2026-10-06),,,,2 1/2,,,,,,D,,,
product.0_S_06_238_075000_00,"Saddle - D 3""",FITTING PVC,FITTING · SADDLE,6375,Export ERP master_product_updated.xlsx (diunduh 2026-10-06),,,,3,,,,,,D,,,
product.0_S_06_238_100000_00,"Saddle - D 4""",FITTING PVC,FITTING · SADDLE,6376,Export ERP master_product_updated.xlsx (diunduh 2026-10-06),,,,4,,,,,,D,,,
product.0_S_06_238_125000_00,"Saddle - D 5""",FITTING PVC,FITTING · SADDLE,6377,Export ERP master_product_updated.xlsx (diunduh 2026-10-06),,,,5,,,,,,D,,,
product.0_S_06_238_150000_00,"Saddle - D 6""",FITTING PVC,FITTING · SADDLE,6378,Export ERP master_product_updated.xlsx (diunduh 2026-10-06),,,,6,,,,,,D,,,
product.0_S_06_238_200000_00,"Saddle - D 8""",FITTING PVC,FITTING · SADDLE,6379,Export ERP master_product_updated.xlsx (diunduh 2026-10-06),,,,8,,,,,,D,,,
__export__.product_product_11980,"Saddle Branch - D 8"" x 6""",FITTING PVC,FITTING · SADDLE BRANCH,6380,Export ERP master_product_updated.xlsx (diunduh 2026-10-06),,,,6; 8,,,,,,D,,,
product.0_S_06_238_250000_00,"Saddle - D 10""",FITTING PVC,FITTING · SADDLE,6381,Export ERP master_product_updated.xlsx (diunduh 2026-10-06),,,,10,,,,,,D,,,
__export__.product_product_11981,"Saddle Branch - D 10"" x 6""",FITTING PVC,FITTING · SADDLE BRANCH,6382,Export ERP master_product_updated.xlsx (diunduh 2026-10-06),,,,6; 10,,,,,,D,,,
product.0_S_06_238_300000_00,"Saddle - D 12""",FITTING PVC,FITTING · SADDLE,6383,Export ERP master_product_updated.xlsx (diunduh 2026-10-06),,,,12,,,,,,D,,,
__export__.product_product_11982,"Saddle Branch - D 12"" x 6""",FITTING PVC,FITTING · SADDLE BRANCH,6384,Export ERP master_product_updated.xlsx (diunduh 2026-10-06),,,,6; 12,,,,,,D,,,
product.0_S_06_240_050040_00,"All Bell Reducer - W 2"" x 1 1/2""",FITTING PVC,FITTING · ALL BELL REDUCER,6396,Export ERP master_product_updated.xlsx (diunduh 2026-10-06),,,,1 1/2; 2,,,,,,,,,
product.0_S_06_240_065000_00,"All Bell Reducer - W 2 1/2""",FITTING PVC,FITTING · ALL BELL REDUCER,6397,Export ERP master_product_updated.xlsx (diunduh 2026-10-06),,,,2 1/2,,,,,,,,,
product.0_S_06_240_075050_00,"All Bell Reducer - W 3"" x 2""",FITTING PVC,FITTING · ALL BELL REDUCER,6398,Export ERP master_product_updated.xlsx (diunduh 2026-10-06),,,,2; 3,,,,,,,,,
product.0_S_06_240_100050_00,"All Bell Reducer - W 4"" x 2""",FITTING PVC,FITTING · ALL BELL REDUCER,6399,Export ERP master_product_updated.xlsx (diunduh 2026-10-06),,,,2; 4,,,,,,,,,
product.0_S_06_240_100075_00,"All Bell Reducer - W 4"" x 3""",FITTING PVC,FITTING · ALL BELL REDUCER,6400,Export ERP master_product_updated.xlsx (diunduh 2026-10-06),,,,3; 4,,,,,,,,,
product.0_S_06_240_125100_00,"All Bell Reducer - W 5"" x 4""",FITTING PVC,FITTING · ALL BELL REDUCER,6401,Export ERP master_product_updated.xlsx (diunduh 2026-10-06),,,,4; 5,,,,,,,,,
product.0_S_06_240_150050_00,"All Bell Reducer - W 6"" x 2""",FITTING PVC,FITTING · ALL BELL REDUCER,6402,Export ERP master_product_updated.xlsx (diunduh 2026-10-06),,,,2; 6,,,,,,,,,
__export__.product_product_15350,"All Bell Reducer - W 6"" x 3""",FITTING PVC,FITTING · ALL BELL REDUCER,6403,Export ERP master_product_updated.xlsx (diunduh 2026-10-06),,,,3; 6,,,,,,,,,
__export__.product_product_15338,"All Bell Reducer - W 6"" x 4""",FITTING PVC,FITTING · ALL BELL REDUCER,6404,Export ERP master_product_updated.xlsx (diunduh 2026-10-06),,,,4; 6,,,,,,,,,
product.0_S_06_240_200150_00,"All Bell Reducer - W 8"" x 6""",FITTING PVC,FITTING · ALL BELL REDUCER,6405,Export ERP master_product_updated.xlsx (diunduh 2026-10-06),,,,6; 8,,,,,,,,,
product.0_S_06_240_250200_00,"All Bell Reducer - W 10"" x 8""",FITTING PVC,FITTING · ALL BELL REDUCER,6406,Export ERP master_product_updated.xlsx (diunduh 2026-10-06),,,,8; 10,,,,,,,,,
product.0_S_06_240_300100_00,"All Bell Reducer - W 12"" x 4""",FITTING PVC,FITTING · ALL BELL REDUCER,6407,Export ERP master_product_updated.xlsx (diunduh 2026-10-06),,,,4; 12,,,,,,,,,
product.0_S_06_240_300250_00,"All Bell Reducer - W 12"" x 10""",FITTING PVC,FITTING · ALL BELL REDUCER,6408,Export ERP master_product_updated.xlsx (diunduh 2026-10-06),,,,10; 12,,,,,,,,,
product.0_S_06_242_050040_00,"All Bell Reducer - D 2"" x 1 1/2""",FITTING PVC,FITTING · ALL BELL REDUCER,6441,Export ERP master_product_updated.xlsx (diunduh 2026-10-06),,,,1 1/2; 2,,,,,,D,,,
product.0_S_06_242_065000_00,"All Bell Reducer - D 2 1/2""",FITTING PVC,FITTING · ALL BELL REDUCER,6442,Export ERP master_product_updated.xlsx (diunduh 2026-10-06),,,,2 1/2,,,,,,D,,,
product.0_S_06_242_075050_00,"All Bell Reducer - D 3"" x 2""",FITTING PVC,FITTING · ALL BELL REDUCER,6443,Export ERP master_product_updated.xlsx (diunduh 2026-10-06),,,,2; 3,,,,,,D,,,
product.0_S_06_242_100050_00,"All Bell Reducer - D 4"" x 2""",FITTING PVC,FITTING · ALL BELL REDUCER,6444,Export ERP master_product_updated.xlsx (diunduh 2026-10-06),,,,2; 4,,,,,,D,,,
product.0_S_06_242_100075_00,"All Bell Reducer - D 4"" x 3""",FITTING PVC,FITTING · ALL BELL REDUCER,6445,Export ERP master_product_updated.xlsx (diunduh 2026-10-06),,,,3; 4,,,,,,D,,,
product.0_S_06_242_125100_00,"All Bell Reducer - D 5"" x 4""",FITTING PVC,FITTING · ALL BELL REDUCER,6446,Export ERP master_product_updated.xlsx (diunduh 2026-10-06),,,,4; 5,,,,,,D,,,
product.0_S_06_242_150050_00,"All Bell Reducer - D 6"" x 2""",FITTING PVC,FITTING · ALL BELL REDUCER,6447,Export ERP master_product_updated.xlsx (diunduh 2026-10-06),,,,2; 6,,,,,,D,,,
product.0_S_06_242_200150_00,"All Bell Reducer - D 8"" x 6""",FITTING PVC,FITTING · ALL BELL REDUCER,6448,Export ERP master_product_updated.xlsx (diunduh 2026-10-06),,,,6; 8,,,,,,D,,,
product.0_S_06_242_250200_00,"All Bell Reducer - D 10"" x 8""",FITTING PVC,FITTING · ALL BELL REDUCER,6449,Export ERP master_product_updated.xlsx (diunduh 2026-10-06),,,,8; 10,,,,,,D,,,
product.0_S_06_242_300100_00,"All Bell Reducer - D 12"" x 4""",FITTING PVC,FITTING · ALL BELL REDUCER,6450,Export ERP master_product_updated.xlsx (diunduh 2026-10-06),,,,4; 12,,,,,,D,,,
product.0_S_06_242_300250_00,"All Bell Reducer - D 12"" x 10""",FITTING PVC,FITTING · ALL BELL REDUCER,6451,Export ERP master_product_updated.xlsx (diunduh 2026-10-06),,,,10; 12,,,,,,D,,,
product.0_S_06_244_075050_00,"All Bell Tee With Flange - W 3"" x 2""",FITTING PVC,FITTING · ALL BELL TEE WITH FLANGE,6473,Export ERP master_product_updated.xlsx (diunduh 2026-10-06),,,,2; 3,,,,,,,,,
product.0_S_06_244_100050_00,"All Bell Tee With Flange - W 4"" x 2""",FITTING PVC,FITTING · ALL BELL TEE WITH FLANGE,6474,Export ERP master_product_updated.xlsx (diunduh 2026-10-06),,,,2; 4,,,,,,,,,
product.0_S_06_244_100075_00,"All Bell Tee With Flange - W 4"" x 3""",FITTING PVC,FITTING · ALL BELL TEE WITH FLANGE,6475,Export ERP master_product_updated.xlsx (diunduh 2026-10-06),,,,3; 4,,,,,,,,,
product.0_S_06_244_125100_00,"All Bell Tee With Flange - W 5"" x 4""",FITTING PVC,FITTING · ALL BELL TEE WITH FLANGE,6476,Export ERP master_product_updated.xlsx (diunduh 2026-10-06),,,,4; 5,,,,,,,,,
product.0_S_06_244_150050_00,"All Bell Tee With Flange - W 6"" x 2""",FITTING PVC,FITTING · ALL BELL TEE WITH FLANGE,6477,Export ERP master_product_updated.xlsx (diunduh 2026-10-06),,,,2; 6,,,,,,,,,
product.0_S_06_244_200150_00,"All Bell Tee With Flange - W 8"" x 6""",FITTING PVC,FITTING · ALL BELL TEE WITH FLANGE,6478,Export ERP master_product_updated.xlsx (diunduh 2026-10-06),,,,6; 8,,,,,,,,,
product.0_S_06_245_075050_00,"All Bell Tee With Flange - D 3"" x 2""",FITTING PVC,FITTING · ALL BELL TEE WITH FLANGE,6479,Export ERP master_product_updated.xlsx (diunduh 2026-10-06),,,,2; 3,,,,,,D,,,
product.0_S_06_245_100050_00,"All Bell Tee With Flange - D 4"" x 2""",FITTING PVC,FITTING · ALL BELL TEE WITH FLANGE,6480,Export ERP master_product_updated.xlsx (diunduh 2026-10-06),,,,2; 4,,,,,,D,,,
product.0_S_06_245_100075_00,"All Bell Tee With Flange - D 4"" x 3""",FITTING PVC,FITTING · ALL BELL TEE WITH FLANGE,6481,Export ERP master_product_updated.xlsx (diunduh 2026-10-06),,,,3; 4,,,,,,D,,,
product.0_S_06_245_125100_00,"All Bell Tee With Flange - D 5"" x 4""",FITTING PVC,FITTING · ALL BELL TEE WITH FLANGE,6482,Export ERP master_product_updated.xlsx (diunduh 2026-10-06),,,,4; 5,,,,,,D,,,
product.0_S_06_245_150050_00,"All Bell Tee With Flange - D 6"" x 2""",FITTING PVC,FITTING · ALL BELL TEE WITH FLANGE,6483,Export ERP master_product_updated.xlsx (diunduh 2026-10-06),,,,2; 6,,,,,,D,,,
product.0_S_06_245_150150_00,"All Bell Tee With Flange - D 6"" x 6""",FITTING PVC,FITTING · ALL BELL TEE WITH FLANGE,6484,Export ERP master_product_updated.xlsx (diunduh 2026-10-06),,,,6,,,,,,D,,,
product.0_S_06_245_200150_00,"All Bell Tee With Flange - D 8"" x 6""",FITTING PVC,FITTING · ALL BELL TEE WITH FLANGE,6485,Export ERP master_product_updated.xlsx (diunduh 2026-10-06),,,,6; 8,,,,,,D,,,
product.0_S_06_247_075050_00,"Tee All Flange - W 3"" x 2""",FITTING PVC,FITTING · TEE ALL FLANGE,6494,Export ERP master_product_updated.xlsx (diunduh 2026-10-06),,,,2; 3,,,,,,,,,
product.0_S_06_247_100050_00,"Tee All Flange - W 4"" x 2""",FITTING PVC,FITTING · TEE ALL FLANGE,6495,Export ERP master_product_updated.xlsx (diunduh 2026-10-06),,,,2; 4,,,,,,,,,
product.0_S_06_247_100075_00,"Tee All Flange - W 4"" x 3""",FITTING PVC,FITTING · TEE ALL FLANGE,6496,Export ERP master_product_updated.xlsx (diunduh 2026-10-06),,,,3; 4,,,,,,,,,
product.0_S_06_247_125100_00,"Tee All Flange - W 5"" x 4""",FITTING PVC,FITTING · TEE ALL FLANGE,6497,Export ERP master_product_updated.xlsx (diunduh 2026-10-06),,,,4; 5,,,,,,,,,
product.0_S_06_247_150050_00,"Tee All Flange - W 6"" x 2""",FITTING PVC,FITTING · TEE ALL FLANGE,6498,Export ERP master_product_updated.xlsx (diunduh 2026-10-06),,,,2; 6,,,,,,,,,
product.0_S_06_247_150150_00,"Tee All Flange - W 6"" x 6""",FITTING PVC,FITTING · TEE ALL FLANGE,6499,Export ERP master_product_updated.xlsx (diunduh 2026-10-06),,,,6,,,,,,,,,
product.0_S_06_247_200150_00,"Tee All Flange - W 8"" x 6""",FITTING PVC,FITTING · TEE ALL FLANGE,6500,Export ERP master_product_updated.xlsx (diunduh 2026-10-06),,,,6; 8,,,,,,,,,
product.0_S_06_248_075050_00,"Tee All Flange - D 3"" x 2""",FITTING PVC,FITTING · TEE ALL FLANGE,6501,Export ERP master_product_updated.xlsx (diunduh 2026-10-06),,,,2; 3,,,,,,D,,,
product.0_S_06_248_100050_00,"Tee All Flange - D 4"" x 2""",FITTING PVC,FITTING · TEE ALL FLANGE,6502,Export ERP master_product_updated.xlsx (diunduh 2026-10-06),,,,2; 4,,,,,,D,,,
product.0_S_06_248_100075_00,"Tee All Flange - D 4"" x 3""",FITTING PVC,FITTING · TEE ALL FLANGE,6503,Export ERP master_product_updated.xlsx (diunduh 2026-10-06),,,,3; 4,,,,,,D,,,
product.0_S_06_248_125100_00,"Tee All Flange - D 5"" x 4""",FITTING PVC,FITTING · TEE ALL FLANGE,6504,Export ERP master_product_updated.xlsx (diunduh 2026-10-06),,,,4; 5,,,,,,D,,,
product.0_S_06_248_150050_00,"Tee All Flange - D 6"" x 2""",FITTING PVC,FITTING · TEE ALL FLANGE,6505,Export ERP master_product_updated.xlsx (diunduh 2026-10-06),,,,2; 6,,,,,,D,,,
product.0_S_06_248_150150_00,"Tee All Flange - D 6"" x 6""",FITTING PVC,FITTING · TEE ALL FLANGE,6506,Export ERP master_product_updated.xlsx (diunduh 2026-10-06),,,,6,,,,,,D,,,
product.0_S_06_248_150200_00,"Tee All Flange - D 6"" x 8""",FITTING PVC,FITTING · TEE ALL FLANGE,6507,Export ERP master_product_updated.xlsx (diunduh 2026-10-06),,,,6; 8,,,,,,D,,,
product.0_S_06_248_200150_00,"Tee All Flange - D 8"" x 6""",FITTING PVC,FITTING · TEE ALL FLANGE,6508,Export ERP master_product_updated.xlsx (diunduh 2026-10-06),,,,6; 8,,,,,,D,,,
product.0_S_06_250_050000_00,"Bend All Flange 90° - W 2""",FITTING PVC,FITTING · BEND ALL FLANGE 90°,6520,Export ERP master_product_updated.xlsx (diunduh 2026-10-06),,,,2,,,,,,,,,
product.0_S_06_250_065000_00,"Bend All Flange 90° - W 2 1/2""",FITTING PVC,FITTING · BEND ALL FLANGE 90°,6521,Export ERP master_product_updated.xlsx (diunduh 2026-10-06),,,,2 1/2,,,,,,,,,
product.0_S_06_250_075000_00,"Bend All Flange 90° - W 3""",FITTING PVC,FITTING · BEND ALL FLANGE 90°,6522,Export ERP master_product_updated.xlsx (diunduh 2026-10-06),,,,3,,,,,,,,,
product.0_S_06_250_100000_00,"Bend All Flange 90° - W 4""",FITTING PVC,FITTING · BEND ALL FLANGE 90°,6523,Export ERP master_product_updated.xlsx (diunduh 2026-10-06),,,,4,,,,,,,,,
product.0_S_06_250_125000_00,"Bend All Flange 90° - W 5""",FITTING PVC,FITTING · BEND ALL FLANGE 90°,6524,Export ERP master_product_updated.xlsx (diunduh 2026-10-06),,,,5,,,,,,,,,
product.0_S_06_250_150000_00,"Bend All Flange 90° - W 6""",FITTING PVC,FITTING · BEND ALL FLANGE 90°,6525,Export ERP master_product_updated.xlsx (diunduh 2026-10-06),,,,6,,,,,,,,,
product.0_S_06_250_200000_00,"Bend All Flange 90° - W 8""",FITTING PVC,FITTING · BEND ALL FLANGE 90°,6526,Export ERP master_product_updated.xlsx (diunduh 2026-10-06),,,,8,,,,,,,,,
product.0_S_06_250_250000_00,"Bend All Flange 90° - W 10""",FITTING PVC,FITTING · BEND ALL FLANGE 90°,6527,Export ERP master_product_updated.xlsx (diunduh 2026-10-06),,,,10,,,,,,,,,
product.0_S_06_250_300000_00,"Bend All Flange 90° - W 12""",FITTING PVC,FITTING · BEND ALL FLANGE 90°,6528,Export ERP master_product_updated.xlsx (diunduh 2026-10-06),,,,12,,,,,,,,,
product.0_S_06_251_050000_00,"Bend All Flange 90° - D 2""",FITTING PVC,FITTING · BEND ALL FLANGE 90°,6529,Export ERP master_product_updated.xlsx (diunduh 2026-10-06),,,,2,,,,,,D,,,
product.0_S_06_251_065000_00,"Bend All Flange 90° - D 2 1/2""",FITTING PVC,FITTING · BEND ALL FLANGE 90°,6530,Export ERP master_product_updated.xlsx (diunduh 2026-10-06),,,,2 1/2,,,,,,D,,,
product.0_S_06_251_075000_00,"Bend All Flange 90° - D 3""",FITTING PVC,FITTING · BEND ALL FLANGE 90°,6531,Export ERP master_product_updated.xlsx (diunduh 2026-10-06),,,,3,,,,,,D,,,
product.0_S_06_251_100000_00,"Bend All Flange 90° - D 4""",FITTING PVC,FITTING · BEND ALL FLANGE 90°,6532,Export ERP master_product_updated.xlsx (diunduh 2026-10-06),,,,4,,,,,,D,,,
product.0_S_06_251_125000_00,"Bend All Flange 90° - D 5""",FITTING PVC,FITTING · BEND ALL FLANGE 90°,6533,Export ERP master_product_updated.xlsx (diunduh 2026-10-06),,,,5,,,,,,D,,,
product.0_S_06_251_150000_00,"Bend All Flange 90° - D 6""",FITTING PVC,FITTING · BEND ALL FLANGE 90°,6534,Export ERP master_product_updated.xlsx (diunduh 2026-10-06),,,,6,,,,,,D,,,
product.0_S_06_251_200000_00,"Bend All Flange 90° - D 8""",FITTING PVC,FITTING · BEND ALL FLANGE 90°,6535,Export ERP master_product_updated.xlsx (diunduh 2026-10-06),,,,8,,,,,,D,,,
product.0_S_06_251_250000_00,"Bend All Flange 90° - D 10""",FITTING PVC,FITTING · BEND ALL FLANGE 90°,6536,Export ERP master_product_updated.xlsx (diunduh 2026-10-06),,,,10,,,,,,D,,,
product.0_S_06_251_300000_00,"Bend All Flange 90° - D 12""",FITTING PVC,FITTING · BEND ALL FLANGE 90°,6537,Export ERP master_product_updated.xlsx (diunduh 2026-10-06),,,,12,,,,,,D,,,
__export__.product_product_12065,"Saddle Bell Branch - D 8"" x 6""",FITTING PVC,FITTING · SADDLE BELL BRANCH,6553,Export ERP master_product_updated.xlsx (diunduh 2026-10-06),,,,6; 8,,,,,,D,,,
__export__.product_product_18382,"Saddle Bell Branch - D 8"" x 8""",FITTING PVC,FITTING · SADDLE BELL BRANCH,6555,Export ERP master_product_updated.xlsx (diunduh 2026-10-06),,,,8,,,,,,D,,,
__export__.product_product_12066,"Saddle Bell Branch - D 10"" x 6""",FITTING PVC,FITTING · SADDLE BELL BRANCH,6556,Export ERP master_product_updated.xlsx (diunduh 2026-10-06),,,,6; 10,,,,,,D,,,
__export__.product_product_12067,"Saddle Bell Branch - D 12"" x 6""",FITTING PVC,FITTING · SADDLE BELL BRANCH,6557,Export ERP master_product_updated.xlsx (diunduh 2026-10-06),,,,6; 12,,,,,,D,,,
__export__.product_product_15691,"Saddle Bell Branch - D 16"" x 6""",FITTING PVC,FITTING · SADDLE BELL BRANCH,6558,Export ERP master_product_updated.xlsx (diunduh 2026-10-06),,,,6; 16,,,,,,D,,,
__export__.product_product_15692,"Saddle Bell Branch - D 20"" x 6""",FITTING PVC,FITTING · SADDLE BELL BRANCH,6559,Export ERP master_product_updated.xlsx (diunduh 2026-10-06),,,,6; 20,,,,,,D,,,
__export__.product_product_15693,"Saddle Bell Branch - D 24"" x 6""",FITTING PVC,FITTING · SADDLE BELL BRANCH,6560,Export ERP master_product_updated.xlsx (diunduh 2026-10-06),,,,6; 24,,,,,,D,,,
__export__.product_product_12910,"Clamp Saddle W - 4"" x 2""",FITTING PVC,FITTING · CLAMP SADDLE W,6563,Export ERP master_product_updated.xlsx (diunduh 2026-10-06),,,,2; 4,,,,,,,,,
__export__.product_product_12548,"Clamp Saddle 6"" x 1""",FITTING PVC,FITTING · CLAMP SADDLE,6564,Export ERP master_product_updated.xlsx (diunduh 2026-10-06),,,,1; 6,,,,,,,,,
__export__.product_product_12911,"Clamp Saddle W - 6"" x 2""",FITTING PVC,FITTING · CLAMP SADDLE W,6565,Export ERP master_product_updated.xlsx (diunduh 2026-10-06),,,,2; 6,,,,,,,,,
__export__.product_product_12547,"Clamp Saddle 8"" x 3/4""",FITTING PVC,FITTING · CLAMP SADDLE,6566,Export ERP master_product_updated.xlsx (diunduh 2026-10-06),,,,3/4; 8,,,,,,,,,
__export__.product_product_12559,"Clamp Saddle 160 mm x 1""",FITTING PVC,FITTING · CLAMP SADDLE,6567,Export ERP master_product_updated.xlsx (diunduh 2026-10-06),,,,1,,,,,,,,,
product.0_S_06_260_050000_00,"Bell TY - D 2""",FITTING PVC,FITTING · BELL TY,6573,Export ERP master_product_updated.xlsx (diunduh 2026-10-06),,,,2,,,,,,D,,,
product.0_S_06_260_065000_00,"Bell TY - D 2 1/2""",FITTING PVC,FITTING · BELL TY,6574,Export ERP master_product_updated.xlsx (diunduh 2026-10-06),,,,2 1/2,,,,,,D,,,
product.0_S_06_260_075000_00,"Bell TY - D 3""",FITTING PVC,FITTING · BELL TY,6575,Export ERP master_product_updated.xlsx (diunduh 2026-10-06),,,,3,,,,,,D,,,
product.0_S_06_260_100000_00,"Bell TY - D 4""",FITTING PVC,FITTING · BELL TY,6576,Export ERP master_product_updated.xlsx (diunduh 2026-10-06),,,,4,,,,,,D,,,
product.0_S_06_260_125000_00,"Bell TY - D 5""",FITTING PVC,FITTING · BELL TY,6577,Export ERP master_product_updated.xlsx (diunduh 2026-10-06),,,,5,,,,,,D,,,
product.0_S_06_260_150000_00,"Bell TY - D 6""",FITTING PVC,FITTING · BELL TY,6578,Export ERP master_product_updated.xlsx (diunduh 2026-10-06),,,,6,,,,,,D,,,
product.0_S_06_260_200000_00,"Bell TY - D 8""",FITTING PVC,FITTING · BELL TY,6579,Export ERP master_product_updated.xlsx (diunduh 2026-10-06),,,,8,,,,,,D,,,
product.0_S_06_260_250000_00,"Bell TY - D 10""",FITTING PVC,FITTING · BELL TY,6580,Export ERP master_product_updated.xlsx (diunduh 2026-10-06),,,,10,,,,,,D,,,
product.0_S_06_260_300000_00,"Bell TY - D 12""",FITTING PVC,FITTING · BELL TY,6581,Export ERP master_product_updated.xlsx (diunduh 2026-10-06),,,,12,,,,,,D,,,
product.0_S_06_263_016000_00,"Long TY - D 1/2""",FITTING PVC,FITTING · LONG TY,6600,Export ERP master_product_updated.xlsx (diunduh 2026-10-06),,,,1/2,,,,,,D,,,
product.0_S_06_263_020000_00,"Long TY - D 3/4""",FITTING PVC,FITTING · LONG TY,6601,Export ERP master_product_updated.xlsx (diunduh 2026-10-06),,,,3/4,,,,,,D,,,
product.0_S_06_263_025000_00,"Long TY - D 1""",FITTING PVC,FITTING · LONG TY,6602,Export ERP master_product_updated.xlsx (diunduh 2026-10-06),,,,1,,,,,,D,,,
product.0_S_06_263_040000_00,"Long TY - D 1 1/2""",FITTING PVC,FITTING · LONG TY,6603,Export ERP master_product_updated.xlsx (diunduh 2026-10-06),,,,1 1/2,,,,,,D,,,
product.0_S_06_263_042000_00,"Long TY - D 1 1/4""",FITTING PVC,FITTING · LONG TY,6604,Export ERP master_product_updated.xlsx (diunduh 2026-10-06),,,,1 1/4,,,,,,D,,,
product.0_S_06_263_050000_00,"Long TY - D 2""",FITTING PVC,FITTING · LONG TY,6605,Export ERP master_product_updated.xlsx (diunduh 2026-10-06),,,,2,,,,,,D,,,
product.0_S_06_263_065000_00,"Long TY - D 2 1/2""",FITTING PVC,FITTING · LONG TY,6606,Export ERP master_product_updated.xlsx (diunduh 2026-10-06),,,,2 1/2,,,,,,D,,,
product.0_S_06_263_075000_00,"Long TY - D 3""",FITTING PVC,FITTING · LONG TY,6607,Export ERP master_product_updated.xlsx (diunduh 2026-10-06),,,,3,,,,,,D,,,
product.0_S_06_263_100000_00,"Long TY - D 4""",FITTING PVC,FITTING · LONG TY,6608,Export ERP master_product_updated.xlsx (diunduh 2026-10-06),,,,4,,,,,,D,,,
product.0_S_06_263_125000_00,"Long TY - D 5""",FITTING PVC,FITTING · LONG TY,6609,Export ERP master_product_updated.xlsx (diunduh 2026-10-06),,,,5,,,,,,D,,,
product.0_S_06_263_150000_00,"Long TY - D 6""",FITTING PVC,FITTING · LONG TY,6610,Export ERP master_product_updated.xlsx (diunduh 2026-10-06),,,,6,,,,,,D,,,
__export__.product_product_11976,"Long TY - D 6"" x 2 1/2""",FITTING PVC,FITTING · LONG TY,6611,Export ERP master_product_updated.xlsx (diunduh 2026-10-06),,,,2 1/2; 6,,,,,,D,,,
product.0_S_06_263_200000_00,"Long TY - D 8""",FITTING PVC,FITTING · LONG TY,6612,Export ERP master_product_updated.xlsx (diunduh 2026-10-06),,,,8,,,,,,D,,,
product.0_S_06_263_250000_00,"Long TY - D 10""",FITTING PVC,FITTING · LONG TY,6615,Export ERP master_product_updated.xlsx (diunduh 2026-10-06),,,,10,,,,,,D,,,
__export__.product_product_18909,"Long TY - D 10"" x 4""",FITTING PVC,FITTING · LONG TY,6616,Export ERP master_product_updated.xlsx (diunduh 2026-10-06),,,,4; 10,,,,,,D,,,
product.0_S_06_263_300000_00,"Long TY - D 12""",FITTING PVC,FITTING · LONG TY,6617,Export ERP master_product_updated.xlsx (diunduh 2026-10-06),,,,12,,,,,,D,,,
product.0_S_06_263_300100_00,"Long TY - D 12"" x 4""",FITTING PVC,FITTING · LONG TY,6618,Export ERP master_product_updated.xlsx (diunduh 2026-10-06),,,,4; 12,,,,,,D,,,
product.0_S_06_263_300150_00,"Long TY - D 12"" x 6""",FITTING PVC,FITTING · LONG TY,6619,Export ERP master_product_updated.xlsx (diunduh 2026-10-06),,,,6; 12,,,,,,D,,,
product.0_S_06_263_300300_00,"Long TY - D 12"" x 12""",FITTING PVC,FITTING · LONG TY,6620,Export ERP master_product_updated.xlsx (diunduh 2026-10-06),,,,12,,,,,,D,,,
product.0_S_06_263_350150_00,"Long TY - D 14"" x 6""",FITTING PVC,FITTING · LONG TY,6621,Export ERP master_product_updated.xlsx (diunduh 2026-10-06),,,,6; 14,,,,,,D,,,
product.0_S_06_263_350200_00,"Long TY - D 14"" x 8""",FITTING PVC,FITTING · LONG TY,6622,Export ERP master_product_updated.xlsx (diunduh 2026-10-06),,,,8; 14,,,,,,D,,,
product.0_S_06_266_050000_00,"All Bell TY - D 2""",FITTING PVC,FITTING · ALL BELL TY,6644,Export ERP master_product_updated.xlsx (diunduh 2026-10-06),,,,2,,,,,,D,,,
product.0_S_06_266_065000_00,"All Bell TY - D 2 1/2""",FITTING PVC,FITTING · ALL BELL TY,6645,Export ERP master_product_updated.xlsx (diunduh 2026-10-06),,,,2 1/2,,,,,,D,,,
product.0_S_06_266_075000_00,"All Bell TY - D 3""",FITTING PVC,FITTING · ALL BELL TY,6646,Export ERP master_product_updated.xlsx (diunduh 2026-10-06),,,,3,,,,,,D,,,
product.0_S_06_266_100000_00,"All Bell TY - D 4""",FITTING PVC,FITTING · ALL BELL TY,6647,Export ERP master_product_updated.xlsx (diunduh 2026-10-06),,,,4,,,,,,D,,,
product.0_S_06_266_125000_00,"All Bell TY - D 5""",FITTING PVC,FITTING · ALL BELL TY,6648,Export ERP master_product_updated.xlsx (diunduh 2026-10-06),,,,5,,,,,,D,,,
product.0_S_06_266_150000_00,"All Bell TY - D 6""",FITTING PVC,FITTING · ALL BELL TY,6649,Export ERP master_product_updated.xlsx (diunduh 2026-10-06),,,,6,,,,,,D,,,
product.0_S_06_266_200000_00,"All Bell TY - D 8""",FITTING PVC,FITTING · ALL BELL TY,6650,Export ERP master_product_updated.xlsx (diunduh 2026-10-06),,,,8,,,,,,D,,,
product.0_S_06_266_250000_00,"All Bell TY - D 10""",FITTING PVC,FITTING · ALL BELL TY,6651,Export ERP master_product_updated.xlsx (diunduh 2026-10-06),,,,10,,,,,,D,,,
product.0_S_06_266_300000_00,"All Bell TY - D 12""",FITTING PVC,FITTING · ALL BELL TY,6652,Export ERP master_product_updated.xlsx (diunduh 2026-10-06),,,,12,,,,,,D,,,
product.0_S_06_269_050000_00,"All Bell Long TY - D 2""",FITTING PVC,FITTING · ALL BELL LONG TY,6667,Export ERP master_product_updated.xlsx (diunduh 2026-10-06),,,,2,,,,,,D,,,
product.0_S_06_269_065000_00,"All Bell Long TY - D 2 1/2""",FITTING PVC,FITTING · ALL BELL LONG TY,6668,Export ERP master_product_updated.xlsx (diunduh 2026-10-06),,,,2 1/2,,,,,,D,,,
product.0_S_06_269_075000_00,"All Bell Long TY - D 3""",FITTING PVC,FITTING · ALL BELL LONG TY,6669,Export ERP master_product_updated.xlsx (diunduh 2026-10-06),,,,3,,,,,,D,,,
product.0_S_06_269_100000_00,"All Bell Long TY - D 4""",FITTING PVC,FITTING · ALL BELL LONG TY,6670,Export ERP master_product_updated.xlsx (diunduh 2026-10-06),,,,4,,,,,,D,,,
product.0_S_06_269_125000_00,"All Bell Long TY - D 5""",FITTING PVC,FITTING · ALL BELL LONG TY,6671,Export ERP master_product_updated.xlsx (diunduh 2026-10-06),,,,5,,,,,,D,,,
product.0_S_06_269_150000_00,"All Bell Long TY - D 6""",FITTING PVC,FITTING · ALL BELL LONG TY,6672,Export ERP master_product_updated.xlsx (diunduh 2026-10-06),,,,6,,,,,,D,,,
product.0_S_06_269_200000_00,"All Bell Long TY - D 8""",FITTING PVC,FITTING · ALL BELL LONG TY,6673,Export ERP master_product_updated.xlsx (diunduh 2026-10-06),,,,8,,,,,,D,,,
product.0_S_06_269_250000_00,"All Bell Long TY - D 10""",FITTING PVC,FITTING · ALL BELL LONG TY,6674,Export ERP master_product_updated.xlsx (diunduh 2026-10-06),,,,10,,,,,,D,,,
product.0_S_06_269_300000_00,"All Bell Long TY - D 12""",FITTING PVC,FITTING · ALL BELL LONG TY,6675,Export ERP master_product_updated.xlsx (diunduh 2026-10-06),,,,12,,,,,,D,,,
product.0_S_06_270_090050_00,"All Bell Long TY - D 90 mm x 2""",FITTING PVC,FITTING · ALL BELL LONG TY,6679,Export ERP master_product_updated.xlsx (diunduh 2026-10-06),,,,2,,,,,,D,,,
product.0_S_06_272_016000_00,"Double Long TY - D 1/2""",FITTING PVC,FITTING · DOUBLE LONG TY,6693,Export ERP master_product_updated.xlsx (diunduh 2026-10-06),,,,1/2,,,,,,D,,,
product.0_S_06_272_020000_00,"Double Long TY - D 3/4""",FITTING PVC,FITTING · DOUBLE LONG TY,6694,Export ERP master_product_updated.xlsx (diunduh 2026-10-06),,,,3/4,,,,,,D,,,
product.0_S_06_272_025000_00,"Double Long TY - D 1""",FITTING PVC,FITTING · DOUBLE LONG TY,6695,Export ERP master_product_updated.xlsx (diunduh 2026-10-06),,,,1,,,,,,D,,,
product.0_S_06_272_040000_00,"Double Long TY - D 1 1/2""",FITTING PVC,FITTING · DOUBLE LONG TY,6696,Export ERP master_product_updated.xlsx (diunduh 2026-10-06),,,,1 1/2,,,,,,D,,,
product.0_S_06_272_042000_00,"Double Long TY - D 1 1/4""",FITTING PVC,FITTING · DOUBLE LONG TY,6697,Export ERP master_product_updated.xlsx (diunduh 2026-10-06),,,,1 1/4,,,,,,D,,,
product.0_S_06_272_050000_00,"Double Long TY - D 2""",FITTING PVC,FITTING · DOUBLE LONG TY,6698,Export ERP master_product_updated.xlsx (diunduh 2026-10-06),,,,2,,,,,,D,,,
product.0_S_06_272_065000_00,"Double Long TY - D 2 1/2""",FITTING PVC,FITTING · DOUBLE LONG TY,6699,Export ERP master_product_updated.xlsx (diunduh 2026-10-06),,,,2 1/2,,,,,,D,,,
product.0_S_06_272_075000_00,"Double Long TY - D 3""",FITTING PVC,FITTING · DOUBLE LONG TY,6700,Export ERP master_product_updated.xlsx (diunduh 2026-10-06),,,,3,,,,,,D,,,
product.0_S_06_272_100000_00,"Double Long TY - D 4""",FITTING PVC,FITTING · DOUBLE LONG TY,6701,Export ERP master_product_updated.xlsx (diunduh 2026-10-06),,,,4,,,,,,D,,,
product.0_S_06_272_125000_00,"Double Long TY - D 5""",FITTING PVC,FITTING · DOUBLE LONG TY,6702,Export ERP master_product_updated.xlsx (diunduh 2026-10-06),,,,5,,,,,,D,,,
product.0_S_06_272_150000_00,"Double Long TY - D 6""",FITTING PVC,FITTING · DOUBLE LONG TY,6703,Export ERP master_product_updated.xlsx (diunduh 2026-10-06),,,,6,,,,,,D,,,
product.0_S_06_272_200000_00,"Double Long TY - D 8""",FITTING PVC,FITTING · DOUBLE LONG TY,6704,Export ERP master_product_updated.xlsx (diunduh 2026-10-06),,,,8,,,,,,D,,,
product.0_S_06_272_250000_00,"Double Long TY - D 10""",FITTING PVC,FITTING · DOUBLE LONG TY,6705,Export ERP master_product_updated.xlsx (diunduh 2026-10-06),,,,10,,,,,,D,,,
product.0_S_06_272_300000_00,"Double Long TY - D 12""",FITTING PVC,FITTING · DOUBLE LONG TY,6706,Export ERP master_product_updated.xlsx (diunduh 2026-10-06),,,,12,,,,,,D,,,
product.0_S_06_275_160100_00,"Flange Bell Reducer - D 6"" x 4""",FITTING PVC,FITTING · FLANGE BELL REDUCER,6734,Export ERP master_product_updated.xlsx (diunduh 2026-10-06),,,,4; 6,,,,,,D,,,
product.0_S_06_275_200100_00,"Flange Bell Reducer - D 8"" x 4""",FITTING PVC,FITTING · FLANGE BELL REDUCER,6735,Export ERP master_product_updated.xlsx (diunduh 2026-10-06),,,,4; 8,,,,,,D,,,
product.0_S_06_275_200200_00,"Flange Bell Reducer - D 8"" x 8""",FITTING PVC,FITTING · FLANGE BELL REDUCER,6736,Export ERP master_product_updated.xlsx (diunduh 2026-10-06),,,,8,,,,,,D,,,
product.0_S_06_275_250150_00,"Flange Bell Reducer - D 10"" x 6""",FITTING PVC,FITTING · FLANGE BELL REDUCER,6737,Export ERP master_product_updated.xlsx (diunduh 2026-10-06),,,,6; 10,,,,,,D,,,
product.0_S_06_275_250250_00,"Flange Bell Reducer - D 10"" x 10""",FITTING PVC,FITTING · FLANGE BELL REDUCER,6738,Export ERP master_product_updated.xlsx (diunduh 2026-10-06),,,,10,,,,,,D,,,
product.0_S_06_275_300150_00,"Flange Bell Reducer - D 12"" x 6""",FITTING PVC,FITTING · FLANGE BELL REDUCER,6739,Export ERP master_product_updated.xlsx (diunduh 2026-10-06),,,,6; 12,,,,,,D,,,
product.0_S_06_275_300250_00,"Flange Bell Reducer - D 12"" x 10""",FITTING PVC,FITTING · FLANGE BELL REDUCER,6740,Export ERP master_product_updated.xlsx (diunduh 2026-10-06),,,,10; 12,,,,,,D,,,
product.0_S_06_275_300300_00,"Flange Bell Reducer - D 12"" x 12""",FITTING PVC,FITTING · FLANGE BELL REDUCER,6741,Export ERP master_product_updated.xlsx (diunduh 2026-10-06),,,,12,,,,,,D,,,
product.0_S_06_278_040000_00,"All Flange Reducer - D 1 1/2""",FITTING PVC,FITTING · ALL FLANGE REDUCER,6784,Export ERP master_product_updated.xlsx (diunduh 2026-10-06),,,,1 1/2,,,,,,D,,,
product.0_S_06_278_042000_00,"All Flange Reducer - D 1 1/4""",FITTING PVC,FITTING · ALL FLANGE REDUCER,6785,Export ERP master_product_updated.xlsx (diunduh 2026-10-06),,,,1 1/4,,,,,,D,,,
product.0_S_06_278_042016_00,"All Flange Reducer - D 1 1/4"" x 1/2""",FITTING PVC,FITTING · ALL FLANGE REDUCER,6786,Export ERP master_product_updated.xlsx (diunduh 2026-10-06),,,,1/2; 1 1/4,,,,,,D,,,
product.0_S_06_278_050000_00,"All Flange Reducer - D 2""",FITTING PVC,FITTING · ALL FLANGE REDUCER,6787,Export ERP master_product_updated.xlsx (diunduh 2026-10-06),,,,2,,,,,,D,,,
product.0_S_06_278_050040_00,"All Flange Reducer - D 2"" x 1 1/2""",FITTING PVC,FITTING · ALL FLANGE REDUCER,6788,Export ERP master_product_updated.xlsx (diunduh 2026-10-06),,,,1 1/2; 2,,,,,,D,,,
product.0_S_06_278_065000_00,"All Flange Reducer - D 2 1/2""",FITTING PVC,FITTING · ALL FLANGE REDUCER,6789,Export ERP master_product_updated.xlsx (diunduh 2026-10-06),,,,2 1/2,,,,,,D,,,
product.0_S_06_278_065040_00,"All Flange Reducer - D 2 1/2"" x 1 1/2""",FITTING PVC,FITTING · ALL FLANGE REDUCER,6790,Export ERP master_product_updated.xlsx (diunduh 2026-10-06),,,,1 1/2; 2 1/2,,,,,,D,,,
product.0_S_06_278_075000_00,"All Flange Reducer - D 3""",FITTING PVC,FITTING · ALL FLANGE REDUCER,6791,Export ERP master_product_updated.xlsx (diunduh 2026-10-06),,,,3,,,,,,D,,,
product.0_S_06_278_075050_00,"All Flange Reducer - D 3"" x 2""",FITTING PVC,FITTING · ALL FLANGE REDUCER,6792,Export ERP master_product_updated.xlsx (diunduh 2026-10-06),,,,2; 3,,,,,,D,,,
product.0_S_06_278_100000_00,"All Flange Reducer - D 4""",FITTING PVC,FITTING · ALL FLANGE REDUCER,6793,Export ERP master_product_updated.xlsx (diunduh 2026-10-06),,,,4,,,,,,D,,,
product.0_S_06_278_100050_00,"All Flange Reducer - D 4"" x 2""",FITTING PVC,FITTING · ALL FLANGE REDUCER,6794,Export ERP master_product_updated.xlsx (diunduh 2026-10-06),,,,2; 4,,,,,,D,,,
product.0_S_06_278_125000_00,"All Flange Reducer - D 5""",FITTING PVC,FITTING · ALL FLANGE REDUCER,6795,Export ERP master_product_updated.xlsx (diunduh 2026-10-06),,,,5,,,,,,D,,,
product.0_S_06_278_125100_00,"All Flange Reducer - D 5"" x 4""",FITTING PVC,FITTING · ALL FLANGE REDUCER,6796,Export ERP master_product_updated.xlsx (diunduh 2026-10-06),,,,4; 5,,,,,,D,,,
product.0_S_06_278_150000_00,"All Flange Reducer - D 6""",FITTING PVC,FITTING · ALL FLANGE REDUCER,6797,Export ERP master_product_updated.xlsx (diunduh 2026-10-06),,,,6,,,,,,D,,,
product.0_S_06_278_150100_00,"All Flange Reducer - D 6"" x 4""",FITTING PVC,FITTING · ALL FLANGE REDUCER,6798,Export ERP master_product_updated.xlsx (diunduh 2026-10-06),,,,4; 6,,,,,,D,,,
product.0_S_06_278_200000_00,"All Flange Reducer - D 8""",FITTING PVC,FITTING · ALL FLANGE REDUCER,6799,Export ERP master_product_updated.xlsx (diunduh 2026-10-06),,,,8,,,,,,D,,,
product.0_S_06_278_200100_00,"All Flange Reducer - D 8"" x 4""",FITTING PVC,FITTING · ALL FLANGE REDUCER,6800,Export ERP master_product_updated.xlsx (diunduh 2026-10-06),,,,4; 8,,,,,,D,,,
product.0_S_06_278_250000_00,"All Flange Reducer - D 10""",FITTING PVC,FITTING · ALL FLANGE REDUCER,6801,Export ERP master_product_updated.xlsx (diunduh 2026-10-06),,,,10,,,,,,D,,,
product.0_S_06_278_250100_00,"All Flange Reducer - D 10"" x 4""",FITTING PVC,FITTING · ALL FLANGE REDUCER,6802,Export ERP master_product_updated.xlsx (diunduh 2026-10-06),,,,4; 10,,,,,,D,,,
product.0_S_06_278_300000_00,"All Flange Reducer - D 12""",FITTING PVC,FITTING · ALL FLANGE REDUCER,6803,Export ERP master_product_updated.xlsx (diunduh 2026-10-06),,,,12,,,,,,D,,,
product.0_S_06_278_300100_00,"All Flange Reducer - D 12"" x 4""",FITTING PVC,FITTING · ALL FLANGE REDUCER,6804,Export ERP master_product_updated.xlsx (diunduh 2026-10-06),,,,4; 12,,,,,,D,,,
product.0_S_06_287_150100_00,"Reducer All Flange - D 6"" x 4""",FITTING PVC,FITTING · REDUCER ALL FLANGE,6860,Export ERP master_product_updated.xlsx (diunduh 2026-10-06),,,,4; 6,,,,,,D,,,
product.0_S_06_287_200100_00,"Reducer All Flange - D 8"" x 4""",FITTING PVC,FITTING · REDUCER ALL FLANGE,6861,Export ERP master_product_updated.xlsx (diunduh 2026-10-06),,,,4; 8,,,,,,D,,,
product.0_S_06_287_200200_00,"Reducer All Flange - D 8"" x 8""",FITTING PVC,FITTING · REDUCER ALL FLANGE,6862,Export ERP master_product_updated.xlsx (diunduh 2026-10-06),,,,8,,,,,,D,,,
product.0_S_06_287_250150_00,"Reducer All Flange - D 10"" x 6""",FITTING PVC,FITTING · REDUCER ALL FLANGE,6863,Export ERP master_product_updated.xlsx (diunduh 2026-10-06),,,,6; 10,,,,,,D,,,
product.0_S_06_287_250250_00,"Reducer All Flange - D 10"" x 10""",FITTING PVC,FITTING · REDUCER ALL FLANGE,6864,Export ERP master_product_updated.xlsx (diunduh 2026-10-06),,,,10,,,,,,D,,,
product.0_S_06_287_300150_00,"Reducer All Flange - D 12"" x 6""",FITTING PVC,FITTING · REDUCER ALL FLANGE,6865,Export ERP master_product_updated.xlsx (diunduh 2026-10-06),,,,6; 12,,,,,,D,,,
product.0_S_06_287_300250_00,"Reducer All Flange - D 12"" x 10""",FITTING PVC,FITTING · REDUCER ALL FLANGE,6866,Export ERP master_product_updated.xlsx (diunduh 2026-10-06),,,,10; 12,,,,,,D,,,
product.0_S_06_287_300300_00,"Reducer All Flange - D 12"" x 12""",FITTING PVC,FITTING · REDUCER ALL FLANGE,6867,Export ERP master_product_updated.xlsx (diunduh 2026-10-06),,,,12,,,,,,D,,,
__export__.product_product_16728,"Bell Ts Socket - W 200 mm x 8""",FITTING PVC,FITTING · BELL SOCKET,6889,Export ERP master_product_updated.xlsx (diunduh 2026-10-06),,,,8,,,,,,,,,
__export__.product_product_17836,"Bell Ts Socket - W 315 mm x 12""",FITTING PVC,FITTING · BELL SOCKET,6892,Export ERP master_product_updated.xlsx (diunduh 2026-10-06),,,,12,,,,,,,,,
product.0_S_06_290_050000_00,"Bell TS Socket - D 2""",FITTING PVC,FITTING · BELL SOCKET,6898,Export ERP master_product_updated.xlsx (diunduh 2026-10-06),,,,2,,,,,,D,,,
product.0_S_06_290_075000_00,"Bell Ts Socket - D 3""",FITTING PVC,FITTING · BELL SOCKET,6899,Export ERP master_product_updated.xlsx (diunduh 2026-10-06),,,,3,,,,,,D,,,
product.0_S_06_290_100000_00,"Bell Ts Socket - D 4""",FITTING PVC,FITTING · BELL SOCKET,6900,Export ERP master_product_updated.xlsx (diunduh 2026-10-06),,,,4,,,,,,D,,,
product.0_S_06_290_125000_00,"Bell Ts Socket - D 5""",FITTING PVC,FITTING · BELL SOCKET,6901,Export ERP master_product_updated.xlsx (diunduh 2026-10-06),,,,5,,,,,,D,,,
product.0_S_06_290_150000_00,"Bell Ts Socket - D 6""",FITTING PVC,FITTING · BELL SOCKET,6902,Export ERP master_product_updated.xlsx (diunduh 2026-10-06),,,,6,,,,,,D,,,
product.0_S_06_290_200000_00,"Bell Ts Socket - D 8""",FITTING PVC,FITTING · BELL SOCKET,6903,Export ERP master_product_updated.xlsx (diunduh 2026-10-06),,,,8,,,,,,D,,,
product.0_S_06_290_250000_00,"Bell Ts Socket - D 10""",FITTING PVC,FITTING · BELL SOCKET,6904,Export ERP master_product_updated.xlsx (diunduh 2026-10-06),,,,10,,,,,,D,,,
product.0_S_06_290_300000_00,"Bell Ts Socket - D 12""",FITTING PVC,FITTING · BELL SOCKET,6905,Export ERP master_product_updated.xlsx (diunduh 2026-10-06),,,,12,,,,,,D,,,
product.0_S_06_293_016000_00,"Spigot - D 1/2""",FITTING PVC,FITTING · SPIGOT,6934,Export ERP master_product_updated.xlsx (diunduh 2026-10-06),,,,1/2,,,,,,D,,,
product.0_S_06_293_020000_00,"Spigot - D 3/4""",FITTING PVC,FITTING · SPIGOT,6935,Export ERP master_product_updated.xlsx (diunduh 2026-10-06),,,,3/4,,,,,,D,,,
product.0_S_06_293_025000_00,"Spigot - D 1""",FITTING PVC,FITTING · SPIGOT,6936,Export ERP master_product_updated.xlsx (diunduh 2026-10-06),,,,1,,,,,,D,,,
product.0_S_06_293_040000_00,"Spigot - D 1 1/2""",FITTING PVC,FITTING · SPIGOT,6937,Export ERP master_product_updated.xlsx (diunduh 2026-10-06),,,,1 1/2,,,,,,D,,,
product.0_S_06_293_042000_00,"Spigot - D 1 1/4""",FITTING PVC,FITTING · SPIGOT,6938,Export ERP master_product_updated.xlsx (diunduh 2026-10-06),,,,1 1/4,,,,,,D,,,
product.0_S_06_293_050000_00,"Spigot - D 2""",FITTING PVC,FITTING · SPIGOT,6939,Export ERP master_product_updated.xlsx (diunduh 2026-10-06),,,,2,,,,,,D,,,
product.0_S_06_293_065000_00,"Spigot - D 2 1/2""",FITTING PVC,FITTING · SPIGOT,6940,Export ERP master_product_updated.xlsx (diunduh 2026-10-06),,,,2 1/2,,,,,,D,,,
product.0_S_06_293_075000_00,"Spigot - D 3""",FITTING PVC,FITTING · SPIGOT,6941,Export ERP master_product_updated.xlsx (diunduh 2026-10-06),,,,3,,,,,,D,,,
product.0_S_06_293_100000_00,"Spigot - D 4""",FITTING PVC,FITTING · SPIGOT,6942,Export ERP master_product_updated.xlsx (diunduh 2026-10-06),,,,4,,,,,,D,,,
product.0_S_06_293_125000_00,"Spigot - D 5""",FITTING PVC,FITTING · SPIGOT,6943,Export ERP master_product_updated.xlsx (diunduh 2026-10-06),,,,5,,,,,,D,,,
product.0_S_06_293_150000_00,"Spigot - D 6""",FITTING PVC,FITTING · SPIGOT,6944,Export ERP master_product_updated.xlsx (diunduh 2026-10-06),,,,6,,,,,,D,,,
product.0_S_06_293_200000_00,"Spigot - D 8""",FITTING PVC,FITTING · SPIGOT,6945,Export ERP master_product_updated.xlsx (diunduh 2026-10-06),,,,8,,,,,,D,,,
product.0_S_06_293_250000_00,"Spigot - D 10""",FITTING PVC,FITTING · SPIGOT,6946,Export ERP master_product_updated.xlsx (diunduh 2026-10-06),,,,10,,,,,,D,,,
product.0_S_06_293_300000_00,"Spigot - D 12""",FITTING PVC,FITTING · SPIGOT,6947,Export ERP master_product_updated.xlsx (diunduh 2026-10-06),,,,12,,,,,,D,,,
product.0_S_06_296_125100_00,"Spigot All Flange - D 5"" x 4""",FITTING PVC,FITTING · SPIGOT ALL FLANGE,6976,Export ERP master_product_updated.xlsx (diunduh 2026-10-06),,,,4; 5,,,,,,D,,,
product.0_S_06_296_150100_00,"Spigot All Flange - D 6"" x 4""",FITTING PVC,FITTING · SPIGOT ALL FLANGE,6977,Export ERP master_product_updated.xlsx (diunduh 2026-10-06),,,,4; 6,,,,,,D,,,
product.0_S_06_296_200100_00,"Spigot All Flange - D 8"" x 4""",FITTING PVC,FITTING · SPIGOT ALL FLANGE,6978,Export ERP master_product_updated.xlsx (diunduh 2026-10-06),,,,4; 8,,,,,,D,,,
product.0_S_06_296_200200_00,"Spigot All Flange - D 8"" x 8""",FITTING PVC,FITTING · SPIGOT ALL FLANGE,6979,Export ERP master_product_updated.xlsx (diunduh 2026-10-06),,,,8,,,,,,D,,,
product.0_S_06_296_250150_00,"Spigot All Flange - D 10"" x 6""",FITTING PVC,FITTING · SPIGOT ALL FLANGE,6980,Export ERP master_product_updated.xlsx (diunduh 2026-10-06),,,,6; 10,,,,,,D,,,
product.0_S_06_296_250250_00,"Spigot All Flange - D 10"" x 10""",FITTING PVC,FITTING · SPIGOT ALL FLANGE,6981,Export ERP master_product_updated.xlsx (diunduh 2026-10-06),,,,10,,,,,,D,,,
product.0_S_06_296_300150_00,"Spigot All Flange - D 12"" x 6""",FITTING PVC,FITTING · SPIGOT ALL FLANGE,6982,Export ERP master_product_updated.xlsx (diunduh 2026-10-06),,,,6; 12,,,,,,D,,,
product.0_S_06_296_300250_00,"Spigot All Flange - D 12"" x 10""",FITTING PVC,FITTING · SPIGOT ALL FLANGE,6983,Export ERP master_product_updated.xlsx (diunduh 2026-10-06),,,,10; 12,,,,,,D,,,
product.0_S_06_296_300300_00,"Spigot All Flange - D 12"" x 12""",FITTING PVC,FITTING · SPIGOT ALL FLANGE,6984,Export ERP master_product_updated.xlsx (diunduh 2026-10-06),,,,12,,,,,,D,,,
product.0_S_06_298_050042_00,"Elbow Reducer - W 2"" x 1 1/4""(42)",FITTING PVC,FITTING · ELBOW REDUCER,6999,Export ERP master_product_updated.xlsx (diunduh 2026-10-06),,,,1 1/4; 2,,,,,,,,,
product.0_S_06_298_050050_00,"Elbow Reducer - W 2"" x 2""",FITTING PVC,FITTING · ELBOW REDUCER,7000,Export ERP master_product_updated.xlsx (diunduh 2026-10-06),,,,2,,,,,,,,,
product.0_S_06_298_075050_00,"Elbow Reducer - W 3"" x 2""",FITTING PVC,FITTING · ELBOW REDUCER,7001,Export ERP master_product_updated.xlsx (diunduh 2026-10-06),,,,2; 3,,,,,,,,,
product.0_S_06_298_100050_00,"Elbow Reducer - W 4"" x 2""",FITTING PVC,FITTING · ELBOW REDUCER,7002,Export ERP master_product_updated.xlsx (diunduh 2026-10-06),,,,2; 4,,,,,,,,,
product.0_S_06_298_125100_00,"Elbow Reducer - W 5"" x 4""",FITTING PVC,FITTING · ELBOW REDUCER,7003,Export ERP master_product_updated.xlsx (diunduh 2026-10-06),,,,4; 5,,,,,,,,,
product.0_S_06_298_150100_00,"Elbow Reducer - W 6"" x 4""",FITTING PVC,FITTING · ELBOW REDUCER,7004,Export ERP master_product_updated.xlsx (diunduh 2026-10-06),,,,4; 6,,,,,,,,,
product.0_S_06_298_200100_00,"Elbow Reducer - W 8"" x 4""",FITTING PVC,FITTING · ELBOW REDUCER,7005,Export ERP master_product_updated.xlsx (diunduh 2026-10-06),,,,4; 8,,,,,,,,,
product.0_S_06_298_200200_00,"Elbow Reducer - W 8"" x 8""",FITTING PVC,FITTING · ELBOW REDUCER,7006,Export ERP master_product_updated.xlsx (diunduh 2026-10-06),,,,8,,,,,,,,,
product.0_S_06_298_250100_00,"Elbow Reducer - W 10"" x 4""",FITTING PVC,FITTING · ELBOW REDUCER,7007,Export ERP master_product_updated.xlsx (diunduh 2026-10-06),,,,4; 10,,,,,,,,,
product.0_S_06_298_250125_00,"Elbow Reducer - W 10"" x 5""",FITTING PVC,FITTING · ELBOW REDUCER,7008,Export ERP master_product_updated.xlsx (diunduh 2026-10-06),,,,5; 10,,,,,,,,,
product.0_S_06_298_250150_00,"Elbow Reducer - W 10"" x 6""",FITTING PVC,FITTING · ELBOW REDUCER,7009,Export ERP master_product_updated.xlsx (diunduh 2026-10-06),,,,6; 10,,,,,,,,,
product.0_S_06_298_250200_00,"Elbow Reducer - W 10"" x 8""",FITTING PVC,FITTING · ELBOW REDUCER,7010,Export ERP master_product_updated.xlsx (diunduh 2026-10-06),,,,8; 10,,,,,,,,,
product.0_S_06_298_250250_00,"Elbow Reducer - W 10"" x 10""",FITTING PVC,FITTING · ELBOW REDUCER,7011,Export ERP master_product_updated.xlsx (diunduh 2026-10-06),,,,10,,,,,,,,,
product.0_S_06_298_300100_00,"Elbow Reducer - W 12"" x 4""",FITTING PVC,FITTING · ELBOW REDUCER,7012,Export ERP master_product_updated.xlsx (diunduh 2026-10-06),,,,4; 12,,,,,,,,,
product.0_S_06_298_300150_00,"Elbow Reducer - W 12"" x 6""",FITTING PVC,FITTING · ELBOW REDUCER,7013,Export ERP master_product_updated.xlsx (diunduh 2026-10-06),,,,6; 12,,,,,,,,,
product.0_S_06_298_300200_00,"Elbow Reducer - W 12"" x 8""",FITTING PVC,FITTING · ELBOW REDUCER,7014,Export ERP master_product_updated.xlsx (diunduh 2026-10-06),,,,8; 12,,,,,,,,,
product.0_S_06_298_300250_00,"Elbow Reducer - W 12"" x 10""",FITTING PVC,FITTING · ELBOW REDUCER,7015,Export ERP master_product_updated.xlsx (diunduh 2026-10-06),,,,10; 12,,,,,,,,,
product.0_S_06_298_300300_00,"Elbow Reducer - W 12"" x 12""",FITTING PVC,FITTING · ELBOW REDUCER,7016,Export ERP master_product_updated.xlsx (diunduh 2026-10-06),,,,12,,,,,,,,,
product.0_S_06_300_050042_00,"Elbow Reducer - D 2"" x 1 1/4""(42)",FITTING PVC,FITTING · ELBOW REDUCER,7037,Export ERP master_product_updated.xlsx (diunduh 2026-10-06),,,,1 1/4; 2,,,,,,D,,,
product.0_S_06_300_050050_00,"Elbow Reducer - D 2"" x 2""",FITTING PVC,FITTING · ELBOW REDUCER,7038,Export ERP master_product_updated.xlsx (diunduh 2026-10-06),,,,2,,,,,,D,,,
product.0_S_06_300_075050_00,"Elbow Reducer - D 3"" x 2""",FITTING PVC,FITTING · ELBOW REDUCER,7039,Export ERP master_product_updated.xlsx (diunduh 2026-10-06),,,,2; 3,,,,,,D,,,
product.0_S_06_300_100050_00,"Elbow Reducer - D 4"" x 2""",FITTING PVC,FITTING · ELBOW REDUCER,7040,Export ERP master_product_updated.xlsx (diunduh 2026-10-06),,,,2; 4,,,,,,D,,,
product.0_S_06_300_125100_00,"Elbow Reducer - D 5"" x 4""",FITTING PVC,FITTING · ELBOW REDUCER,7041,Export ERP master_product_updated.xlsx (diunduh 2026-10-06),,,,4; 5,,,,,,D,,,
product.0_S_06_300_150075_00,"Elbow Reducer - D 6"" x 3""",FITTING PVC,FITTING · ELBOW REDUCER,7042,Export ERP master_product_updated.xlsx (diunduh 2026-10-06),,,,3; 6,,,,,,D,,,
product.0_S_06_300_150100_00,"Elbow Reducer - D 6"" x 4""",FITTING PVC,FITTING · ELBOW REDUCER,7043,Export ERP master_product_updated.xlsx (diunduh 2026-10-06),,,,4; 6,,,,,,D,,,
product.0_S_06_300_200100_00,"Elbow Reducer - D 8"" x 4""",FITTING PVC,FITTING · ELBOW REDUCER,7044,Export ERP master_product_updated.xlsx (diunduh 2026-10-06),,,,4; 8,,,,,,D,,,
product.0_S_06_300_200200_00,"Elbow Reducer - D 8"" x 8""",FITTING PVC,FITTING · ELBOW REDUCER,7045,Export ERP master_product_updated.xlsx (diunduh 2026-10-06),,,,8,,,,,,D,,,
product.0_S_06_300_250100_00,"Elbow Reducer - D 10"" x 4""",FITTING PVC,FITTING · ELBOW REDUCER,7046,Export ERP master_product_updated.xlsx (diunduh 2026-10-06),,,,4; 10,,,,,,D,,,
product.0_S_06_300_250125_00,"Elbow Reducer - D 10"" x 5""",FITTING PVC,FITTING · ELBOW REDUCER,7047,Export ERP master_product_updated.xlsx (diunduh 2026-10-06),,,,5; 10,,,,,,D,,,
product.0_S_06_300_250150_00,"Elbow Reducer - D 10"" x 6""",FITTING PVC,FITTING · ELBOW REDUCER,7048,Export ERP master_product_updated.xlsx (diunduh 2026-10-06),,,,6; 10,,,,,,D,,,
product.0_S_06_300_250200_00,"Elbow Reducer - D 10"" x 8""",FITTING PVC,FITTING · ELBOW REDUCER,7049,Export ERP master_product_updated.xlsx (diunduh 2026-10-06),,,,8; 10,,,,,,D,,,
product.0_S_06_300_250250_00,"Elbow Reducer - D 10"" x 10""",FITTING PVC,FITTING · ELBOW REDUCER,7050,Export ERP master_product_updated.xlsx (diunduh 2026-10-06),,,,10,,,,,,D,,,
product.0_S_06_300_300100_00,"Elbow Reducer - D 12"" x 4""",FITTING PVC,FITTING · ELBOW REDUCER,7051,Export ERP master_product_updated.xlsx (diunduh 2026-10-06),,,,4; 12,,,,,,D,,,
product.0_S_06_300_300150_00,"Elbow Reducer - D 12"" x 6""",FITTING PVC,FITTING · ELBOW REDUCER,7052,Export ERP master_product_updated.xlsx (diunduh 2026-10-06),,,,6; 12,,,,,,D,,,
product.0_S_06_300_300200_00,"Elbow Reducer - D 12"" x 8""",FITTING PVC,FITTING · ELBOW REDUCER,7053,Export ERP master_product_updated.xlsx (diunduh 2026-10-06),,,,8; 12,,,,,,D,,,
product.0_S_06_300_300250_00,"Elbow Reducer - D 12"" x 10""",FITTING PVC,FITTING · ELBOW REDUCER,7054,Export ERP master_product_updated.xlsx (diunduh 2026-10-06),,,,10; 12,,,,,,D,,,
product.0_S_06_300_300300_00,"Elbow Reducer - D 12"" x 12""",FITTING PVC,FITTING · ELBOW REDUCER,7055,Export ERP master_product_updated.xlsx (diunduh 2026-10-06),,,,12,,,,,,D,,,
__export__.product_product_15400,"Bell Valve Socket 2""",FITTING PVC,FITTING · BELL VALVE SOCKET,7061,Export ERP master_product_updated.xlsx (diunduh 2026-10-06),,,,2,,,,,,,,,
__export__.product_product_15401,"Bell Valve Socket 3""",FITTING PVC,FITTING · BELL VALVE SOCKET,7062,Export ERP master_product_updated.xlsx (diunduh 2026-10-06),,,,3,,,,,,,,,
__export__.product_product_15402,"Bell Valve Socket 4""",FITTING PVC,FITTING · BELL VALVE SOCKET,7063,Export ERP master_product_updated.xlsx (diunduh 2026-10-06),,,,4,,,,,,,,,
__export__.product_product_16973,"All Bell Ts Elbow 8"" x 200 mm",FITTING PVC,FITTING · ALL BELL ELBOW,7064,Export ERP master_product_updated.xlsx (diunduh 2026-10-06),,,,8,,,,,,,,,
__export__.product_product_16974,"Bell Socket Reducer 200 mm x 6""",FITTING PVC,FITTING · BELL SOCKET REDUCER,7065,Export ERP master_product_updated.xlsx (diunduh 2026-10-06),,,,6,,,,,,,,,
product.0_S_06_314_200150_00,"Tee With Bell Branch 8"" x 6""",FITTING PVC,FITTING · TEE WITH BELL BRANCH,7068,Export ERP master_product_updated.xlsx (diunduh 2026-10-06),,,,6; 8,,,,,,,,,
product.0_S_06_314_250200_00,"Tee With Bell Branch 10"" x 8""",FITTING PVC,FITTING · TEE WITH BELL BRANCH,7069,Export ERP master_product_updated.xlsx (diunduh 2026-10-06),,,,8; 10,,,,,,,,,
product.0_S_06_314_300150_00,"Tee With Bell Branch 12"" x 6""",FITTING PVC,FITTING · TEE WITH BELL BRANCH,7070,Export ERP master_product_updated.xlsx (diunduh 2026-10-06),,,,6; 12,,,,,,,,,
product.0_S_06_314_300200_00,"Tee With Bell Branch 12"" x 8""",FITTING PVC,FITTING · TEE WITH BELL BRANCH,7071,Export ERP master_product_updated.xlsx (diunduh 2026-10-06),,,,8; 12,,,,,,,,,
__export__.product_product_17738,"All Faucet Elbow W - 1""",FITTING PVC,FITTING · ALL FAUCET ELBOW W,7081,Export ERP master_product_updated.xlsx (diunduh 2026-10-06),,,,1,,,,,,,,,
product.0_S_06_538_110000_00,"Bend 35° - D 4""",FITTING PVC,FITTING · BEND 35°,7085,Export ERP master_product_updated.xlsx (diunduh 2026-10-06),,,,4,,,,,,D,,,
__export__.product_product_15024,"Repair Kits 1/2""",FITTING PVC,FITTING · REPAIR KITS,7088,Export ERP master_product_updated.xlsx (diunduh 2026-10-06),,,,1/2,,,,,,,,,
__export__.product_product_16165,"Tee Thread Branch - W 6"" x 2""",FITTING PVC,FITTING · TEE THREAD BRANCH,7089,Export ERP master_product_updated.xlsx (diunduh 2026-10-06),,,,2; 6,,,,,,,,,
__export__.product_product_16670,"Faucet Spigot - W 1 1/4"" x 63 mm",FITTING PVC,FITTING · FAUCET SPIGOT,7092,Export ERP master_product_updated.xlsx (diunduh 2026-10-06),,,,1 1/4,,,,,,,,,
__export__.product_product_17328,"Socket Spigot 20 mm x 1/2""",FITTING PVC,FITTING · SOCKET SPIGOT,7093,Export ERP master_product_updated.xlsx (diunduh 2026-10-06),,,,1/2,,,,,,,,,
__export__.product_product_17268,"All Bell Socket - W 200 mm x 8""",FITTING PVC,FITTING · ALL BELL SOCKET,7098,Export ERP master_product_updated.xlsx (diunduh 2026-10-06),,,,8,,,,,,,,,
__export__.product_product_17581,"Collar PVC 8""",FITTING PVC,FITTING · COLLAR PVC,7100,Export ERP master_product_updated.xlsx (diunduh 2026-10-06),,,,8,,,,,,,,,
__export__.product_product_17582,"Collar PVC 10""",FITTING PVC,FITTING · COLLAR PVC,7101,Export ERP master_product_updated.xlsx (diunduh 2026-10-06),,,,10,,,,,,,,,
__export__.product_product_18119,"TS Elbow 90º 2"" + Oring + Water Moor",FITTING PVC,FITTING · ELBOW 90º + ORING + WATER MOOR,7105,Export ERP master_product_updated.xlsx (diunduh 2026-10-06),,,,2,,,,,,,,,
__export__.product_product_18297,"Double Faucet TS Elbow 90° 1""",FITTING PVC,FITTING · DOUBLE FAUCET ELBOW 90°,7111,Export ERP master_product_updated.xlsx (diunduh 2026-10-06),,,,1,,,,,,,,,
__export__.product_product_18218,"Double Faucet TS Elbow 90° 2""",FITTING PVC,FITTING · DOUBLE FAUCET ELBOW 90°,7112,Export ERP master_product_updated.xlsx (diunduh 2026-10-06),,,,2,,,,,,,,,
__export__.product_product_18521,"Bell Tee Faucet Branch - W 4"" x 2""",FITTING PVC,FITTING · BELL TEE FAUCET BRANCH,7113,Export ERP master_product_updated.xlsx (diunduh 2026-10-06),,,,2; 4,,,,,,,,,
__export__.product_product_18522,"Bell Tee Faucet Branch - W 6"" x 2""",FITTING PVC,FITTING · BELL TEE FAUCET BRANCH,7114,Export ERP master_product_updated.xlsx (diunduh 2026-10-06),,,,2; 6,,,,,,,,,
__export__.product_product_18755,"Reducer Bushing Faucet - W 63 mm x 1""",FITTING PVC,FITTING · REDUCER BUSHING FAUCET,7117,Export ERP master_product_updated.xlsx (diunduh 2026-10-06),,,,1,,,,,,,,,
__export__.product_product_18911,"Long TY - 10"" x 4""",FITTING PVC,FITTING · LONG TY,7118,Export ERP master_product_updated.xlsx (diunduh 2026-10-06),,,,4; 10,,,,,,,,,
__export__.product_product_19235,"Bell Tee With Faucet Branch - 8"" x 2""",FITTING PVC,FITTING · BELL TEE WITH FAUCET BRANCH,7119,Export ERP master_product_updated.xlsx (diunduh 2026-10-06),,,,2; 8,,,,,,,,,
__export__.product_product_14472,"Reducer Flange (Segmented) PE 1/2"" x 20 Cm",FITTING HDPE,FITTING · REDUCER FLANGE,7428,Export ERP master_product_updated.xlsx (diunduh 2026-10-06),,,,1/2,,,,,,,,,
__export__.product_product_14473,"Reducer Flange (Segmented) PE 1/2"" x 200 Cm",FITTING HDPE,FITTING · REDUCER FLANGE,7429,Export ERP master_product_updated.xlsx (diunduh 2026-10-06),,,,1/2,,,,,,,,,
__export__.product_product_13398,"Header Segmented HDPE 10"" x 6""",FITTING HDPE,FITTING · HEADER SEGMENTED,7672,Export ERP master_product_updated.xlsx (diunduh 2026-10-06),,,,6; 10,,,,HDPE,,,,,
