sku,name,family,category,source_page,source_document,description,status,image_url,sizes,compatible_skus,documents,images,material,standard,pressure_class,rod_length,joint_type,application
product.0_S_01_076_020002_88,Pipa High Impact Conduit 20mm x 2.88 Meter,PVC HIC,PIPA PVC HIC,443,Export ERP master_product_updated.xlsx (diunduh 2026-10-06),,,,20 mm,,,,,,,2.88 m,,
__export__.product_product_18040,Pipa High Impact Conduit 20mm x 2.88 Meter Hitam,PVC HIC,PIPA PVC HIC,444,Export ERP master_product_updated.xlsx (diunduh 2026-10-06),Warna: Hitam,,,20 mm,,,,,,,2.88 m,,
product.0_S_01_076_025002_88,Pipa High Impact Conduit 25mm x 2.88 Meter,PVC HIC,PIPA PVC HIC,445,Export ERP master_product_updated.xlsx (diunduh 2026-10-06),,,,25 mm,,,,,,,2.88 m,,
product.0_S_01_076_032002_88,Pipa High Impact Conduit 32mm x 2.88 Meter,PVC HIC,PIPA PVC HIC,446,Export ERP master_product_updated.xlsx (diunduh 2026-10-06),,,,32 mm,,,,,,,2.88 m,,
product.0_S_01_121_025006_00,Pipa TS (Plain End) S-6.3 25 mm x 6 Meter,PVC S-6.3,PIPA PVC S-6.3 · PLAIN END,663,Export ERP master_product_updated.xlsx (diunduh 2026-10-06),,,,25 mm,,,,,,S-6.3,6 m,Plain end,
product.0_S_01_121_032006_00,Pipa TS (Plain End) S-6.3 32 mm x 6 Meter,PVC S-6.3,PIPA PVC S-6.3 · PLAIN END,664,Export ERP master_product_updated.xlsx (diunduh 2026-10-06),,,,32 mm,,,,,,S-6.3,6 m,Plain end,
product.0_S_01_121_040006_00,Pipa TS (Plain End) S-6.3 40 mm x 6 Meter,PVC S-6.3,PIPA PVC S-6.3 · PLAIN END,665,Export ERP master_product_updated.xlsx (diunduh 2026-10-06),,,,40 mm,,,,,,S-6.3,6 m,Plain end,
product.0_S_01_121_050006_00,Pipa TS (Plain End) S-6.3 50 mm x 6 Meter,PVC S-6.3,PIPA PVC S-6.3 · PLAIN END,666,Export ERP master_product_updated.xlsx (diunduh 2026-10-06),,,,50 mm,,,,,,S-6.3,6 m,Plain end,
product.0_S_01_121_063006_00,Pipa TS (Plain End) S-6.3 63 mm x 6 Meter,PVC S-6.3,PIPA PVC S-6.3 · PLAIN END,667,Export ERP master_product_updated.xlsx (diunduh 2026-10-06),,,,63 mm,,,,,,S-6.3,6 m,Plain end,
product.0_S_01_121_075006_00,Pipa TS (Plain End) S-6.3 75 mm x 6 Meter,PVC S-6.3,PIPA PVC S-6.3 · PLAIN END,668,Export ERP master_product_updated.xlsx (diunduh 2026-10-06),,,,75 mm,,,,,,S-6.3,6 m,Plain end,
product.0_S_01_121_090006_00,Pipa TS (Plain End) S-6.3 90 mm x 6 Meter,PVC S-6.3,PIPA PVC S-6.3 · PLAIN END,669,Export ERP master_product_updated.xlsx (diunduh 2026-10-06),,,,90 mm,,,,,,S-6.3,6 m,Plain end,
product.0_S_01_121_110006_00,Pipa TS (Plain End) S-6.3 110 mm x 6 Meter,PVC S-6.3,PIPA PVC S-6.3 · PLAIN END,670,Export ERP master_product_updated.xlsx (diunduh 2026-10-06),,,,110 mm,,,,,,S-6.3,6 m,Plain end,
product.0_S_01_121_160006_00,Pipa TS (Plain End) S-6.3 160 mm x 6 Meter,PVC S-6.3,PIPA PVC S-6.3 · PLAIN END,671,Export ERP master_product_updated.xlsx (diunduh 2026-10-06),,,,160 mm,,,,,,S-6.3,6 m,Plain end,
product.0_S_01_121_200006_00,Pipa TS (Plain End) S-6.3 200 mm x 6 Meter,PVC S-6.3,PIPA PVC S-6.3 · PLAIN END,672,Export ERP master_product_updated.xlsx (diunduh 2026-10-06),,,,200 mm,,,,,,S-6.3,6 m,Plain end,
product.0_S_01_121_225006_00,Pipa TS (Plain End) S-6.3 225 mm x 6 Meter,PVC S-6.3,PIPA PVC S-6.3 · PLAIN END,673,Export ERP master_product_updated.xlsx (diunduh 2026-10-06),,,,225 mm,,,,,,S-6.3,6 m,Plain end,
product.0_S_01_121_250006_00,Pipa TS (Plain End) S-6.3 250 mm x 6 Meter,PVC S-6.3,PIPA PVC S-6.3 · PLAIN END,674,Export ERP master_product_updated.xlsx (diunduh 2026-10-06),,,,250 mm,,,,,,S-6.3,6 m,Plain end,
product.0_S_01_121_280006_00,Pipa TS (Plain End) S-6.3 280 mm x 6 Meter,PVC S-6.3,PIPA PVC S-6.3 · PLAIN END,675,Export ERP master_product_updated.xlsx (diunduh 2026-10-06),,,,280 mm,,,,,,S-6.3,6 m,Plain end,
product.0_S_01_121_315006_00,Pipa TS (Plain End) S-6.3 315 mm x 6 Meter,PVC S-6.3,PIPA PVC S-6.3 · PLAIN END,676,Export ERP master_product_updated.xlsx (diunduh 2026-10-06),,,,315 mm,,,,,,S-6.3,6 m,Plain end,
product.0_S_01_121_355006_00,Pipa TS (Plain End) S-6.3 355 mm x 6 Meter,PVC S-6.3,PIPA PVC S-6.3 · PLAIN END,677,Export ERP master_product_updated.xlsx (diunduh 2026-10-06),,,,355 mm,,,,,,S-6.3,6 m,Plain end,
product.0_S_01_121_400006_00,Pipa TS (Plain End) S-6.3 400 mm x 6 Meter,PVC S-6.3,PIPA PVC S-6.3 · PLAIN END,678,Export ERP master_product_updated.xlsx (diunduh 2026-10-06),,,,400 mm,,,,,,S-6.3,6 m,Plain end,
product.0_S_01_122_020006_00,Pipa (TS End) S-6.3 20 mm x 6 Meter,PVC S-6.3,PIPA PVC S-6.3 · TS END,679,Export ERP master_product_updated.xlsx (diunduh 2026-10-06),,,,20 mm,,,,,,S-6.3,6 m,TS end,
product.0_S_01_122_025006_00,Pipa (TS End) S-6.3 25 mm x 6 Meter,PVC S-6.3,PIPA PVC S-6.3 · TS END,680,Export ERP master_product_updated.xlsx (diunduh 2026-10-06),,,,25 mm,,,,,,S-6.3,6 m,TS end,
product.0_S_01_122_032006_00,Pipa (TS End) S-6.3 32 mm x 6 Meter,PVC S-6.3,PIPA PVC S-6.3 · TS END,681,Export ERP master_product_updated.xlsx (diunduh 2026-10-06),,,,32 mm,,,,,,S-6.3,6 m,TS end,
product.0_S_01_122_040006_00,Pipa (TS End) S-6.3 40 mm x 6 Meter,PVC S-6.3,PIPA PVC S-6.3 · TS END,682,Export ERP master_product_updated.xlsx (diunduh 2026-10-06),,,,40 mm,,,,,,S-6.3,6 m,TS end,
product.0_S_01_122_050006_00,Pipa (TS End) S-6.3 50 mm x 6 Meter,PVC S-6.3,PIPA PVC S-6.3 · TS END,683,Export ERP master_product_updated.xlsx (diunduh 2026-10-06),,,,50 mm,,,,,,S-6.3,6 m,TS end,
product.0_S_01_122_063006_00,Pipa (TS End) S-6.3 63 mm x 6 Meter,PVC S-6.3,PIPA PVC S-6.3 · TS END,684,Export ERP master_product_updated.xlsx (diunduh 2026-10-06),,,,63 mm,,,,,,S-6.3,6 m,TS end,
product.0_S_01_122_090006_00,Pipa (TS End) S-6.3 90 mm x 6 Meter,PVC S-6.3,PIPA PVC S-6.3 · TS END,685,Export ERP master_product_updated.xlsx (diunduh 2026-10-06),,,,90 mm,,,,,,S-6.3,6 m,TS end,
product.0_S_01_122_110006_00,Pipa (TS End) S-6.3 110 mm x 6 Meter,PVC S-6.3,PIPA PVC S-6.3 · TS END,686,Export ERP master_product_updated.xlsx (diunduh 2026-10-06),,,,110 mm,,,,,,S-6.3,6 m,TS end,
product.0_S_01_122_160006_00,Pipa (TS End) S-6.3 160 mm x 6 Meter,PVC S-6.3,PIPA PVC S-6.3 · TS END,687,Export ERP master_product_updated.xlsx (diunduh 2026-10-06),,,,160 mm,,,,,,S-6.3,6 m,TS end,
product.0_S_01_122_200006_00,Pipa (TS End) S-6.3 200 mm x 6 Meter,PVC S-6.3,PIPA PVC S-6.3 · TS END,688,Export ERP master_product_updated.xlsx (diunduh 2026-10-06),,,,200 mm,,,,,,S-6.3,6 m,TS end,
product.0_S_01_122_225006_00,Pipa (TS End) S-6.3 225 mm x 6 Meter,PVC S-6.3,PIPA PVC S-6.3 · TS END,689,Export ERP master_product_updated.xlsx (diunduh 2026-10-06),,,,225 mm,,,,,,S-6.3,6 m,TS end,
product.0_S_01_122_250006_00,Pipa (TS End) S-6.3 250 mm x 6 Meter,PVC S-6.3,PIPA PVC S-6.3 · TS END,690,Export ERP master_product_updated.xlsx (diunduh 2026-10-06),,,,250 mm,,,,,,S-6.3,6 m,TS end,
product.0_S_01_122_280006_00,Pipa (TS End) S-6.3 280 mm x 6 Meter,PVC S-6.3,PIPA PVC S-6.3 · TS END,691,Export ERP master_product_updated.xlsx (diunduh 2026-10-06),,,,280 mm,,,,,,S-6.3,6 m,TS end,
product.0_S_01_122_315006_00,Pipa (TS End) S-6.3 315 mm x 6 Meter,PVC S-6.3,PIPA PVC S-6.3 · TS END,692,Export ERP master_product_updated.xlsx (diunduh 2026-10-06),,,,315 mm,,,,,,S-6.3,6 m,TS end,
product.0_S_01_122_355006_00,Pipa (TS End) S-6.3 355 mm x 6 Meter,PVC S-6.3,PIPA PVC S-6.3 · TS END,693,Export ERP master_product_updated.xlsx (diunduh 2026-10-06),,,,355 mm,,,,,,S-6.3,6 m,TS end,
product.0_S_01_122_400006_00,Pipa (TS End) S-6.3 400 mm x 6 Meter,PVC S-6.3,PIPA PVC S-6.3 · TS END,694,Export ERP master_product_updated.xlsx (diunduh 2026-10-06),,,,400 mm,,,,,,S-6.3,6 m,TS end,
product.0_S_01_123_063006_00,Pipa (Bell End) S-6.3 63 mm x 6 Meter,PVC S-6.3,PIPA PVC S-6.3 · BELL END,695,Export ERP master_product_updated.xlsx (diunduh 2026-10-06),,,,63 mm,,,,,,S-6.3,6 m,Bell end,
product.0_S_01_123_090006_00,Pipa (Bell End) S-6.3 90 mm x 6 Meter,PVC S-6.3,PIPA PVC S-6.3 · BELL END,696,Export ERP master_product_updated.xlsx (diunduh 2026-10-06),,,,90 mm,,,,,,S-6.3,6 m,Bell end,
product.0_S_01_123_110006_00,Pipa (Bell End) S-6.3 110 mm x 6 Meter,PVC S-6.3,PIPA PVC S-6.3 · BELL END,697,Export ERP master_product_updated.xlsx (diunduh 2026-10-06),,,,110 mm,,,,,,S-6.3,6 m,Bell end,
product.0_S_01_123_160006_00,Pipa (Bell End) S-6.3 160 mm x 6 Meter,PVC S-6.3,PIPA PVC S-6.3 · BELL END,698,Export ERP master_product_updated.xlsx (diunduh 2026-10-06),,,,160 mm,,,,,,S-6.3,6 m,Bell end,
product.0_S_01_123_200006_00,Pipa (Bell End) S-6.3 200 mm x 6 Meter,PVC S-6.3,PIPA PVC S-6.3 · BELL END,699,Export ERP master_product_updated.xlsx (diunduh 2026-10-06),,,,200 mm,,,,,,S-6.3,6 m,Bell end,
product.0_S_01_123_225006_00,Pipa (Bell End) S-6.3 225 mm x 6 Meter,PVC S-6.3,PIPA PVC S-6.3 · BELL END,700,Export ERP master_product_updated.xlsx (diunduh 2026-10-06),,,,225 mm,,,,,,S-6.3,6 m,Bell end,
product.0_S_01_123_250006_00,Pipa (Bell End) S-6.3 250 mm x 6 Meter,PVC S-6.3,PIPA PVC S-6.3 · BELL END,701,Export ERP master_product_updated.xlsx (diunduh 2026-10-06),,,,250 mm,,,,,,S-6.3,6 m,Bell end,
product.0_S_01_123_280006_00,Pipa (Bell End) S-6.3 280 mm x 6 Meter,PVC S-6.3,PIPA PVC S-6.3 · BELL END,702,Export ERP master_product_updated.xlsx (diunduh 2026-10-06),,,,280 mm,,,,,,S-6.3,6 m,Bell end,
product.0_S_01_123_315006_00,Pipa (Bell End) S-6.3 315 mm x 6 Meter,PVC S-6.3,PIPA PVC S-6.3 · BELL END,703,Export ERP master_product_updated.xlsx (diunduh 2026-10-06),,,,315 mm,,,,,,S-6.3,6 m,Bell end,
product.0_S_01_123_355006_00,Pipa (Bell End) S-6.3 355 mm x 6 Meter,PVC S-6.3,PIPA PVC S-6.3 · BELL END,704,Export ERP master_product_updated.xlsx (diunduh 2026-10-06),,,,355 mm,,,,,,S-6.3,6 m,Bell end,
product.0_S_01_123_400006_00,Pipa (Bell End) S-6.3 400 mm x 6 Meter,PVC S-6.3,PIPA PVC S-6.3 · BELL END,705,Export ERP master_product_updated.xlsx (diunduh 2026-10-06),,,,400 mm,,,,,,S-6.3,6 m,Bell end,
product.0_S_01_123_450006_00,Pipa (Bell End) S-6.3 450 mm x 6 Meter,PVC S-6.3,PIPA PVC S-6.3 · BELL END,706,Export ERP master_product_updated.xlsx (diunduh 2026-10-06),,,,450 mm,,,,,,S-6.3,6 m,Bell end,
product.0_S_01_123_500006_00,Pipa (Bell End) S-6.3 500 mm x 6 Meter,PVC S-6.3,PIPA PVC S-6.3 · BELL END,707,Export ERP master_product_updated.xlsx (diunduh 2026-10-06),,,,500 mm,,,,,,S-6.3,6 m,Bell end,
product.0_S_01_123_630006_00,Pipa (Bell End) S-6.3 630 mm x 6 Meter,PVC S-6.3,PIPA PVC S-6.3 · BELL END,708,Export ERP master_product_updated.xlsx (diunduh 2026-10-06),,,,630 mm,,,,,,S-6.3,6 m,Bell end,
product.0_S_01_124_063006_00,Pipa BE (Plain End) S-6.3 63 mm x 6 Meter,PVC S-6.3,PIPA PVC S-6.3 · PLAIN END,709,Export ERP master_product_updated.xlsx (diunduh 2026-10-06),,,,63 mm,,,,,,S-6.3,6 m,Plain end,
product.0_S_01_124_090006_00,Pipa BE (Plain End) S-6.3 90 mm x 6 Meter,PVC S-6.3,PIPA PVC S-6.3 · PLAIN END,710,Export ERP master_product_updated.xlsx (diunduh 2026-10-06),,,,90 mm,,,,,,S-6.3,6 m,Plain end,
product.0_S_01_124_110006_00,Pipa BE (Plain End) S-6.3 110 mm x 6 Meter,PVC S-6.3,PIPA PVC S-6.3 · PLAIN END,711,Export ERP master_product_updated.xlsx (diunduh 2026-10-06),,,,110 mm,,,,,,S-6.3,6 m,Plain end,
product.0_S_01_124_160006_00,Pipa BE (Plain End) S-6.3 160 mm x 6 Meter,PVC S-6.3,PIPA PVC S-6.3 · PLAIN END,712,Export ERP master_product_updated.xlsx (diunduh 2026-10-06),,,,160 mm,,,,,,S-6.3,6 m,Plain end,
product.0_S_01_124_200006_00,Pipa BE (Plain End) S-6.3 200 mm x 6 Meter,PVC S-6.3,PIPA PVC S-6.3 · PLAIN END,713,Export ERP master_product_updated.xlsx (diunduh 2026-10-06),,,,200 mm,,,,,,S-6.3,6 m,Plain end,
product.0_S_01_124_225006_00,Pipa BE (Plain End) S-6.3 225 mm x 6 Meter,PVC S-6.3,PIPA PVC S-6.3 · PLAIN END,714,Export ERP master_product_updated.xlsx (diunduh 2026-10-06),,,,225 mm,,,,,,S-6.3,6 m,Plain end,
product.0_S_01_124_250006_00,Pipa BE (Plain End) S-6.3 250 mm x 6 Meter,PVC S-6.3,PIPA PVC S-6.3 · PLAIN END,715,Export ERP master_product_updated.xlsx (diunduh 2026-10-06),,,,250 mm,,,,,,S-6.3,6 m,Plain end,
product.0_S_01_124_280006_00,Pipa BE (Plain End) S-6.3 280 mm x 6 Meter,PVC S-6.3,PIPA PVC S-6.3 · PLAIN END,716,Export ERP master_product_updated.xlsx (diunduh 2026-10-06),,,,280 mm,,,,,,S-6.3,6 m,Plain end,
product.0_S_01_124_315006_00,Pipa BE (Plain End) S-6.3 315 mm x 6 Meter,PVC S-6.3,PIPA PVC S-6.3 · PLAIN END,717,Export ERP master_product_updated.xlsx (diunduh 2026-10-06),,,,315 mm,,,,,,S-6.3,6 m,Plain end,
product.0_S_01_124_355006_00,Pipa BE (Plain End) S-6.3 355 mm x 6 Meter,PVC S-6.3,PIPA PVC S-6.3 · PLAIN END,718,Export ERP master_product_updated.xlsx (diunduh 2026-10-06),,,,355 mm,,,,,,S-6.3,6 m,Plain end,
product.0_S_01_124_400006_00,Pipa BE (Plain End) S-6.3 400 mm x 6 Meter,PVC S-6.3,PIPA PVC S-6.3 · PLAIN END,719,Export ERP master_product_updated.xlsx (diunduh 2026-10-06),,,,400 mm,,,,,,S-6.3,6 m,Plain end,
product.0_S_01_124_500006_00,Pipa BE (Plain End) S-6.3 500 mm x 6 Meter,PVC S-6.3,PIPA PVC S-6.3 · PLAIN END,720,Export ERP master_product_updated.xlsx (diunduh 2026-10-06),,,,500 mm,,,,,,S-6.3,6 m,Plain end,
product.0_S_01_124_630006_00,Pipa BE (Plain End) S-6.3 630 mm x 6 Meter,PVC S-6.3,PIPA PVC S-6.3 · PLAIN END,721,Export ERP master_product_updated.xlsx (diunduh 2026-10-06),,,,630 mm,,,,,,S-6.3,6 m,Plain end,
product.0_S_01_131_020006_00,Pipa TS (Plain End) S-8 20 mm x 6 Meter,PVC S-8,PIPA PVC S-8 · PLAIN END,722,Export ERP master_product_updated.xlsx (diunduh 2026-10-06),,,,20 mm,,,,,,S-8,6 m,Plain end,
product.0_S_01_131_025006_00,Pipa TS (Plain End) S-8 25 mm x 6 Meter,PVC S-8,PIPA PVC S-8 · PLAIN END,723,Export ERP master_product_updated.xlsx (diunduh 2026-10-06),,,,25 mm,,,,,,S-8,6 m,Plain end,
product.0_S_01_131_032006_00,Pipa TS (Plain End) S-8 32 mm x 6 Meter,PVC S-8,PIPA PVC S-8 · PLAIN END,724,Export ERP master_product_updated.xlsx (diunduh 2026-10-06),,,,32 mm,,,,,,S-8,6 m,Plain end,
product.0_S_01_131_040006_00,Pipa TS (Plain End) S-8 40 mm x 6 Meter,PVC S-8,PIPA PVC S-8 · PLAIN END,725,Export ERP master_product_updated.xlsx (diunduh 2026-10-06),,,,40 mm,,,,,,S-8,6 m,Plain end,
product.0_S_01_131_050006_00,Pipa TS (Plain End) S-8 50 mm x 6 Meter,PVC S-8,PIPA PVC S-8 · PLAIN END,726,Export ERP master_product_updated.xlsx (diunduh 2026-10-06),,,,50 mm,,,,,,S-8,6 m,Plain end,
product.0_S_01_131_063006_00,Pipa TS (Plain End) S-8 63 mm x 6 Meter,PVC S-8,PIPA PVC S-8 · PLAIN END,727,Export ERP master_product_updated.xlsx (diunduh 2026-10-06),,,,63 mm,,,,,,S-8,6 m,Plain end,
product.0_S_01_131_075006_00,Pipa TS (Plain End) S-8 75 mm x 6 Meter,PVC S-8,PIPA PVC S-8 · PLAIN END,728,Export ERP master_product_updated.xlsx (diunduh 2026-10-06),,,,75 mm,,,,,,S-8,6 m,Plain end,
product.0_S_01_131_090006_00,Pipa TS (Plain End) S-8 90 mm x 6 Meter,PVC S-8,PIPA PVC S-8 · PLAIN END,729,Export ERP master_product_updated.xlsx (diunduh 2026-10-06),,,,90 mm,,,,,,S-8,6 m,Plain end,
product.0_S_01_131_110006_00,Pipa TS (Plain End) S-8 110 mm x 6 Meter,PVC S-8,PIPA PVC S-8 · PLAIN END,730,Export ERP master_product_updated.xlsx (diunduh 2026-10-06),,,,110 mm,,,,,,S-8,6 m,Plain end,
product.0_S_01_131_125006_00,Pipa TS (Plain End) S-8 125 mm x 6 Meter,PVC S-8,PIPA PVC S-8 · PLAIN END,731,Export ERP master_product_updated.xlsx (diunduh 2026-10-06),,,,125 mm,,,,,,S-8,6 m,Plain end,
product.0_S_01_131_140006_00,Pipa TS (Plain End) S-8 140 mm x 6 Meter,PVC S-8,PIPA PVC S-8 · PLAIN END,732,Export ERP master_product_updated.xlsx (diunduh 2026-10-06),,,,140 mm,,,,,,S-8,6 m,Plain end,
product.0_S_01_131_160006_00,Pipa TS (Plain End) S-8 160 mm x 6 Meter,PVC S-8,PIPA PVC S-8 · PLAIN END,733,Export ERP master_product_updated.xlsx (diunduh 2026-10-06),,,,160 mm,,,,,,S-8,6 m,Plain end,
product.0_S_01_131_180006_00,Pipa TS (Plain End) S-8 180 mm x 6 Meter,PVC S-8,PIPA PVC S-8 · PLAIN END,734,Export ERP master_product_updated.xlsx (diunduh 2026-10-06),,,,180 mm,,,,,,S-8,6 m,Plain end,
product.0_S_01_131_200006_00,Pipa TS (Plain End) S-8 200 mm x 6 Meter,PVC S-8,PIPA PVC S-8 · PLAIN END,735,Export ERP master_product_updated.xlsx (diunduh 2026-10-06),,,,200 mm,,,,,,S-8,6 m,Plain end,
product.0_S_01_131_225006_00,Pipa TS (Plain End) S-8 225 mm x 6 Meter,PVC S-8,PIPA PVC S-8 · PLAIN END,736,Export ERP master_product_updated.xlsx (diunduh 2026-10-06),,,,225 mm,,,,,,S-8,6 m,Plain end,
product.0_S_01_131_250006_00,Pipa TS (Plain End) S-8 250 mm x 6 Meter,PVC S-8,PIPA PVC S-8 · PLAIN END,737,Export ERP master_product_updated.xlsx (diunduh 2026-10-06),,,,250 mm,,,,,,S-8,6 m,Plain end,
product.0_S_01_131_280006_00,Pipa TS (Plain End) S-8 280 mm x 6 Meter,PVC S-8,PIPA PVC S-8 · PLAIN END,738,Export ERP master_product_updated.xlsx (diunduh 2026-10-06),,,,280 mm,,,,,,S-8,6 m,Plain end,
product.0_S_01_131_315006_00,Pipa TS (Plain End) S-8 315 mm x 6 Meter,PVC S-8,PIPA PVC S-8 · PLAIN END,739,Export ERP master_product_updated.xlsx (diunduh 2026-10-06),,,,315 mm,,,,,,S-8,6 m,Plain end,
product.0_S_01_131_355006_00,Pipa TS (Plain End) S-8 355 mm x 6 Meter,PVC S-8,PIPA PVC S-8 · PLAIN END,740,Export ERP master_product_updated.xlsx (diunduh 2026-10-06),,,,355 mm,,,,,,S-8,6 m,Plain end,
product.0_S_01_131_400006_00,Pipa TS (Plain End) S-8 400 mm x 6 Meter,PVC S-8,PIPA PVC S-8 · PLAIN END,741,Export ERP master_product_updated.xlsx (diunduh 2026-10-06),,,,400 mm,,,,,,S-8,6 m,Plain end,
product.0_S_01_131_450006_00,Pipa TS (Plain End) S-8 450 mm x 6 Meter,PVC S-8,PIPA PVC S-8 · PLAIN END,742,Export ERP master_product_updated.xlsx (diunduh 2026-10-06),,,,450 mm,,,,,,S-8,6 m,Plain end,
product.0_S_01_131_500006_00,Pipa TS (Plain End) S-8 500 mm x 6 Meter,PVC S-8,PIPA PVC S-8 · PLAIN END,743,Export ERP master_product_updated.xlsx (diunduh 2026-10-06),,,,500 mm,,,,,,S-8,6 m,Plain end,
product.0_S_01_131_560006_00,Pipa TS (Plain End) S-8 560 mm x 6 Meter,PVC S-8,PIPA PVC S-8 · PLAIN END,744,Export ERP master_product_updated.xlsx (diunduh 2026-10-06),,,,560 mm,,,,,,S-8,6 m,Plain end,
product.0_S_01_131_630006_00,Pipa TS (Plain End) S-8 630 mm x 6 Meter,PVC S-8,PIPA PVC S-8 · PLAIN END,745,Export ERP master_product_updated.xlsx (diunduh 2026-10-06),,,,630 mm,,,,,,S-8,6 m,Plain end,
product.0_S_01_132_020006_00,Pipa (TS End) S-8 20 mm x 6 Meter,PVC S-8,PIPA PVC S-8 · TS END,746,Export ERP master_product_updated.xlsx (diunduh 2026-10-06),,,,20 mm,,,,,,S-8,6 m,TS end,
product.0_S_01_132_025006_00,Pipa (TS End) S-8 25 mm x 6 Meter,PVC S-8,PIPA PVC S-8 · TS END,747,Export ERP master_product_updated.xlsx (diunduh 2026-10-06),,,,25 mm,,,,,,S-8,6 m,TS end,
product.0_S_01_132_032006_00,Pipa (TS End) S-8 32 mm x 6 Meter,PVC S-8,PIPA PVC S-8 · TS END,748,Export ERP master_product_updated.xlsx (diunduh 2026-10-06),,,,32 mm,,,,,,S-8,6 m,TS end,
product.0_S_01_132_040006_00,Pipa (TS End) S-8 40 mm x 6 Meter,PVC S-8,PIPA PVC S-8 · TS END,749,Export ERP master_product_updated.xlsx (diunduh 2026-10-06),,,,40 mm,,,,,,S-8,6 m,TS end,
product.0_S_01_132_050006_00,Pipa (TS End) S-8 50 mm x 6 Meter,PVC S-8,PIPA PVC S-8 · TS END,750,Export ERP master_product_updated.xlsx (diunduh 2026-10-06),,,,50 mm,,,,,,S-8,6 m,TS end,
product.0_S_01_132_063006_00,Pipa (TS End) S-8 63 mm x 6 Meter,PVC S-8,PIPA PVC S-8 · TS END,751,Export ERP master_product_updated.xlsx (diunduh 2026-10-06),,,,63 mm,,,,,,S-8,6 m,TS end,
product.0_S_01_132_075006_00,Pipa (TS End) S-8 75 mm x 6 Meter,PVC S-8,PIPA PVC S-8 · TS END,752,Export ERP master_product_updated.xlsx (diunduh 2026-10-06),,,,75 mm,,,,,,S-8,6 m,TS end,
product.0_S_01_132_090006_00,Pipa (TS End) S-8 90 mm x 6 Meter,PVC S-8,PIPA PVC S-8 · TS END,753,Export ERP master_product_updated.xlsx (diunduh 2026-10-06),,,,90 mm,,,,,,S-8,6 m,TS end,
product.0_S_01_132_110006_00,Pipa (TS End) S-8 110 mm x 6 Meter,PVC S-8,PIPA PVC S-8 · TS END,754,Export ERP master_product_updated.xlsx (diunduh 2026-10-06),,,,110 mm,,,,,,S-8,6 m,TS end,
product.0_S_01_132_125006_00,Pipa (TS End) S-8 125 mm x 6 Meter,PVC S-8,PIPA PVC S-8 · TS END,755,Export ERP master_product_updated.xlsx (diunduh 2026-10-06),,,,125 mm,,,,,,S-8,6 m,TS end,
product.0_S_01_132_140006_00,Pipa (TS End) S-8 140 mm x 6 Meter,PVC S-8,PIPA PVC S-8 · TS END,756,Export ERP master_product_updated.xlsx (diunduh 2026-10-06),,,,140 mm,,,,,,S-8,6 m,TS end,
product.0_S_01_132_160006_00,Pipa (TS End) S-8 160 mm x 6 Meter,PVC S-8,PIPA PVC S-8 · TS END,757,Export ERP master_product_updated.xlsx (diunduh 2026-10-06),,,,160 mm,,,,,,S-8,6 m,TS end,
product.0_S_01_132_180006_00,Pipa (TS End) S-8 180 mm x 6 Meter,PVC S-8,PIPA PVC S-8 · TS END,758,Export ERP master_product_updated.xlsx (diunduh 2026-10-06),,,,180 mm,,,,,,S-8,6 m,TS end,
product.0_S_01_132_200006_00,Pipa (TS End) S-8 200 mm x 6 Meter,PVC S-8,PIPA PVC S-8 · TS END,759,Export ERP master_product_updated.xlsx (diunduh 2026-10-06),,,,200 mm,,,,,,S-8,6 m,TS end,
product.0_S_01_132_225006_00,Pipa (TS End) S-8 225 mm x 6 Meter,PVC S-8,PIPA PVC S-8 · TS END,760,Export ERP master_product_updated.xlsx (diunduh 2026-10-06),,,,225 mm,,,,,,S-8,6 m,TS end,
product.0_S_01_132_250006_00,Pipa (TS End) S-8 250 mm x 6 Meter,PVC S-8,PIPA PVC S-8 · TS END,761,Export ERP master_product_updated.xlsx (diunduh 2026-10-06),,,,250 mm,,,,,,S-8,6 m,TS end,
product.0_S_01_132_280006_00,Pipa (TS End) S-8 280 mm x 6 Meter,PVC S-8,PIPA PVC S-8 · TS END,762,Export ERP master_product_updated.xlsx (diunduh 2026-10-06),,,,280 mm,,,,,,S-8,6 m,TS end,
product.0_S_01_132_315006_00,Pipa (TS End) S-8 315 mm x 6 Meter,PVC S-8,PIPA PVC S-8 · TS END,763,Export ERP master_product_updated.xlsx (diunduh 2026-10-06),,,,315 mm,,,,,,S-8,6 m,TS end,
product.0_S_01_132_355006_00,Pipa (TS End) S-8 355 mm x 6 Meter,PVC S-8,PIPA PVC S-8 · TS END,764,Export ERP master_product_updated.xlsx (diunduh 2026-10-06),,,,355 mm,,,,,,S-8,6 m,TS end,
product.0_S_01_132_400006_00,Pipa (TS End) S-8 400 mm x 6 Meter,PVC S-8,PIPA PVC S-8 · TS END,765,Export ERP master_product_updated.xlsx (diunduh 2026-10-06),,,,400 mm,,,,,,S-8,6 m,TS end,
product.0_S_01_132_450006_00,Pipa (TS End) S-8 450 mm x 6 Meter,PVC S-8,PIPA PVC S-8 · TS END,766,Export ERP master_product_updated.xlsx (diunduh 2026-10-06),,,,450 mm,,,,,,S-8,6 m,TS end,
product.0_S_01_132_500006_00,Pipa (TS End) S-8 500 mm x 6 Meter,PVC S-8,PIPA PVC S-8 · TS END,767,Export ERP master_product_updated.xlsx (diunduh 2026-10-06),,,,500 mm,,,,,,S-8,6 m,TS end,
product.0_S_01_132_560006_00,Pipa (TS End) S-8 560 mm x 6 Meter,PVC S-8,PIPA PVC S-8 · TS END,768,Export ERP master_product_updated.xlsx (diunduh 2026-10-06),,,,560 mm,,,,,,S-8,6 m,TS end,
product.0_S_01_132_630006_00,Pipa (TS End) S-8 630 mm x 6 Meter,PVC S-8,PIPA PVC S-8 · TS END,769,Export ERP master_product_updated.xlsx (diunduh 2026-10-06),,,,630 mm,,,,,,S-8,6 m,TS end,
product.0_S_01_133_063006_00,Pipa (Bell End) S-8 63 mm x 6 Meter,PVC S-8,PIPA PVC S-8 · BELL END,770,Export ERP master_product_updated.xlsx (diunduh 2026-10-06),,,,63 mm,,,,,,S-8,6 m,Bell end,
product.0_S_01_133_075006_00,Pipa (Bell End) S-8 75 mm x 6 Meter,PVC S-8,PIPA PVC S-8 · BELL END,771,Export ERP master_product_updated.xlsx (diunduh 2026-10-06),,,,75 mm,,,,,,S-8,6 m,Bell end,
product.0_S_01_133_090006_00,Pipa (Bell End) S-8 90 mm x 6 Meter,PVC S-8,PIPA PVC S-8 · BELL END,772,Export ERP master_product_updated.xlsx (diunduh 2026-10-06),,,,90 mm,,,,,,S-8,6 m,Bell end,
product.0_S_01_133_110006_00,Pipa (Bell End) S-8 110 mm x 6 Meter,PVC S-8,PIPA PVC S-8 · BELL END,773,Export ERP master_product_updated.xlsx (diunduh 2026-10-06),,,,110 mm,,,,,,S-8,6 m,Bell end,
product.0_S_01_133_125006_00,Pipa (Bell End) S-8 125 mm x 6 Meter,PVC S-8,PIPA PVC S-8 · BELL END,774,Export ERP master_product_updated.xlsx (diunduh 2026-10-06),,,,125 mm,,,,,,S-8,6 m,Bell end,
product.0_S_01_133_140006_00,Pipa (Bell End) S-8 140 mm x 6 Meter,PVC S-8,PIPA PVC S-8 · BELL END,775,Export ERP master_product_updated.xlsx (diunduh 2026-10-06),,,,140 mm,,,,,,S-8,6 m,Bell end,
product.0_S_01_133_160006_00,Pipa (Bell End) S-8 160 mm x 6 Meter,PVC S-8,PIPA PVC S-8 · BELL END,776,Export ERP master_product_updated.xlsx (diunduh 2026-10-06),,,,160 mm,,,,,,S-8,6 m,Bell end,
product.0_S_01_133_180006_00,Pipa (Bell End) S-8 180 mm x 6 Meter,PVC S-8,PIPA PVC S-8 · BELL END,777,Export ERP master_product_updated.xlsx (diunduh 2026-10-06),,,,180 mm,,,,,,S-8,6 m,Bell end,
product.0_S_01_133_200006_00,Pipa (Bell End) S-8 200 mm x 6 Meter,PVC S-8,PIPA PVC S-8 · BELL END,778,Export ERP master_product_updated.xlsx (diunduh 2026-10-06),,,,200 mm,,,,,,S-8,6 m,Bell end,
product.0_S_01_133_225006_00,Pipa (Bell End) S-8 225 mm x 6 Meter,PVC S-8,PIPA PVC S-8 · BELL END,779,Export ERP master_product_updated.xlsx (diunduh 2026-10-06),,,,225 mm,,,,,,S-8,6 m,Bell end,
product.0_S_01_133_250006_00,Pipa (Bell End) S-8 250 mm x 6 Meter,PVC S-8,PIPA PVC S-8 · BELL END,780,Export ERP master_product_updated.xlsx (diunduh 2026-10-06),,,,250 mm,,,,,,S-8,6 m,Bell end,
product.0_S_01_133_280006_00,Pipa (Bell End) S-8 280 mm x 6 Meter,PVC S-8,PIPA PVC S-8 · BELL END,781,Export ERP master_product_updated.xlsx (diunduh 2026-10-06),,,,280 mm,,,,,,S-8,6 m,Bell end,
product.0_S_01_133_315006_00,Pipa (Bell End) S-8 315 mm x 6 Meter,PVC S-8,PIPA PVC S-8 · BELL END,782,Export ERP master_product_updated.xlsx (diunduh 2026-10-06),,,,315 mm,,,,,,S-8,6 m,Bell end,
product.0_S_01_133_355006_00,Pipa (Bell End) S-8 355 mm x 6 Meter,PVC S-8,PIPA PVC S-8 · BELL END,783,Export ERP master_product_updated.xlsx (diunduh 2026-10-06),,,,355 mm,,,,,,S-8,6 m,Bell end,
product.0_S_01_133_400006_00,Pipa (Bell End) S-8 400 mm x 6 Meter,PVC S-8,PIPA PVC S-8 · BELL END,784,Export ERP master_product_updated.xlsx (diunduh 2026-10-06),,,,400 mm,,,,,,S-8,6 m,Bell end,
product.0_S_01_133_450006_00,Pipa (Bell End) S-8 450 mm x 6 Meter,PVC S-8,PIPA PVC S-8 · BELL END,785,Export ERP master_product_updated.xlsx (diunduh 2026-10-06),,,,450 mm,,,,,,S-8,6 m,Bell end,
product.0_S_01_133_500006_00,Pipa (Bell End) S-8 500 mm x 6 Meter,PVC S-8,PIPA PVC S-8 · BELL END,786,Export ERP master_product_updated.xlsx (diunduh 2026-10-06),,,,500 mm,,,,,,S-8,6 m,Bell end,
product.0_S_01_133_560006_00,Pipa (Bell End) S-8 560 mm x 6 Meter,PVC S-8,PIPA PVC S-8 · BELL END,787,Export ERP master_product_updated.xlsx (diunduh 2026-10-06),,,,560 mm,,,,,,S-8,6 m,Bell end,
product.0_S_01_133_630006_00,Pipa (Bell End) S-8 630 mm x 6 Meter,PVC S-8,PIPA PVC S-8 · BELL END,788,Export ERP master_product_updated.xlsx (diunduh 2026-10-06),,,,630 mm,,,,,,S-8,6 m,Bell end,
product.0_S_01_134_063006_00,Pipa BE (Plain End) S-8 63 mm x 6 Meter,PVC S-8,PIPA PVC S-8 · PLAIN END,789,Export ERP master_product_updated.xlsx (diunduh 2026-10-06),,,,63 mm,,,,,,S-8,6 m,Plain end,
product.0_S_01_134_075006_00,Pipa BE (Plain End) S-8 75 mm x 6 Meter,PVC S-8,PIPA PVC S-8 · PLAIN END,790,Export ERP master_product_updated.xlsx (diunduh 2026-10-06),,,,75 mm,,,,,,S-8,6 m,Plain end,
product.0_S_01_134_090006_00,Pipa BE (Plain End) S-8 90 mm x 6 Meter,PVC S-8,PIPA PVC S-8 · PLAIN END,791,Export ERP master_product_updated.xlsx (diunduh 2026-10-06),,,,90 mm,,,,,,S-8,6 m,Plain end,
product.0_S_01_134_110006_00,Pipa BE (Plain End) S-8 110 mm x 6 Meter,PVC S-8,PIPA PVC S-8 · PLAIN END,792,Export ERP master_product_updated.xlsx (diunduh 2026-10-06),,,,110 mm,,,,,,S-8,6 m,Plain end,
product.0_S_01_134_160006_00,Pipa BE (Plain End) S-8 160 mm x 6 Meter,PVC S-8,PIPA PVC S-8 · PLAIN END,793,Export ERP master_product_updated.xlsx (diunduh 2026-10-06),,,,160 mm,,,,,,S-8,6 m,Plain end,
product.0_S_01_134_200006_00,Pipa BE (Plain End) S-8 200 mm x 6 Meter,PVC S-8,PIPA PVC S-8 · PLAIN END,794,Export ERP master_product_updated.xlsx (diunduh 2026-10-06),,,,200 mm,,,,,,S-8,6 m,Plain end,
product.0_S_01_134_225006_00,Pipa BE (Plain End) S-8 225 mm x 6 Meter,PVC S-8,PIPA PVC S-8 · PLAIN END,795,Export ERP master_product_updated.xlsx (diunduh 2026-10-06),,,,225 mm,,,,,,S-8,6 m,Plain end,
product.0_S_01_134_250006_00,Pipa BE (Plain End) S-8 250 mm x 6 Meter,PVC S-8,PIPA PVC S-8 · PLAIN END,796,Export ERP master_product_updated.xlsx (diunduh 2026-10-06),,,,250 mm,,,,,,S-8,6 m,Plain end,
product.0_S_01_134_280006_00,Pipa BE (Plain End) S-8 280 mm x 6 Meter,PVC S-8,PIPA PVC S-8 · PLAIN END,797,Export ERP master_product_updated.xlsx (diunduh 2026-10-06),,,,280 mm,,,,,,S-8,6 m,Plain end,
product.0_S_01_134_315006_00,Pipa BE (Plain End) S-8 315 mm x 6 Meter,PVC S-8,PIPA PVC S-8 · PLAIN END,798,Export ERP master_product_updated.xlsx (diunduh 2026-10-06),,,,315 mm,,,,,,S-8,6 m,Plain end,
product.0_S_01_134_355006_00,Pipa BE (Plain End) S-8 355 mm x 6 Meter,PVC S-8,PIPA PVC S-8 · PLAIN END,799,Export ERP master_product_updated.xlsx (diunduh 2026-10-06),,,,355 mm,,,,,,S-8,6 m,Plain end,
product.0_S_01_134_400006_00,Pipa BE (Plain End) S-8 400 mm x 6 Meter,PVC S-8,PIPA PVC S-8 · PLAIN END,800,Export ERP master_product_updated.xlsx (diunduh 2026-10-06),,,,400 mm,,,,,,S-8,6 m,Plain end,
product.0_S_01_134_450006_00,Pipa BE (Plain End) S-8 450 mm x 6 Meter,PVC S-8,PIPA PVC S-8 · PLAIN END,801,Export ERP master_product_updated.xlsx (diunduh 2026-10-06),,,,450 mm,,,,,,S-8,6 m,Plain end,
product.0_S_01_134_500006_00,Pipa BE (Plain End) S-8 500 mm x 6 Meter,PVC S-8,PIPA PVC S-8 · PLAIN END,802,Export ERP master_product_updated.xlsx (diunduh 2026-10-06),,,,500 mm,,,,,,S-8,6 m,Plain end,
product.0_S_01_134_560006_00,Pipa BE (Plain End) S-8 560 mm x 6 Meter,PVC S-8,PIPA PVC S-8 · PLAIN END,803,Export ERP master_product_updated.xlsx (diunduh 2026-10-06),,,,560 mm,,,,,,S-8,6 m,Plain end,
product.0_S_01_134_630006_00,Pipa BE (Plain End) S-8 630 mm x 6 Meter,PVC S-8,PIPA PVC S-8 · PLAIN END,804,Export ERP master_product_updated.xlsx (diunduh 2026-10-06),,,,630 mm,,,,,,S-8,6 m,Plain end,
product.0_S_01_141_020006_00,Pipa TS (Plain End) S-10 20 mm x 6 Meter,PVC S-10,PIPA PVC S-10 · PLAIN END,805,Export ERP master_product_updated.xlsx (diunduh 2026-10-06),,,,20 mm,,,,,,S-10,6 m,Plain end,
product.0_S_01_141_025006_00,Pipa TS (Plain End) S-10 25 mm x 6 Meter,PVC S-10,PIPA PVC S-10 · PLAIN END,806,Export ERP master_product_updated.xlsx (diunduh 2026-10-06),,,,25 mm,,,,,,S-10,6 m,Plain end,
product.0_S_01_141_032006_00,Pipa TS (Plain End) S-10 32 mm x 6 Meter,PVC S-10,PIPA PVC S-10 · PLAIN END,807,Export ERP master_product_updated.xlsx (diunduh 2026-10-06),,,,32 mm,,,,,,S-10,6 m,Plain end,
product.0_S_01_141_040006_00,Pipa TS (Plain End) S-10 40 mm x 6 Meter,PVC S-10,PIPA PVC S-10 · PLAIN END,808,Export ERP master_product_updated.xlsx (diunduh 2026-10-06),,,,40 mm,,,,,,S-10,6 m,Plain end,
product.0_S_01_141_050006_00,Pipa TS (Plain End) S-10 50 mm x 6 Meter,PVC S-10,PIPA PVC S-10 · PLAIN END,809,Export ERP master_product_updated.xlsx (diunduh 2026-10-06),,,,50 mm,,,,,,S-10,6 m,Plain end,
__export__.product_product_19193,Pipa (Plain End) S-10 63 mm x 3 Meter,PVC S-10,PIPA PVC S-10 · PLAIN END,810,Export ERP master_product_updated.xlsx (diunduh 2026-10-06),,,,63 mm,,,,,,S-10,3 m,Plain end,
product.0_S_01_141_063006_00,Pipa TS (Plain End) S-10 63 mm x 6 Meter,PVC S-10,PIPA PVC S-10 · PLAIN END,811,Export ERP master_product_updated.xlsx (diunduh 2026-10-06),,,,63 mm,,,,,,S-10,6 m,Plain end,
product.0_S_01_141_075006_00,Pipa TS (Plain End) S-10 75 mm x 6 Meter,PVC S-10,PIPA PVC S-10 · PLAIN END,812,Export ERP master_product_updated.xlsx (diunduh 2026-10-06),,,,75 mm,,,,,,S-10,6 m,Plain end,
product.0_S_01_141_090006_00,Pipa TS (Plain End) S-10 90 mm x 6 Meter,PVC S-10,PIPA PVC S-10 · PLAIN END,813,Export ERP master_product_updated.xlsx (diunduh 2026-10-06),,,,90 mm,,,,,,S-10,6 m,Plain end,
product.0_S_01_141_110006_00,Pipa TS (Plain End) S-10 110 mm x 6 Meter,PVC S-10,PIPA PVC S-10 · PLAIN END,814,Export ERP master_product_updated.xlsx (diunduh 2026-10-06),,,,110 mm,,,,,,S-10,6 m,Plain end,
product.0_S_01_141_125006_00,Pipa TS (Plain End) S-10 125 mm x 6 Meter,PVC S-10,PIPA PVC S-10 · PLAIN END,815,Export ERP master_product_updated.xlsx (diunduh 2026-10-06),,,,125 mm,,,,,,S-10,6 m,Plain end,
product.0_S_01_141_140006_00,Pipa TS (Plain End) S-10 140 mm x 6 Meter,PVC S-10,PIPA PVC S-10 · PLAIN END,816,Export ERP master_product_updated.xlsx (diunduh 2026-10-06),,,,140 mm,,,,,,S-10,6 m,Plain end,
product.0_S_01_141_160006_00,Pipa TS (Plain End) S-10 160 mm x 6 Meter,PVC S-10,PIPA PVC S-10 · PLAIN END,817,Export ERP master_product_updated.xlsx (diunduh 2026-10-06),,,,160 mm,,,,,,S-10,6 m,Plain end,
product.0_S_01_141_180006_00,Pipa TS (Plain End) S-10 180 mm x 6 Meter,PVC S-10,PIPA PVC S-10 · PLAIN END,818,Export ERP master_product_updated.xlsx (diunduh 2026-10-06),,,,180 mm,,,,,,S-10,6 m,Plain end,
product.0_S_01_141_200006_00,Pipa TS (Plain End) S-10 200 mm x 6 Meter,PVC S-10,PIPA PVC S-10 · PLAIN END,819,Export ERP master_product_updated.xlsx (diunduh 2026-10-06),,,,200 mm,,,,,,S-10,6 m,Plain end,
product.0_S_01_141_225006_00,Pipa TS (Plain End) S-10 225 mm x 6 Meter,PVC S-10,PIPA PVC S-10 · PLAIN END,820,Export ERP master_product_updated.xlsx (diunduh 2026-10-06),,,,225 mm,,,,,,S-10,6 m,Plain end,
product.0_S_01_141_250006_00,Pipa TS (Plain End) S-10 250 mm x 6 Meter,PVC S-10,PIPA PVC S-10 · PLAIN END,821,Export ERP master_product_updated.xlsx (diunduh 2026-10-06),,,,250 mm,,,,,,S-10,6 m,Plain end,
product.0_S_01_141_280006_00,Pipa TS (Plain End) S-10 280 mm x 6 Meter,PVC S-10,PIPA PVC S-10 · PLAIN END,822,Export ERP master_product_updated.xlsx (diunduh 2026-10-06),,,,280 mm,,,,,,S-10,6 m,Plain end,
product.0_S_01_141_315006_00,Pipa TS (Plain End) S-10 315 mm x 6 Meter,PVC S-10,PIPA PVC S-10 · PLAIN END,823,Export ERP master_product_updated.xlsx (diunduh 2026-10-06),,,,315 mm,,,,,,S-10,6 m,Plain end,
product.0_S_01_141_355006_00,Pipa TS (Plain End) S-10 355 mm x 6 Meter,PVC S-10,PIPA PVC S-10 · PLAIN END,824,Export ERP master_product_updated.xlsx (diunduh 2026-10-06),,,,355 mm,,,,,,S-10,6 m,Plain end,
product.0_S_01_141_400006_00,Pipa TS (Plain End) S-10 400 mm x 6 Meter,PVC S-10,PIPA PVC S-10 · PLAIN END,825,Export ERP master_product_updated.xlsx (diunduh 2026-10-06),,,,400 mm,,,,,,S-10,6 m,Plain end,
product.0_S_01_141_450006_00,Pipa TS (Plain End) S-10 450 mm x 6 Meter,PVC S-10,PIPA PVC S-10 · PLAIN END,826,Export ERP master_product_updated.xlsx (diunduh 2026-10-06),,,,450 mm,,,,,,S-10,6 m,Plain end,
product.0_S_01_141_500006_00,Pipa TS (Plain End) S-10 500 mm x 6 Meter,PVC S-10,PIPA PVC S-10 · PLAIN END,827,Export ERP master_product_updated.xlsx (diunduh 2026-10-06),,,,500 mm,,,,,,S-10,6 m,Plain end,
product.0_S_01_141_560006_00,Pipa TS (Plain End) S-10 560 mm x 6 Meter,PVC S-10,PIPA PVC S-10 · PLAIN END,828,Export ERP master_product_updated.xlsx (diunduh 2026-10-06),,,,560 mm,,,,,,S-10,6 m,Plain end,
product.0_S_01_141_630006_00,Pipa TS (Plain End) S-10 630 mm x 6 Meter,PVC S-10,PIPA PVC S-10 · PLAIN END,829,Export ERP master_product_updated.xlsx (diunduh 2026-10-06),,,,630 mm,,,,,,S-10,6 m,Plain end,
product.0_S_01_142_020006_00,Pipa (TS End) S-10 20 mm x 6 Meter,PVC S-10,PIPA PVC S-10 · TS END,830,Export ERP master_product_updated.xlsx (diunduh 2026-10-06),,,,20 mm,,,,,,S-10,6 m,TS end,
product.0_S_01_142_025006_00,Pipa (TS End) S-10 25 mm x 6 Meter,PVC S-10,PIPA PVC S-10 · TS END,831,Export ERP master_product_updated.xlsx (diunduh 2026-10-06),,,,25 mm,,,,,,S-10,6 m,TS end,
product.0_S_01_142_032006_00,Pipa (TS End) S-10 32 mm x 6 Meter,PVC S-10,PIPA PVC S-10 · TS END,832,Export ERP master_product_updated.xlsx (diunduh 2026-10-06),,,,32 mm,,,,,,S-10,6 m,TS end,
product.0_S_01_142_040006_00,Pipa (TS End) S-10 40 mm x 6 Meter,PVC S-10,PIPA PVC S-10 · TS END,833,Export ERP master_product_updated.xlsx (diunduh 2026-10-06),,,,40 mm,,,,,,S-10,6 m,TS end,
product.0_S_01_142_050006_00,Pipa (TS End) S-10 50 mm x 6 Meter,PVC S-10,PIPA PVC S-10 · TS END,834,Export ERP master_product_updated.xlsx (diunduh 2026-10-06),,,,50 mm,,,,,,S-10,6 m,TS end,
__export__.product_product_13300,Pipa (TS End) S-10 63 mm x 3 Meter,PVC S-10,PIPA PVC S-10 · TS END,835,Export ERP master_product_updated.xlsx (diunduh 2026-10-06),,,,63 mm,,,,,,S-10,3 m,TS end,
__export__.product_product_17074,Pipa (TS End) S-10 63 mm x 5.8 Meter,PVC S-10,PIPA PVC S-10 · TS END,836,Export ERP master_product_updated.xlsx (diunduh 2026-10-06),,,,63 mm,,,,,,S-10,5.8 m,TS end,
product.0_S_01_142_063006_00,Pipa (TS End) S-10 63 mm x 6 Meter,PVC S-10,PIPA PVC S-10 · TS END,837,Export ERP master_product_updated.xlsx (diunduh 2026-10-06),,,,63 mm,,,,,,S-10,6 m,TS end,
product.0_S_01_142_075006_00,Pipa (TS End) S-10 75 mm x 6 Meter,PVC S-10,PIPA PVC S-10 · TS END,838,Export ERP master_product_updated.xlsx (diunduh 2026-10-06),,,,75 mm,,,,,,S-10,6 m,TS end,
__export__.product_product_17073,Pipa (TS End) S-10 90 mm x 5.8 Meter,PVC S-10,PIPA PVC S-10 · TS END,839,Export ERP master_product_updated.xlsx (diunduh 2026-10-06),,,,90 mm,,,,,,S-10,5.8 m,TS end,
product.0_S_01_142_090006_00,Pipa (TS End) S-10 90 mm x 6 Meter,PVC S-10,PIPA PVC S-10 · TS END,840,Export ERP master_product_updated.xlsx (diunduh 2026-10-06),,,,90 mm,,,,,,S-10,6 m,TS end,
__export__.product_product_17072,Pipa (TS End) S-10 110 mm x 5.8 Meter,PVC S-10,PIPA PVC S-10 · TS END,841,Export ERP master_product_updated.xlsx (diunduh 2026-10-06),,,,110 mm,,,,,,S-10,5.8 m,TS end,
product.0_S_01_142_110006_00,Pipa (TS End) S-10 110 mm x 6 Meter,PVC S-10,PIPA PVC S-10 · TS END,842,Export ERP master_product_updated.xlsx (diunduh 2026-10-06),,,,110 mm,,,,,,S-10,6 m,TS end,
product.0_S_01_142_125006_00,Pipa (TS End) S-10 125 mm x 6 Meter,PVC S-10,PIPA PVC S-10 · TS END,843,Export ERP master_product_updated.xlsx (diunduh 2026-10-06),,,,125 mm,,,,,,S-10,6 m,TS end,
product.0_S_01_142_140006_00,Pipa (TS End) S-10 140 mm x 6 Meter,PVC S-10,PIPA PVC S-10 · TS END,844,Export ERP master_product_updated.xlsx (diunduh 2026-10-06),,,,140 mm,,,,,,S-10,6 m,TS end,
__export__.product_product_11736,Pipa (TS End) S-10 160 mm x 3 Meter,PVC S-10,PIPA PVC S-10 · TS END,845,Export ERP master_product_updated.xlsx (diunduh 2026-10-06),,,,160 mm,,,,,,S-10,3 m,TS end,
product.0_S_01_142_160006_00,Pipa (TS End) S-10 160 mm x 6 Meter,PVC S-10,PIPA PVC S-10 · TS END,846,Export ERP master_product_updated.xlsx (diunduh 2026-10-06),,,,160 mm,,,,,,S-10,6 m,TS end,
product.0_S_01_142_180006_00,Pipa (TS End) S-10 180 mm x 6 Meter,PVC S-10,PIPA PVC S-10 · TS END,847,Export ERP master_product_updated.xlsx (diunduh 2026-10-06),,,,180 mm,,,,,,S-10,6 m,TS end,
__export__.product_product_10594,Pipa (TS End) S-10 200 mm x 3 Meter,PVC S-10,PIPA PVC S-10 · TS END,848,Export ERP master_product_updated.xlsx (diunduh 2026-10-06),,,,200 mm,,,,,,S-10,3 m,TS end,
product.0_S_01_142_200006_00,Pipa (TS End) S-10 200 mm x 6 Meter,PVC S-10,PIPA PVC S-10 · TS END,849,Export ERP master_product_updated.xlsx (diunduh 2026-10-06),,,,200 mm,,,,,,S-10,6 m,TS end,
product.0_S_01_142_225006_00,Pipa (TS End) S-10 225 mm x 6 Meter,PVC S-10,PIPA PVC S-10 · TS END,850,Export ERP master_product_updated.xlsx (diunduh 2026-10-06),,,,225 mm,,,,,,S-10,6 m,TS end,
product.0_S_01_142_250006_00,Pipa (TS End) S-10 250 mm x 6 Meter,PVC S-10,PIPA PVC S-10 · TS END,851,Export ERP master_product_updated.xlsx (diunduh 2026-10-06),,,,250 mm,,,,,,S-10,6 m,TS end,
product.0_S_01_142_280006_00,Pipa (TS End) S-10 280 mm x 6 Meter,PVC S-10,PIPA PVC S-10 · TS END,852,Export ERP master_product_updated.xlsx (diunduh 2026-10-06),,,,280 mm,,,,,,S-10,6 m,TS end,
product.0_S_01_142_315006_00,Pipa (TS End) S-10 315 mm x 6 Meter,PVC S-10,PIPA PVC S-10 · TS END,853,Export ERP master_product_updated.xlsx (diunduh 2026-10-06),,,,315 mm,,,,,,S-10,6 m,TS end,
product.0_S_01_142_355006_00,Pipa (TS End) S-10 355 mm x 6 Meter,PVC S-10,PIPA PVC S-10 · TS END,854,Export ERP master_product_updated.xlsx (diunduh 2026-10-06),,,,355 mm,,,,,,S-10,6 m,TS end,
product.0_S_01_142_400006_00,Pipa (TS End) S-10 400 mm x 6 Meter,PVC S-10,PIPA PVC S-10 · TS END,855,Export ERP master_product_updated.xlsx (diunduh 2026-10-06),,,,400 mm,,,,,,S-10,6 m,TS end,
product.0_S_01_142_450006_00,Pipa (TS End) S-10 450 mm x 6 Meter,PVC S-10,PIPA PVC S-10 · TS END,856,Export ERP master_product_updated.xlsx (diunduh 2026-10-06),,,,450 mm,,,,,,S-10,6 m,TS end,
product.0_S_01_142_500006_00,Pipa (TS End) S-10 500 mm x 6 Meter,PVC S-10,PIPA PVC S-10 · TS END,857,Export ERP master_product_updated.xlsx (diunduh 2026-10-06),,,,500 mm,,,,,,S-10,6 m,TS end,
product.0_S_01_142_560006_00,Pipa (TS End) S-10 560 mm x 6 Meter,PVC S-10,PIPA PVC S-10 · TS END,858,Export ERP master_product_updated.xlsx (diunduh 2026-10-06),,,,560 mm,,,,,,S-10,6 m,TS end,
product.0_S_01_142_630006_00,Pipa (TS End) S-10 630 mm x 6 Meter,PVC S-10,PIPA PVC S-10 · TS END,859,Export ERP master_product_updated.xlsx (diunduh 2026-10-06),,,,630 mm,,,,,,S-10,6 m,TS end,
product.0_S_01_143_063006_00,Pipa (Bell End) S-10 63 mm x 6 Meter,PVC S-10,PIPA PVC S-10 · BELL END,860,Export ERP master_product_updated.xlsx (diunduh 2026-10-06),,,,63 mm,,,,,,S-10,6 m,Bell end,
product.0_S_01_143_075006_00,Pipa (Bell End) S-10 75 mm x 6 Meter,PVC S-10,PIPA PVC S-10 · BELL END,861,Export ERP master_product_updated.xlsx (diunduh 2026-10-06),,,,75 mm,,,,,,S-10,6 m,Bell end,
product.0_S_01_143_090006_00,Pipa (Bell End) S-10 90 mm x 6 Meter,PVC S-10,PIPA PVC S-10 · BELL END,862,Export ERP master_product_updated.xlsx (diunduh 2026-10-06),,,,90 mm,,,,,,S-10,6 m,Bell end,
__export__.product_product_12425,Pipa (Bell End) S-10 110 mm x 2 Meter,PVC S-10,PIPA PVC S-10 · BELL END,863,Export ERP master_product_updated.xlsx (diunduh 2026-10-06),,,,110 mm,,,,,,S-10,2 m,Bell end,
product.0_S_01_143_110006_00,Pipa (Bell End) S-10 110 mm x 6 Meter,PVC S-10,PIPA PVC S-10 · BELL END,864,Export ERP master_product_updated.xlsx (diunduh 2026-10-06),,,,110 mm,,,,,,S-10,6 m,Bell end,
__export__.product_product_17833,Pipa (Bell End) S-10 110 mm x 6 Meter Coklat,PVC S-10,PIPA PVC S-10 · BELL END,865,Export ERP master_product_updated.xlsx (diunduh 2026-10-06),Warna: Coklat,,,110 mm,,,,,,S-10,6 m,Bell end,
product.0_S_01_143_125006_00,Pipa (Bell End) S-10 125 mm x 6 Meter,PVC S-10,PIPA PVC S-10 · BELL END,866,Export ERP master_product_updated.xlsx (diunduh 2026-10-06),,,,125 mm,,,,,,S-10,6 m,Bell end,
product.0_S_01_143_140006_00,Pipa (Bell End) S-10 140 mm x 6 Meter,PVC S-10,PIPA PVC S-10 · BELL END,867,Export ERP master_product_updated.xlsx (diunduh 2026-10-06),,,,140 mm,,,,,,S-10,6 m,Bell end,
__export__.product_product_18607,"Pipa (Bell End) S-10 160 mm x 5,8 Meter",PVC S-10,PIPA PVC S-10 · BELL END,868,Export ERP master_product_updated.xlsx (diunduh 2026-10-06),,,,160 mm,,,,,,S-10,5.8 m,Bell end,
__export__.product_product_16128,"Pipa (Bell End) S-10 Coklat 160 mm x 5,8 Meter",PVC S-10,PIPA PVC S-10 · BELL END,869,Export ERP master_product_updated.xlsx (diunduh 2026-10-06),Warna: Coklat,,,160 mm,,,,,,S-10,5.8 m,Bell end,
product.0_S_01_143_160006_00,Pipa (Bell End) S-10 160 mm x 6 Meter,PVC S-10,PIPA PVC S-10 · BELL END,870,Export ERP master_product_updated.xlsx (diunduh 2026-10-06),,,,160 mm,,,,,,S-10,6 m,Bell end,
__export__.product_product_16791,Pipa (Bell End) S-10 Coklat 160 mm x 6 Meter,PVC S-10,PIPA PVC S-10 · BELL END,871,Export ERP master_product_updated.xlsx (diunduh 2026-10-06),Warna: Coklat,,,160 mm,,,,,,S-10,6 m,Bell end,
product.0_S_01_143_180006_00,Pipa (Bell End) S-10 180 mm x 6 Meter,PVC S-10,PIPA PVC S-10 · BELL END,872,Export ERP master_product_updated.xlsx (diunduh 2026-10-06),,,,180 mm,,,,,,S-10,6 m,Bell end,
__export__.product_product_16129,"Pipa (Bell End) S-10 Coklat 200 mm x 5,8 Meter",PVC S-10,PIPA PVC S-10 · BELL END,873,Export ERP master_product_updated.xlsx (diunduh 2026-10-06),Warna: Coklat,,,200 mm,,,,,,S-10,5.8 m,Bell end,
product.0_S_01_143_200006_00,Pipa (Bell End) S-10 200 mm x 6 Meter,PVC S-10,PIPA PVC S-10 · BELL END,874,Export ERP master_product_updated.xlsx (diunduh 2026-10-06),,,,200 mm,,,,,,S-10,6 m,Bell end,
__export__.product_product_16840,Pipa (Bell End) S-10 Coklat 200 mm x 6 Meter,PVC S-10,PIPA PVC S-10 · BELL END,875,Export ERP master_product_updated.xlsx (diunduh 2026-10-06),Warna: Coklat,,,200 mm,,,,,,S-10,6 m,Bell end,
product.0_S_01_143_225006_00,Pipa (Bell End) S-10 225 mm x 6 Meter,PVC S-10,PIPA PVC S-10 · BELL END,876,Export ERP master_product_updated.xlsx (diunduh 2026-10-06),,,,225 mm,,,,,,S-10,6 m,Bell end,
__export__.product_product_16130,Pipa (Bell End) S-10 Coklat 250 mm x 3 Meter,PVC S-10,PIPA PVC S-10 · BELL END,877,Export ERP master_product_updated.xlsx (diunduh 2026-10-06),Warna: Coklat,,,250 mm,,,,,,S-10,3 m,Bell end,
__export__.product_product_16186,"Pipa (Bell End) S-10 Coklat 250 mm x 5,8 Meter",PVC S-10,PIPA PVC S-10 · BELL END,878,Export ERP master_product_updated.xlsx (diunduh 2026-10-06),Warna: Coklat,,,250 mm,,,,,,S-10,5.8 m,Bell end,
product.0_S_01_143_250006_00,Pipa (Bell End) S-10 250 mm x 6 Meter,PVC S-10,PIPA PVC S-10 · BELL END,879,Export ERP master_product_updated.xlsx (diunduh 2026-10-06),,,,250 mm,,,,,,S-10,6 m,Bell end,
__export__.product_product_16841,Pipa (Bell End) S-10 Coklat 250 mm x 6 Meter,PVC S-10,PIPA PVC S-10 · BELL END,880,Export ERP master_product_updated.xlsx (diunduh 2026-10-06),Warna: Coklat,,,250 mm,,,,,,S-10,6 m,Bell end,
product.0_S_01_143_280006_00,Pipa (Bell End) S-10 280 mm x 6 Meter,PVC S-10,PIPA PVC S-10 · BELL END,881,Export ERP master_product_updated.xlsx (diunduh 2026-10-06),,,,280 mm,,,,,,S-10,6 m,Bell end,
__export__.product_product_16131,Pipa (Bell End) S-10 Coklat 315 mm x 3 Meter,PVC S-10,PIPA PVC S-10 · BELL END,882,Export ERP master_product_updated.xlsx (diunduh 2026-10-06),Warna: Coklat,,,315 mm,,,,,,S-10,3 m,Bell end,
__export__.product_product_16187,"Pipa (Bell End) S-10 Coklat 315 mm x 5,8 Meter",PVC S-10,PIPA PVC S-10 · BELL END,883,Export ERP master_product_updated.xlsx (diunduh 2026-10-06),Warna: Coklat,,,315 mm,,,,,,S-10,5.8 m,Bell end,
product.0_S_01_143_315006_00,Pipa (Bell End) S-10 315 mm x 6 Meter,PVC S-10,PIPA PVC S-10 · BELL END,884,Export ERP master_product_updated.xlsx (diunduh 2026-10-06),,,,315 mm,,,,,,S-10,6 m,Bell end,
__export__.product_product_16842,Pipa (Bell End) S-10 Coklat 315 mm x 6 Meter,PVC S-10,PIPA PVC S-10 · BELL END,885,Export ERP master_product_updated.xlsx (diunduh 2026-10-06),Warna: Coklat,,,315 mm,,,,,,S-10,6 m,Bell end,
product.0_S_01_143_355006_00,Pipa (Bell End) S-10 355 mm x 6 Meter,PVC S-10,PIPA PVC S-10 · BELL END,886,Export ERP master_product_updated.xlsx (diunduh 2026-10-06),,,,355 mm,,,,,,S-10,6 m,Bell end,
__export__.product_product_19517,Pipa (Bell End) S-10 400 mm x 3 Meter,PVC S-10,PIPA PVC S-10 · BELL END,887,Export ERP master_product_updated.xlsx (diunduh 2026-10-06),,,,400 mm,,,,,,S-10,3 m,Bell end,
__export__.product_product_16132,Pipa (Bell End) S-10 Coklat 400 mm x 3 Meter,PVC S-10,PIPA PVC S-10 · BELL END,888,Export ERP master_product_updated.xlsx (diunduh 2026-10-06),Warna: Coklat,,,400 mm,,,,,,S-10,3 m,Bell end,
__export__.product_product_16188,"Pipa (Bell End) S-10 Coklat 400 mm x 5,8 Meter",PVC S-10,PIPA PVC S-10 · BELL END,889,Export ERP master_product_updated.xlsx (diunduh 2026-10-06),Warna: Coklat,,,400 mm,,,,,,S-10,5.8 m,Bell end,
product.0_S_01_143_400006_00,Pipa (Bell End) S-10 400 mm x 6 Meter,PVC S-10,PIPA PVC S-10 · BELL END,890,Export ERP master_product_updated.xlsx (diunduh 2026-10-06),,,,400 mm,,,,,,S-10,6 m,Bell end,
__export__.product_product_16843,Pipa (Bell End) S-10 Coklat 400 mm x 6 Meter,PVC S-10,PIPA PVC S-10 · BELL END,891,Export ERP master_product_updated.xlsx (diunduh 2026-10-06),Warna: Coklat,,,400 mm,,,,,,S-10,6 m,Bell end,
product.0_S_01_143_450006_00,Pipa (Bell End) S-10 450 mm x 6 Meter,PVC S-10,PIPA PVC S-10 · BELL END,892,Export ERP master_product_updated.xlsx (diunduh 2026-10-06),,,,450 mm,,,,,,S-10,6 m,Bell end,
product.0_S_01_143_500006_00,Pipa (Bell End) S-10 500 mm x 6 Meter,PVC S-10,PIPA PVC S-10 · BELL END,893,Export ERP master_product_updated.xlsx (diunduh 2026-10-06),,,,500 mm,,,,,,S-10,6 m,Bell end,
product.0_S_01_143_560006_00,Pipa (Bell End) S-10 560 mm x 6 Meter,PVC S-10,PIPA PVC S-10 · BELL END,894,Export ERP master_product_updated.xlsx (diunduh 2026-10-06),,,,560 mm,,,,,,S-10,6 m,Bell end,
__export__.product_product_11325,Pipa (Bell End) S-10 630 mm x 5.8 Meter,PVC S-10,PIPA PVC S-10 · BELL END,895,Export ERP master_product_updated.xlsx (diunduh 2026-10-06),,,,630 mm,,,,,,S-10,5.8 m,Bell end,
product.0_S_01_143_630006_00,Pipa (Bell End) S-10 630 mm x 6 Meter,PVC S-10,PIPA PVC S-10 · BELL END,896,Export ERP master_product_updated.xlsx (diunduh 2026-10-06),,,,630 mm,,,,,,S-10,6 m,Bell end,
__export__.product_product_11324,Pipa (Bell End) S-10 630 mm x 6 Meter Pas,PVC S-10,PIPA PVC S-10 · BELL END,897,Export ERP master_product_updated.xlsx (diunduh 2026-10-06),,,,630 mm,,,,,,S-10,6 m,Bell end,
product.0_S_01_144_063006_00,Pipa BE (Plain End) S-10 63 mm x 6 Meter,PVC S-10,PIPA PVC S-10 · PLAIN END,898,Export ERP master_product_updated.xlsx (diunduh 2026-10-06),,,,63 mm,,,,,,S-10,6 m,Plain end,
product.0_S_01_144_075006_00,Pipa BE (Plain End) S-10 75 mm x 6 Meter,PVC S-10,PIPA PVC S-10 · PLAIN END,899,Export ERP master_product_updated.xlsx (diunduh 2026-10-06),,,,75 mm,,,,,,S-10,6 m,Plain end,
product.0_S_01_144_090006_00,Pipa BE (Plain End) S-10 90 mm x 6 Meter,PVC S-10,PIPA PVC S-10 · PLAIN END,900,Export ERP master_product_updated.xlsx (diunduh 2026-10-06),,,,90 mm,,,,,,S-10,6 m,Plain end,
product.0_S_01_144_110006_00,Pipa BE (Plain End) S-10 110 mm x 6 Meter,PVC S-10,PIPA PVC S-10 · PLAIN END,901,Export ERP master_product_updated.xlsx (diunduh 2026-10-06),,,,110 mm,,,,,,S-10,6 m,Plain end,
product.0_S_01_144_160006_00,Pipa BE (Plain End) S-10 160 mm x 6 Meter,PVC S-10,PIPA PVC S-10 · PLAIN END,902,Export ERP master_product_updated.xlsx (diunduh 2026-10-06),,,,160 mm,,,,,,S-10,6 m,Plain end,
product.0_S_01_144_200006_00,Pipa BE (Plain End) S-10 200 mm x 6 Meter,PVC S-10,PIPA PVC S-10 · PLAIN END,903,Export ERP master_product_updated.xlsx (diunduh 2026-10-06),,,,200 mm,,,,,,S-10,6 m,Plain end,
product.0_S_01_144_225006_00,Pipa BE (Plain End) S-10 225 mm x 6 Meter,PVC S-10,PIPA PVC S-10 · PLAIN END,904,Export ERP master_product_updated.xlsx (diunduh 2026-10-06),,,,225 mm,,,,,,S-10,6 m,Plain end,
product.0_S_01_144_250006_00,Pipa BE (Plain End) S-10 250 mm x 6 Meter,PVC S-10,PIPA PVC S-10 · PLAIN END,905,Export ERP master_product_updated.xlsx (diunduh 2026-10-06),,,,250 mm,,,,,,S-10,6 m,Plain end,
product.0_S_01_144_280006_00,Pipa BE (Plain End) S-10 280 mm x 6 Meter,PVC S-10,PIPA PVC S-10 · PLAIN END,906,Export ERP master_product_updated.xlsx (diunduh 2026-10-06),,,,280 mm,,,,,,S-10,6 m,Plain end,
product.0_S_01_144_315006_00,Pipa BE (Plain End) S-10 315 mm x 6 Meter,PVC S-10,PIPA PVC S-10 · PLAIN END,907,Export ERP master_product_updated.xlsx (diunduh 2026-10-06),,,,315 mm,,,,,,S-10,6 m,Plain end,
product.0_S_01_144_355006_00,Pipa BE (Plain End) S-10 355 mm x 6 Meter,PVC S-10,PIPA PVC S-10 · PLAIN END,908,Export ERP master_product_updated.xlsx (diunduh 2026-10-06),,,,355 mm,,,,,,S-10,6 m,Plain end,
product.0_S_01_144_400006_00,Pipa BE (Plain End) S-10 400 mm x 6 Meter,PVC S-10,PIPA PVC S-10 · PLAIN END,909,Export ERP master_product_updated.xlsx (diunduh 2026-10-06),,,,400 mm,,,,,,S-10,6 m,Plain end,
product.0_S_01_144_500006_00,Pipa BE (Plain End) S-10 500 mm x 6 Meter,PVC S-10,PIPA PVC S-10 · PLAIN END,910,Export ERP master_product_updated.xlsx (diunduh 2026-10-06),,,,500 mm,,,,,,S-10,6 m,Plain end,
product.0_S_01_144_630006_00,Pipa BE (Plain End) S-10 630 mm x 6 Meter,PVC S-10,PIPA PVC S-10 · PLAIN END,911,Export ERP master_product_updated.xlsx (diunduh 2026-10-06),,,,630 mm,,,,,,S-10,6 m,Plain end,
product.0_S_01_151_050006_00,Pipa TS (Plain End) S-12 5 50 mm x 6 Meter,PVC S-12,PIPA PVC S-12 · PLAIN END,912,Export ERP master_product_updated.xlsx (diunduh 2026-10-06),,,,50 mm,,,,,,S-12,6 m,Plain end,
product.0_S_01_151_063006_00,Pipa TS (Plain End) S-12 5 63 mm x 6 Meter,PVC S-12,PIPA PVC S-12 · PLAIN END,913,Export ERP master_product_updated.xlsx (diunduh 2026-10-06),,,,63 mm,,,,,,S-12,6 m,Plain end,
product.0_S_01_151_075006_00,Pipa TS (Plain End) S-12 5 75 mm x 6 Meter,PVC S-12,PIPA PVC S-12 · PLAIN END,914,Export ERP master_product_updated.xlsx (diunduh 2026-10-06),,,,75 mm,,,,,,S-12,6 m,Plain end,
product.0_S_01_151_090006_00,Pipa TS (Plain End) S-12 5 90 mm x 6 Meter,PVC S-12,PIPA PVC S-12 · PLAIN END,915,Export ERP master_product_updated.xlsx (diunduh 2026-10-06),,,,90 mm,,,,,,S-12,6 m,Plain end,
product.0_S_01_151_110006_00,Pipa TS (Plain End) S-12.5 110 mm x 6 Meter,PVC S-12.5,PIPA PVC S-12.5 · PLAIN END,916,Export ERP master_product_updated.xlsx (diunduh 2026-10-06),,,,110 mm,,,,,,S-12.5,6 m,Plain end,
product.0_S_01_151_125006_00,Pipa TS (Plain End) S-12.5 125 mm x 6 Meter,PVC S-12.5,PIPA PVC S-12.5 · PLAIN END,917,Export ERP master_product_updated.xlsx (diunduh 2026-10-06),,,,125 mm,,,,,,S-12.5,6 m,Plain end,
product.0_S_01_151_140006_00,Pipa TS (Plain End) S-12.5 140 mm x 6 Meter,PVC S-12.5,PIPA PVC S-12.5 · PLAIN END,918,Export ERP master_product_updated.xlsx (diunduh 2026-10-06),,,,140 mm,,,,,,S-12.5,6 m,Plain end,
product.0_S_01_151_160006_00,Pipa TS (Plain End) S-12.5 160 mm x 6 Meter,PVC S-12.5,PIPA PVC S-12.5 · PLAIN END,919,Export ERP master_product_updated.xlsx (diunduh 2026-10-06),,,,160 mm,,,,,,S-12.5,6 m,Plain end,
product.0_S_01_151_180006_00,Pipa TS (Plain End) S-12.5 180 mm x 6 Meter,PVC S-12.5,PIPA PVC S-12.5 · PLAIN END,920,Export ERP master_product_updated.xlsx (diunduh 2026-10-06),,,,180 mm,,,,,,S-12.5,6 m,Plain end,
product.0_S_01_151_200006_00,Pipa TS (Plain End) S-12.5 200 mm x 6 Meter,PVC S-12.5,PIPA PVC S-12.5 · PLAIN END,921,Export ERP master_product_updated.xlsx (diunduh 2026-10-06),,,,200 mm,,,,,,S-12.5,6 m,Plain end,
product.0_S_01_151_225006_00,Pipa TS (Plain End) S-12.5 225 mm x 6 Meter,PVC S-12.5,PIPA PVC S-12.5 · PLAIN END,922,Export ERP master_product_updated.xlsx (diunduh 2026-10-06),,,,225 mm,,,,,,S-12.5,6 m,Plain end,
product.0_S_01_151_250006_00,Pipa TS (Plain End) S-12.5 250 mm x 6 Meter,PVC S-12.5,PIPA PVC S-12.5 · PLAIN END,923,Export ERP master_product_updated.xlsx (diunduh 2026-10-06),,,,250 mm,,,,,,S-12.5,6 m,Plain end,
product.0_S_01_151_280006_00,Pipa TS (Plain End) S-12.5 280 mm x 6 Meter,PVC S-12.5,PIPA PVC S-12.5 · PLAIN END,924,Export ERP master_product_updated.xlsx (diunduh 2026-10-06),,,,280 mm,,,,,,S-12.5,6 m,Plain end,
product.0_S_01_151_315006_00,Pipa TS (Plain End) S-12.5 315 mm x 6 Meter,PVC S-12.5,PIPA PVC S-12.5 · PLAIN END,925,Export ERP master_product_updated.xlsx (diunduh 2026-10-06),,,,315 mm,,,,,,S-12.5,6 m,Plain end,
product.0_S_01_151_355006_00,Pipa TS (Plain End) S-12.5 355 mm x 6 Meter,PVC S-12.5,PIPA PVC S-12.5 · PLAIN END,926,Export ERP master_product_updated.xlsx (diunduh 2026-10-06),,,,355 mm,,,,,,S-12.5,6 m,Plain end,
product.0_S_01_151_400006_00,Pipa TS (Plain End) S-12.5 400 mm x 6 Meter,PVC S-12.5,PIPA PVC S-12.5 · PLAIN END,927,Export ERP master_product_updated.xlsx (diunduh 2026-10-06),,,,400 mm,,,,,,S-12.5,6 m,Plain end,
product.0_S_01_151_450006_00,Pipa TS (Plain End) S-12.5 450 mm x 6 Meter,PVC S-12.5,PIPA PVC S-12.5 · PLAIN END,928,Export ERP master_product_updated.xlsx (diunduh 2026-10-06),,,,450 mm,,,,,,S-12.5,6 m,Plain end,
product.0_S_01_151_500006_00,Pipa TS (Plain End) S-12.5 500 mm x 6 Meter,PVC S-12.5,PIPA PVC S-12.5 · PLAIN END,929,Export ERP master_product_updated.xlsx (diunduh 2026-10-06),,,,500 mm,,,,,,S-12.5,6 m,Plain end,
product.0_S_01_151_560006_00,Pipa TS (Plain End) S-12.5 560 mm x 6 Meter,PVC S-12.5,PIPA PVC S-12.5 · PLAIN END,930,Export ERP master_product_updated.xlsx (diunduh 2026-10-06),,,,560 mm,,,,,,S-12.5,6 m,Plain end,
product.0_S_01_151_630006_00,Pipa TS (Plain End) S-12.5 630 mm x 6 Meter,PVC S-12.5,PIPA PVC S-12.5 · PLAIN END,931,Export ERP master_product_updated.xlsx (diunduh 2026-10-06),,,,630 mm,,,,,,S-12.5,6 m,Plain end,
__export__.product_product_15393,Pipa (TS End) S-12.5 32 mm x 6 Meter,PVC S-12.5,PIPA PVC S-12.5 · TS END,932,Export ERP master_product_updated.xlsx (diunduh 2026-10-06),,,,32 mm,,,,,,S-12.5,6 m,TS end,
__export__.product_product_16371,"Pipa (TS End) S-12.5 50 mm x 5,8 Meter",PVC S-12.5,PIPA PVC S-12.5 · TS END,933,Export ERP master_product_updated.xlsx (diunduh 2026-10-06),,,,50 mm,,,,,,S-12.5,5.8 m,TS end,
product.0_S_01_152_050006_00,Pipa (TS End) S-12.5 50 mm x 6 Meter,PVC S-12.5,PIPA PVC S-12.5 · TS END,934,Export ERP master_product_updated.xlsx (diunduh 2026-10-06),,,,50 mm,,,,,,S-12.5,6 m,TS end,
__export__.product_product_16373,"Pipa (TS End) S-12.5 63 mm x 5,8 Meter",PVC S-12.5,PIPA PVC S-12.5 · TS END,935,Export ERP master_product_updated.xlsx (diunduh 2026-10-06),,,,63 mm,,,,,,S-12.5,5.8 m,TS end,
product.0_S_01_152_063006_00,Pipa (TS End) S-12.5 63 mm x 6 Meter,PVC S-12.5,PIPA PVC S-12.5 · TS END,936,Export ERP master_product_updated.xlsx (diunduh 2026-10-06),,,,63 mm,,,,,,S-12.5,6 m,TS end,
__export__.product_product_16372,Pipa (TS End) S-12.5 75 mm x 5.8 Meter,PVC S-12.5,PIPA PVC S-12.5 · TS END,937,Export ERP master_product_updated.xlsx (diunduh 2026-10-06),,,,75 mm,,,,,,S-12.5,5.8 m,TS end,
product.0_S_01_152_075006_00,Pipa (TS End) S-12.5 75 mm x 6 Meter,PVC S-12.5,PIPA PVC S-12.5 · TS END,938,Export ERP master_product_updated.xlsx (diunduh 2026-10-06),,,,75 mm,,,,,,S-12.5,6 m,TS end,
__export__.product_product_15799,"Pipa (TS End) S-12.5 90 mm x 5,8 Meter",PVC S-12.5,PIPA PVC S-12.5 · TS END,939,Export ERP master_product_updated.xlsx (diunduh 2026-10-06),,,,90 mm,,,,,,S-12.5,5.8 m,TS end,
product.0_S_01_152_090006_00,Pipa (TS End) S-12.5 90 mm x 6 Meter,PVC S-12.5,PIPA PVC S-12.5 · TS END,940,Export ERP master_product_updated.xlsx (diunduh 2026-10-06),,,,90 mm,,,,,,S-12.5,6 m,TS end,
__export__.product_product_18443,Pipa (TS End) S-12.5 110 mm x 5.8 Meter,PVC S-12.5,PIPA PVC S-12.5 · TS END,941,Export ERP master_product_updated.xlsx (diunduh 2026-10-06),,,,110 mm,,,,,,S-12.5,5.8 m,TS end,
product.0_S_01_152_110006_00,Pipa (TS End) S-12.5 110 mm x 6 Meter,PVC S-12.5,PIPA PVC S-12.5 · TS END,942,Export ERP master_product_updated.xlsx (diunduh 2026-10-06),,,,110 mm,,,,,,S-12.5,6 m,TS end,
product.0_S_01_152_125006_00,Pipa (TS End) S-12.5 125 mm x 6 Meter,PVC S-12.5,PIPA PVC S-12.5 · TS END,943,Export ERP master_product_updated.xlsx (diunduh 2026-10-06),,,,125 mm,,,,,,S-12.5,6 m,TS end,
product.0_S_01_152_140006_00,Pipa (TS End) S-12.5 140 mm x 6 Meter,PVC S-12.5,PIPA PVC S-12.5 · TS END,944,Export ERP master_product_updated.xlsx (diunduh 2026-10-06),,,,140 mm,,,,,,S-12.5,6 m,TS end,
__export__.product_product_11737,"Pipa (TS End) S-12,5 160 mm x 3 Meter",PVC S-12,PIPA PVC S-12 · TS END,945,Export ERP master_product_updated.xlsx (diunduh 2026-10-06),,,,160 mm,,,,,,S-12,3 m,TS end,
__export__.product_product_17613,"Pipa (TS End) S-12.5 160 mm x 5,8 Meter",PVC S-12.5,PIPA PVC S-12.5 · TS END,946,Export ERP master_product_updated.xlsx (diunduh 2026-10-06),,,,160 mm,,,,,,S-12.5,5.8 m,TS end,
product.0_S_01_152_160006_00,Pipa (TS End) S-12.5 160 mm x 6 Meter,PVC S-12.5,PIPA PVC S-12.5 · TS END,947,Export ERP master_product_updated.xlsx (diunduh 2026-10-06),,,,160 mm,,,,,,S-12.5,6 m,TS end,
__export__.product_product_18742,Pipa (TS End) Perforated S-12.5 160 mm x 6 Meter,PVC S-12.5,PIPA PVC S-12.5 · TS END,948,Export ERP master_product_updated.xlsx (diunduh 2026-10-06),,,,160 mm,,,,,,S-12.5,6 m,TS end,
product.0_S_01_152_180006_00,Pipa (TS End) S-12.5 180 mm x 6 Meter,PVC S-12.5,PIPA PVC S-12.5 · TS END,949,Export ERP master_product_updated.xlsx (diunduh 2026-10-06),,,,180 mm,,,,,,S-12.5,6 m,TS end,
__export__.product_product_10595,Pipa (TS End) S-12.5 200 mm x 3 Meter,PVC S-12.5,PIPA PVC S-12.5 · TS END,950,Export ERP master_product_updated.xlsx (diunduh 2026-10-06),,,,200 mm,,,,,,S-12.5,3 m,TS end,
product.0_S_01_152_200006_00,Pipa (TS End) S-12.5 200 mm x 6 Meter,PVC S-12.5,PIPA PVC S-12.5 · TS END,951,Export ERP master_product_updated.xlsx (diunduh 2026-10-06),,,,200 mm,,,,,,S-12.5,6 m,TS end,
product.0_S_01_152_225006_00,Pipa (TS End) S-12.5 225 mm x 6 Meter,PVC S-12.5,PIPA PVC S-12.5 · TS END,952,Export ERP master_product_updated.xlsx (diunduh 2026-10-06),,,,225 mm,,,,,,S-12.5,6 m,TS end,
__export__.product_product_15609,Pipa (TS End) S-12.5 250 mm x 3 Meter,PVC S-12.5,PIPA PVC S-12.5 · TS END,953,Export ERP master_product_updated.xlsx (diunduh 2026-10-06),,,,250 mm,,,,,,S-12.5,3 m,TS end,
product.0_S_01_152_250006_00,Pipa (TS End) S-12.5 250 mm x 6 Meter,PVC S-12.5,PIPA PVC S-12.5 · TS END,954,Export ERP master_product_updated.xlsx (diunduh 2026-10-06),,,,250 mm,,,,,,S-12.5,6 m,TS end,
product.0_S_01_152_280006_00,Pipa (TS End) S-12.5 280 mm x 6 Meter,PVC S-12.5,PIPA PVC S-12.5 · TS END,955,Export ERP master_product_updated.xlsx (diunduh 2026-10-06),,,,280 mm,,,,,,S-12.5,6 m,TS end,
product.0_S_01_152_315006_00,Pipa (TS End) S-12.5 315 mm x 6 Meter,PVC S-12.5,PIPA PVC S-12.5 · TS END,956,Export ERP master_product_updated.xlsx (diunduh 2026-10-06),,,,315 mm,,,,,,S-12.5,6 m,TS end,
product.0_S_01_152_355006_00,Pipa (TS End) S-12.5 355 mm x 6 Meter,PVC S-12.5,PIPA PVC S-12.5 · TS END,957,Export ERP master_product_updated.xlsx (diunduh 2026-10-06),,,,355 mm,,,,,,S-12.5,6 m,TS end,
product.0_S_01_152_400006_00,Pipa (TS End) S-12.5 400 mm x 6 Meter,PVC S-12.5,PIPA PVC S-12.5 · TS END,958,Export ERP master_product_updated.xlsx (diunduh 2026-10-06),,,,400 mm,,,,,,S-12.5,6 m,TS end,
product.0_S_01_152_450006_00,Pipa (TS End) S-12.5 450 mm x 6 Meter,PVC S-12.5,PIPA PVC S-12.5 · TS END,959,Export ERP master_product_updated.xlsx (diunduh 2026-10-06),,,,450 mm,,,,,,S-12.5,6 m,TS end,
product.0_S_01_152_500006_00,Pipa (TS End) S-12.5 500 mm x 6 Meter,PVC S-12.5,PIPA PVC S-12.5 · TS END,960,Export ERP master_product_updated.xlsx (diunduh 2026-10-06),,,,500 mm,,,,,,S-12.5,6 m,TS end,
product.0_S_01_152_560006_00,Pipa (TS End) S-12.5 560 mm x 6 Meter,PVC S-12.5,PIPA PVC S-12.5 · TS END,961,Export ERP master_product_updated.xlsx (diunduh 2026-10-06),,,,560 mm,,,,,,S-12.5,6 m,TS end,
product.0_S_01_152_630006_00,Pipa (TS End) S-12.6 630 mm x 6 Meter,PVC S-12.6,PIPA PVC S-12.6 · TS END,962,Export ERP master_product_updated.xlsx (diunduh 2026-10-06),,,,630 mm,,,,,,S-12.6,6 m,TS end,
__export__.product_product_17247,Pipa (Bell End) S-12.5 63 mm x 5.8 Meter,PVC S-12.5,PIPA PVC S-12.5 · BELL END,963,Export ERP master_product_updated.xlsx (diunduh 2026-10-06),,,,63 mm,,,,,,S-12.5,5.8 m,Bell end,
product.0_S_01_153_063006_00,Pipa (Bell End) S-12.5 63 mm x 6 Meter,PVC S-12.5,PIPA PVC S-12.5 · BELL END,964,Export ERP master_product_updated.xlsx (diunduh 2026-10-06),,,,63 mm,,,,,,S-12.5,6 m,Bell end,
product.0_S_01_153_075006_00,Pipa (Bell End) S-12.5 75 mm x 6 Meter,PVC S-12.5,PIPA PVC S-12.5 · BELL END,965,Export ERP master_product_updated.xlsx (diunduh 2026-10-06),,,,75 mm,,,,,,S-12.5,6 m,Bell end,
__export__.product_product_17248,Pipa (Bell End) S-12.5 90 mm x 5.8 Meter,PVC S-12.5,PIPA PVC S-12.5 · BELL END,966,Export ERP master_product_updated.xlsx (diunduh 2026-10-06),,,,90 mm,,,,,,S-12.5,5.8 m,Bell end,
product.0_S_01_153_090006_00,Pipa (Bell End) S-12.5 90 mm x 6 Meter,PVC S-12.5,PIPA PVC S-12.5 · BELL END,967,Export ERP master_product_updated.xlsx (diunduh 2026-10-06),,,,90 mm,,,,,,S-12.5,6 m,Bell end,
__export__.product_product_17004,"Pipa (Bell End) S-12.5 110 mm x 5,8 Meter",PVC S-12.5,PIPA PVC S-12.5 · BELL END,968,Export ERP master_product_updated.xlsx (diunduh 2026-10-06),,,,110 mm,,,,,,S-12.5,5.8 m,Bell end,
product.0_S_01_153_110006_00,Pipa (Bell End) S-12.5 110 mm x 6 Meter,PVC S-12.5,PIPA PVC S-12.5 · BELL END,969,Export ERP master_product_updated.xlsx (diunduh 2026-10-06),,,,110 mm,,,,,,S-12.5,6 m,Bell end,
product.0_S_01_153_125006_00,Pipa (Bell End) S-12.5 125 mm x 6 Meter,PVC S-12.5,PIPA PVC S-12.5 · BELL END,970,Export ERP master_product_updated.xlsx (diunduh 2026-10-06),,,,125 mm,,,,,,S-12.5,6 m,Bell end,
product.0_S_01_153_140006_00,Pipa (Bell End) S-12.5 140 mm x 6 Meter,PVC S-12.5,PIPA PVC S-12.5 · BELL END,971,Export ERP master_product_updated.xlsx (diunduh 2026-10-06),,,,140 mm,,,,,,S-12.5,6 m,Bell end,
__export__.product_product_15997,Pipa (Bell End) S-12.5 160 mm x 4 Meter,PVC S-12.5,PIPA PVC S-12.5 · BELL END,972,Export ERP master_product_updated.xlsx (diunduh 2026-10-06),,,,160 mm,,,,,,S-12.5,4 m,Bell end,
__export__.product_product_17333,Pipa (Bell End) S-12.5 160 mm x 5.8 Meter,PVC S-12.5,PIPA PVC S-12.5 · BELL END,973,Export ERP master_product_updated.xlsx (diunduh 2026-10-06),,,,160 mm,,,,,,S-12.5,5.8 m,Bell end,
product.0_S_01_153_160006_00,Pipa (Bell End) S-12.5 160 mm x 6 Meter,PVC S-12.5,PIPA PVC S-12.5 · BELL END,974,Export ERP master_product_updated.xlsx (diunduh 2026-10-06),,,,160 mm,,,,,,S-12.5,6 m,Bell end,
product.0_S_01_153_180006_00,Pipa (Bell End) S-12.5 180 mm x 6 Meter,PVC S-12.5,PIPA PVC S-12.5 · BELL END,975,Export ERP master_product_updated.xlsx (diunduh 2026-10-06),,,,180 mm,,,,,,S-12.5,6 m,Bell end,
__export__.product_product_17246,Pipa (Bell End) S-12.5 200 mm x 5.8 Meter,PVC S-12.5,PIPA PVC S-12.5 · BELL END,976,Export ERP master_product_updated.xlsx (diunduh 2026-10-06),,,,200 mm,,,,,,S-12.5,5.8 m,Bell end,
product.0_S_01_153_200006_00,Pipa (Bell End) S-12.5 200 mm x 6 Meter,PVC S-12.5,PIPA PVC S-12.5 · BELL END,977,Export ERP master_product_updated.xlsx (diunduh 2026-10-06),,,,200 mm,,,,,,S-12.5,6 m,Bell end,
product.0_S_01_153_225006_00,Pipa (Bell End) S-12.5 225 mm x 6 Meter,PVC S-12.5,PIPA PVC S-12.5 · BELL END,978,Export ERP master_product_updated.xlsx (diunduh 2026-10-06),,,,225 mm,,,,,,S-12.5,6 m,Bell end,
__export__.product_product_17357,"Pipa (Bell End) S-12.5 250 mm x 5,8 Meter",PVC S-12.5,PIPA PVC S-12.5 · BELL END,979,Export ERP master_product_updated.xlsx (diunduh 2026-10-06),,,,250 mm,,,,,,S-12.5,5.8 m,Bell end,
product.0_S_01_153_250006_00,Pipa (Bell End) S-12.5 250 mm x 6 Meter,PVC S-12.5,PIPA PVC S-12.5 · BELL END,980,Export ERP master_product_updated.xlsx (diunduh 2026-10-06),,,,250 mm,,,,,,S-12.5,6 m,Bell end,
product.0_S_01_153_280006_00,Pipa (Bell End) S-12.5 280 mm x 6 Meter,PVC S-12.5,PIPA PVC S-12.5 · BELL END,981,Export ERP master_product_updated.xlsx (diunduh 2026-10-06),,,,280 mm,,,,,,S-12.5,6 m,Bell end,
product.0_S_01_153_315006_00,Pipa (Bell End) S-12.5 315 mm x 6 Meter,PVC S-12.5,PIPA PVC S-12.5 · BELL END,982,Export ERP master_product_updated.xlsx (diunduh 2026-10-06),,,,315 mm,,,,,,S-12.5,6 m,Bell end,
product.0_S_01_153_355006_00,Pipa (Bell End) S-12.5 355 mm x 6 Meter,PVC S-12.5,PIPA PVC S-12.5 · BELL END,983,Export ERP master_product_updated.xlsx (diunduh 2026-10-06),,,,355 mm,,,,,,S-12.5,6 m,Bell end,
__export__.product_product_19579,Pipa (Bell End) S-12.5 400 mm x 4 Meter,PVC S-12.5,PIPA PVC S-12.5 · BELL END,984,Export ERP master_product_updated.xlsx (diunduh 2026-10-06),,,,400 mm,,,,,,S-12.5,4 m,Bell end,
__export__.product_product_17986,"Pipa (Bell End) S-12.5 400 mm x 5,8 Meter",PVC S-12.5,PIPA PVC S-12.5 · BELL END,985,Export ERP master_product_updated.xlsx (diunduh 2026-10-06),,,,400 mm,,,,,,S-12.5,5.8 m,Bell end,
__export__.product_product_17657,"Pipa (Bell End) S-12.5 400 mm x 5,8 Meter Cokelat",PVC S-12.5,PIPA PVC S-12.5 · BELL END,986,Export ERP master_product_updated.xlsx (diunduh 2026-10-06),,,,400 mm,,,,,,S-12.5,5.8 m,Bell end,
product.0_S_01_153_400006_00,Pipa (Bell End) S-12.5 400 mm x 6 Meter,PVC S-12.5,PIPA PVC S-12.5 · BELL END,987,Export ERP master_product_updated.xlsx (diunduh 2026-10-06),,,,400 mm,,,,,,S-12.5,6 m,Bell end,
product.0_S_01_153_450006_00,Pipa (Bell End) S-12.5 450 mm x 6 Meter,PVC S-12.5,PIPA PVC S-12.5 · BELL END,988,Export ERP master_product_updated.xlsx (diunduh 2026-10-06),,,,450 mm,,,,,,S-12.5,6 m,Bell end,
__export__.product_product_17658,"Pipa (Bell End) S-12.5 500 mm x 5,8 Meter",PVC S-12.5,PIPA PVC S-12.5 · BELL END,989,Export ERP master_product_updated.xlsx (diunduh 2026-10-06),,,,500 mm,,,,,,S-12.5,5.8 m,Bell end,
__export__.product_product_17987,"Pipa (Bell End) S-12.5 500 mm x 5,8 Meter Cokelat",PVC S-12.5,PIPA PVC S-12.5 · BELL END,990,Export ERP master_product_updated.xlsx (diunduh 2026-10-06),,,,500 mm,,,,,,S-12.5,5.8 m,Bell end,
product.0_S_01_153_500601_00,Pipa (Bell End) S-12.5 500 mm x 6 Meter,PVC S-12.5,PIPA PVC S-12.5 · BELL END,991,Export ERP master_product_updated.xlsx (diunduh 2026-10-06),,,,500 mm,,,,,,S-12.5,6 m,Bell end,
product.0_S_01_153_560006_00,Pipa (Bell End) S-12.5 560 mm x 6 Meter,PVC S-12.5,PIPA PVC S-12.5 · BELL END,992,Export ERP master_product_updated.xlsx (diunduh 2026-10-06),,,,560 mm,,,,,,S-12.5,6 m,Bell end,
product.0_S_01_153_630006_00,Pipa (Bell End) S-12.5 630 mm x 6 Meter,PVC S-12.5,PIPA PVC S-12.5 · BELL END,993,Export ERP master_product_updated.xlsx (diunduh 2026-10-06),,,,630 mm,,,,,,S-12.5,6 m,Bell end,
product.0_S_01_154_063006_00,Pipa BE (Plain End) S-12.5 63 mm x 6 Meter,PVC S-12.5,PIPA PVC S-12.5 · PLAIN END,994,Export ERP master_product_updated.xlsx (diunduh 2026-10-06),,,,63 mm,,,,,,S-12.5,6 m,Plain end,
product.0_S_01_154_075006_00,Pipa BE (Plain End) S-12.5 75 mm x 6 Meter,PVC S-12.5,PIPA PVC S-12.5 · PLAIN END,995,Export ERP master_product_updated.xlsx (diunduh 2026-10-06),,,,75 mm,,,,,,S-12.5,6 m,Plain end,
product.0_S_01_154_090006_00,Pipa BE (Plain End) S-12.5 90 mm x 6 Meter,PVC S-12.5,PIPA PVC S-12.5 · PLAIN END,996,Export ERP master_product_updated.xlsx (diunduh 2026-10-06),,,,90 mm,,,,,,S-12.5,6 m,Plain end,
product.0_S_01_154_110006_00,Pipa BE (Plain End) S-12.5 110 mm x 6 Meter,PVC S-12.5,PIPA PVC S-12.5 · PLAIN END,997,Export ERP master_product_updated.xlsx (diunduh 2026-10-06),,,,110 mm,,,,,,S-12.5,6 m,Plain end,
product.0_S_01_154_125006_00,Pipa BE (Plain End) S-12.5 125 mm x 6 Meter,PVC S-12.5,PIPA PVC S-12.5 · PLAIN END,998,Export ERP master_product_updated.xlsx (diunduh 2026-10-06),,,,125 mm,,,,,,S-12.5,6 m,Plain end,
product.0_S_01_154_140006_00,Pipa BE (Plain End) S-12.5 140 mm x 6 Meter,PVC S-12.5,PIPA PVC S-12.5 · PLAIN END,999,Export ERP master_product_updated.xlsx (diunduh 2026-10-06),,,,140 mm,,,,,,S-12.5,6 m,Plain end,
product.0_S_01_154_160006_00,Pipa BE (Plain End) S-12.5 160 mm x 6 Meter,PVC S-12.5,PIPA PVC S-12.5 · PLAIN END,1000,Export ERP master_product_updated.xlsx (diunduh 2026-10-06),,,,160 mm,,,,,,S-12.5,6 m,Plain end,
product.0_S_01_154_180006_00,Pipa BE (Plain End) S-12.5 180 mm x 6 Meter,PVC S-12.5,PIPA PVC S-12.5 · PLAIN END,1001,Export ERP master_product_updated.xlsx (diunduh 2026-10-06),,,,180 mm,,,,,,S-12.5,6 m,Plain end,
product.0_S_01_154_200006_00,Pipa BE (Plain End) S-12.5 200 mm x 6 Meter,PVC S-12.5,PIPA PVC S-12.5 · PLAIN END,1002,Export ERP master_product_updated.xlsx (diunduh 2026-10-06),,,,200 mm,,,,,,S-12.5,6 m,Plain end,
product.0_S_01_154_225006_00,Pipa BE (Plain End) S-12.5 225 mm x 6 Meter,PVC S-12.5,PIPA PVC S-12.5 · PLAIN END,1003,Export ERP master_product_updated.xlsx (diunduh 2026-10-06),,,,225 mm,,,,,,S-12.5,6 m,Plain end,
product.0_S_01_154_250006_00,Pipa BE (Plain End) S-12.5 250 mm x 6 Meter,PVC S-12.5,PIPA PVC S-12.5 · PLAIN END,1004,Export ERP master_product_updated.xlsx (diunduh 2026-10-06),,,,250 mm,,,,,,S-12.5,6 m,Plain end,
product.0_S_01_154_280006_00,Pipa BE (Plain End) S-12.5 280 mm x 6 Meter,PVC S-12.5,PIPA PVC S-12.5 · PLAIN END,1005,Export ERP master_product_updated.xlsx (diunduh 2026-10-06),,,,280 mm,,,,,,S-12.5,6 m,Plain end,
product.0_S_01_154_315006_00,Pipa BE (Plain End) S-12.5 315 mm x 6 Meter,PVC S-12.5,PIPA PVC S-12.5 · PLAIN END,1006,Export ERP master_product_updated.xlsx (diunduh 2026-10-06),,,,315 mm,,,,,,S-12.5,6 m,Plain end,
product.0_S_01_154_355006_00,Pipa BE (Plain End) S-12.5 355 mm x 6 Meter,PVC S-12.5,PIPA PVC S-12.5 · PLAIN END,1007,Export ERP master_product_updated.xlsx (diunduh 2026-10-06),,,,355 mm,,,,,,S-12.5,6 m,Plain end,
product.0_S_01_154_400006_00,Pipa BE (Plain End) S-12.5 400 mm x 6 Meter,PVC S-12.5,PIPA PVC S-12.5 · PLAIN END,1008,Export ERP master_product_updated.xlsx (diunduh 2026-10-06),,,,400 mm,,,,,,S-12.5,6 m,Plain end,
product.0_S_01_154_450006_00,Pipa BE (Plain End) S-12.5 450 mm x 6 Meter,PVC S-12.5,PIPA PVC S-12.5 · PLAIN END,1009,Export ERP master_product_updated.xlsx (diunduh 2026-10-06),,,,450 mm,,,,,,S-12.5,6 m,Plain end,
product.0_S_01_154_500006_00,Pipa BE (Plain End) S-12.5 500 mm x 6 Meter,PVC S-12.5,PIPA PVC S-12.5 · PLAIN END,1010,Export ERP master_product_updated.xlsx (diunduh 2026-10-06),,,,500 mm,,,,,,S-12.5,6 m,Plain end,
product.0_S_01_154_560006_00,Pipa BE (Plain End) S-12.5 560 mm x 6 Meter,PVC S-12.5,PIPA PVC S-12.5 · PLAIN END,1011,Export ERP master_product_updated.xlsx (diunduh 2026-10-06),,,,560 mm,,,,,,S-12.5,6 m,Plain end,
product.0_S_01_154_630006_00,Pipa BE (Plain End) S-12.5 630 mm x 6 Meter,PVC S-12.5,PIPA PVC S-12.5 · PLAIN END,1012,Export ERP master_product_updated.xlsx (diunduh 2026-10-06),,,,630 mm,,,,,,S-12.5,6 m,Plain end,
product.0_S_01_161_020006_00,Pipa TS (Plain End) S-16 20 mm x 6 Meter,PVC S-16,PIPA PVC S-16 · PLAIN END,1013,Export ERP master_product_updated.xlsx (diunduh 2026-10-06),,,,20 mm,,,,,,S-16,6 m,Plain end,
product.0_S_01_161_025006_00,Pipa TS (Plain End) S-16 25 mm x 6 Meter,PVC S-16,PIPA PVC S-16 · PLAIN END,1014,Export ERP master_product_updated.xlsx (diunduh 2026-10-06),,,,25 mm,,,,,,S-16,6 m,Plain end,
product.0_S_01_161_032006_00,Pipa TS (Plain End) S-16 32 mm x 6 Meter,PVC S-16,PIPA PVC S-16 · PLAIN END,1015,Export ERP master_product_updated.xlsx (diunduh 2026-10-06),,,,32 mm,,,,,,S-16,6 m,Plain end,
product.0_S_01_161_040006_00,Pipa TS (Plain End) S-16 40 mm x 6 Meter,PVC S-16,PIPA PVC S-16 · PLAIN END,1016,Export ERP master_product_updated.xlsx (diunduh 2026-10-06),,,,40 mm,,,,,,S-16,6 m,Plain end,
product.0_S_01_161_050006_00,Pipa TS (Plain End) S-16 50 mm x 6 Meter,PVC S-16,PIPA PVC S-16 · PLAIN END,1017,Export ERP master_product_updated.xlsx (diunduh 2026-10-06),,,,50 mm,,,,,,S-16,6 m,Plain end,
product.0_S_01_161_063600_00,Pipa TS (Plain End) S-16 63 mm x 6 Meter,PVC S-16,PIPA PVC S-16 · PLAIN END,1018,Export ERP master_product_updated.xlsx (diunduh 2026-10-06),,,,63 mm,,,,,,S-16,6 m,Plain end,
product.0_S_01_161_075006_00,Pipa TS (Plain End) S-16 75 mm x 6 Meter,PVC S-16,PIPA PVC S-16 · PLAIN END,1019,Export ERP master_product_updated.xlsx (diunduh 2026-10-06),,,,75 mm,,,,,,S-16,6 m,Plain end,
product.0_S_01_161_090006_00,Pipa TS (Plain End) S-16 90 mm x 6 Meter,PVC S-16,PIPA PVC S-16 · PLAIN END,1020,Export ERP master_product_updated.xlsx (diunduh 2026-10-06),,,,90 mm,,,,,,S-16,6 m,Plain end,
product.0_S_01_161_110006_00,Pipa TS (Plain End) S-16 110 mm x 6 Meter,PVC S-16,PIPA PVC S-16 · PLAIN END,1021,Export ERP master_product_updated.xlsx (diunduh 2026-10-06),,,,110 mm,,,,,,S-16,6 m,Plain end,
product.0_S_01_161_125006_00,Pipa TS (Plain End) S-16 125 mm x 6 Meter,PVC S-16,PIPA PVC S-16 · PLAIN END,1022,Export ERP master_product_updated.xlsx (diunduh 2026-10-06),,,,125 mm,,,,,,S-16,6 m,Plain end,
product.0_S_01_161_140006_00,Pipa TS (Plain End) S-16 140 mm x 6 Meter,PVC S-16,PIPA PVC S-16 · PLAIN END,1023,Export ERP master_product_updated.xlsx (diunduh 2026-10-06),,,,140 mm,,,,,,S-16,6 m,Plain end,
product.0_S_01_161_160006_00,Pipa TS (Plain End) S-16 160 mm x 6 Meter,PVC S-16,PIPA PVC S-16 · PLAIN END,1024,Export ERP master_product_updated.xlsx (diunduh 2026-10-06),,,,160 mm,,,,,,S-16,6 m,Plain end,
product.0_S_01_161_180006_00,Pipa TS (Plain End) S-16 180 mm x 6 Meter,PVC S-16,PIPA PVC S-16 · PLAIN END,1025,Export ERP master_product_updated.xlsx (diunduh 2026-10-06),,,,180 mm,,,,,,S-16,6 m,Plain end,
product.0_S_01_161_200006_00,Pipa TS (Plain End) S-16 200 mm x 6 Meter,PVC S-16,PIPA PVC S-16 · PLAIN END,1026,Export ERP master_product_updated.xlsx (diunduh 2026-10-06),,,,200 mm,,,,,,S-16,6 m,Plain end,
product.0_S_01_161_225006_00,Pipa TS (Plain End) S-16 225 mm x 6 Meter,PVC S-16,PIPA PVC S-16 · PLAIN END,1027,Export ERP master_product_updated.xlsx (diunduh 2026-10-06),,,,225 mm,,,,,,S-16,6 m,Plain end,
product.0_S_01_161_250006_00,Pipa TS (Plain End) S-16 250 mm x 6 Meter,PVC S-16,PIPA PVC S-16 · PLAIN END,1028,Export ERP master_product_updated.xlsx (diunduh 2026-10-06),,,,250 mm,,,,,,S-16,6 m,Plain end,
product.0_S_01_161_280006_00,Pipa TS (Plain End) S-16 280 mm x 6 Meter,PVC S-16,PIPA PVC S-16 · PLAIN END,1029,Export ERP master_product_updated.xlsx (diunduh 2026-10-06),,,,280 mm,,,,,,S-16,6 m,Plain end,
product.0_S_01_161_315006_00,Pipa TS (Plain End) S-16 315 mm x 6 Meter,PVC S-16,PIPA PVC S-16 · PLAIN END,1030,Export ERP master_product_updated.xlsx (diunduh 2026-10-06),,,,315 mm,,,,,,S-16,6 m,Plain end,
product.0_S_01_161_355006_00,Pipa TS (Plain End) S-16 355 mm x 6 Meter,PVC S-16,PIPA PVC S-16 · PLAIN END,1031,Export ERP master_product_updated.xlsx (diunduh 2026-10-06),,,,355 mm,,,,,,S-16,6 m,Plain end,
product.0_S_01_161_400006_00,Pipa TS (Plain End) S-16 400 mm x 6 Meter,PVC S-16,PIPA PVC S-16 · PLAIN END,1032,Export ERP master_product_updated.xlsx (diunduh 2026-10-06),,,,400 mm,,,,,,S-16,6 m,Plain end,
product.0_S_01_161_450006_00,Pipa TS (Plain End) S-16 450 mm x 6 Meter,PVC S-16,PIPA PVC S-16 · PLAIN END,1033,Export ERP master_product_updated.xlsx (diunduh 2026-10-06),,,,450 mm,,,,,,S-16,6 m,Plain end,
product.0_S_01_161_500006_00,Pipa TS (Plain End) S-16 500 mm x 6 Meter,PVC S-16,PIPA PVC S-16 · PLAIN END,1034,Export ERP master_product_updated.xlsx (diunduh 2026-10-06),,,,500 mm,,,,,,S-16,6 m,Plain end,
product.0_S_01_161_560006_00,Pipa TS (Plain End) S-16 560 mm x 6 Meter,PVC S-16,PIPA PVC S-16 · PLAIN END,1035,Export ERP master_product_updated.xlsx (diunduh 2026-10-06),,,,560 mm,,,,,,S-16,6 m,Plain end,
product.0_S_01_161_630006_00,Pipa TS (Plain End) S-16 630 mm x 6 Meter,PVC S-16,PIPA PVC S-16 · PLAIN END,1036,Export ERP master_product_updated.xlsx (diunduh 2026-10-06),,,,630 mm,,,,,,S-16,6 m,Plain end,
product.0_S_01_162_020006_00,Pipa (TS End) S-16 20 mm x 6 Meter,PVC S-16,PIPA PVC S-16 · TS END,1037,Export ERP master_product_updated.xlsx (diunduh 2026-10-06),,,,20 mm,,,,,,S-16,6 m,TS end,
product.0_S_01_162_025006_00,Pipa (TS End) S-16 25 mm x 6 Meter,PVC S-16,PIPA PVC S-16 · TS END,1038,Export ERP master_product_updated.xlsx (diunduh 2026-10-06),,,,25 mm,,,,,,S-16,6 m,TS end,
product.0_S_01_162_032006_00,Pipa (TS End) S-16 32 mm x 6 Meter,PVC S-16,PIPA PVC S-16 · TS END,1039,Export ERP master_product_updated.xlsx (diunduh 2026-10-06),,,,32 mm,,,,,,S-16,6 m,TS end,
product.0_S_01_162_040006_00,Pipa (TS End) S-16 40 mm x 6 Meter,PVC S-16,PIPA PVC S-16 · TS END,1040,Export ERP master_product_updated.xlsx (diunduh 2026-10-06),,,,40 mm,,,,,,S-16,6 m,TS end,
product.0_S_01_162_050006_00,Pipa (TS End) S-16 50 mm x 6 Meter,PVC S-16,PIPA PVC S-16 · TS END,1041,Export ERP master_product_updated.xlsx (diunduh 2026-10-06),,,,50 mm,,,,,,S-16,6 m,TS end,
product.0_S_01_162_063006_00,Pipa (TS End) S-16 63 mm x 6 Meter,PVC S-16,PIPA PVC S-16 · TS END,1042,Export ERP master_product_updated.xlsx (diunduh 2026-10-06),,,,63 mm,,,,,,S-16,6 m,TS end,
product.0_S_01_162_075006_00,Pipa (TS End) S-16 75 mm x 6 Meter,PVC S-16,PIPA PVC S-16 · TS END,1043,Export ERP master_product_updated.xlsx (diunduh 2026-10-06),,,,75 mm,,,,,,S-16,6 m,TS end,
product.0_S_01_162_090006_00,Pipa (TS End) S-16 90 mm x 6 Meter,PVC S-16,PIPA PVC S-16 · TS END,1044,Export ERP master_product_updated.xlsx (diunduh 2026-10-06),,,,90 mm,,,,,,S-16,6 m,TS end,
product.0_S_01_162_110006_00,Pipa (TS End) S-16 110 mm x 6 Meter,PVC S-16,PIPA PVC S-16 · TS END,1045,Export ERP master_product_updated.xlsx (diunduh 2026-10-06),,,,110 mm,,,,,,S-16,6 m,TS end,
product.0_S_01_162_125006_00,Pipa (TS End) S-16 125 mm x 6 Meter,PVC S-16,PIPA PVC S-16 · TS END,1046,Export ERP master_product_updated.xlsx (diunduh 2026-10-06),,,,125 mm,,,,,,S-16,6 m,TS end,
product.0_S_01_162_140006_00,Pipa (TS End) S-16 140 mm x 6 Meter,PVC S-16,PIPA PVC S-16 · TS END,1047,Export ERP master_product_updated.xlsx (diunduh 2026-10-06),,,,140 mm,,,,,,S-16,6 m,TS end,
product.0_S_01_162_160006_00,Pipa (TS End) S-16 160 mm x 6 Meter,PVC S-16,PIPA PVC S-16 · TS END,1048,Export ERP master_product_updated.xlsx (diunduh 2026-10-06),,,,160 mm,,,,,,S-16,6 m,TS end,
__export__.product_product_18743,Pipa (TS End) Perforated S-16 160 mm x 6 Meter,PVC S-16,PIPA PVC S-16 · TS END,1049,Export ERP master_product_updated.xlsx (diunduh 2026-10-06),,,,160 mm,,,,,,S-16,6 m,TS end,
product.0_S_01_162_180006_00,Pipa (TS End) S-16 180 mm x 6 Meter,PVC S-16,PIPA PVC S-16 · TS END,1050,Export ERP master_product_updated.xlsx (diunduh 2026-10-06),,,,180 mm,,,,,,S-16,6 m,TS end,
product.0_S_01_162_200006_00,Pipa (TS End) S-16 200 mm x 6 Meter,PVC S-16,PIPA PVC S-16 · TS END,1051,Export ERP master_product_updated.xlsx (diunduh 2026-10-06),,,,200 mm,,,,,,S-16,6 m,TS end,
product.0_S_01_162_225006_00,Pipa (TS End) S-16 225 mm x 6 Meter,PVC S-16,PIPA PVC S-16 · TS END,1052,Export ERP master_product_updated.xlsx (diunduh 2026-10-06),,,,225 mm,,,,,,S-16,6 m,TS end,
product.0_S_01_162_250006_00,Pipa (TS End) S-16 250 mm x 6 Meter,PVC S-16,PIPA PVC S-16 · TS END,1053,Export ERP master_product_updated.xlsx (diunduh 2026-10-06),,,,250 mm,,,,,,S-16,6 m,TS end,
product.0_S_01_162_280006_00,Pipa (TS End) S-16 280 mm x 6 Meter,PVC S-16,PIPA PVC S-16 · TS END,1054,Export ERP master_product_updated.xlsx (diunduh 2026-10-06),,,,280 mm,,,,,,S-16,6 m,TS end,
product.0_S_01_162_315006_00,Pipa (TS End) S-16 315 mm x 6 Meter,PVC S-16,PIPA PVC S-16 · TS END,1055,Export ERP master_product_updated.xlsx (diunduh 2026-10-06),,,,315 mm,,,,,,S-16,6 m,TS end,
product.0_S_01_162_355006_00,Pipa (TS End) S-16 355 mm x 6 Meter,PVC S-16,PIPA PVC S-16 · TS END,1056,Export ERP master_product_updated.xlsx (diunduh 2026-10-06),,,,355 mm,,,,,,S-16,6 m,TS end,
product.0_S_01_162_400006_00,Pipa (TS End) S-16 400 mm x 6 Meter,PVC S-16,PIPA PVC S-16 · TS END,1057,Export ERP master_product_updated.xlsx (diunduh 2026-10-06),,,,400 mm,,,,,,S-16,6 m,TS end,
product.0_S_01_162_450006_00,Pipa (TS End) S-16 450 mm x 6 Meter,PVC S-16,PIPA PVC S-16 · TS END,1058,Export ERP master_product_updated.xlsx (diunduh 2026-10-06),,,,450 mm,,,,,,S-16,6 m,TS end,
product.0_S_01_162_500006_00,Pipa (TS End) S-16 500 mm x 6 Meter,PVC S-16,PIPA PVC S-16 · TS END,1059,Export ERP master_product_updated.xlsx (diunduh 2026-10-06),,,,500 mm,,,,,,S-16,6 m,TS end,
__export__.product_product_18108,Pipa (TS End) S-16 500 mm x 6 Meter Coklat,PVC S-16,PIPA PVC S-16 · TS END,1060,Export ERP master_product_updated.xlsx (diunduh 2026-10-06),Warna: Coklat,,,500 mm,,,,,,S-16,6 m,TS end,
product.0_S_01_162_560006_00,Pipa (TS End) S-16 560 mm x 6 Meter,PVC S-16,PIPA PVC S-16 · TS END,1061,Export ERP master_product_updated.xlsx (diunduh 2026-10-06),,,,560 mm,,,,,,S-16,6 m,TS end,
product.0_S_01_162_630006_00,Pipa (TS End) S-16 630 mm x 6 Meter,PVC S-16,PIPA PVC S-16 · TS END,1062,Export ERP master_product_updated.xlsx (diunduh 2026-10-06),,,,630 mm,,,,,,S-16,6 m,TS end,
product.0_S_01_163_063006_00,Pipa (Bell End) S-16 63 mm x 6 Meter,PVC S-16,PIPA PVC S-16 · BELL END,1063,Export ERP master_product_updated.xlsx (diunduh 2026-10-06),,,,63 mm,,,,,,S-16,6 m,Bell end,
product.0_S_01_163_075006_00,Pipa (Bell End) S-16 75 mm x 6 Meter,PVC S-16,PIPA PVC S-16 · BELL END,1064,Export ERP master_product_updated.xlsx (diunduh 2026-10-06),,,,75 mm,,,,,,S-16,6 m,Bell end,
product.0_S_01_163_090006_00,Pipa (Bell End) S-16 90 mm x 6 Meter,PVC S-16,PIPA PVC S-16 · BELL END,1065,Export ERP master_product_updated.xlsx (diunduh 2026-10-06),,,,90 mm,,,,,,S-16,6 m,Bell end,
product.0_S_01_163_110006_00,Pipa (Bell End) S-16 110 mm x 6 Meter,PVC S-16,PIPA PVC S-16 · BELL END,1066,Export ERP master_product_updated.xlsx (diunduh 2026-10-06),,,,110 mm,,,,,,S-16,6 m,Bell end,
product.0_S_01_163_125006_00,Pipa (Bell End) S-16 125 mm x 6 Meter,PVC S-16,PIPA PVC S-16 · BELL END,1067,Export ERP master_product_updated.xlsx (diunduh 2026-10-06),,,,125 mm,,,,,,S-16,6 m,Bell end,
product.0_S_01_163_140006_00,Pipa (Bell End) S-16 140 mm x 6 Meter,PVC S-16,PIPA PVC S-16 · BELL END,1068,Export ERP master_product_updated.xlsx (diunduh 2026-10-06),,,,140 mm,,,,,,S-16,6 m,Bell end,
product.0_S_01_163_160006_00,Pipa (Bell End) S-16 160 mm x 6 Meter,PVC S-16,PIPA PVC S-16 · BELL END,1069,Export ERP master_product_updated.xlsx (diunduh 2026-10-06),,,,160 mm,,,,,,S-16,6 m,Bell end,
product.0_S_01_163_180006_00,Pipa (Bell End) S-16 180 mm x 6 Meter,PVC S-16,PIPA PVC S-16 · BELL END,1070,Export ERP master_product_updated.xlsx (diunduh 2026-10-06),,,,180 mm,,,,,,S-16,6 m,Bell end,
product.0_S_01_163_200006_00,Pipa (Bell End) S-16 200 mm x 6 Meter,PVC S-16,PIPA PVC S-16 · BELL END,1071,Export ERP master_product_updated.xlsx (diunduh 2026-10-06),,,,200 mm,,,,,,S-16,6 m,Bell end,
product.0_S_01_163_225006_00,Pipa (Bell End) S-16 225 mm x 6 Meter,PVC S-16,PIPA PVC S-16 · BELL END,1072,Export ERP master_product_updated.xlsx (diunduh 2026-10-06),,,,225 mm,,,,,,S-16,6 m,Bell end,
product.0_S_01_163_250006_00,Pipa (Bell End) S-16 250 mm x 6 Meter,PVC S-16,PIPA PVC S-16 · BELL END,1073,Export ERP master_product_updated.xlsx (diunduh 2026-10-06),,,,250 mm,,,,,,S-16,6 m,Bell end,
product.0_S_01_163_280006_00,Pipa (Bell End) S-16 280 mm x 6 Meter,PVC S-16,PIPA PVC S-16 · BELL END,1074,Export ERP master_product_updated.xlsx (diunduh 2026-10-06),,,,280 mm,,,,,,S-16,6 m,Bell end,
product.0_S_01_163_315006_00,Pipa (Bell End) S-16 315 mm x 6 Meter,PVC S-16,PIPA PVC S-16 · BELL END,1075,Export ERP master_product_updated.xlsx (diunduh 2026-10-06),,,,315 mm,,,,,,S-16,6 m,Bell end,
product.0_S_01_163_355006_00,Pipa (Bell End) S-16 355 mm x 6 Meter,PVC S-16,PIPA PVC S-16 · BELL END,1076,Export ERP master_product_updated.xlsx (diunduh 2026-10-06),,,,355 mm,,,,,,S-16,6 m,Bell end,
__export__.product_product_15567,Pipa (Bell End) S-16 400 mm x 3 Meter,PVC S-16,PIPA PVC S-16 · BELL END,1077,Export ERP master_product_updated.xlsx (diunduh 2026-10-06),,,,400 mm,,,,,,S-16,3 m,Bell end,
__export__.product_product_13377,Pipa (Bell End) S-16 400 mm x 4 Meter,PVC S-16,PIPA PVC S-16 · BELL END,1078,Export ERP master_product_updated.xlsx (diunduh 2026-10-06),,,,400 mm,,,,,,S-16,4 m,Bell end,
product.0_S_01_163_400006_00,Pipa (Bell End) S-16 400 mm x 6 Meter,PVC S-16,PIPA PVC S-16 · BELL END,1079,Export ERP master_product_updated.xlsx (diunduh 2026-10-06),,,,400 mm,,,,,,S-16,6 m,Bell end,
__export__.product_product_18015,Pipa (Bell End) S-16 400 mm x 6 Meter Coklat,PVC S-16,PIPA PVC S-16 · BELL END,1080,Export ERP master_product_updated.xlsx (diunduh 2026-10-06),Warna: Coklat,,,400 mm,,,,,,S-16,6 m,Bell end,
product.0_S_01_163_450006_00,Pipa (Bell End) S-16 450 mm x 6 Meter,PVC S-16,PIPA PVC S-16 · BELL END,1081,Export ERP master_product_updated.xlsx (diunduh 2026-10-06),,,,450 mm,,,,,,S-16,6 m,Bell end,
product.0_S_01_163_500006_00,Pipa (Bell End) S-16 500 mm x 6 Meter,PVC S-16,PIPA PVC S-16 · BELL END,1082,Export ERP master_product_updated.xlsx (diunduh 2026-10-06),,,,500 mm,,,,,,S-16,6 m,Bell end,
__export__.product_product_18109,Pipa (Bell End) S-16 500 mm x 6 Meter Coklat,PVC S-16,PIPA PVC S-16 · BELL END,1083,Export ERP master_product_updated.xlsx (diunduh 2026-10-06),Warna: Coklat,,,500 mm,,,,,,S-16,6 m,Bell end,
product.0_S_01_163_560006_00,Pipa (Bell End) S-16 560 mm x 6 Meter,PVC S-16,PIPA PVC S-16 · BELL END,1084,Export ERP master_product_updated.xlsx (diunduh 2026-10-06),,,,560 mm,,,,,,S-16,6 m,Bell end,
product.0_S_01_163_630006_00,Pipa (Bell End) S-16 630 mm x 6 Meter,PVC S-16,PIPA PVC S-16 · BELL END,1085,Export ERP master_product_updated.xlsx (diunduh 2026-10-06),,,,630 mm,,,,,,S-16,6 m,Bell end,
product.0_S_01_164_063006_00,Pipa BE (Plain End) S-16 63 mm x 6 Meter,PVC S-16,PIPA PVC S-16 · PLAIN END,1086,Export ERP master_product_updated.xlsx (diunduh 2026-10-06),,,,63 mm,,,,,,S-16,6 m,Plain end,
product.0_S_01_164_075006_00,Pipa BE (Plain End) S-16 75 mm x 6 Meter,PVC S-16,PIPA PVC S-16 · PLAIN END,1087,Export ERP master_product_updated.xlsx (diunduh 2026-10-06),,,,75 mm,,,,,,S-16,6 m,Plain end,
product.0_S_01_164_090006_00,Pipa BE (Plain End) S-16 90 mm x 6 Meter,PVC S-16,PIPA PVC S-16 · PLAIN END,1088,Export ERP master_product_updated.xlsx (diunduh 2026-10-06),,,,90 mm,,,,,,S-16,6 m,Plain end,
product.0_S_01_164_110006_00,Pipa BE (Plain End) S-16 110 mm x 6 Meter,PVC S-16,PIPA PVC S-16 · PLAIN END,1089,Export ERP master_product_updated.xlsx (diunduh 2026-10-06),,,,110 mm,,,,,,S-16,6 m,Plain end,
product.0_S_01_164_125006_00,Pipa BE (Plain End) S-16 125 mm x 6 Meter,PVC S-16,PIPA PVC S-16 · PLAIN END,1090,Export ERP master_product_updated.xlsx (diunduh 2026-10-06),,,,125 mm,,,,,,S-16,6 m,Plain end,
product.0_S_01_164_140006_00,Pipa BE (Plain End) S-16 140 mm x 6 Meter,PVC S-16,PIPA PVC S-16 · PLAIN END,1091,Export ERP master_product_updated.xlsx (diunduh 2026-10-06),,,,140 mm,,,,,,S-16,6 m,Plain end,
product.0_S_01_164_160006_00,Pipa BE (Plain End) S-16 160 mm x 6 Meter,PVC S-16,PIPA PVC S-16 · PLAIN END,1092,Export ERP master_product_updated.xlsx (diunduh 2026-10-06),,,,160 mm,,,,,,S-16,6 m,Plain end,
product.0_S_01_164_180006_00,Pipa BE (Plain End) S-16 180 mm x 6 Meter,PVC S-16,PIPA PVC S-16 · PLAIN END,1093,Export ERP master_product_updated.xlsx (diunduh 2026-10-06),,,,180 mm,,,,,,S-16,6 m,Plain end,
product.0_S_01_164_200006_00,Pipa BE (Plain End) S-16 200 mm x 6 Meter,PVC S-16,PIPA PVC S-16 · PLAIN END,1094,Export ERP master_product_updated.xlsx (diunduh 2026-10-06),,,,200 mm,,,,,,S-16,6 m,Plain end,
product.0_S_01_164_225006_00,Pipa BE (Plain End) S-16 225 mm x 6 Meter,PVC S-16,PIPA PVC S-16 · PLAIN END,1095,Export ERP master_product_updated.xlsx (diunduh 2026-10-06),,,,225 mm,,,,,,S-16,6 m,Plain end,
product.0_S_01_164_250006_00,Pipa BE (Plain End) S-16 250 mm x 6 Meter,PVC S-16,PIPA PVC S-16 · PLAIN END,1096,Export ERP master_product_updated.xlsx (diunduh 2026-10-06),,,,250 mm,,,,,,S-16,6 m,Plain end,
product.0_S_01_164_280006_00,Pipa BE (Plain End) S-16 280 mm x 6 Meter,PVC S-16,PIPA PVC S-16 · PLAIN END,1097,Export ERP master_product_updated.xlsx (diunduh 2026-10-06),,,,280 mm,,,,,,S-16,6 m,Plain end,
product.0_S_01_164_315006_00,Pipa BE (Plain End) S-16 315 mm x 6 Meter,PVC S-16,PIPA PVC S-16 · PLAIN END,1098,Export ERP master_product_updated.xlsx (diunduh 2026-10-06),,,,315 mm,,,,,,S-16,6 m,Plain end,
product.0_S_01_164_355006_00,Pipa BE (Plain End) S-16 355 mm x 6 Meter,PVC S-16,PIPA PVC S-16 · PLAIN END,1099,Export ERP master_product_updated.xlsx (diunduh 2026-10-06),,,,355 mm,,,,,,S-16,6 m,Plain end,
product.0_S_01_164_400006_00,Pipa BE (Plain End) S-16 400 mm x 6 Meter,PVC S-16,PIPA PVC S-16 · PLAIN END,1100,Export ERP master_product_updated.xlsx (diunduh 2026-10-06),,,,400 mm,,,,,,S-16,6 m,Plain end,
product.0_S_01_164_450006_00,Pipa BE (Plain End) S-16 450 mm x 6 Meter,PVC S-16,PIPA PVC S-16 · PLAIN END,1101,Export ERP master_product_updated.xlsx (diunduh 2026-10-06),,,,450 mm,,,,,,S-16,6 m,Plain end,
product.0_S_01_164_500006_00,Pipa BE (Plain End) S-16 500 mm x 6 Meter,PVC S-16,PIPA PVC S-16 · PLAIN END,1102,Export ERP master_product_updated.xlsx (diunduh 2026-10-06),,,,500 mm,,,,,,S-16,6 m,Plain end,
product.0_S_01_164_560006_00,Pipa BE (Plain End) S-16 560 mm x 6 Meter,PVC S-16,PIPA PVC S-16 · PLAIN END,1103,Export ERP master_product_updated.xlsx (diunduh 2026-10-06),,,,560 mm,,,,,,S-16,6 m,Plain end,
product.0_S_01_164_630006_00,Pipa BE (Plain End) S-16 630 mm x 6 Meter,PVC S-16,PIPA PVC S-16 · PLAIN END,1104,Export ERP master_product_updated.xlsx (diunduh 2026-10-06),,,,630 mm,,,,,,S-16,6 m,Plain end,
product.0_S_01_181_063006_00,Pipa TS (Plain End) Kelas A 63 mm x 6 Meter,PVC SNI KELAS A,PIPA PVC SNI KELAS A · PLAIN END,1105,Export ERP master_product_updated.xlsx (diunduh 2026-10-06),,,,63 mm,,,,,,,6 m,Plain end,
product.0_S_01_181_075006_00,Pipa TS (Plain End) Kelas A 75 mm x 6 Meter,PVC SNI KELAS A,PIPA PVC SNI KELAS A · PLAIN END,1106,Export ERP master_product_updated.xlsx (diunduh 2026-10-06),,,,75 mm,,,,,,,6 m,Plain end,
product.0_S_01_181_090006_00,Pipa TS (Plain End) Kelas A 90 mm x 6 Meter,PVC SNI KELAS A,PIPA PVC SNI KELAS A · PLAIN END,1107,Export ERP master_product_updated.xlsx (diunduh 2026-10-06),,,,90 mm,,,,,,,6 m,Plain end,
product.0_S_01_181_110006_00,Pipa TS (Plain End) Kelas A 110 mm x 6 Meter,PVC SNI KELAS A,PIPA PVC SNI KELAS A · PLAIN END,1108,Export ERP master_product_updated.xlsx (diunduh 2026-10-06),,,,110 mm,,,,,,,6 m,Plain end,
product.0_S_01_181_125006_00,Pipa TS (Plain End) Kelas A 125 mm x 6 Meter,PVC SNI KELAS A,PIPA PVC SNI KELAS A · PLAIN END,1109,Export ERP master_product_updated.xlsx (diunduh 2026-10-06),,,,125 mm,,,,,,,6 m,Plain end,
product.0_S_01_181_160006_00,Pipa TS (Plain End) Kelas A 160 mm x 6 Meter,PVC SNI KELAS A,PIPA PVC SNI KELAS A · PLAIN END,1110,Export ERP master_product_updated.xlsx (diunduh 2026-10-06),,,,160 mm,,,,,,,6 m,Plain end,
product.0_S_01_181_200006_00,Pipa TS (Plain End) Kelas A 200 mm x 6 Meter,PVC SNI KELAS A,PIPA PVC SNI KELAS A · PLAIN END,1111,Export ERP master_product_updated.xlsx (diunduh 2026-10-06),,,,200 mm,,,,,,,6 m,Plain end,
product.0_S_01_181_250006_00,Pipa TS (Plain End) Kelas A 250 mm x 6 Meter,PVC SNI KELAS A,PIPA PVC SNI KELAS A · PLAIN END,1112,Export ERP master_product_updated.xlsx (diunduh 2026-10-06),,,,250 mm,,,,,,,6 m,Plain end,
product.0_S_01_181_315006_00,Pipa TS (Plain End) Kelas A 315 mm x 6 Meter,PVC SNI KELAS A,PIPA PVC SNI KELAS A · PLAIN END,1113,Export ERP master_product_updated.xlsx (diunduh 2026-10-06),,,,315 mm,,,,,,,6 m,Plain end,
product.0_S_01_181_400006_00,Pipa TS (Plain End) Kelas A 400 mm x 6 Meter,PVC SNI KELAS A,PIPA PVC SNI KELAS A · PLAIN END,1114,Export ERP master_product_updated.xlsx (diunduh 2026-10-06),,,,400 mm,,,,,,,6 m,Plain end,
product.0_S_01_181_500006_00,Pipa TS (Plain End) Kelas A 500 mm x 6 Meter,PVC SNI KELAS A,PIPA PVC SNI KELAS A · PLAIN END,1115,Export ERP master_product_updated.xlsx (diunduh 2026-10-06),,,,500 mm,,,,,,,6 m,Plain end,
product.0_S_01_181_630006_00,Pipa TS (Plain End) Kelas A 630 mm x 6 Meter,PVC SNI KELAS A,PIPA PVC SNI KELAS A · PLAIN END,1116,Export ERP master_product_updated.xlsx (diunduh 2026-10-06),,,,630 mm,,,,,,,6 m,Plain end,
__export__.product_product_18819,Pipa (TS End) Kelas A Coklat 40 mm x 6 Meter,PVC SNI KELAS A,PIPA PVC SNI KELAS A · TS END,1117,Export ERP master_product_updated.xlsx (diunduh 2026-10-06),Warna: Coklat,,,40 mm,,,,,,,6 m,TS end,
__export__.product_product_18820,Pipa (TS End) Kelas A Coklat 50 mm x 6 Meter,PVC SNI KELAS A,PIPA PVC SNI KELAS A · TS END,1118,Export ERP master_product_updated.xlsx (diunduh 2026-10-06),Warna: Coklat,,,50 mm,,,,,,,6 m,TS end,
product.0_S_01_182_063006_00,Pipa (TS End) Kelas A 63 mm x 6 Meter,PVC SNI KELAS A,PIPA PVC SNI KELAS A · TS END,1119,Export ERP master_product_updated.xlsx (diunduh 2026-10-06),,,,63 mm,,,,,,,6 m,TS end,
__export__.product_product_15083,Pipa (TS End) Kelas A Orange 63 mm x 6 Meter,PVC SNI KELAS A,PIPA PVC SNI KELAS A · TS END,1120,Export ERP master_product_updated.xlsx (diunduh 2026-10-06),Warna: Orange,,,63 mm,,,,,,,6 m,TS end,
__export__.product_product_15139,Pipa (TS End) Kelas A Coklat 63 mm x 6 Meter,PVC SNI KELAS A,PIPA PVC SNI KELAS A · TS END,1121,Export ERP master_product_updated.xlsx (diunduh 2026-10-06),Warna: Coklat,,,63 mm,,,,,,,6 m,TS end,
product.0_S_01_182_075006_00,Pipa (TS End) Kelas A 75 mm x 6 Meter,PVC SNI KELAS A,PIPA PVC SNI KELAS A · TS END,1122,Export ERP master_product_updated.xlsx (diunduh 2026-10-06),,,,75 mm,,,,,,,6 m,TS end,
__export__.product_product_15084,Pipa (TS End) Kelas A Orange 75 mm x 6 Meter,PVC SNI KELAS A,PIPA PVC SNI KELAS A · TS END,1123,Export ERP master_product_updated.xlsx (diunduh 2026-10-06),Warna: Orange,,,75 mm,,,,,,,6 m,TS end,
__export__.product_product_15140,Pipa (TS End) Kelas A Coklat 75 mm x 6 Meter,PVC SNI KELAS A,PIPA PVC SNI KELAS A · TS END,1124,Export ERP master_product_updated.xlsx (diunduh 2026-10-06),Warna: Coklat,,,75 mm,,,,,,,6 m,TS end,
product.0_S_01_182_090006_00,Pipa (TS End) Kelas A 90 mm x 6 Meter,PVC SNI KELAS A,PIPA PVC SNI KELAS A · TS END,1125,Export ERP master_product_updated.xlsx (diunduh 2026-10-06),,,,90 mm,,,,,,,6 m,TS end,
__export__.product_product_15085,Pipa (TS End) Kelas A Orange 90 mm x 6 Meter,PVC SNI KELAS A,PIPA PVC SNI KELAS A · TS END,1126,Export ERP master_product_updated.xlsx (diunduh 2026-10-06),Warna: Orange,,,90 mm,,,,,,,6 m,TS end,
__export__.product_product_15141,Pipa (TS End) Kelas A Coklat 90 mm x 6 Meter,PVC SNI KELAS A,PIPA PVC SNI KELAS A · TS END,1127,Export ERP master_product_updated.xlsx (diunduh 2026-10-06),Warna: Coklat,,,90 mm,,,,,,,6 m,TS end,
__export__.product_product_18684,Pipa (TS End) Kelas A Coklat 110 mm x 5.8 Meter,PVC SNI KELAS A,PIPA PVC SNI KELAS A · TS END,1128,Export ERP master_product_updated.xlsx (diunduh 2026-10-06),Warna: Coklat,,,110 mm,,,,,,,5.8 m,TS end,
product.0_S_01_182_110006_00,Pipa (TS End) Kelas A 110 mm x 6 Meter,PVC SNI KELAS A,PIPA PVC SNI KELAS A · TS END,1129,Export ERP master_product_updated.xlsx (diunduh 2026-10-06),,,,110 mm,,,,,,,6 m,TS end,
__export__.product_product_15086,Pipa (TS End) Kelas A Orange 110 mm x 6 Meter,PVC SNI KELAS A,PIPA PVC SNI KELAS A · TS END,1130,Export ERP master_product_updated.xlsx (diunduh 2026-10-06),Warna: Orange,,,110 mm,,,,,,,6 m,TS end,
__export__.product_product_15142,Pipa (TS End) Kelas A Coklat 110 mm x 6 Meter,PVC SNI KELAS A,PIPA PVC SNI KELAS A · TS END,1131,Export ERP master_product_updated.xlsx (diunduh 2026-10-06),Warna: Coklat,,,110 mm,,,,,,,6 m,TS end,
product.0_S_01_182_125006_00,Pipa (TS End) Kelas A 125 mm x 6 Meter,PVC SNI KELAS A,PIPA PVC SNI KELAS A · TS END,1132,Export ERP master_product_updated.xlsx (diunduh 2026-10-06),,,,125 mm,,,,,,,6 m,TS end,
__export__.product_product_15087,Pipa (TS End) Kelas A Orange 125 mm x 6 Meter,PVC SNI KELAS A,PIPA PVC SNI KELAS A · TS END,1133,Export ERP master_product_updated.xlsx (diunduh 2026-10-06),Warna: Orange,,,125 mm,,,,,,,6 m,TS end,
__export__.product_product_15143,Pipa (TS End) Kelas A Coklat 125 mm x 6 Meter,PVC SNI KELAS A,PIPA PVC SNI KELAS A · TS END,1134,Export ERP master_product_updated.xlsx (diunduh 2026-10-06),Warna: Coklat,,,125 mm,,,,,,,6 m,TS end,
product.0_S_01_182_160006_00,Pipa (TS End) Kelas A 160 mm x 6 Meter,PVC SNI KELAS A,PIPA PVC SNI KELAS A · TS END,1135,Export ERP master_product_updated.xlsx (diunduh 2026-10-06),,,,160 mm,,,,,,,6 m,TS end,
__export__.product_product_15028,Pipa (TS End) Kelas A Orange 160 mm x 6 Meter,PVC SNI KELAS A,PIPA PVC SNI KELAS A · TS END,1136,Export ERP master_product_updated.xlsx (diunduh 2026-10-06),Warna: Orange,,,160 mm,,,,,,,6 m,TS end,
__export__.product_product_15144,Pipa (TS End) Kelas A Coklat 160 mm x 6 Meter,PVC SNI KELAS A,PIPA PVC SNI KELAS A · TS END,1137,Export ERP master_product_updated.xlsx (diunduh 2026-10-06),Warna: Coklat,,,160 mm,,,,,,,6 m,TS end,
product.0_S_01_182_200006_00,Pipa (TS End) Kelas A 200 mm x 6 Meter,PVC SNI KELAS A,PIPA PVC SNI KELAS A · TS END,1138,Export ERP master_product_updated.xlsx (diunduh 2026-10-06),,,,200 mm,,,,,,,6 m,TS end,
__export__.product_product_15088,Pipa (TS End) Kelas A Orange 200 mm x 6 Meter,PVC SNI KELAS A,PIPA PVC SNI KELAS A · TS END,1139,Export ERP master_product_updated.xlsx (diunduh 2026-10-06),Warna: Orange,,,200 mm,,,,,,,6 m,TS end,
__export__.product_product_15145,Pipa (TS End) Kelas A Coklat 200 mm x 6 Meter,PVC SNI KELAS A,PIPA PVC SNI KELAS A · TS END,1140,Export ERP master_product_updated.xlsx (diunduh 2026-10-06),Warna: Coklat,,,200 mm,,,,,,,6 m,TS end,
product.0_S_01_182_250006_00,Pipa (TS End) Kelas A 250 mm x 6 Meter,PVC SNI KELAS A,PIPA PVC SNI KELAS A · TS END,1141,Export ERP master_product_updated.xlsx (diunduh 2026-10-06),,,,250 mm,,,,,,,6 m,TS end,
__export__.product_product_15089,Pipa (TS End) Kelas A Orange 250 mm x 6 Meter,PVC SNI KELAS A,PIPA PVC SNI KELAS A · TS END,1142,Export ERP master_product_updated.xlsx (diunduh 2026-10-06),Warna: Orange,,,250 mm,,,,,,,6 m,TS end,
__export__.product_product_15146,Pipa (TS End) Kelas A Coklat 250 mm x 6 Meter,PVC SNI KELAS A,PIPA PVC SNI KELAS A · TS END,1143,Export ERP master_product_updated.xlsx (diunduh 2026-10-06),Warna: Coklat,,,250 mm,,,,,,,6 m,TS end,
product.0_S_01_182_315006_00,Pipa (TS End) Kelas A 315 mm x 6 Meter,PVC SNI KELAS A,PIPA PVC SNI KELAS A · TS END,1144,Export ERP master_product_updated.xlsx (diunduh 2026-10-06),,,,315 mm,,,,,,,6 m,TS end,
__export__.product_product_15090,Pipa (TS End) Kelas A Orange 315 mm x 6 Meter,PVC SNI KELAS A,PIPA PVC SNI KELAS A · TS END,1145,Export ERP master_product_updated.xlsx (diunduh 2026-10-06),Warna: Orange,,,315 mm,,,,,,,6 m,TS end,
__export__.product_product_15147,Pipa (TS End) Kelas A Coklat 315 mm x 6 Meter,PVC SNI KELAS A,PIPA PVC SNI KELAS A · TS END,1146,Export ERP master_product_updated.xlsx (diunduh 2026-10-06),Warna: Coklat,,,315 mm,,,,,,,6 m,TS end,
product.0_S_01_182_400006_00,Pipa (TS End) Kelas A 400 mm x 6 Meter,PVC SNI KELAS A,PIPA PVC SNI KELAS A · TS END,1147,Export ERP master_product_updated.xlsx (diunduh 2026-10-06),,,,400 mm,,,,,,,6 m,TS end,
__export__.product_product_15091,Pipa (TS End) Kelas A Orange 400 mm x 6 Meter,PVC SNI KELAS A,PIPA PVC SNI KELAS A · TS END,1148,Export ERP master_product_updated.xlsx (diunduh 2026-10-06),Warna: Orange,,,400 mm,,,,,,,6 m,TS end,
__export__.product_product_15148,Pipa (TS End) Kelas A Coklat 400 mm x 6 Meter,PVC SNI KELAS A,PIPA PVC SNI KELAS A · TS END,1149,Export ERP master_product_updated.xlsx (diunduh 2026-10-06),Warna: Coklat,,,400 mm,,,,,,,6 m,TS end,
product.0_S_01_182_500006_00,Pipa (TS End) Kelas A 500 mm x 6 Meter,PVC SNI KELAS A,PIPA PVC SNI KELAS A · TS END,1150,Export ERP master_product_updated.xlsx (diunduh 2026-10-06),,,,500 mm,,,,,,,6 m,TS end,
__export__.product_product_15092,Pipa (TS End) Kelas A Orange 500 mm x 6 Meter,PVC SNI KELAS A,PIPA PVC SNI KELAS A · TS END,1151,Export ERP master_product_updated.xlsx (diunduh 2026-10-06),Warna: Orange,,,500 mm,,,,,,,6 m,TS end,
__export__.product_product_15149,Pipa (TS End) Kelas A Coklat 500 mm x 6 Meter,PVC SNI KELAS A,PIPA PVC SNI KELAS A · TS END,1152,Export ERP master_product_updated.xlsx (diunduh 2026-10-06),Warna: Coklat,,,500 mm,,,,,,,6 m,TS end,
product.0_S_01_182_630006_00,Pipa (TS End) Kelas A 630 mm x 6 Meter,PVC SNI KELAS A,PIPA PVC SNI KELAS A · TS END,1153,Export ERP master_product_updated.xlsx (diunduh 2026-10-06),,,,630 mm,,,,,,,6 m,TS end,
__export__.product_product_15093,Pipa (TS End) Kelas A Orange 630 mm x 6 Meter,PVC SNI KELAS A,PIPA PVC SNI KELAS A · TS END,1154,Export ERP master_product_updated.xlsx (diunduh 2026-10-06),Warna: Orange,,,630 mm,,,,,,,6 m,TS end,
__export__.product_product_15150,Pipa (TS End) Kelas A Coklat 630 mm x 6 Meter,PVC SNI KELAS A,PIPA PVC SNI KELAS A · TS END,1155,Export ERP master_product_updated.xlsx (diunduh 2026-10-06),Warna: Coklat,,,630 mm,,,,,,,6 m,TS end,
product.0_S_01_183_063006_00,Pipa BE (Plain End) Kelas A 63 mm x 6 Meter,PVC SNI KELAS A,PIPA PVC SNI KELAS A · PLAIN END,1156,Export ERP master_product_updated.xlsx (diunduh 2026-10-06),,,,63 mm,,,,,,,6 m,Plain end,
product.0_S_01_183_075006_00,Pipa BE (Plain End) Kelas A 75 mm x 6 Meter,PVC SNI KELAS A,PIPA PVC SNI KELAS A · PLAIN END,1157,Export ERP master_product_updated.xlsx (diunduh 2026-10-06),,,,75 mm,,,,,,,6 m,Plain end,
product.0_S_01_183_090006_00,Pipa BE (Plain End) Kelas A 90 mm x 6 Meter,PVC SNI KELAS A,PIPA PVC SNI KELAS A · PLAIN END,1158,Export ERP master_product_updated.xlsx (diunduh 2026-10-06),,,,90 mm,,,,,,,6 m,Plain end,
product.0_S_01_183_110006_00,Pipa BE (Plain End) Kelas A 110 mm x 6 Meter,PVC SNI KELAS A,PIPA PVC SNI KELAS A · PLAIN END,1159,Export ERP master_product_updated.xlsx (diunduh 2026-10-06),,,,110 mm,,,,,,,6 m,Plain end,
product.0_S_01_183_125006_00,Pipa BE (Plain End) Kelas A 125 mm x 6 Meter,PVC SNI KELAS A,PIPA PVC SNI KELAS A · PLAIN END,1160,Export ERP master_product_updated.xlsx (diunduh 2026-10-06),,,,125 mm,,,,,,,6 m,Plain end,
product.0_S_01_183_160006_00,Pipa BE (Plain End) Kelas A 160 mm x 6 Meter,PVC SNI KELAS A,PIPA PVC SNI KELAS A · PLAIN END,1161,Export ERP master_product_updated.xlsx (diunduh 2026-10-06),,,,160 mm,,,,,,,6 m,Plain end,
product.0_S_01_183_200006_00,Pipa BE (Plain End) Kelas A 200 mm x 6 Meter,PVC SNI KELAS A,PIPA PVC SNI KELAS A · PLAIN END,1162,Export ERP master_product_updated.xlsx (diunduh 2026-10-06),,,,200 mm,,,,,,,6 m,Plain end,
product.0_S_01_183_250006_00,Pipa BE (Plain End) Kelas A 250 mm x 6 Meter,PVC SNI KELAS A,PIPA PVC SNI KELAS A · PLAIN END,1163,Export ERP master_product_updated.xlsx (diunduh 2026-10-06),,,,250 mm,,,,,,,6 m,Plain end,
product.0_S_01_183_315006_00,Pipa BE (Plain End) Kelas A 315 mm x 6 Meter,PVC SNI KELAS A,PIPA PVC SNI KELAS A · PLAIN END,1164,Export ERP master_product_updated.xlsx (diunduh 2026-10-06),,,,315 mm,,,,,,,6 m,Plain end,
product.0_S_01_183_400006_00,Pipa BE (Plain End) Kelas A 400 mm x 6 Meter,PVC SNI KELAS A,PIPA PVC SNI KELAS A · PLAIN END,1165,Export ERP master_product_updated.xlsx (diunduh 2026-10-06),,,,400 mm,,,,,,,6 m,Plain end,
product.0_S_01_183_500006_00,Pipa BE (Plain End) Kelas A 500 mm x 6 Meter,PVC SNI KELAS A,PIPA PVC SNI KELAS A · PLAIN END,1166,Export ERP master_product_updated.xlsx (diunduh 2026-10-06),,,,500 mm,,,,,,,6 m,Plain end,
product.0_S_01_183_630006_00,Pipa BE (Plain End) Kelas A 630 mm x 6 Meter,PVC SNI KELAS A,PIPA PVC SNI KELAS A · PLAIN END,1167,Export ERP master_product_updated.xlsx (diunduh 2026-10-06),,,,630 mm,,,,,,,6 m,Plain end,
product.0_S_01_184_063006_00,Pipa (Bell End) Kelas A 63 mm x 6 Meter,PVC SNI KELAS A,PIPA PVC SNI KELAS A · BELL END,1168,Export ERP master_product_updated.xlsx (diunduh 2026-10-06),,,,63 mm,,,,,,,6 m,Bell end,
__export__.product_product_15066,Pipa (Bell End) Kelas A Orange 63 mm x 6 Meter,PVC SNI KELAS A,PIPA PVC SNI KELAS A · BELL END,1169,Export ERP master_product_updated.xlsx (diunduh 2026-10-06),Warna: Orange,,,63 mm,,,,,,,6 m,Bell end,
__export__.product_product_15151,Pipa (Bell End) Kelas A Coklat 63 mm x 6 Meter,PVC SNI KELAS A,PIPA PVC SNI KELAS A · BELL END,1170,Export ERP master_product_updated.xlsx (diunduh 2026-10-06),Warna: Coklat,,,63 mm,,,,,,,6 m,Bell end,
product.0_S_01_184_075006_00,Pipa (Bell End) Kelas A 75 mm x 6 Meter,PVC SNI KELAS A,PIPA PVC SNI KELAS A · BELL END,1171,Export ERP master_product_updated.xlsx (diunduh 2026-10-06),,,,75 mm,,,,,,,6 m,Bell end,
__export__.product_product_15067,Pipa (Bell End) Kelas A Orange 75 mm x 6 Meter,PVC SNI KELAS A,PIPA PVC SNI KELAS A · BELL END,1172,Export ERP master_product_updated.xlsx (diunduh 2026-10-06),Warna: Orange,,,75 mm,,,,,,,6 m,Bell end,
__export__.product_product_15152,Pipa (Bell End) Kelas A Coklat 75 mm x 6 Meter,PVC SNI KELAS A,PIPA PVC SNI KELAS A · BELL END,1173,Export ERP master_product_updated.xlsx (diunduh 2026-10-06),Warna: Coklat,,,75 mm,,,,,,,6 m,Bell end,
product.0_S_01_184_090006_00,Pipa (Bell End) Kelas A 90 mm x 6 Meter,PVC SNI KELAS A,PIPA PVC SNI KELAS A · BELL END,1174,Export ERP master_product_updated.xlsx (diunduh 2026-10-06),,,,90 mm,,,,,,,6 m,Bell end,
__export__.product_product_15068,Pipa (Bell End) Kelas A Orange 90 mm x 6 Meter,PVC SNI KELAS A,PIPA PVC SNI KELAS A · BELL END,1175,Export ERP master_product_updated.xlsx (diunduh 2026-10-06),Warna: Orange,,,90 mm,,,,,,,6 m,Bell end,
__export__.product_product_15153,Pipa (Bell End) Kelas A Coklat 90 mm x 6 Meter,PVC SNI KELAS A,PIPA PVC SNI KELAS A · BELL END,1176,Export ERP master_product_updated.xlsx (diunduh 2026-10-06),Warna: Coklat,,,90 mm,,,,,,,6 m,Bell end,
__export__.product_product_15577,"Pipa (Bell End) Kelas A Coklat 110 mm x 5,8 Meter",PVC SNI KELAS A,PIPA PVC SNI KELAS A · BELL END,1177,Export ERP master_product_updated.xlsx (diunduh 2026-10-06),Warna: Coklat,,,110 mm,,,,,,,5.8 m,Bell end,
product.0_S_01_184_110006_00,Pipa (Bell End) Kelas A 110 mm x 6 Meter,PVC SNI KELAS A,PIPA PVC SNI KELAS A · BELL END,1178,Export ERP master_product_updated.xlsx (diunduh 2026-10-06),,,,110 mm,,,,,,,6 m,Bell end,
__export__.product_product_15065,Pipa (Bell End) Kelas A Orange 110 mm x 6 Meter,PVC SNI KELAS A,PIPA PVC SNI KELAS A · BELL END,1179,Export ERP master_product_updated.xlsx (diunduh 2026-10-06),Warna: Orange,,,110 mm,,,,,,,6 m,Bell end,
__export__.product_product_15154,Pipa (Bell End) Kelas A Coklat 110 mm x 6 Meter,PVC SNI KELAS A,PIPA PVC SNI KELAS A · BELL END,1180,Export ERP master_product_updated.xlsx (diunduh 2026-10-06),Warna: Coklat,,,110 mm,,,,,,,6 m,Bell end,
product.0_S_01_184_125006_00,Pipa (Bell End) Kelas A 125 mm x 6 Meter,PVC SNI KELAS A,PIPA PVC SNI KELAS A · BELL END,1181,Export ERP master_product_updated.xlsx (diunduh 2026-10-06),,,,125 mm,,,,,,,6 m,Bell end,
__export__.product_product_15069,Pipa (Bell End) Kelas A Orange 125 mm x 6 Meter,PVC SNI KELAS A,PIPA PVC SNI KELAS A · BELL END,1182,Export ERP master_product_updated.xlsx (diunduh 2026-10-06),Warna: Orange,,,125 mm,,,,,,,6 m,Bell end,
__export__.product_product_15155,Pipa (Bell End) Kelas A Coklat 125 mm x 6 Meter,PVC SNI KELAS A,PIPA PVC SNI KELAS A · BELL END,1183,Export ERP master_product_updated.xlsx (diunduh 2026-10-06),Warna: Coklat,,,125 mm,,,,,,,6 m,Bell end,
product.0_S_01_184_160006_00,Pipa (Bell End) Kelas A 160 mm x 6 Meter,PVC SNI KELAS A,PIPA PVC SNI KELAS A · BELL END,1184,Export ERP master_product_updated.xlsx (diunduh 2026-10-06),,,,160 mm,,,,,,,6 m,Bell end,
__export__.product_product_15070,Pipa (Bell End) Kelas A Orange 160 mm x 6 Meter,PVC SNI KELAS A,PIPA PVC SNI KELAS A · BELL END,1185,Export ERP master_product_updated.xlsx (diunduh 2026-10-06),Warna: Orange,,,160 mm,,,,,,,6 m,Bell end,
__export__.product_product_15156,Pipa (Bell End) Kelas A Coklat 160 mm x 6 Meter,PVC SNI KELAS A,PIPA PVC SNI KELAS A · BELL END,1186,Export ERP master_product_updated.xlsx (diunduh 2026-10-06),Warna: Coklat,,,160 mm,,,,,,,6 m,Bell end,
product.0_S_01_184_200006_00,Pipa (Bell End) Kelas A 200 mm x 6 Meter,PVC SNI KELAS A,PIPA PVC SNI KELAS A · BELL END,1187,Export ERP master_product_updated.xlsx (diunduh 2026-10-06),,,,200 mm,,,,,,,6 m,Bell end,
__export__.product_product_15071,Pipa (Bell End) Kelas A Orange 200 mm x 6 Meter,PVC SNI KELAS A,PIPA PVC SNI KELAS A · BELL END,1188,Export ERP master_product_updated.xlsx (diunduh 2026-10-06),Warna: Orange,,,200 mm,,,,,,,6 m,Bell end,
__export__.product_product_15157,Pipa (Bell End) Kelas A Coklat 200 mm x 6 Meter,PVC SNI KELAS A,PIPA PVC SNI KELAS A · BELL END,1189,Export ERP master_product_updated.xlsx (diunduh 2026-10-06),Warna: Coklat,,,200 mm,,,,,,,6 m,Bell end,
product.0_S_01_184_250006_00,Pipa (Bell End) Kelas A 250 mm x 6 Meter,PVC SNI KELAS A,PIPA PVC SNI KELAS A · BELL END,1190,Export ERP master_product_updated.xlsx (diunduh 2026-10-06),,,,250 mm,,,,,,,6 m,Bell end,
__export__.product_product_15072,Pipa (Bell End) Kelas A Orange 250 mm x 6 Meter,PVC SNI KELAS A,PIPA PVC SNI KELAS A · BELL END,1191,Export ERP master_product_updated.xlsx (diunduh 2026-10-06),Warna: Orange,,,250 mm,,,,,,,6 m,Bell end,
__export__.product_product_15158,Pipa (Bell End) Kelas A Coklat 250 mm x 6 Meter,PVC SNI KELAS A,PIPA PVC SNI KELAS A · BELL END,1192,Export ERP master_product_updated.xlsx (diunduh 2026-10-06),Warna: Coklat,,,250 mm,,,,,,,6 m,Bell end,
product.0_S_01_184_315006_00,Pipa (Bell End) Kelas A 315 mm x 6 Meter,PVC SNI KELAS A,PIPA PVC SNI KELAS A · BELL END,1193,Export ERP master_product_updated.xlsx (diunduh 2026-10-06),,,,315 mm,,,,,,,6 m,Bell end,
__export__.product_product_15073,Pipa (Bell End) Kelas A Orange 315 mm x 6 Meter,PVC SNI KELAS A,PIPA PVC SNI KELAS A · BELL END,1194,Export ERP master_product_updated.xlsx (diunduh 2026-10-06),Warna: Orange,,,315 mm,,,,,,,6 m,Bell end,
__export__.product_product_15159,Pipa (Bell End) Kelas A Coklat 315 mm x 6 Meter,PVC SNI KELAS A,PIPA PVC SNI KELAS A · BELL END,1195,Export ERP master_product_updated.xlsx (diunduh 2026-10-06),Warna: Coklat,,,315 mm,,,,,,,6 m,Bell end,
product.0_S_01_184_400006_00,Pipa (Bell End) Kelas A 400 mm x 6 Meter,PVC SNI KELAS A,PIPA PVC SNI KELAS A · BELL END,1196,Export ERP master_product_updated.xlsx (diunduh 2026-10-06),,,,400 mm,,,,,,,6 m,Bell end,
__export__.product_product_15074,Pipa (Bell End) Kelas A Orange 400 mm x 6 Meter,PVC SNI KELAS A,PIPA PVC SNI KELAS A · BELL END,1197,Export ERP master_product_updated.xlsx (diunduh 2026-10-06),Warna: Orange,,,400 mm,,,,,,,6 m,Bell end,
__export__.product_product_15160,Pipa (Bell End) Kelas A Coklat 400 mm x 6 Meter,PVC SNI KELAS A,PIPA PVC SNI KELAS A · BELL END,1198,Export ERP master_product_updated.xlsx (diunduh 2026-10-06),Warna: Coklat,,,400 mm,,,,,,,6 m,Bell end,
product.0_S_01_184_500006_00,Pipa (Bell End) Kelas A 500 mm x 6 Meter,PVC SNI KELAS A,PIPA PVC SNI KELAS A · BELL END,1199,Export ERP master_product_updated.xlsx (diunduh 2026-10-06),,,,500 mm,,,,,,,6 m,Bell end,
__export__.product_product_15076,Pipa (Bell End) Kelas A Orange 500 mm x 6 Meter,PVC SNI KELAS A,PIPA PVC SNI KELAS A · BELL END,1200,Export ERP master_product_updated.xlsx (diunduh 2026-10-06),Warna: Orange,,,500 mm,,,,,,,6 m,Bell end,
__export__.product_product_15161,Pipa (Bell End) Kelas A Coklat 500 mm x 6 Meter,PVC SNI KELAS A,PIPA PVC SNI KELAS A · BELL END,1201,Export ERP master_product_updated.xlsx (diunduh 2026-10-06),Warna: Coklat,,,500 mm,,,,,,,6 m,Bell end,
product.0_S_01_184_630006_00,Pipa (Bell End) Kelas A 630 mm x 6 Meter,PVC SNI KELAS A,PIPA PVC SNI KELAS A · BELL END,1202,Export ERP master_product_updated.xlsx (diunduh 2026-10-06),,,,630 mm,,,,,,,6 m,Bell end,
__export__.product_product_15077,Pipa (Bell End) Kelas A Orange 630 mm x 6 Meter,PVC SNI KELAS A,PIPA PVC SNI KELAS A · BELL END,1203,Export ERP master_product_updated.xlsx (diunduh 2026-10-06),Warna: Orange,,,630 mm,,,,,,,6 m,Bell end,
__export__.product_product_15162,Pipa (Bell End) Kelas A Coklat 630 mm x 6 Meter,PVC SNI KELAS A,PIPA PVC SNI KELAS A · BELL END,1204,Export ERP master_product_updated.xlsx (diunduh 2026-10-06),Warna: Coklat,,,630 mm,,,,,,,6 m,Bell end,
product.0_S_01_191_040006_00,Pipa TS (Plain End) Kelas B 40 mm x 6 Meter,PVC SNI KELAS B,PIPA PVC SNI KELAS B · PLAIN END,1205,Export ERP master_product_updated.xlsx (diunduh 2026-10-06),,,,40 mm,,,,,,,6 m,Plain end,
product.0_S_01_191_050006_00,Pipa TS (Plain End) Kelas B 50 mm x 6 Meter,PVC SNI KELAS B,PIPA PVC SNI KELAS B · PLAIN END,1206,Export ERP master_product_updated.xlsx (diunduh 2026-10-06),,,,50 mm,,,,,,,6 m,Plain end,
product.0_S_01_191_063006_00,Pipa TS (Plain End) Kelas B 63 mm x 6 Meter,PVC SNI KELAS B,PIPA PVC SNI KELAS B · PLAIN END,1207,Export ERP master_product_updated.xlsx (diunduh 2026-10-06),,,,63 mm,,,,,,,6 m,Plain end,
product.0_S_01_191_075006_00,Pipa TS (Plain End) Kelas B 75 mm x 6 Meter,PVC SNI KELAS B,PIPA PVC SNI KELAS B · PLAIN END,1208,Export ERP master_product_updated.xlsx (diunduh 2026-10-06),,,,75 mm,,,,,,,6 m,Plain end,
product.0_S_01_191_090006_00,Pipa TS (Plain End) Kelas B 90 mm x 6 Meter,PVC SNI KELAS B,PIPA PVC SNI KELAS B · PLAIN END,1209,Export ERP master_product_updated.xlsx (diunduh 2026-10-06),,,,90 mm,,,,,,,6 m,Plain end,
product.0_S_01_191_110006_00,Pipa TS (Plain End) Kelas B 110 mm x 6 Meter,PVC SNI KELAS B,PIPA PVC SNI KELAS B · PLAIN END,1210,Export ERP master_product_updated.xlsx (diunduh 2026-10-06),,,,110 mm,,,,,,,6 m,Plain end,
product.0_S_01_191_125006_00,Pipa TS (Plain End) Kelas B 125 mm x 6 Meter,PVC SNI KELAS B,PIPA PVC SNI KELAS B · PLAIN END,1211,Export ERP master_product_updated.xlsx (diunduh 2026-10-06),,,,125 mm,,,,,,,6 m,Plain end,
product.0_S_01_191_160006_00,Pipa TS (Plain End) Kelas B 160 mm x 6 Meter,PVC SNI KELAS B,PIPA PVC SNI KELAS B · PLAIN END,1212,Export ERP master_product_updated.xlsx (diunduh 2026-10-06),,,,160 mm,,,,,,,6 m,Plain end,
product.0_S_01_191_200006_00,Pipa TS (Plain End) Kelas B 200 mm x 6 Meter,PVC SNI KELAS B,PIPA PVC SNI KELAS B · PLAIN END,1213,Export ERP master_product_updated.xlsx (diunduh 2026-10-06),,,,200 mm,,,,,,,6 m,Plain end,
product.0_S_01_191_250006_00,Pipa TS (Plain End) Kelas B 250 mm x 6 Meter,PVC SNI KELAS B,PIPA PVC SNI KELAS B · PLAIN END,1214,Export ERP master_product_updated.xlsx (diunduh 2026-10-06),,,,250 mm,,,,,,,6 m,Plain end,
product.0_S_01_191_315006_00,Pipa TS (Plain End) Kelas B 315 mm x 6 Meter,PVC SNI KELAS B,PIPA PVC SNI KELAS B · PLAIN END,1215,Export ERP master_product_updated.xlsx (diunduh 2026-10-06),,,,315 mm,,,,,,,6 m,Plain end,
product.0_S_01_191_400006_00,Pipa TS (Plain End) Kelas B 400 mm x 6 Meter,PVC SNI KELAS B,PIPA PVC SNI KELAS B · PLAIN END,1216,Export ERP master_product_updated.xlsx (diunduh 2026-10-06),,,,400 mm,,,,,,,6 m,Plain end,
product.0_S_01_191_500006_00,Pipa TS (Plain End) Kelas B 500 mm x 6 Meter,PVC SNI KELAS B,PIPA PVC SNI KELAS B · PLAIN END,1217,Export ERP master_product_updated.xlsx (diunduh 2026-10-06),,,,500 mm,,,,,,,6 m,Plain end,
product.0_S_01_191_630006_00,Pipa TS (Plain End) Kelas B 630 mm x 6 Meter,PVC SNI KELAS B,PIPA PVC SNI KELAS B · PLAIN END,1218,Export ERP master_product_updated.xlsx (diunduh 2026-10-06),,,,630 mm,,,,,,,6 m,Plain end,
product.0_S_01_192_040006_00,Pipa (TS End) Kelas B 40 mm x 6 Meter,PVC SNI KELAS B,PIPA PVC SNI KELAS B · TS END,1219,Export ERP master_product_updated.xlsx (diunduh 2026-10-06),,,,40 mm,,,,,,,6 m,TS end,
__export__.product_product_15094,Pipa (TS End) Kelas B Orange 40 mm x 6 Meter,PVC SNI KELAS B,PIPA PVC SNI KELAS B · TS END,1220,Export ERP master_product_updated.xlsx (diunduh 2026-10-06),Warna: Orange,,,40 mm,,,,,,,6 m,TS end,
__export__.product_product_15163,Pipa (TS End) Kelas B Coklat 40 mm x 6 Meter,PVC SNI KELAS B,PIPA PVC SNI KELAS B · TS END,1221,Export ERP master_product_updated.xlsx (diunduh 2026-10-06),Warna: Coklat,,,40 mm,,,,,,,6 m,TS end,
product.0_S_01_192_050006_00,Pipa (TS End) Kelas B 50 mm x 6 Meter,PVC SNI KELAS B,PIPA PVC SNI KELAS B · TS END,1222,Export ERP master_product_updated.xlsx (diunduh 2026-10-06),,,,50 mm,,,,,,,6 m,TS end,
__export__.product_product_15095,Pipa (TS End) Kelas B Orange 50 mm x 6 Meter,PVC SNI KELAS B,PIPA PVC SNI KELAS B · TS END,1223,Export ERP master_product_updated.xlsx (diunduh 2026-10-06),Warna: Orange,,,50 mm,,,,,,,6 m,TS end,
__export__.product_product_15164,Pipa (TS End) Kelas B Coklat 50 mm x 6 Meter,PVC SNI KELAS B,PIPA PVC SNI KELAS B · TS END,1224,Export ERP master_product_updated.xlsx (diunduh 2026-10-06),Warna: Coklat,,,50 mm,,,,,,,6 m,TS end,
product.0_S_01_192_063006_00,Pipa (TS End) Kelas B 63 mm x 6 Meter,PVC SNI KELAS B,PIPA PVC SNI KELAS B · TS END,1225,Export ERP master_product_updated.xlsx (diunduh 2026-10-06),,,,63 mm,,,,,,,6 m,TS end,
__export__.product_product_15097,Pipa (TS End) Kelas B Orange 63 mm x 6 Meter,PVC SNI KELAS B,PIPA PVC SNI KELAS B · TS END,1226,Export ERP master_product_updated.xlsx (diunduh 2026-10-06),Warna: Orange,,,63 mm,,,,,,,6 m,TS end,
__export__.product_product_15165,Pipa (TS End) Kelas B Coklat 63 mm x 6 Meter,PVC SNI KELAS B,PIPA PVC SNI KELAS B · TS END,1227,Export ERP master_product_updated.xlsx (diunduh 2026-10-06),Warna: Coklat,,,63 mm,,,,,,,6 m,TS end,
product.0_S_01_192_075006_00,Pipa (TS End) Kelas B 75 mm x 6 Meter,PVC SNI KELAS B,PIPA PVC SNI KELAS B · TS END,1228,Export ERP master_product_updated.xlsx (diunduh 2026-10-06),,,,75 mm,,,,,,,6 m,TS end,
__export__.product_product_15098,Pipa (TS End) Kelas B Orange 75 mm x 6 Meter,PVC SNI KELAS B,PIPA PVC SNI KELAS B · TS END,1229,Export ERP master_product_updated.xlsx (diunduh 2026-10-06),Warna: Orange,,,75 mm,,,,,,,6 m,TS end,
__export__.product_product_15166,Pipa (TS End) Kelas B Coklat 75 mm x 6 Meter,PVC SNI KELAS B,PIPA PVC SNI KELAS B · TS END,1230,Export ERP master_product_updated.xlsx (diunduh 2026-10-06),Warna: Coklat,,,75 mm,,,,,,,6 m,TS end,
product.0_S_01_192_090006_00,Pipa (TS End) Kelas B 90 mm x 6 Meter,PVC SNI KELAS B,PIPA PVC SNI KELAS B · TS END,1231,Export ERP master_product_updated.xlsx (diunduh 2026-10-06),,,,90 mm,,,,,,,6 m,TS end,
__export__.product_product_14954,Pipa (TS End) Kelas B Orange 90 mm x 6 Meter,PVC SNI KELAS B,PIPA PVC SNI KELAS B · TS END,1232,Export ERP master_product_updated.xlsx (diunduh 2026-10-06),Warna: Orange,,,90 mm,,,,,,,6 m,TS end,
__export__.product_product_15167,Pipa (TS End) Kelas B Coklat 90 mm x 6 Meter,PVC SNI KELAS B,PIPA PVC SNI KELAS B · TS END,1233,Export ERP master_product_updated.xlsx (diunduh 2026-10-06),Warna: Coklat,,,90 mm,,,,,,,6 m,TS end,
__export__.product_product_19742,Pipa (TS End) Kelas B Coklat 110 mm x 4 Meter,PVC SNI KELAS B,PIPA PVC SNI KELAS B · TS END,1234,Export ERP master_product_updated.xlsx (diunduh 2026-10-06),Warna: Coklat,,,110 mm,,,,,,,4 m,TS end,
__export__.product_product_18686,Pipa (TS End) Kelas B Coklat 110 mm x 5.8 Meter,PVC SNI KELAS B,PIPA PVC SNI KELAS B · TS END,1235,Export ERP master_product_updated.xlsx (diunduh 2026-10-06),Warna: Coklat,,,110 mm,,,,,,,5.8 m,TS end,
product.0_S_01_192_110006_00,Pipa (TS End) Kelas B 110 mm x 6 Meter,PVC SNI KELAS B,PIPA PVC SNI KELAS B · TS END,1236,Export ERP master_product_updated.xlsx (diunduh 2026-10-06),,,,110 mm,,,,,,,6 m,TS end,
__export__.product_product_15099,Pipa (TS End) Kelas B Orange 110 mm x 6 Meter,PVC SNI KELAS B,PIPA PVC SNI KELAS B · TS END,1237,Export ERP master_product_updated.xlsx (diunduh 2026-10-06),Warna: Orange,,,110 mm,,,,,,,6 m,TS end,
__export__.product_product_15168,Pipa (TS End) Kelas B Coklat 110 mm x 6 Meter,PVC SNI KELAS B,PIPA PVC SNI KELAS B · TS END,1238,Export ERP master_product_updated.xlsx (diunduh 2026-10-06),Warna: Coklat,,,110 mm,,,,,,,6 m,TS end,
product.0_S_01_192_125006_00,Pipa (TS End) Kelas B 125 mm x 6 Meter,PVC SNI KELAS B,PIPA PVC SNI KELAS B · TS END,1239,Export ERP master_product_updated.xlsx (diunduh 2026-10-06),,,,125 mm,,,,,,,6 m,TS end,
__export__.product_product_15100,Pipa (TS End) Kelas B Orange 125 mm x 6 Meter,PVC SNI KELAS B,PIPA PVC SNI KELAS B · TS END,1240,Export ERP master_product_updated.xlsx (diunduh 2026-10-06),Warna: Orange,,,125 mm,,,,,,,6 m,TS end,
__export__.product_product_15169,Pipa (TS End) Kelas B Coklat 125 mm x 6 Meter,PVC SNI KELAS B,PIPA PVC SNI KELAS B · TS END,1241,Export ERP master_product_updated.xlsx (diunduh 2026-10-06),Warna: Coklat,,,125 mm,,,,,,,6 m,TS end,
__export__.product_product_15608,"Pipa (TS End) Kelas B Coklat 160 mm x 5,8 Meter",PVC SNI KELAS B,PIPA PVC SNI KELAS B · TS END,1242,Export ERP master_product_updated.xlsx (diunduh 2026-10-06),Warna: Coklat,,,160 mm,,,,,,,5.8 m,TS end,
product.0_S_01_192_160006_00,Pipa (TS End) Kelas B 160 mm x 6 Meter,PVC SNI KELAS B,PIPA PVC SNI KELAS B · TS END,1243,Export ERP master_product_updated.xlsx (diunduh 2026-10-06),,,,160 mm,,,,,,,6 m,TS end,
__export__.product_product_15030,Pipa (TS End) Kelas B Orange 160 mm x 6 Meter,PVC SNI KELAS B,PIPA PVC SNI KELAS B · TS END,1244,Export ERP master_product_updated.xlsx (diunduh 2026-10-06),Warna: Orange,,,160 mm,,,,,,,6 m,TS end,
__export__.product_product_15170,Pipa (TS End) Kelas B Coklat 160 mm x 6 Meter,PVC SNI KELAS B,PIPA PVC SNI KELAS B · TS END,1245,Export ERP master_product_updated.xlsx (diunduh 2026-10-06),Warna: Coklat,,,160 mm,,,,,,,6 m,TS end,
__export__.product_product_19743,Pipa (TS End) Kelas B Coklat 200 mm x 4 Meter,PVC SNI KELAS B,PIPA PVC SNI KELAS B · TS END,1246,Export ERP master_product_updated.xlsx (diunduh 2026-10-06),Warna: Coklat,,,200 mm,,,,,,,4 m,TS end,
product.0_S_01_192_200006_00,Pipa (TS End) Kelas B 200 mm x 6 Meter,PVC SNI KELAS B,PIPA PVC SNI KELAS B · TS END,1247,Export ERP master_product_updated.xlsx (diunduh 2026-10-06),,,,200 mm,,,,,,,6 m,TS end,
__export__.product_product_15101,Pipa (TS End) Kelas B Orange 200 mm x 6 Meter,PVC SNI KELAS B,PIPA PVC SNI KELAS B · TS END,1248,Export ERP master_product_updated.xlsx (diunduh 2026-10-06),Warna: Orange,,,200 mm,,,,,,,6 m,TS end,
__export__.product_product_15171,Pipa (TS End) Kelas B Coklat 200 mm x 6 Meter,PVC SNI KELAS B,PIPA PVC SNI KELAS B · TS END,1249,Export ERP master_product_updated.xlsx (diunduh 2026-10-06),Warna: Coklat,,,200 mm,,,,,,,6 m,TS end,
product.0_S_01_192_250006_00,Pipa (TS End) Kelas B 250 mm x 6 Meter,PVC SNI KELAS B,PIPA PVC SNI KELAS B · TS END,1250,Export ERP master_product_updated.xlsx (diunduh 2026-10-06),,,,250 mm,,,,,,,6 m,TS end,
__export__.product_product_15102,Pipa (TS End) Kelas B Orange 250 mm x 6 Meter,PVC SNI KELAS B,PIPA PVC SNI KELAS B · TS END,1251,Export ERP master_product_updated.xlsx (diunduh 2026-10-06),Warna: Orange,,,250 mm,,,,,,,6 m,TS end,
__export__.product_product_15172,Pipa (TS End) Kelas B Coklat 250 mm x 6 Meter,PVC SNI KELAS B,PIPA PVC SNI KELAS B · TS END,1252,Export ERP master_product_updated.xlsx (diunduh 2026-10-06),Warna: Coklat,,,250 mm,,,,,,,6 m,TS end,
product.0_S_01_192_315006_00,Pipa (TS End) Kelas B 315 mm x 6 Meter,PVC SNI KELAS B,PIPA PVC SNI KELAS B · TS END,1253,Export ERP master_product_updated.xlsx (diunduh 2026-10-06),,,,315 mm,,,,,,,6 m,TS end,
__export__.product_product_15103,Pipa (TS End) Kelas B Orange 315 mm x 6 Meter,PVC SNI KELAS B,PIPA PVC SNI KELAS B · TS END,1254,Export ERP master_product_updated.xlsx (diunduh 2026-10-06),Warna: Orange,,,315 mm,,,,,,,6 m,TS end,
__export__.product_product_15173,Pipa (TS End) Kelas B Coklat 315 mm x 6 Meter,PVC SNI KELAS B,PIPA PVC SNI KELAS B · TS END,1255,Export ERP master_product_updated.xlsx (diunduh 2026-10-06),Warna: Coklat,,,315 mm,,,,,,,6 m,TS end,
product.0_S_01_192_400006_00,Pipa (TS End) Kelas B 400 mm x 6 Meter,PVC SNI KELAS B,PIPA PVC SNI KELAS B · TS END,1256,Export ERP master_product_updated.xlsx (diunduh 2026-10-06),,,,400 mm,,,,,,,6 m,TS end,
__export__.product_product_15104,Pipa (TS End) Kelas B Orange 400 mm x 6 Meter,PVC SNI KELAS B,PIPA PVC SNI KELAS B · TS END,1257,Export ERP master_product_updated.xlsx (diunduh 2026-10-06),Warna: Orange,,,400 mm,,,,,,,6 m,TS end,
__export__.product_product_15174,Pipa (TS End) Kelas B Coklat 400 mm x 6 Meter,PVC SNI KELAS B,PIPA PVC SNI KELAS B · TS END,1258,Export ERP master_product_updated.xlsx (diunduh 2026-10-06),Warna: Coklat,,,400 mm,,,,,,,6 m,TS end,
product.0_S_01_192_500006_00,Pipa (TS End) Kelas B 500 mm x 6 Meter,PVC SNI KELAS B,PIPA PVC SNI KELAS B · TS END,1259,Export ERP master_product_updated.xlsx (diunduh 2026-10-06),,,,500 mm,,,,,,,6 m,TS end,
__export__.product_product_15105,Pipa (TS End) Kelas B Orange 500 mm x 6 Meter,PVC SNI KELAS B,PIPA PVC SNI KELAS B · TS END,1260,Export ERP master_product_updated.xlsx (diunduh 2026-10-06),Warna: Orange,,,500 mm,,,,,,,6 m,TS end,
__export__.product_product_15175,Pipa (TS End) Kelas B Coklat 500 mm x 6 Meter,PVC SNI KELAS B,PIPA PVC SNI KELAS B · TS END,1261,Export ERP master_product_updated.xlsx (diunduh 2026-10-06),Warna: Coklat,,,500 mm,,,,,,,6 m,TS end,
product.0_S_01_192_630006_00,Pipa (TS End) Kelas B 630 mm x 6 Meter,PVC SNI KELAS B,PIPA PVC SNI KELAS B · TS END,1262,Export ERP master_product_updated.xlsx (diunduh 2026-10-06),,,,630 mm,,,,,,,6 m,TS end,
__export__.product_product_15106,Pipa (TS End) Kelas B Orange 630 mm x 6 Meter,PVC SNI KELAS B,PIPA PVC SNI KELAS B · TS END,1263,Export ERP master_product_updated.xlsx (diunduh 2026-10-06),Warna: Orange,,,630 mm,,,,,,,6 m,TS end,
__export__.product_product_15176,Pipa (TS End) Kelas B Coklat 630 mm x 6 Meter,PVC SNI KELAS B,PIPA PVC SNI KELAS B · TS END,1264,Export ERP master_product_updated.xlsx (diunduh 2026-10-06),Warna: Coklat,,,630 mm,,,,,,,6 m,TS end,
product.0_S_01_193_063006_00,Pipa BE (Plain End) Kelas B 63 mm x 6 Meter,PVC SNI KELAS B,PIPA PVC SNI KELAS B · PLAIN END,1265,Export ERP master_product_updated.xlsx (diunduh 2026-10-06),,,,63 mm,,,,,,,6 m,Plain end,
product.0_S_01_193_075006_00,Pipa BE (Plain End) Kelas B 75 mm x 6 Meter,PVC SNI KELAS B,PIPA PVC SNI KELAS B · PLAIN END,1266,Export ERP master_product_updated.xlsx (diunduh 2026-10-06),,,,75 mm,,,,,,,6 m,Plain end,
product.0_S_01_193_090006_00,Pipa BE (Plain End) Kelas B 90 mm x 6 Meter,PVC SNI KELAS B,PIPA PVC SNI KELAS B · PLAIN END,1267,Export ERP master_product_updated.xlsx (diunduh 2026-10-06),,,,90 mm,,,,,,,6 m,Plain end,
product.0_S_01_193_110006_00,Pipa BE (Plain End) Kelas B 110 mm x 6 Meter,PVC SNI KELAS B,PIPA PVC SNI KELAS B · PLAIN END,1268,Export ERP master_product_updated.xlsx (diunduh 2026-10-06),,,,110 mm,,,,,,,6 m,Plain end,
product.0_S_01_193_125006_00,Pipa BE (Plain End) Kelas B 125 mm x 6 Meter,PVC SNI KELAS B,PIPA PVC SNI KELAS B · PLAIN END,1269,Export ERP master_product_updated.xlsx (diunduh 2026-10-06),,,,125 mm,,,,,,,6 m,Plain end,
product.0_S_01_193_160006_00,Pipa BE (Plain End) Kelas B 160 mm x 6 Meter,PVC SNI KELAS B,PIPA PVC SNI KELAS B · PLAIN END,1270,Export ERP master_product_updated.xlsx (diunduh 2026-10-06),,,,160 mm,,,,,,,6 m,Plain end,
product.0_S_01_193_200006_00,Pipa BE (Plain End) Kelas B 200 mm x 6 Meter,PVC SNI KELAS B,PIPA PVC SNI KELAS B · PLAIN END,1271,Export ERP master_product_updated.xlsx (diunduh 2026-10-06),,,,200 mm,,,,,,,6 m,Plain end,
product.0_S_01_193_250006_00,Pipa BE (Plain End) Kelas B 250 mm x 6 Meter,PVC SNI KELAS B,PIPA PVC SNI KELAS B · PLAIN END,1272,Export ERP master_product_updated.xlsx (diunduh 2026-10-06),,,,250 mm,,,,,,,6 m,Plain end,
product.0_S_01_193_315006_00,Pipa BE (Plain End) Kelas B 315 mm x 6 Meter,PVC SNI KELAS B,PIPA PVC SNI KELAS B · PLAIN END,1273,Export ERP master_product_updated.xlsx (diunduh 2026-10-06),,,,315 mm,,,,,,,6 m,Plain end,
product.0_S_01_193_400006_00,Pipa BE (Plain End) Kelas B 400 mm x 6 Meter,PVC SNI KELAS B,PIPA PVC SNI KELAS B · PLAIN END,1274,Export ERP master_product_updated.xlsx (diunduh 2026-10-06),,,,400 mm,,,,,,,6 m,Plain end,
product.0_S_01_193_500006_00,Pipa BE (Plain End) Kelas B 500 mm x 6 Meter,PVC SNI KELAS B,PIPA PVC SNI KELAS B · PLAIN END,1275,Export ERP master_product_updated.xlsx (diunduh 2026-10-06),,,,500 mm,,,,,,,6 m,Plain end,
product.0_S_01_193_630006_00,Pipa BE (Plain End) Kelas B 630 mm x 6 Meter,PVC SNI KELAS B,PIPA PVC SNI KELAS B · PLAIN END,1276,Export ERP master_product_updated.xlsx (diunduh 2026-10-06),,,,630 mm,,,,,,,6 m,Plain end,
product.0_S_01_194_063006_00,Pipa (Bell End) Kelas B 63 mm x 6 Meter,PVC SNI KELAS B,PIPA PVC SNI KELAS B · BELL END,1277,Export ERP master_product_updated.xlsx (diunduh 2026-10-06),,,,63 mm,,,,,,,6 m,Bell end,
__export__.product_product_15107,Pipa (Bell End) Kelas B Orange 63 mm x 6 Meter,PVC SNI KELAS B,PIPA PVC SNI KELAS B · BELL END,1278,Export ERP master_product_updated.xlsx (diunduh 2026-10-06),Warna: Orange,,,63 mm,,,,,,,6 m,Bell end,
__export__.product_product_15177,Pipa (Bell End) Kelas B Coklat 63 mm x 6 Meter,PVC SNI KELAS B,PIPA PVC SNI KELAS B · BELL END,1279,Export ERP master_product_updated.xlsx (diunduh 2026-10-06),Warna: Coklat,,,63 mm,,,,,,,6 m,Bell end,
product.0_S_01_194_075006_00,Pipa (Bell End) Kelas B 75 mm x 6 Meter,PVC SNI KELAS B,PIPA PVC SNI KELAS B · BELL END,1280,Export ERP master_product_updated.xlsx (diunduh 2026-10-06),,,,75 mm,,,,,,,6 m,Bell end,
__export__.product_product_15108,Pipa (Bell End) Kelas B Orange 75 mm x 6 Meter,PVC SNI KELAS B,PIPA PVC SNI KELAS B · BELL END,1281,Export ERP master_product_updated.xlsx (diunduh 2026-10-06),Warna: Orange,,,75 mm,,,,,,,6 m,Bell end,
__export__.product_product_15178,Pipa (Bell End) Kelas B Coklat 75 mm x 6 Meter,PVC SNI KELAS B,PIPA PVC SNI KELAS B · BELL END,1282,Export ERP master_product_updated.xlsx (diunduh 2026-10-06),Warna: Coklat,,,75 mm,,,,,,,6 m,Bell end,
__export__.product_product_16703,"Pipa (Bell End) Kelas B Coklat 90 mm x 5,8 Meter",PVC SNI KELAS B,PIPA PVC SNI KELAS B · BELL END,1283,Export ERP master_product_updated.xlsx (diunduh 2026-10-06),Warna: Coklat,,,90 mm,,,,,,,5.8 m,Bell end,
product.0_S_01_194_090006_00,Pipa (Bell End) Kelas B 90 mm x 6 Meter,PVC SNI KELAS B,PIPA PVC SNI KELAS B · BELL END,1284,Export ERP master_product_updated.xlsx (diunduh 2026-10-06),,,,90 mm,,,,,,,6 m,Bell end,
__export__.product_product_15109,Pipa (Bell End) Kelas B Orange 90 mm x 6 Meter,PVC SNI KELAS B,PIPA PVC SNI KELAS B · BELL END,1285,Export ERP master_product_updated.xlsx (diunduh 2026-10-06),Warna: Orange,,,90 mm,,,,,,,6 m,Bell end,
__export__.product_product_15179,Pipa (Bell End) Kelas B Coklat 90 mm x 6 Meter,PVC SNI KELAS B,PIPA PVC SNI KELAS B · BELL END,1286,Export ERP master_product_updated.xlsx (diunduh 2026-10-06),Warna: Coklat,,,90 mm,,,,,,,6 m,Bell end,
__export__.product_product_19740,Pipa (Bell End) Kelas B Coklat 110 mm x 4 Meter,PVC SNI KELAS B,PIPA PVC SNI KELAS B · BELL END,1287,Export ERP master_product_updated.xlsx (diunduh 2026-10-06),Warna: Coklat,,,110 mm,,,,,,,4 m,Bell end,
__export__.product_product_15282,Pipa (Bell End) Kelas B Coklat 110 mm x 5.8 Meter,PVC SNI KELAS B,PIPA PVC SNI KELAS B · BELL END,1288,Export ERP master_product_updated.xlsx (diunduh 2026-10-06),Warna: Coklat,,,110 mm,,,,,,,5.8 m,Bell end,
product.0_S_01_194_110006_00,Pipa (Bell End) Kelas B 110 mm x 6 Meter,PVC SNI KELAS B,PIPA PVC SNI KELAS B · BELL END,1289,Export ERP master_product_updated.xlsx (diunduh 2026-10-06),,,,110 mm,,,,,,,6 m,Bell end,
__export__.product_product_14956,Pipa (Bell End) Kelas B Orange 110 mm x 6 Meter,PVC SNI KELAS B,PIPA PVC SNI KELAS B · BELL END,1290,Export ERP master_product_updated.xlsx (diunduh 2026-10-06),Warna: Orange,,,110 mm,,,,,,,6 m,Bell end,
__export__.product_product_15180,Pipa (Bell End) Kelas B Coklat 110 mm x 6 Meter,PVC SNI KELAS B,PIPA PVC SNI KELAS B · BELL END,1291,Export ERP master_product_updated.xlsx (diunduh 2026-10-06),Warna: Coklat,,,110 mm,,,,,,,6 m,Bell end,
product.0_S_01_194_125006_00,Pipa (Bell End) Kelas B 125 mm x 6 Meter,PVC SNI KELAS B,PIPA PVC SNI KELAS B · BELL END,1292,Export ERP master_product_updated.xlsx (diunduh 2026-10-06),,,,125 mm,,,,,,,6 m,Bell end,
__export__.product_product_15110,Pipa (Bell End) Kelas B Orange 125 mm x 6 Meter,PVC SNI KELAS B,PIPA PVC SNI KELAS B · BELL END,1293,Export ERP master_product_updated.xlsx (diunduh 2026-10-06),Warna: Orange,,,125 mm,,,,,,,6 m,Bell end,
__export__.product_product_15181,Pipa (Bell End) Kelas B Coklat 125 mm x 6 Meter,PVC SNI KELAS B,PIPA PVC SNI KELAS B · BELL END,1294,Export ERP master_product_updated.xlsx (diunduh 2026-10-06),Warna: Coklat,,,125 mm,,,,,,,6 m,Bell end,
__export__.product_product_15318,Pipa (Bell End) Kelas B Coklat 160 mm x 5.8 Meter,PVC SNI KELAS B,PIPA PVC SNI KELAS B · BELL END,1295,Export ERP master_product_updated.xlsx (diunduh 2026-10-06),Warna: Coklat,,,160 mm,,,,,,,5.8 m,Bell end,
product.0_S_01_194_160006_00,Pipa (Bell End) Kelas B 160 mm x 6 Meter,PVC SNI KELAS B,PIPA PVC SNI KELAS B · BELL END,1296,Export ERP master_product_updated.xlsx (diunduh 2026-10-06),,,,160 mm,,,,,,,6 m,Bell end,
__export__.product_product_14957,Pipa (Bell End) Kelas B Orange 160 mm x 6 Meter,PVC SNI KELAS B,PIPA PVC SNI KELAS B · BELL END,1297,Export ERP master_product_updated.xlsx (diunduh 2026-10-06),Warna: Orange,,,160 mm,,,,,,,6 m,Bell end,
__export__.product_product_15182,Pipa (Bell End) Kelas B Coklat 160 mm x 6 Meter,PVC SNI KELAS B,PIPA PVC SNI KELAS B · BELL END,1298,Export ERP master_product_updated.xlsx (diunduh 2026-10-06),Warna: Coklat,,,160 mm,,,,,,,6 m,Bell end,
__export__.product_product_19741,Pipa (Bell End) Kelas B Coklat 200mm x 4 Meter,PVC SNI KELAS B,PIPA PVC SNI KELAS B · BELL END,1299,Export ERP master_product_updated.xlsx (diunduh 2026-10-06),Warna: Coklat,,,200 mm,,,,,,,4 m,Bell end,
__export__.product_product_15319,Pipa (Bell End) Kelas B Coklat 200 mm x 5.8 Meter,PVC SNI KELAS B,PIPA PVC SNI KELAS B · BELL END,1300,Export ERP master_product_updated.xlsx (diunduh 2026-10-06),Warna: Coklat,,,200 mm,,,,,,,5.8 m,Bell end,
product.0_S_01_194_200006_00,Pipa (Bell End) Kelas B 200 mm x 6 Meter,PVC SNI KELAS B,PIPA PVC SNI KELAS B · BELL END,1301,Export ERP master_product_updated.xlsx (diunduh 2026-10-06),,,,200 mm,,,,,,,6 m,Bell end,
__export__.product_product_15183,Pipa (Bell End) Kelas B Coklat 200 mm x 6 Meter,PVC SNI KELAS B,PIPA PVC SNI KELAS B · BELL END,1302,Export ERP master_product_updated.xlsx (diunduh 2026-10-06),Warna: Coklat,,,200 mm,,,,,,,6 m,Bell end,
__export__.product_product_16529,Pipa (Bell End) Kelas B Coklat 250 mm x 5.8 Meter,PVC SNI KELAS B,PIPA PVC SNI KELAS B · BELL END,1303,Export ERP master_product_updated.xlsx (diunduh 2026-10-06),Warna: Coklat,,,250 mm,,,,,,,5.8 m,Bell end,
product.0_S_01_194_250006_00,Pipa (Bell End) Kelas B 250 mm x 6 Meter,PVC SNI KELAS B,PIPA PVC SNI KELAS B · BELL END,1304,Export ERP master_product_updated.xlsx (diunduh 2026-10-06),,,,250 mm,,,,,,,6 m,Bell end,
__export__.product_product_15184,Pipa (Bell End) Kelas B Orange 250 mm x 6 Meter,PVC SNI KELAS B,PIPA PVC SNI KELAS B · BELL END,1305,Export ERP master_product_updated.xlsx (diunduh 2026-10-06),Warna: Orange,,,250 mm,,,,,,,6 m,Bell end,
__export__.product_product_15185,Pipa (Bell End) Kelas B Coklat 250 mm x 6 Meter,PVC SNI KELAS B,PIPA PVC SNI KELAS B · BELL END,1306,Export ERP master_product_updated.xlsx (diunduh 2026-10-06),Warna: Coklat,,,250 mm,,,,,,,6 m,Bell end,
__export__.product_product_15310,Pipa (Bell End) Kelas B Coklat 315 mm x 5.8 Meter,PVC SNI KELAS B,PIPA PVC SNI KELAS B · BELL END,1307,Export ERP master_product_updated.xlsx (diunduh 2026-10-06),Warna: Coklat,,,315 mm,,,,,,,5.8 m,Bell end,
product.0_S_01_194_315006_00,Pipa (Bell End) Kelas B 315 mm x 6 Meter,PVC SNI KELAS B,PIPA PVC SNI KELAS B · BELL END,1308,Export ERP master_product_updated.xlsx (diunduh 2026-10-06),,,,315 mm,,,,,,,6 m,Bell end,
__export__.product_product_15186,Pipa (Bell End) Kelas B Coklat 315 mm x 6 Meter,PVC SNI KELAS B,PIPA PVC SNI KELAS B · BELL END,1309,Export ERP master_product_updated.xlsx (diunduh 2026-10-06),Warna: Coklat,,,315 mm,,,,,,,6 m,Bell end,
__export__.product_product_10378,Pipa (Bell End) Kelas B 355 mm x 6 Meter,PVC SNI KELAS B,PIPA PVC SNI KELAS B · BELL END,1310,Export ERP master_product_updated.xlsx (diunduh 2026-10-06),,,,355 mm,,,,,,,6 m,Bell end,
__export__.product_product_15187,Pipa (Bell End) Kelas B Coklat 355 mm x 6 Meter,PVC SNI KELAS B,PIPA PVC SNI KELAS B · BELL END,1311,Export ERP master_product_updated.xlsx (diunduh 2026-10-06),Warna: Coklat,,,355 mm,,,,,,,6 m,Bell end,
__export__.product_product_17174,Pipa (Bell End) Kelas B Coklat 400 mm x 5.8 Meter,PVC SNI KELAS B,PIPA PVC SNI KELAS B · BELL END,1312,Export ERP master_product_updated.xlsx (diunduh 2026-10-06),Warna: Coklat,,,400 mm,,,,,,,5.8 m,Bell end,
product.0_S_01_194_400006_00,Pipa (Bell End) Kelas B 400 mm x 6 Meter,PVC SNI KELAS B,PIPA PVC SNI KELAS B · BELL END,1313,Export ERP master_product_updated.xlsx (diunduh 2026-10-06),,,,400 mm,,,,,,,6 m,Bell end,
__export__.product_product_15188,Pipa (Bell End) Kelas B Coklat 400 mm x 6 Meter,PVC SNI KELAS B,PIPA PVC SNI KELAS B · BELL END,1314,Export ERP master_product_updated.xlsx (diunduh 2026-10-06),Warna: Coklat,,,400 mm,,,,,,,6 m,Bell end,
product.0_S_01_194_500006_00,Pipa (Bell End) Kelas B 500 mm x 6 Meter,PVC SNI KELAS B,PIPA PVC SNI KELAS B · BELL END,1315,Export ERP master_product_updated.xlsx (diunduh 2026-10-06),,,,500 mm,,,,,,,6 m,Bell end,
__export__.product_product_15189,Pipa (Bell End) Kelas B Coklat 500 mm x 6 Meter,PVC SNI KELAS B,PIPA PVC SNI KELAS B · BELL END,1316,Export ERP master_product_updated.xlsx (diunduh 2026-10-06),Warna: Coklat,,,500 mm,,,,,,,6 m,Bell end,
product.0_S_01_194_630006_00,Pipa (Bell End) Kelas B 630 mm x 6 Meter,PVC SNI KELAS B,PIPA PVC SNI KELAS B · BELL END,1317,Export ERP master_product_updated.xlsx (diunduh 2026-10-06),,,,630 mm,,,,,,,6 m,Bell end,
__export__.product_product_15190,Pipa (Bell End) Kelas B Coklat 630 mm x 6 Meter,PVC SNI KELAS B,PIPA PVC SNI KELAS B · BELL END,1318,Export ERP master_product_updated.xlsx (diunduh 2026-10-06),Warna: Coklat,,,630 mm,,,,,,,6 m,Bell end,
product.0_S_01_201_036006_00,Pipa Type I (TS End) 36 mm x 6 Meter,PVC SNI TYPE I,PIPA PVC SNI TYPE I · TS END,1319,Export ERP master_product_updated.xlsx (diunduh 2026-10-06),,,,36 mm,,,,,,,6 m,TS end,
product.0_S_01_201_036400_00,Pipa Type I (TS End) 36 mm x 4 Meter,PVC SNI TYPE I,PIPA PVC SNI TYPE I · TS END,1320,Export ERP master_product_updated.xlsx (diunduh 2026-10-06),,,,36 mm,,,,,,,4 m,TS end,
product.0_S_01_201_068004_00,Pipa Type I (TS End) 68 mm x 4 Meter,PVC SNI TYPE I,PIPA PVC SNI TYPE I · TS END,1321,Export ERP master_product_updated.xlsx (diunduh 2026-10-06),,,,68 mm,,,,,,,4 m,TS end,
product.0_S_01_201_068006_00,Pipa Type I (TS End) 68 mm x 6 Meter,PVC SNI TYPE I,PIPA PVC SNI TYPE I · TS END,1322,Export ERP master_product_updated.xlsx (diunduh 2026-10-06),,,,68 mm,,,,,,,6 m,TS end,
product.0_S_01_201_111004_00,Pipa Type I (TS End) 111 mm x 4 Meter,PVC SNI TYPE I,PIPA PVC SNI TYPE I · TS END,1323,Export ERP master_product_updated.xlsx (diunduh 2026-10-06),,,,111 mm,,,,,,,4 m,TS end,
product.0_S_01_201_111006_00,Pipa Type I (TS End) 111 mm x 6 Meter,PVC SNI TYPE I,PIPA PVC SNI TYPE I · TS END,1324,Export ERP master_product_updated.xlsx (diunduh 2026-10-06),,,,111 mm,,,,,,,6 m,TS end,
product.0_S_01_202_034004_00,Pipa Type II (TS End) 34 mm x 4 Meter,PVC SNI TYPE II,PIPA PVC SNI TYPE II · TS END,1325,Export ERP master_product_updated.xlsx (diunduh 2026-10-06),,,,34 mm,,,,,,,4 m,TS end,
product.0_S_01_202_034006_00,Pipa Type II (TS End) 34 mm x 6 Meter,PVC SNI TYPE II,PIPA PVC SNI TYPE II · TS END,1326,Export ERP master_product_updated.xlsx (diunduh 2026-10-06),,,,34 mm,,,,,,,6 m,TS end,
product.0_S_01_202_064004_00,Pipa Type II (TS End) 64 mm x 4 Meter,PVC SNI TYPE II,PIPA PVC SNI TYPE II · TS END,1327,Export ERP master_product_updated.xlsx (diunduh 2026-10-06),,,,64 mm,,,,,,,4 m,TS end,
product.0_S_01_202_064006_00,Pipa Type II (TS End) 64 mm x 6 Meter,PVC SNI TYPE II,PIPA PVC SNI TYPE II · TS END,1328,Export ERP master_product_updated.xlsx (diunduh 2026-10-06),,,,64 mm,,,,,,,6 m,TS end,
product.0_S_01_202_100064_00,Pipa Type II (TS End) 106 mm x 4 Meter,PVC SNI TYPE II,PIPA PVC SNI TYPE II · TS END,1329,Export ERP master_product_updated.xlsx (diunduh 2026-10-06),,,,106 mm,,,,,,,4 m,TS end,
product.0_S_01_202_106006_00,Pipa Type II (TS End) 106 mm x 6 Meter,PVC SNI TYPE II,PIPA PVC SNI TYPE II · TS END,1330,Export ERP master_product_updated.xlsx (diunduh 2026-10-06),,,,106 mm,,,,,,,6 m,TS end,
product.0_S_01_203_033004_00,Pipa Type III (TS End) 33 mm x 4 Meter,PVC SNI TYPE III,PIPA PVC SNI TYPE III · TS END,1331,Export ERP master_product_updated.xlsx (diunduh 2026-10-06),,,,33 mm,,,,,,,4 m,TS end,
product.0_S_01_203_033006_00,Pipa Type III (TS End) 33 mm x 6 Meter,PVC SNI TYPE III,PIPA PVC SNI TYPE III · TS END,1332,Export ERP master_product_updated.xlsx (diunduh 2026-10-06),,,,33 mm,,,,,,,6 m,TS end,
product.0_S_01_203_063004_00,Pipa Type III (TS End) 63 mm x 4 Meter,PVC SNI TYPE III,PIPA PVC SNI TYPE III · TS END,1333,Export ERP master_product_updated.xlsx (diunduh 2026-10-06),,,,63 mm,,,,,,,4 m,TS end,
product.0_S_01_203_063006_00,Pipa Type III (TS End) 63 mm x 6 Meter,PVC SNI TYPE III,PIPA PVC SNI TYPE III · TS END,1334,Export ERP master_product_updated.xlsx (diunduh 2026-10-06),,,,63 mm,,,,,,,6 m,TS end,
product.0_S_01_203_104004_00,Pipa Type III (TS End) 104 mm x 4 Meter,PVC SNI TYPE III,PIPA PVC SNI TYPE III · TS END,1335,Export ERP master_product_updated.xlsx (diunduh 2026-10-06),,,,104 mm,,,,,,,4 m,TS end,
product.0_S_01_203_104006_00,Pipa Type III (TS End) 104 mm x 6 Meter,PVC SNI TYPE III,PIPA PVC SNI TYPE III · TS END,1336,Export ERP master_product_updated.xlsx (diunduh 2026-10-06),,,,104 mm,,,,,,,6 m,TS end,
product.0_S_01_204_030064_00,Pipa Type I (Plain End) 36 mm x 4 Meter,PVC SNI TYPE I,PIPA PVC SNI TYPE I · PLAIN END,1337,Export ERP master_product_updated.xlsx (diunduh 2026-10-06),,,,36 mm,,,,,,,4 m,Plain end,
product.0_S_01_204_036006_00,Pipa Type I (Plain End) 36 mm x 6 Meter,PVC SNI TYPE I,PIPA PVC SNI TYPE I · PLAIN END,1338,Export ERP master_product_updated.xlsx (diunduh 2026-10-06),,,,36 mm,,,,,,,6 m,Plain end,
product.0_S_01_204_068004_00,Pipa Type I (Plain End) 68 mm x 4 Meter,PVC SNI TYPE I,PIPA PVC SNI TYPE I · PLAIN END,1339,Export ERP master_product_updated.xlsx (diunduh 2026-10-06),,,,68 mm,,,,,,,4 m,Plain end,
product.0_S_01_204_068006_00,Pipa Type I (Plain End) 68 mm x 6 Meter,PVC SNI TYPE I,PIPA PVC SNI TYPE I · PLAIN END,1340,Export ERP master_product_updated.xlsx (diunduh 2026-10-06),,,,68 mm,,,,,,,6 m,Plain end,
product.0_S_01_204_111004_00,Pipa Type I (Plain End) 111 mm x 4 Meter,PVC SNI TYPE I,PIPA PVC SNI TYPE I · PLAIN END,1341,Export ERP master_product_updated.xlsx (diunduh 2026-10-06),,,,111 mm,,,,,,,4 m,Plain end,
product.0_S_01_204_111006_00,Pipa Type I (Plain End) 111 mm x 6 Meter,PVC SNI TYPE I,PIPA PVC SNI TYPE I · PLAIN END,1342,Export ERP master_product_updated.xlsx (diunduh 2026-10-06),,,,111 mm,,,,,,,6 m,Plain end,
product.0_S_01_205_034004_00,Pipa Type II (Plain End) 34 mm x 4 Meter,PVC SNI TYPE II,PIPA PVC SNI TYPE II · PLAIN END,1343,Export ERP master_product_updated.xlsx (diunduh 2026-10-06),,,,34 mm,,,,,,,4 m,Plain end,
product.0_S_01_205_034006_00,Pipa Type II (Plain End) 34 mm x 6 Meter,PVC SNI TYPE II,PIPA PVC SNI TYPE II · PLAIN END,1344,Export ERP master_product_updated.xlsx (diunduh 2026-10-06),,,,34 mm,,,,,,,6 m,Plain end,
product.0_S_01_205_064004_00,Pipa Type II (Plain End) 64 mm x 4 Meter,PVC SNI TYPE II,PIPA PVC SNI TYPE II · PLAIN END,1345,Export ERP master_product_updated.xlsx (diunduh 2026-10-06),,,,64 mm,,,,,,,4 m,Plain end,
product.0_S_01_205_064006_00,Pipa Type II (Plain End) 64 mm x 6 Meter,PVC SNI TYPE II,PIPA PVC SNI TYPE II · PLAIN END,1346,Export ERP master_product_updated.xlsx (diunduh 2026-10-06),,,,64 mm,,,,,,,6 m,Plain end,
product.0_S_01_205_100064_00,Pipa Type II (Plain End) 106 mm x 4 Meter,PVC SNI TYPE II,PIPA PVC SNI TYPE II · PLAIN END,1347,Export ERP master_product_updated.xlsx (diunduh 2026-10-06),,,,106 mm,,,,,,,4 m,Plain end,
product.0_S_01_205_106006_00,Pipa Type II (Plain End) 106 mm x 6 Meter,PVC SNI TYPE II,PIPA PVC SNI TYPE II · PLAIN END,1348,Export ERP master_product_updated.xlsx (diunduh 2026-10-06),,,,106 mm,,,,,,,6 m,Plain end,
product.0_S_01_206_033004_00,Pipa Type III (Plain End) 33 mm x 4 Meter,PVC SNI TYPE III,PIPA PVC SNI TYPE III · PLAIN END,1349,Export ERP master_product_updated.xlsx (diunduh 2026-10-06),,,,33 mm,,,,,,,4 m,Plain end,
product.0_S_01_206_033006_00,Pipa Type III (Plain End) 33 mm x 6 Meter,PVC SNI TYPE III,PIPA PVC SNI TYPE III · PLAIN END,1350,Export ERP master_product_updated.xlsx (diunduh 2026-10-06),,,,33 mm,,,,,,,6 m,Plain end,
product.0_S_01_206_063004_00,Pipa Type III (Plain End) 63 mm x 4 Meter,PVC SNI TYPE III,PIPA PVC SNI TYPE III · PLAIN END,1351,Export ERP master_product_updated.xlsx (diunduh 2026-10-06),,,,63 mm,,,,,,,4 m,Plain end,
product.0_S_01_206_063006_00,Pipa Type III (Plain End) 63 mm x 6 Meter,PVC SNI TYPE III,PIPA PVC SNI TYPE III · PLAIN END,1352,Export ERP master_product_updated.xlsx (diunduh 2026-10-06),,,,63 mm,,,,,,,6 m,Plain end,
product.0_S_01_206_104004_00,Pipa Type III (Plain End) 104 mm x 4 Meter,PVC SNI TYPE III,PIPA PVC SNI TYPE III · PLAIN END,1353,Export ERP master_product_updated.xlsx (diunduh 2026-10-06),,,,104 mm,,,,,,,4 m,Plain end,
product.0_S_01_206_104006_00,Pipa Type III (Plain End) 104 mm x 6 Meter,PVC SNI TYPE III,PIPA PVC SNI TYPE III · PLAIN END,1354,Export ERP master_product_updated.xlsx (diunduh 2026-10-06),,,,104 mm,,,,,,,6 m,Plain end,
product.0_S_02_001_016100_00,Pipa HDPE PN-4 16 mm x 100 Meter,HDPE,PIPA HDPE,1370,Export ERP master_product_updated.xlsx (diunduh 2026-10-06),,,,16 mm,,,,HDPE,,PN 4,100 m,,
product.0_S_02_001_020100_00,Pipa HDPE PN-4 20 mm x 100 Meter,HDPE,PIPA HDPE,1371,Export ERP master_product_updated.xlsx (diunduh 2026-10-06),,,,20 mm,,,,HDPE,,PN 4,100 m,,
product.0_S_02_001_025100_00,Pipa HDPE PN-4 25 mm x 100 Meter,HDPE,PIPA HDPE,1372,Export ERP master_product_updated.xlsx (diunduh 2026-10-06),,,,25 mm,,,,HDPE,,PN 4,100 m,,
product.0_S_02_001_032100_00,Pipa HDPE PN-4 32 mm x 100 Meter,HDPE,PIPA HDPE,1373,Export ERP master_product_updated.xlsx (diunduh 2026-10-06),,,,32 mm,,,,HDPE,,PN 4,100 m,,
product.0_S_02_001_040100_00,Pipa HDPE PN-4 40 mm x 100 Meter,HDPE,PIPA HDPE,1374,Export ERP master_product_updated.xlsx (diunduh 2026-10-06),,,,40 mm,,,,HDPE,,PN 4,100 m,,
product.0_S_02_001_050100_00,Pipa HDPE PN-4 50 mm x 100 Meter,HDPE,PIPA HDPE,1375,Export ERP master_product_updated.xlsx (diunduh 2026-10-06),,,,50 mm,,,,HDPE,,PN 4,100 m,,
product.0_S_02_001_063100_00,Pipa HDPE PN-4 63 mm x 100 Meter,HDPE,PIPA HDPE,1376,Export ERP master_product_updated.xlsx (diunduh 2026-10-06),,,,63 mm,,,,HDPE,,PN 4,100 m,,
product.0_S_02_001_075100_00,Pipa HDPE PN-4 75 mm x 100 Meter,HDPE,PIPA HDPE,1377,Export ERP master_product_updated.xlsx (diunduh 2026-10-06),,,,75 mm,,,,HDPE,,PN 4,100 m,,
product.0_S_02_001_090100_00,Pipa HDPE PN-4 90 mm x 100 Meter,HDPE,PIPA HDPE,1378,Export ERP master_product_updated.xlsx (diunduh 2026-10-06),,,,90 mm,,,,HDPE,,PN 4,100 m,,
product.0_S_02_001_110100_00,Pipa HDPE PN-4 110 mm x 100 Meter,HDPE,PIPA HDPE,1379,Export ERP master_product_updated.xlsx (diunduh 2026-10-06),,,,110 mm,,,,HDPE,,PN 4,100 m,,
product.0_S_02_001_125100_00,Pipa HDPE PN-4 125 mm x 100 Meter,HDPE,PIPA HDPE,1380,Export ERP master_product_updated.xlsx (diunduh 2026-10-06),,,,125 mm,,,,HDPE,,PN 4,100 m,,
product.0_S_02_001_160006_00,Pipa HDPE PN-4 160 mm x 6 Meter,HDPE,PIPA HDPE,1381,Export ERP master_product_updated.xlsx (diunduh 2026-10-06),,,,160 mm,,,,HDPE,,PN 4,6 m,,
product.0_S_02_001_180006_00,Pipa HDPE PN-4 180 mm x 6 Meter,HDPE,PIPA HDPE,1382,Export ERP master_product_updated.xlsx (diunduh 2026-10-06),,,,180 mm,,,,HDPE,,PN 4,6 m,,
product.0_S_02_001_200006_00,Pipa HDPE PN-4 200 mm x 6 Meter,HDPE,PIPA HDPE,1383,Export ERP master_product_updated.xlsx (diunduh 2026-10-06),,,,200 mm,,,,HDPE,,PN 4,6 m,,
product.0_S_02_001_225006_00,Pipa HDPE PN-4 225 mm x 6 Meter,HDPE,PIPA HDPE,1384,Export ERP master_product_updated.xlsx (diunduh 2026-10-06),,,,225 mm,,,,HDPE,,PN 4,6 m,,
product.0_S_02_001_250006_00,Pipa HDPE PN-4 250 mm x 6 Meter,HDPE,PIPA HDPE,1385,Export ERP master_product_updated.xlsx (diunduh 2026-10-06),,,,250 mm,,,,HDPE,,PN 4,6 m,,
product.0_S_02_001_280006_00,Pipa HDPE PN-4 280 mm x 6 Meter,HDPE,PIPA HDPE,1386,Export ERP master_product_updated.xlsx (diunduh 2026-10-06),,,,280 mm,,,,HDPE,,PN 4,6 m,,
product.0_S_02_001_315006_00,Pipa HDPE PN-4 315 mm x 6 Meter,HDPE,PIPA HDPE,1387,Export ERP master_product_updated.xlsx (diunduh 2026-10-06),,,,315 mm,,,,HDPE,,PN 4,6 m,,
product.0_S_02_001_355006_00,Pipa HDPE PN-4 355 mm x 6 Meter,HDPE,PIPA HDPE,1388,Export ERP master_product_updated.xlsx (diunduh 2026-10-06),,,,355 mm,,,,HDPE,,PN 4,6 m,,
product.0_S_02_001_400006_00,Pipa HDPE PN-4 400 mm x 6 Meter,HDPE,PIPA HDPE,1389,Export ERP master_product_updated.xlsx (diunduh 2026-10-06),,,,400 mm,,,,HDPE,,PN 4,6 m,,
product.0_S_02_001_450006_00,Pipa HDPE PN-4 450 mm x 6 Meter,HDPE,PIPA HDPE,1390,Export ERP master_product_updated.xlsx (diunduh 2026-10-06),,,,450 mm,,,,HDPE,,PN 4,6 m,,
product.0_S_02_001_500006_00,Pipa HDPE PN-4 500 mm x 6 Meter,HDPE,PIPA HDPE,1391,Export ERP master_product_updated.xlsx (diunduh 2026-10-06),,,,500 mm,,,,HDPE,,PN 4,6 m,,
product.0_S_02_001_560006_00,Pipa HDPE PN-4 560 mm x 6 Meter,HDPE,PIPA HDPE,1392,Export ERP master_product_updated.xlsx (diunduh 2026-10-06),,,,560 mm,,,,HDPE,,PN 4,6 m,,
product.0_S_02_001_630006_00,Pipa HDPE PN-4 630 mm x 6 Meter,HDPE,PIPA HDPE,1393,Export ERP master_product_updated.xlsx (diunduh 2026-10-06),,,,630 mm,,,,HDPE,,PN 4,6 m,,
product.0_S_02_001_800006_00,Pipa HDPE PN-4 800 mm x 6 Meter,HDPE,PIPA HDPE,1394,Export ERP master_product_updated.xlsx (diunduh 2026-10-06),,,,800 mm,,,,HDPE,,PN 4,6 m,,
product.0_S_02_001_900006_00,Pipa HDPE PN-4 900 mm x 6 Meter,HDPE,PIPA HDPE,1395,Export ERP master_product_updated.xlsx (diunduh 2026-10-06),,,,900 mm,,,,HDPE,,PN 4,6 m,,
product.0_S_02_002_016100_00,Pipa HDPE PN-20 16 mm x 100 Meter,HDPE,PIPA HDPE,1396,Export ERP master_product_updated.xlsx (diunduh 2026-10-06),,,,16 mm,,,,HDPE,,PN 20,100 m,,
product.0_S_02_002_020100_00,Pipa HDPE PN-20 20 mm x 100 Meter,HDPE,PIPA HDPE,1397,Export ERP master_product_updated.xlsx (diunduh 2026-10-06),,,,20 mm,,,,HDPE,,PN 20,100 m,,
product.0_S_02_002_025100_00,Pipa HDPE PN-20 25 mm x 100 Meter,HDPE,PIPA HDPE,1398,Export ERP master_product_updated.xlsx (diunduh 2026-10-06),,,,25 mm,,,,HDPE,,PN 20,100 m,,
__export__.product_product_14607,Pipa HDPE PN-20 25 mm x 100 Meter (Strip Biru),HDPE,PIPA HDPE,1399,Export ERP master_product_updated.xlsx (diunduh 2026-10-06),Warna: Biru,,,25 mm,,,,HDPE,,PN 20,100 m,,
__export__.product_product_19441,Pipa HDPE PN-20 32 mm x 6 Meter (Strip Biru),HDPE,PIPA HDPE,1400,Export ERP master_product_updated.xlsx (diunduh 2026-10-06),Warna: Biru,,,32 mm,,,,HDPE,,PN 20,6 m,,
product.0_S_02_002_032100_00,Pipa HDPE PN-20 32 mm x 100 Meter,HDPE,PIPA HDPE,1401,Export ERP master_product_updated.xlsx (diunduh 2026-10-06),,,,32 mm,,,,HDPE,,PN 20,100 m,,
product.0_S_02_002_040100_00,Pipa HDPE PN-20 40 mm x 100 Meter,HDPE,PIPA HDPE,1402,Export ERP master_product_updated.xlsx (diunduh 2026-10-06),,,,40 mm,,,,HDPE,,PN 20,100 m,,
product.0_S_02_002_050100_00,Pipa HDPE PN-20 50 mm x 100 Meter,HDPE,PIPA HDPE,1403,Export ERP master_product_updated.xlsx (diunduh 2026-10-06),,,,50 mm,,,,HDPE,,PN 20,100 m,,
__export__.product_product_17672,Pipa HDPE PN-20 63 mm x 6 Meter (Strip Biru),HDPE,PIPA HDPE,1404,Export ERP master_product_updated.xlsx (diunduh 2026-10-06),Warna: Biru,,,63 mm,,,,HDPE,,PN 20,6 m,,
product.0_S_02_002_063100_00,Pipa HDPE PN-20 63 mm x 100 Meter,HDPE,PIPA HDPE,1405,Export ERP master_product_updated.xlsx (diunduh 2026-10-06),,,,63 mm,,,,HDPE,,PN 20,100 m,,
product.0_S_02_002_075100_00,Pipa HDPE PN-20 75 mm x 100 Meter,HDPE,PIPA HDPE,1406,Export ERP master_product_updated.xlsx (diunduh 2026-10-06),,,,75 mm,,,,HDPE,,PN 20,100 m,,
__export__.product_product_18483,Pipa HDPE PN-20 90 mm x 50 Meter (Strip Biru),HDPE,PIPA HDPE,1407,Export ERP master_product_updated.xlsx (diunduh 2026-10-06),Warna: Biru,,,90 mm,,,,HDPE,,PN 20,50 m,,
product.0_S_02_002_090100_00,Pipa HDPE PN-20 90 mm x 100 Meter,HDPE,PIPA HDPE,1408,Export ERP master_product_updated.xlsx (diunduh 2026-10-06),,,,90 mm,,,,HDPE,,PN 20,100 m,,
__export__.product_product_17673,Pipa HDPE PN-20 110 mm x 6 Meter (Strip Biru),HDPE,PIPA HDPE,1409,Export ERP master_product_updated.xlsx (diunduh 2026-10-06),Warna: Biru,,,110 mm,,,,HDPE,,PN 20,6 m,,
product.0_S_02_002_110100_00,Pipa HDPE PN-20 110 mm x 100 Meter,HDPE,PIPA HDPE,1410,Export ERP master_product_updated.xlsx (diunduh 2026-10-06),,,,110 mm,,,,HDPE,,PN 20,100 m,,
product.0_S_02_002_125100_00,Pipa HDPE PN-20 125 mm x 100 Meter,HDPE,PIPA HDPE,1411,Export ERP master_product_updated.xlsx (diunduh 2026-10-06),,,,125 mm,,,,HDPE,,PN 20,100 m,,
product.0_S_02_002_140006_00,Pipa HDPE PN-20 140 mm x 6 Meter,HDPE,PIPA HDPE,1412,Export ERP master_product_updated.xlsx (diunduh 2026-10-06),,,,140 mm,,,,HDPE,,PN 20,6 m,,
product.0_S_02_002_160006_00,Pipa HDPE PN-20 160 mm x 6 Meter,HDPE,PIPA HDPE,1413,Export ERP master_product_updated.xlsx (diunduh 2026-10-06),,,,160 mm,,,,HDPE,,PN 20,6 m,,
__export__.product_product_17671,Pipa HDPE PN-20 160 mm x 6 Meter (Strip Biru),HDPE,PIPA HDPE,1414,Export ERP master_product_updated.xlsx (diunduh 2026-10-06),Warna: Biru,,,160 mm,,,,HDPE,,PN 20,6 m,,
__export__.product_product_19577,Pipa HDPE PN-20 160 mm x 12 Meter (Strip Biru),HDPE,PIPA HDPE,1415,Export ERP master_product_updated.xlsx (diunduh 2026-10-06),Warna: Biru,,,160 mm,,,,HDPE,,PN 20,12 m,,
product.0_S_02_002_180006_00,Pipa HDPE PN-20 180 mm x 6 Meter,HDPE,PIPA HDPE,1416,Export ERP master_product_updated.xlsx (diunduh 2026-10-06),,,,180 mm,,,,HDPE,,PN 20,6 m,,
product.0_S_02_002_200006_00,Pipa HDPE PN-20 200 mm x 6 Meter,HDPE,PIPA HDPE,1417,Export ERP master_product_updated.xlsx (diunduh 2026-10-06),,,,200 mm,,,,HDPE,,PN 20,6 m,,
__export__.product_product_17670,Pipa HDPE PN-20 200 mm x 6 Meter (Strip Biru),HDPE,PIPA HDPE,1418,Export ERP master_product_updated.xlsx (diunduh 2026-10-06),Warna: Biru,,,200 mm,,,,HDPE,,PN 20,6 m,,
product.0_S_02_002_225006_00,Pipa HDPE PN-20 225 mm x 6 Meter,HDPE,PIPA HDPE,1419,Export ERP master_product_updated.xlsx (diunduh 2026-10-06),,,,225 mm,,,,HDPE,,PN 20,6 m,,
product.0_S_02_002_250006_00,Pipa HDPE PN-20 250 mm x 6 Meter,HDPE,PIPA HDPE,1420,Export ERP master_product_updated.xlsx (diunduh 2026-10-06),,,,250 mm,,,,HDPE,,PN 20,6 m,,
__export__.product_product_18625,Pipa HDPE PN-20 250 mm x 6 Meter (Strip Biru),HDPE,PIPA HDPE,1421,Export ERP master_product_updated.xlsx (diunduh 2026-10-06),Warna: Biru,,,250 mm,,,,HDPE,,PN 20,6 m,,
__export__.product_product_19500,Pipa HDPE PN-20 250 mm x 11.8 Meter (Strip Biru),HDPE,PIPA HDPE,1422,Export ERP master_product_updated.xlsx (diunduh 2026-10-06),Warna: Biru,,,250 mm,,,,HDPE,,PN 20,11.8 m,,
product.0_S_02_002_280006_00,Pipa HDPE PN-20 280 mm x 6 Meter,HDPE,PIPA HDPE,1423,Export ERP master_product_updated.xlsx (diunduh 2026-10-06),,,,280 mm,,,,HDPE,,PN 20,6 m,,
product.0_S_02_002_315006_00,Pipa HDPE PN-20 315 mm x 6 Meter,HDPE,PIPA HDPE,1424,Export ERP master_product_updated.xlsx (diunduh 2026-10-06),,,,315 mm,,,,HDPE,,PN 20,6 m,,
__export__.product_product_19501,Pipa HDPE PN-20 315 mm x 11.8 Meter (Strip Biru),HDPE,PIPA HDPE,1425,Export ERP master_product_updated.xlsx (diunduh 2026-10-06),Warna: Biru,,,315 mm,,,,HDPE,,PN 20,11.8 m,,
product.0_S_02_002_355006_00,Pipa HDPE PN-20 355 mm x 6 Meter,HDPE,PIPA HDPE,1426,Export ERP master_product_updated.xlsx (diunduh 2026-10-06),,,,355 mm,,,,HDPE,,PN 20,6 m,,
__export__.product_product_18088,Pipa HDPE PN-20 355 mm x 6 Meter (Strip Biru),HDPE,PIPA HDPE,1427,Export ERP master_product_updated.xlsx (diunduh 2026-10-06),Warna: Biru,,,355 mm,,,,HDPE,,PN 20,6 m,,
product.0_S_02_002_400006_00,Pipa HDPE PN-20 400 mm x 6 Meter,HDPE,PIPA HDPE,1428,Export ERP master_product_updated.xlsx (diunduh 2026-10-06),,,,400 mm,,,,HDPE,,PN 20,6 m,,
product.0_S_02_002_450006_00,Pipa HDPE PN-20 450 mm x 6 Meter,HDPE,PIPA HDPE,1429,Export ERP master_product_updated.xlsx (diunduh 2026-10-06),,,,450 mm,,,,HDPE,,PN 20,6 m,,
product.0_S_02_002_500006_00,Pipa HDPE PN-20 500 mm x 6 Meter,HDPE,PIPA HDPE,1430,Export ERP master_product_updated.xlsx (diunduh 2026-10-06),,,,500 mm,,,,HDPE,,PN 20,6 m,,
__export__.product_product_19480,Pipa HDPE PN-20 630 mm x 6 Meter (Strip Biru),HDPE,PIPA HDPE,1431,Export ERP master_product_updated.xlsx (diunduh 2026-10-06),Warna: Biru,,,630 mm,,,,HDPE,,PN 20,6 m,,
product.0_S_02_003_016100_00,Pipa HDPE PN-24 16 mm x 100 Meter,HDPE,PIPA HDPE,1432,Export ERP master_product_updated.xlsx (diunduh 2026-10-06),,,,16 mm,,,,HDPE,,PN 24,100 m,,
product.0_S_02_003_020100_00,Pipa HDPE PN-24 20 mm x 100 Meter,HDPE,PIPA HDPE,1433,Export ERP master_product_updated.xlsx (diunduh 2026-10-06),,,,20 mm,,,,HDPE,,PN 24,100 m,,
product.0_S_02_003_025100_00,Pipa HDPE PN-24 25 mm x 100 Meter,HDPE,PIPA HDPE,1434,Export ERP master_product_updated.xlsx (diunduh 2026-10-06),,,,25 mm,,,,HDPE,,PN 24,100 m,,
product.0_S_02_003_032100_00,Pipa HDPE PN-24 32 mm x 100 Meter,HDPE,PIPA HDPE,1435,Export ERP master_product_updated.xlsx (diunduh 2026-10-06),,,,32 mm,,,,HDPE,,PN 24,100 m,,
product.0_S_02_003_040100_00,Pipa HDPE PN-24 40 mm x 100 Meter,HDPE,PIPA HDPE,1436,Export ERP master_product_updated.xlsx (diunduh 2026-10-06),,,,40 mm,,,,HDPE,,PN 24,100 m,,
product.0_S_02_003_050100_00,Pipa HDPE PN-24 50 mmx 100 Meter,HDPE,PIPA HDPE,1437,Export ERP master_product_updated.xlsx (diunduh 2026-10-06),,,,50 mm,,,,HDPE,,PN 24,100 m,,
product.0_S_02_003_063100_00,Pipa HDPE PN-24 63 mm x 100 Meter,HDPE,PIPA HDPE,1438,Export ERP master_product_updated.xlsx (diunduh 2026-10-06),,,,63 mm,,,,HDPE,,PN 24,100 m,,
product.0_S_02_003_075100_00,Pipa HDPE PN-24 75 mm x 100 Meter,HDPE,PIPA HDPE,1439,Export ERP master_product_updated.xlsx (diunduh 2026-10-06),,,,75 mm,,,,HDPE,,PN 24,100 m,,
product.0_S_02_003_090100_00,Pipa HDPE PN-24 90 mm x 100 Meter,HDPE,PIPA HDPE,1440,Export ERP master_product_updated.xlsx (diunduh 2026-10-06),,,,90 mm,,,,HDPE,,PN 24,100 m,,
product.0_S_02_003_110100_00,Pipa HDPE PN-24 110 mm x 100 Meter,HDPE,PIPA HDPE,1441,Export ERP master_product_updated.xlsx (diunduh 2026-10-06),,,,110 mm,,,,HDPE,,PN 24,100 m,,
product.0_S_02_003_125006_00,Pipa HDPE PN-24 125 mm x 6 Meter,HDPE,PIPA HDPE,1442,Export ERP master_product_updated.xlsx (diunduh 2026-10-06),,,,125 mm,,,,HDPE,,PN 24,6 m,,
product.0_S_02_003_140006_00,Pipa HDPE PN-24 140 mm x 6 Meter,HDPE,PIPA HDPE,1443,Export ERP master_product_updated.xlsx (diunduh 2026-10-06),,,,140 mm,,,,HDPE,,PN 24,6 m,,
product.0_S_02_003_160006_00,Pipa HDPE PN-24 160 mm x 6 Meter,HDPE,PIPA HDPE,1444,Export ERP master_product_updated.xlsx (diunduh 2026-10-06),,,,160 mm,,,,HDPE,,PN 24,6 m,,
product.0_S_02_003_180006_00,Pipa HDPE PN-24 180 mm x 6 Meter,HDPE,PIPA HDPE,1445,Export ERP master_product_updated.xlsx (diunduh 2026-10-06),,,,180 mm,,,,HDPE,,PN 24,6 m,,
product.0_S_02_003_200006_00,Pipa HDPE PN-24 200 mm x 6 Meter,HDPE,PIPA HDPE,1446,Export ERP master_product_updated.xlsx (diunduh 2026-10-06),,,,200 mm,,,,HDPE,,PN 24,6 m,,
product.0_S_02_003_225006_00,Pipa HDPE PN-24 225 mm x 6 Meter,HDPE,PIPA HDPE,1447,Export ERP master_product_updated.xlsx (diunduh 2026-10-06),,,,225 mm,,,,HDPE,,PN 24,6 m,,
product.0_S_02_003_250006_00,Pipa HDPE PN-24 250 mm x 6 Meter,HDPE,PIPA HDPE,1448,Export ERP master_product_updated.xlsx (diunduh 2026-10-06),,,,250 mm,,,,HDPE,,PN 24,6 m,,
product.0_S_02_003_280006_00,Pipa HDPE PN-24 280 mm x 6 Meter,HDPE,PIPA HDPE,1449,Export ERP master_product_updated.xlsx (diunduh 2026-10-06),,,,280 mm,,,,HDPE,,PN 24,6 m,,
product.0_S_02_003_315006_00,Pipa HDPE PN-24 315 mm x 6 Meter,HDPE,PIPA HDPE,1450,Export ERP master_product_updated.xlsx (diunduh 2026-10-06),,,,315 mm,,,,HDPE,,PN 24,6 m,,
product.0_S_02_003_355006_00,Pipa HDPE PN-24 355 mm x 6 Meter,HDPE,PIPA HDPE,1451,Export ERP master_product_updated.xlsx (diunduh 2026-10-06),,,,355 mm,,,,HDPE,,PN 24,6 m,,
product.0_S_02_003_400006_00,Pipa HDPE PN-24 400 mm x 6 Meter,HDPE,PIPA HDPE,1452,Export ERP master_product_updated.xlsx (diunduh 2026-10-06),,,,400 mm,,,,HDPE,,PN 24,6 m,,
product.0_S_02_003_450006_00,Pipa HDPE PN-24 450 mm x 6 Meter,HDPE,PIPA HDPE,1453,Export ERP master_product_updated.xlsx (diunduh 2026-10-06),,,,450 mm,,,,HDPE,,PN 24,6 m,,
product.0_S_02_004_020100_00,Pipa HDPE PE 100 PN-8 20 mm x 100 Meter,HDPE,PIPA HDPE,1454,Export ERP master_product_updated.xlsx (diunduh 2026-10-06),,,,20 mm,,,,HDPE,,PN 8,100 m,,
product.0_S_02_004_020200_00,Pipa HDPE PE 100 PN-8 20 mm x 200 Meter,HDPE,PIPA HDPE,1455,Export ERP master_product_updated.xlsx (diunduh 2026-10-06),,,,20 mm,,,,HDPE,,PN 8,200 m,,
product.0_S_02_004_025100_00,Pipa HDPE PE 100 PN-8 25 mm x 100 Meter,HDPE,PIPA HDPE,1456,Export ERP master_product_updated.xlsx (diunduh 2026-10-06),,,,25 mm,,,,HDPE,,PN 8,100 m,,
product.0_S_02_004_025200_00,Pipa HDPE PE 100 PN-8 25 mm x 200 Meter,HDPE,PIPA HDPE,1457,Export ERP master_product_updated.xlsx (diunduh 2026-10-06),,,,25 mm,,,,HDPE,,PN 8,200 m,,
product.0_S_02_004_032100_00,Pipa HDPE PE 100 PN-8 32 mm x 100 Meter,HDPE,PIPA HDPE,1458,Export ERP master_product_updated.xlsx (diunduh 2026-10-06),,,,32 mm,,,,HDPE,,PN 8,100 m,,
product.0_S_02_004_032200_00,Pipa HDPE PE 100 PN-8 32 mm x 200 Meter,HDPE,PIPA HDPE,1459,Export ERP master_product_updated.xlsx (diunduh 2026-10-06),,,,32 mm,,,,HDPE,,PN 8,200 m,,
product.0_S_02_004_040100_00,Pipa HDPE PE 100 PN-8 40 mm x 100 Meter,HDPE,PIPA HDPE,1460,Export ERP master_product_updated.xlsx (diunduh 2026-10-06),,,,40 mm,,,,HDPE,,PN 8,100 m,,
__export__.product_product_16925,Pipa HDPE PE 100 PN-8 40 mm x 100 Meter (Strip Biru),HDPE,PIPA HDPE,1461,Export ERP master_product_updated.xlsx (diunduh 2026-10-06),Warna: Biru,,,40 mm,,,,HDPE,,PN 8,100 m,,
product.0_S_02_004_040150_00,Pipa HDPE PE 100 PN-8 40 mm x 150 Meter,HDPE,PIPA HDPE,1462,Export ERP master_product_updated.xlsx (diunduh 2026-10-06),,,,40 mm,,,,HDPE,,PN 8,150 m,,
product.0_S_02_004_040200_00,Pipa HDPE PE 100 PN-8 40 mm x 200 Meter,HDPE,PIPA HDPE,1463,Export ERP master_product_updated.xlsx (diunduh 2026-10-06),,,,40 mm,,,,HDPE,,PN 8,200 m,,
__export__.product_product_14979,Pipa HDPE PE 100 PN-8 50 mm x 25 Meter,HDPE,PIPA HDPE,1464,Export ERP master_product_updated.xlsx (diunduh 2026-10-06),,,,50 mm,,,,HDPE,,PN 8,25 m,,
product.0_S_02_004_050050_00,Pipa HDPE PE 100 PN-8 50 mm x 50 Meter,HDPE,PIPA HDPE,1465,Export ERP master_product_updated.xlsx (diunduh 2026-10-06),,,,50 mm,,,,HDPE,,PN 8,50 m,,
product.0_S_02_004_050072_00,Pipa HDPE PE 100 PN-8 50 mm x 72 Meter,HDPE,PIPA HDPE,1466,Export ERP master_product_updated.xlsx (diunduh 2026-10-06),,,,50 mm,,,,HDPE,,PN 8,72 m,,
product.0_S_02_004_050085_00,Pipa HDPE PE 100 PN-8 50 mm x 85 Meter,HDPE,PIPA HDPE,1467,Export ERP master_product_updated.xlsx (diunduh 2026-10-06),,,,50 mm,,,,HDPE,,PN 8,85 m,,
product.0_S_02_004_050100_00,Pipa HDPE PE 100 PN-8 50 mm x 100 Meter,HDPE,PIPA HDPE,1468,Export ERP master_product_updated.xlsx (diunduh 2026-10-06),,,,50 mm,,,,HDPE,,PN 8,100 m,,
__export__.product_product_16521,Pipa HDPE PE 100 PN-8 50 mm x 100 Meter (Strip Biru),HDPE,PIPA HDPE,1469,Export ERP master_product_updated.xlsx (diunduh 2026-10-06),Warna: Biru,,,50 mm,,,,HDPE,,PN 8,100 m,,
__export__.product_product_14972,Pipa HDPE PE 100 PN-8 50 mm x 102 Meter,HDPE,PIPA HDPE,1470,Export ERP master_product_updated.xlsx (diunduh 2026-10-06),,,,50 mm,,,,HDPE,,PN 8,102 m,,
__export__.product_product_14978,Pipa HDPE PE 100 PN-8 50 mm x 108 Meter,HDPE,PIPA HDPE,1471,Export ERP master_product_updated.xlsx (diunduh 2026-10-06),,,,50 mm,,,,HDPE,,PN 8,108 m,,
product.0_S_02_004_050150_00,Pipa HDPE PE 100 PN-8 50 mm x 150 Meter,HDPE,PIPA HDPE,1472,Export ERP master_product_updated.xlsx (diunduh 2026-10-06),,,,50 mm,,,,HDPE,,PN 8,150 m,,
product.0_S_02_004_050250_00,Pipa HDPE PE 100 PN-8 50 mm x 250 Meter,HDPE,PIPA HDPE,1473,Export ERP master_product_updated.xlsx (diunduh 2026-10-06),,,,50 mm,,,,HDPE,,PN 8,250 m,,
product.0_S_02_004_063001_00,Pipa HDPE PE 100 PN-8 63 mm x 1 Meter,HDPE,PIPA HDPE,1474,Export ERP master_product_updated.xlsx (diunduh 2026-10-06),,,,63 mm,,,,HDPE,,PN 8,1 m,,
product.0_S_02_004_063002_00,Pipa HDPE PE 100 PN-8 63 mm x 2 Meter,HDPE,PIPA HDPE,1475,Export ERP master_product_updated.xlsx (diunduh 2026-10-06),,,,63 mm,,,,HDPE,,PN 8,2 m,,
__export__.product_product_16234,Pipa HDPE PE 100 PN-8 63 mm x 5.8 Meter,HDPE,PIPA HDPE,1476,Export ERP master_product_updated.xlsx (diunduh 2026-10-06),,,,63 mm,,,,HDPE,,PN 8,5.8 m,,
product.0_S_02_004_063006_00,Pipa HDPE PE 100 PN-8 63 mm x 6 Meter,HDPE,PIPA HDPE,1477,Export ERP master_product_updated.xlsx (diunduh 2026-10-06),,,,63 mm,,,,HDPE,,PN 8,6 m,,
__export__.product_product_16722,Pipa HDPE PE 100 PN-8 63 mm x 6 Meter (Strip Biru),HDPE,PIPA HDPE,1478,Export ERP master_product_updated.xlsx (diunduh 2026-10-06),Warna: Biru,,,63 mm,,,,HDPE,,PN 8,6 m,,
product.0_S_02_004_063016_00,Pipa HDPE PE 100 PN-8 63 mm x 9 Meter,HDPE,PIPA HDPE,1479,Export ERP master_product_updated.xlsx (diunduh 2026-10-06),,,,63 mm,,,,HDPE,,PN 8,9 m,,
product.0_S_02_004_063010_00,Pipa HDPE PE 100 PN-8 63 mm x 10 Meter,HDPE,PIPA HDPE,1480,Export ERP master_product_updated.xlsx (diunduh 2026-10-06),,,,63 mm,,,,HDPE,,PN 8,10 m,,
product.0_S_02_004_063011_80,Pipa HDPE PE 100 PN-8 63 mm x 11.8 Meter,HDPE,PIPA HDPE,1481,Export ERP master_product_updated.xlsx (diunduh 2026-10-06),,,,63 mm,,,,HDPE,,PN 8,11.8 m,,
product.0_S_02_004_063012_00,Pipa HDPE PE 100 PN-8 63 mm x 12 Meter,HDPE,PIPA HDPE,1482,Export ERP master_product_updated.xlsx (diunduh 2026-10-06),,,,63 mm,,,,HDPE,,PN 8,12 m,,
__export__.product_product_18098,Pipa HDPE PE 100 PN-8 63 mm x 12 Meter (Strip Biru),HDPE,PIPA HDPE,1483,Export ERP master_product_updated.xlsx (diunduh 2026-10-06),Warna: Biru,,,63 mm,,,,HDPE,,PN 8,12 m,,
product.0_S_02_004_063020_00,Pipa HDPE PE 100 PN-8 63 mm x 20 Meter,HDPE,PIPA HDPE,1484,Export ERP master_product_updated.xlsx (diunduh 2026-10-06),,,,63 mm,,,,HDPE,,PN 8,20 m,,
product.0_S_02_004_063026_00,Pipa HDPE PE 100 PN-8 63 mm x 26 Meter,HDPE,PIPA HDPE,1485,Export ERP master_product_updated.xlsx (diunduh 2026-10-06),,,,63 mm,,,,HDPE,,PN 8,26 m,,
product.0_S_02_004_063030_00,Pipa HDPE PE 100 PN-8 63 mm x 30 Meter,HDPE,PIPA HDPE,1486,Export ERP master_product_updated.xlsx (diunduh 2026-10-06),,,,63 mm,,,,HDPE,,PN 8,30 m,,
product.0_S_02_004_063032_00,Pipa HDPE PE 100 PN-8 63 mm x 32 Meter,HDPE,PIPA HDPE,1487,Export ERP master_product_updated.xlsx (diunduh 2026-10-06),,,,63 mm,,,,HDPE,,PN 8,32 m,,
__export__.product_product_14776,Pipa HDPE PE 100 PN-8 63 mm x 34 Meter,HDPE,PIPA HDPE,1488,Export ERP master_product_updated.xlsx (diunduh 2026-10-06),,,,63 mm,,,,HDPE,,PN 8,34 m,,
product.0_S_02_004_063040_00,Pipa HDPE PE 100 PN-8 63 mm x 40 Meter,HDPE,PIPA HDPE,1489,Export ERP master_product_updated.xlsx (diunduh 2026-10-06),,,,63 mm,,,,HDPE,,PN 8,40 m,,
product.0_S_02_004_063050_00,Pipa HDPE PE 100 PN-8 63 mm x 50 Meter,HDPE,PIPA HDPE,1490,Export ERP master_product_updated.xlsx (diunduh 2026-10-06),,,,63 mm,,,,HDPE,,PN 8,50 m,,
__export__.product_product_18335,Pipa HDPE PE 100 PN-8 63 mm x 50 Meter (Strip Biru),HDPE,PIPA HDPE,1491,Export ERP master_product_updated.xlsx (diunduh 2026-10-06),Warna: Biru,,,63 mm,,,,HDPE,,PN 8,50 m,,
product.0_S_02_004_063060_00,Pipa HDPE PE 100 PN-8 63 mm x 60 Meter,HDPE,PIPA HDPE,1492,Export ERP master_product_updated.xlsx (diunduh 2026-10-06),,,,63 mm,,,,HDPE,,PN 8,60 m,,
__export__.product_product_10538,Pipa HDPE PE 100 PN-8 63 mm x 65 Meter,HDPE,PIPA HDPE,1493,Export ERP master_product_updated.xlsx (diunduh 2026-10-06),,,,63 mm,,,,HDPE,,PN 8,65 m,,
product.0_S_02_004_063070_00,Pipa HDPE PE 100 PN-8 63 mm x 70 Meter,HDPE,PIPA HDPE,1494,Export ERP master_product_updated.xlsx (diunduh 2026-10-06),,,,63 mm,,,,HDPE,,PN 8,70 m,,
product.0_S_02_004_063072_00,Pipa HDPE PE 100 PN-8 63 mm x 72 Meter,HDPE,PIPA HDPE,1495,Export ERP master_product_updated.xlsx (diunduh 2026-10-06),,,,63 mm,,,,HDPE,,PN 8,72 m,,
__export__.product_product_10379,Pipa HDPE PE 100 PN-8 63 mm x 75 Meter,HDPE,PIPA HDPE,1496,Export ERP master_product_updated.xlsx (diunduh 2026-10-06),,,,63 mm,,,,HDPE,,PN 8,75 m,,
__export__.product_product_13725,Pipa HDPE PE 100 PN-8 63 mm x 80 Meter,HDPE,PIPA HDPE,1497,Export ERP master_product_updated.xlsx (diunduh 2026-10-06),,,,63 mm,,,,HDPE,,PN 8,80 m,,
product.0_S_02_004_063087_00,Pipa HDPE PE 100 PN-8 63 mm x 87 Meter,HDPE,PIPA HDPE,1498,Export ERP master_product_updated.xlsx (diunduh 2026-10-06),,,,63 mm,,,,HDPE,,PN 8,87 m,,
product.0_S_02_004_063092_00,Pipa HDPE PE 100 PN-8 63 mm x 90 Meter,HDPE,PIPA HDPE,1499,Export ERP master_product_updated.xlsx (diunduh 2026-10-06),,,,63 mm,,,,HDPE,,PN 8,90 m,,
product.0_S_02_004_063095_00,Pipa HDPE PE 100 PN-8 63 mm x 95 Meter,HDPE,PIPA HDPE,1500,Export ERP master_product_updated.xlsx (diunduh 2026-10-06),,,,63 mm,,,,HDPE,,PN 8,95 m,,
product.0_S_02_004_063100_00,Pipa HDPE PE 100 PN-8 63 mm x 100 Meter,HDPE,PIPA HDPE,1501,Export ERP master_product_updated.xlsx (diunduh 2026-10-06),,,,63 mm,,,,HDPE,,PN 8,100 m,,
__export__.product_product_16873,Pipa HDPE PE 100 PN-8 63 mm x 100 Meter (Strip Biru),HDPE,PIPA HDPE,1502,Export ERP master_product_updated.xlsx (diunduh 2026-10-06),Warna: Biru,,,63 mm,,,,HDPE,,PN 8,100 m,,
__export__.product_product_14971,Pipa HDPE PE 100 PN-8 63 mm x 103 Meter,HDPE,PIPA HDPE,1503,Export ERP master_product_updated.xlsx (diunduh 2026-10-06),,,,63 mm,,,,HDPE,,PN 8,103 m,,
product.0_S_02_004_063108_00,Pipa HDPE PE 100 PN-8 63 mm x 108 Meter,HDPE,PIPA HDPE,1504,Export ERP master_product_updated.xlsx (diunduh 2026-10-06),,,,63 mm,,,,HDPE,,PN 8,108 m,,
product.0_S_02_004_063110_00,Pipa HDPE PE 100 PN-8 63 mm x 110 Meter,HDPE,PIPA HDPE,1505,Export ERP master_product_updated.xlsx (diunduh 2026-10-06),,,,63 mm,,,,HDPE,,PN 8,110 m,,
product.0_S_02_004_063112_00,Pipa HDPE PE 100 PN-8 63 mm x 112 meter,HDPE,PIPA HDPE,1506,Export ERP master_product_updated.xlsx (diunduh 2026-10-06),,,,63 mm,,,,HDPE,,PN 8,112 m,,
product.0_S_02_004_063126_00,Pipa HDPE PE 100 PN-8 63 mm x 126 meter,HDPE,PIPA HDPE,1507,Export ERP master_product_updated.xlsx (diunduh 2026-10-06),,,,63 mm,,,,HDPE,,PN 8,126 m,,
product.0_S_02_004_063150_00,Pipa HDPE PE 100 PN-8 63 mm x 150 Meter,HDPE,PIPA HDPE,1508,Export ERP master_product_updated.xlsx (diunduh 2026-10-06),,,,63 mm,,,,HDPE,,PN 8,150 m,,
__export__.product_product_17771,Pipa HDPE PE 100 PN-8 75 mm x 5.8 Meter,HDPE,PIPA HDPE,1509,Export ERP master_product_updated.xlsx (diunduh 2026-10-06),,,,75 mm,,,,HDPE,,PN 8,5.8 m,,
__export__.product_product_17770,Pipa HDPE PE 100 PN-8 75 mm x 5.8 Meter (Strip Biru),HDPE,PIPA HDPE,1510,Export ERP master_product_updated.xlsx (diunduh 2026-10-06),Warna: Biru,,,75 mm,,,,HDPE,,PN 8,5.8 m,,
__export__.product_product_15834,Pipa HDPE PE 100 PN-8 75 mm x 6 Meter,HDPE,PIPA HDPE,1511,Export ERP master_product_updated.xlsx (diunduh 2026-10-06),,,,75 mm,,,,HDPE,,PN 8,6 m,,
product.0_S_02_004_075050_00,Pipa HDPE PE 100 PN-8 75 mm x 50 Meter,HDPE,PIPA HDPE,1512,Export ERP master_product_updated.xlsx (diunduh 2026-10-06),,,,75 mm,,,,HDPE,,PN 8,50 m,,
__export__.product_product_18472,Pipa HDPE PE 100 PN-8 75 mm x 50 Meter (Strip Biru),HDPE,PIPA HDPE,1513,Export ERP master_product_updated.xlsx (diunduh 2026-10-06),Warna: Biru,,,75 mm,,,,HDPE,,PN 8,50 m,,
product.0_S_02_004_075060_00,Pipa HDPE PE 100 PN-8 75 mm x 60 Meter,HDPE,PIPA HDPE,1514,Export ERP master_product_updated.xlsx (diunduh 2026-10-06),,,,75 mm,,,,HDPE,,PN 8,60 m,,
__export__.product_product_15809,Pipa HDPE PE 100 PN-8 75 mm x 62 Meter,HDPE,PIPA HDPE,1515,Export ERP master_product_updated.xlsx (diunduh 2026-10-06),,,,75 mm,,,,HDPE,,PN 8,62 m,,
product.0_S_02_004_075070_00,Pipa HDPE PE 100 PN-8 75 mm x 70 Meter,HDPE,PIPA HDPE,1516,Export ERP master_product_updated.xlsx (diunduh 2026-10-06),,,,75 mm,,,,HDPE,,PN 8,70 m,,
product.0_S_02_004_075072_00,Pipa HDPE PE 100 PN-8 75 mm x 72 Meter,HDPE,PIPA HDPE,1517,Export ERP master_product_updated.xlsx (diunduh 2026-10-06),,,,75 mm,,,,HDPE,,PN 8,72 m,,
product.0_S_02_004_075100_00,Pipa HDPE PE 100 PN-8 75 mm x 100 Meter,HDPE,PIPA HDPE,1518,Export ERP master_product_updated.xlsx (diunduh 2026-10-06),,,,75 mm,,,,HDPE,,PN 8,100 m,,
__export__.product_product_10331,Pipa HDPE PE 100 PN-8 90 mm x 4 Meter,HDPE,PIPA HDPE,1519,Export ERP master_product_updated.xlsx (diunduh 2026-10-06),,,,90 mm,,,,HDPE,,PN 8,4 m,,
__export__.product_product_15015,Pipa HDPE PE 100 PN-8 90 mm x 5.8 Meter,HDPE,PIPA HDPE,1520,Export ERP master_product_updated.xlsx (diunduh 2026-10-06),,,,90 mm,,,,HDPE,,PN 8,5.8 m,,
__export__.product_product_16236,Pipa HDPE PE 100 PN-8 90 mm x 5.85 Meter,HDPE,PIPA HDPE,1521,Export ERP master_product_updated.xlsx (diunduh 2026-10-06),,,,90 mm,,,,HDPE,,PN 8,5.85 m,,
__export__.product_product_17022,Pipa HDPE PE 100 PN-8 90 mm x 5.8 Meter (Strip Biru),HDPE,PIPA HDPE,1522,Export ERP master_product_updated.xlsx (diunduh 2026-10-06),Warna: Biru,,,90 mm,,,,HDPE,,PN 8,5.8 m,,
product.0_S_02_004_090006_00,Pipa HDPE PE 100 PN-8 90 mm x 6 Meter,HDPE,PIPA HDPE,1523,Export ERP master_product_updated.xlsx (diunduh 2026-10-06),,,,90 mm,,,,HDPE,,PN 8,6 m,,
__export__.product_product_16721,Pipa HDPE PE 100 PN-8 90 mm x 6 Meter (Strip Biru),HDPE,PIPA HDPE,1524,Export ERP master_product_updated.xlsx (diunduh 2026-10-06),Warna: Biru,,,90 mm,,,,HDPE,,PN 8,6 m,,
product.0_S_02_004_090007_00,Pipa HDPE PE 100 PN-8 90 mm x 7 Meter,HDPE,PIPA HDPE,1525,Export ERP master_product_updated.xlsx (diunduh 2026-10-06),,,,90 mm,,,,HDPE,,PN 8,7 m,,
product.0_S_02_004_090011_80,Pipa HDPE PE 100 PN-8 90 mm x 11.8 Meter,HDPE,PIPA HDPE,1526,Export ERP master_product_updated.xlsx (diunduh 2026-10-06),,,,90 mm,,,,HDPE,,PN 8,11.8 m,,
product.0_S_02_004_090012_00,Pipa HDPE PE 100 PN-8 90 mm x 12 Meter,HDPE,PIPA HDPE,1527,Export ERP master_product_updated.xlsx (diunduh 2026-10-06),,,,90 mm,,,,HDPE,,PN 8,12 m,,
__export__.product_product_17200,Pipa HDPE PE 100 PN-8 90 mm x 12 Meter (Strip Biru),HDPE,PIPA HDPE,1528,Export ERP master_product_updated.xlsx (diunduh 2026-10-06),Warna: Biru,,,90 mm,,,,HDPE,,PN 8,12 m,,
product.0_S_02_004_090020_00,Pipa HDPE PE 100 PN-8 90 mm x 20 Meter,HDPE,PIPA HDPE,1529,Export ERP master_product_updated.xlsx (diunduh 2026-10-06),,,,90 mm,,,,HDPE,,PN 8,20 m,,
product.0_S_02_004_090025_00,Pipa HDPE PE 100 PN-8 90 mm x 25 Meter,HDPE,PIPA HDPE,1530,Export ERP master_product_updated.xlsx (diunduh 2026-10-06),,,,90 mm,,,,HDPE,,PN 8,25 m,,
product.0_S_02_004_090028_00,Pipa HDPE PE 100 PN-8 90 mm x 28 Meter,HDPE,PIPA HDPE,1531,Export ERP master_product_updated.xlsx (diunduh 2026-10-06),,,,90 mm,,,,HDPE,,PN 8,28 m,,
product.0_S_02_004_090030_00,Pipa HDPE PE 100 PN-8 90 mm x 30 Meter,HDPE,PIPA HDPE,1532,Export ERP master_product_updated.xlsx (diunduh 2026-10-06),,,,90 mm,,,,HDPE,,PN 8,30 m,,
__export__.product_product_18059,Pipa HDPE PE 100 PN-8 90 mm x 35.5 Meter (Strip Biru),HDPE,PIPA HDPE,1533,Export ERP master_product_updated.xlsx (diunduh 2026-10-06),Warna: Biru,,,90 mm,,,,HDPE,,PN 8,35.5 m,,
__export__.product_product_17976,Pipa HDPE PE 100 PN-8 90 mm x 36 Meter (Strip Biru),HDPE,PIPA HDPE,1534,Export ERP master_product_updated.xlsx (diunduh 2026-10-06),Warna: Biru,,,90 mm,,,,HDPE,,PN 8,36 m,,
product.0_S_02_004_090040_00,Pipa HDPE PE 100 PN-8 90 mm x 40 Meter,HDPE,PIPA HDPE,1535,Export ERP master_product_updated.xlsx (diunduh 2026-10-06),,,,90 mm,,,,HDPE,,PN 8,40 m,,
__export__.product_product_14775,Pipa HDPE PE 100 PN-8 90 mm x 46 Meter,HDPE,PIPA HDPE,1536,Export ERP master_product_updated.xlsx (diunduh 2026-10-06),,,,90 mm,,,,HDPE,,PN 8,46 m,,
product.0_S_02_004_090050_00,Pipa HDPE PE 100 PN-8 90 mm x 50 Meter,HDPE,PIPA HDPE,1537,Export ERP master_product_updated.xlsx (diunduh 2026-10-06),,,,90 mm,,,,HDPE,,PN 8,50 m,,
__export__.product_product_17356,Pipa HDPE PE 100 PN-8 90 mm x 50 Meter (Strip Biru),HDPE,PIPA HDPE,1538,Export ERP master_product_updated.xlsx (diunduh 2026-10-06),Warna: Biru,,,90 mm,,,,HDPE,,PN 8,50 m,,
product.0_S_02_004_090052_00,Pipa HDPE PE 100 PN-8 90 mm x 52 Meter,HDPE,PIPA HDPE,1539,Export ERP master_product_updated.xlsx (diunduh 2026-10-06),,,,90 mm,,,,HDPE,,PN 8,52 m,,
__export__.product_product_18063,Pipa HDPE PE 100 PN-8 90 mm x 52 Meter (Strip Biru),HDPE,PIPA HDPE,1540,Export ERP master_product_updated.xlsx (diunduh 2026-10-06),Warna: Biru,,,90 mm,,,,HDPE,,PN 8,52 m,,
__export__.product_product_10590,Pipa HDPE PE 100 PN-8 90 mm x 54 Meter,HDPE,PIPA HDPE,1541,Export ERP master_product_updated.xlsx (diunduh 2026-10-06),,,,90 mm,,,,HDPE,,PN 8,54 m,,
product.0_S_02_004_090057_00,Pipa HDPE PE 100 PN-8 90 mm x 57 Meter,HDPE,PIPA HDPE,1542,Export ERP master_product_updated.xlsx (diunduh 2026-10-06),,,,90 mm,,,,HDPE,,PN 8,57 m,,
product.0_S_02_004_090060_00,Pipa HDPE PE 100 PN-8 90 mm x 60 Meter,HDPE,PIPA HDPE,1543,Export ERP master_product_updated.xlsx (diunduh 2026-10-06),,,,90 mm,,,,HDPE,,PN 8,60 m,,
product.0_S_02_004_090075_00,Pipa HDPE PE 100 PN-8 90 mm x 75 Meter,HDPE,PIPA HDPE,1544,Export ERP master_product_updated.xlsx (diunduh 2026-10-06),,,,90 mm,,,,HDPE,,PN 8,75 m,,
product.0_S_02_004_090076_00,Pipa HDPE PE 100 PN-8 90 mm x 76 Meter,HDPE,PIPA HDPE,1545,Export ERP master_product_updated.xlsx (diunduh 2026-10-06),,,,90 mm,,,,HDPE,,PN 8,76 m,,
product.0_S_02_004_090078_00,Pipa HDPE PE 100 PN-8 90 mm x 78 Meter,HDPE,PIPA HDPE,1546,Export ERP master_product_updated.xlsx (diunduh 2026-10-06),,,,90 mm,,,,HDPE,,PN 8,78 m,,
product.0_S_02_004_090100_00,Pipa HDPE PE 100 PN-8 90 mm x 100 Meter,HDPE,PIPA HDPE,1547,Export ERP master_product_updated.xlsx (diunduh 2026-10-06),,,,90 mm,,,,HDPE,,PN 8,100 m,,
product.0_S_02_004_110002_00,Pipa HDPE PE 100 PN-8 110 mm x 2 Meter,HDPE,PIPA HDPE,1548,Export ERP master_product_updated.xlsx (diunduh 2026-10-06),,,,110 mm,,,,HDPE,,PN 8,2 m,,
product.0_S_02_004_110058_00,Pipa HDPE PE 100 PN-8 110 mm x 5.8 Meter,HDPE,PIPA HDPE,1549,Export ERP master_product_updated.xlsx (diunduh 2026-10-06),,,,110 mm,,,,HDPE,,PN 8,5.8 m,,
__export__.product_product_17359,Pipa HDPE PE 100 PN-8 110 mm x 5.8 Meter (Strip Biru),HDPE,PIPA HDPE,1550,Export ERP master_product_updated.xlsx (diunduh 2026-10-06),Warna: Biru,,,110 mm,,,,HDPE,,PN 8,5.8 m,,
__export__.product_product_17969,Pipa HDPE PE 100 PN-8 110 mm x 5.9 Meter (Strip Biru),HDPE,PIPA HDPE,1551,Export ERP master_product_updated.xlsx (diunduh 2026-10-06),Warna: Biru,,,110 mm,,,,HDPE,,PN 8,5.9 m,,
product.0_S_02_004_110006_00,Pipa HDPE PE 100 PN-8 110 mm x 6 Meter,HDPE,PIPA HDPE,1552,Export ERP master_product_updated.xlsx (diunduh 2026-10-06),,,,110 mm,,,,HDPE,,PN 8,6 m,,
__export__.product_product_16720,Pipa HDPE PE 100 PN-8 110 mm x 6 Meter (Strip Biru),HDPE,PIPA HDPE,1553,Export ERP master_product_updated.xlsx (diunduh 2026-10-06),Warna: Biru,,,110 mm,,,,HDPE,,PN 8,6 m,,
product.0_S_02_004_110007_00,Pipa HDPE PE 100 PN-8 110 mm x 7 Meter,HDPE,PIPA HDPE,1554,Export ERP master_product_updated.xlsx (diunduh 2026-10-06),,,,110 mm,,,,HDPE,,PN 8,7 m,,
product.0_S_02_004_110009_00,Pipa HDPE PE 100 PN-8 110 mm x 9 Meter,HDPE,PIPA HDPE,1555,Export ERP master_product_updated.xlsx (diunduh 2026-10-06),,,,110 mm,,,,HDPE,,PN 8,9 m,,
product.0_S_02_004_110011_80,Pipa HDPE PE 100 PN-8 110 mm x 11.8 Meter,HDPE,PIPA HDPE,1556,Export ERP master_product_updated.xlsx (diunduh 2026-10-06),,,,110 mm,,,,HDPE,,PN 8,11.8 m,,
__export__.product_product_17316,Pipa HDPE PE 100 PN-8 110 mm x 11.8 Meter (Strip Biru),HDPE,PIPA HDPE,1557,Export ERP master_product_updated.xlsx (diunduh 2026-10-06),Warna: Biru,,,110 mm,,,,HDPE,,PN 8,11.8 m,,
__export__.product_product_17198,Pipa HDPE PE 100 PN-8 110 mm x 12 Meter,HDPE,PIPA HDPE,1558,Export ERP master_product_updated.xlsx (diunduh 2026-10-06),,,,110 mm,,,,HDPE,,PN 8,12 m,,
__export__.product_product_17199,Pipa HDPE PE 100 PN-8 110 mm x 12 Meter (Strip Biru),HDPE,PIPA HDPE,1559,Export ERP master_product_updated.xlsx (diunduh 2026-10-06),Warna: Biru,,,110 mm,,,,HDPE,,PN 8,12 m,,
product.0_S_02_004_110018_00,Pipa HDPE PE 100 PN-8 110 mm x 18 Meter,HDPE,PIPA HDPE,1560,Export ERP master_product_updated.xlsx (diunduh 2026-10-06),,,,110 mm,,,,HDPE,,PN 8,18 m,,
product.0_S_02_004_110020_00,Pipa HDPE PE 100 PN-8 110 mm x 20 Meter,HDPE,PIPA HDPE,1561,Export ERP master_product_updated.xlsx (diunduh 2026-10-06),,,,110 mm,,,,HDPE,,PN 8,20 m,,
__export__.product_product_14774,Pipa HDPE PE 100 PN-8 110 mm x 34 Meter,HDPE,PIPA HDPE,1562,Export ERP master_product_updated.xlsx (diunduh 2026-10-06),,,,110 mm,,,,HDPE,,PN 8,34 m,,
__export__.product_product_13433,Pipa HDPE PE 100 PN-8 110 mm x 36 Meter,HDPE,PIPA HDPE,1563,Export ERP master_product_updated.xlsx (diunduh 2026-10-06),,,,110 mm,,,,HDPE,,PN 8,36 m,,
product.0_S_02_004_110050_00,Pipa HDPE PE 100 PN-8 110 mm x 50 Meter,HDPE,PIPA HDPE,1564,Export ERP master_product_updated.xlsx (diunduh 2026-10-06),,,,110 mm,,,,HDPE,,PN 8,50 m,,
__export__.product_product_16902,Pipa HDPE PE 100 PN-8 110 mm x 50 Meter (Strip Biru),HDPE,PIPA HDPE,1565,Export ERP master_product_updated.xlsx (diunduh 2026-10-06),Warna: Biru,,,110 mm,,,,HDPE,,PN 8,50 m,,
product.0_S_02_004_110052_00,Pipa HDPE PE 100 PN-8 110 mm x 52 Meter,HDPE,PIPA HDPE,1566,Export ERP master_product_updated.xlsx (diunduh 2026-10-06),,,,110 mm,,,,HDPE,,PN 8,52 m,,
product.0_S_02_004_110060_00,Pipa HDPE PE 100 PN-8 110 mm x 60 Meter,HDPE,PIPA HDPE,1567,Export ERP master_product_updated.xlsx (diunduh 2026-10-06),,,,110 mm,,,,HDPE,,PN 8,60 m,,
product.0_S_02_004_110068_00,Pipa HDPE PE 100 PN-8 110 mm x 68 Meter,HDPE,PIPA HDPE,1568,Export ERP master_product_updated.xlsx (diunduh 2026-10-06),,,,110 mm,,,,HDPE,,PN 8,68 m,,
product.0_S_02_004_110086_00,Pipa HDPE PE 100 PN-8 110 mm x 86 Meter,HDPE,PIPA HDPE,1569,Export ERP master_product_updated.xlsx (diunduh 2026-10-06),,,,110 mm,,,,HDPE,,PN 8,86 m,,
__export__.product_product_14981,Pipa HDPE PE 100 PN-8 110 mm x 98 Meter,HDPE,PIPA HDPE,1570,Export ERP master_product_updated.xlsx (diunduh 2026-10-06),,,,110 mm,,,,HDPE,,PN 8,98 m,,
product.0_S_02_004_110100_00,Pipa HDPE PE 100 PN-8 110 mm x 100 Meter,HDPE,PIPA HDPE,1571,Export ERP master_product_updated.xlsx (diunduh 2026-10-06),,,,110 mm,,,,HDPE,,PN 8,100 m,,
__export__.product_product_17210,Pipa HDPE PE 100 PN-8 125 mm x 6 Meter,HDPE,PIPA HDPE,1572,Export ERP master_product_updated.xlsx (diunduh 2026-10-06),,,,125 mm,,,,HDPE,,PN 8,6 m,,
product.0_S_02_004_140006_00,Pipa HDPE PE 100 PN-8 140 mm x 6 Meter,HDPE,PIPA HDPE,1573,Export ERP master_product_updated.xlsx (diunduh 2026-10-06),,,,140 mm,,,,HDPE,,PN 8,6 m,,
product.0_S_02_004_160005_80,Pipa HDPE PE 100 PN-8 160 mm x 5.8 Meter,HDPE,PIPA HDPE,1574,Export ERP master_product_updated.xlsx (diunduh 2026-10-06),,,,160 mm,,,,HDPE,,PN 8,5.8 m,,
__export__.product_product_18879,Pipa HDPE PE 100 PN-8 160 mm x 5.8 Meter (Strip Biru),HDPE,PIPA HDPE,1575,Export ERP master_product_updated.xlsx (diunduh 2026-10-06),Warna: Biru,,,160 mm,,,,HDPE,,PN 8,5.8 m,,
product.0_S_02_004_160006_00,Pipa HDPE PE 100 PN-8 160 mm x 6 Meter,HDPE,PIPA HDPE,1576,Export ERP master_product_updated.xlsx (diunduh 2026-10-06),,,,160 mm,,,,HDPE,,PN 8,6 m,,
__export__.product_product_16723,Pipa HDPE PE 100 PN-8 160 mm x 6 Meter (Strip Biru),HDPE,PIPA HDPE,1577,Export ERP master_product_updated.xlsx (diunduh 2026-10-06),Warna: Biru,,,160 mm,,,,HDPE,,PN 8,6 m,,
__export__.product_product_10249,Pipa HDPE PE 100 PN-8 160 mm x 9 Meter,HDPE,PIPA HDPE,1578,Export ERP master_product_updated.xlsx (diunduh 2026-10-06),,,,160 mm,,,,HDPE,,PN 8,9 m,,
product.0_S_02_004_160011_80,Pipa HDPE PE 100 PN-8 160 mm x 11.8 Meter,HDPE,PIPA HDPE,1579,Export ERP master_product_updated.xlsx (diunduh 2026-10-06),,,,160 mm,,,,HDPE,,PN 8,11.8 m,,
__export__.product_product_17315,Pipa HDPE PE 100 PN-8 160 mm x 11.8 Meter (Strip Biru),HDPE,PIPA HDPE,1580,Export ERP master_product_updated.xlsx (diunduh 2026-10-06),Warna: Biru,,,160 mm,,,,HDPE,,PN 8,11.8 m,,
__export__.product_product_17196,Pipa HDPE PE 100 PN-8 160 mm x 12 Meter,HDPE,PIPA HDPE,1581,Export ERP master_product_updated.xlsx (diunduh 2026-10-06),,,,160 mm,,,,HDPE,,PN 8,12 m,,
__export__.product_product_17209,Pipa HDPE PE 100 PN-8 160 mm x 12 Meter (Strip Biru),HDPE,PIPA HDPE,1582,Export ERP master_product_updated.xlsx (diunduh 2026-10-06),Warna: Biru,,,160 mm,,,,HDPE,,PN 8,12 m,,
__export__.product_product_18905,Pipa HDPE PE 100 PN-8 180 mm x 6 Meter (Strip Biru),HDPE,PIPA HDPE,1583,Export ERP master_product_updated.xlsx (diunduh 2026-10-06),Warna: Biru,,,180 mm,,,,HDPE,,PN 8,6 m,,
product.0_S_02_004_200005_80,Pipa HDPE PE 100 PN-8 200 mm x 5.8 Meter,HDPE,PIPA HDPE,1584,Export ERP master_product_updated.xlsx (diunduh 2026-10-06),,,,200 mm,,,,HDPE,,PN 8,5.8 m,,
product.0_S_02_004_200006_00,Pipa HDPE PE 100 PN-8 200 mm x 6 Meter,HDPE,PIPA HDPE,1585,Export ERP master_product_updated.xlsx (diunduh 2026-10-06),,,,200 mm,,,,HDPE,,PN 8,6 m,,
__export__.product_product_16648,Pipa HDPE PE 100 PN-8 200 mm x 6 Meter (Strip Biru),HDPE,PIPA HDPE,1586,Export ERP master_product_updated.xlsx (diunduh 2026-10-06),Warna: Biru,,,200 mm,,,,HDPE,,PN 8,6 m,,
product.0_S_02_004_200011_80,Pipa HDPE PE 100 PN-8 200 mm x 11.8 Meter,HDPE,PIPA HDPE,1587,Export ERP master_product_updated.xlsx (diunduh 2026-10-06),,,,200 mm,,,,HDPE,,PN 8,11.8 m,,
__export__.product_product_10380,Pipa HDPE PE 100 PN-8 200 mm x 12 Meter,HDPE,PIPA HDPE,1588,Export ERP master_product_updated.xlsx (diunduh 2026-10-06),,,,200 mm,,,,HDPE,,PN 8,12 m,,
__export__.product_product_17203,Pipa HDPE PE 100 PN-8 200 mm x 12 Meter (Strip Biru),HDPE,PIPA HDPE,1589,Export ERP master_product_updated.xlsx (diunduh 2026-10-06),Warna: Biru,,,200 mm,,,,HDPE,,PN 8,12 m,,
__export__.product_product_16649,Pipa HDPE PE 100 PN-8 225 mm x 6 Meter,HDPE,PIPA HDPE,1590,Export ERP master_product_updated.xlsx (diunduh 2026-10-06),,,,225 mm,,,,HDPE,,PN 8,6 m,,
__export__.product_product_17207,Pipa HDPE PE 100 PN-8 250 mm x 5.8 Meter,HDPE,PIPA HDPE,1591,Export ERP master_product_updated.xlsx (diunduh 2026-10-06),,,,250 mm,,,,HDPE,,PN 8,5.8 m,,
__export__.product_product_17208,Pipa HDPE PE 100 PN-8 250 mm x 5.8 Meter (Strip Biru),HDPE,PIPA HDPE,1592,Export ERP master_product_updated.xlsx (diunduh 2026-10-06),Warna: Biru,,,250 mm,,,,HDPE,,PN 8,5.8 m,,
product.0_S_02_004_250006_00,Pipa HDPE PE 100 PN-8 250 mm x 6 Meter,HDPE,PIPA HDPE,1593,Export ERP master_product_updated.xlsx (diunduh 2026-10-06),,,,250 mm,,,,HDPE,,PN 8,6 m,,
__export__.product_product_16868,Pipa HDPE PE 100 PN-8 250 mm x 6 Meter (Strip Biru),HDPE,PIPA HDPE,1594,Export ERP master_product_updated.xlsx (diunduh 2026-10-06),Warna: Biru,,,250 mm,,,,HDPE,,PN 8,6 m,,
__export__.product_product_17299,Pipa HDPE PE 100 PN-8 250 mm x 11.8 Meter,HDPE,PIPA HDPE,1595,Export ERP master_product_updated.xlsx (diunduh 2026-10-06),,,,250 mm,,,,HDPE,,PN 8,11.8 m,,
__export__.product_product_17314,Pipa HDPE PE 100 PN-8 250 mm x 11.8 Meter (Strip Biru),HDPE,PIPA HDPE,1596,Export ERP master_product_updated.xlsx (diunduh 2026-10-06),Warna: Biru,,,250 mm,,,,HDPE,,PN 8,11.8 m,,
__export__.product_product_17195,Pipa HDPE PE 100 PN-8 250 mm x 12 Meter,HDPE,PIPA HDPE,1597,Export ERP master_product_updated.xlsx (diunduh 2026-10-06),,,,250 mm,,,,HDPE,,PN 8,12 m,,
__export__.product_product_17194,Pipa HDPE PE 100 PN-8 250 mm x 12 Meter (Strip Biru),HDPE,PIPA HDPE,1598,Export ERP master_product_updated.xlsx (diunduh 2026-10-06),Warna: Biru,,,250 mm,,,,HDPE,,PN 8,12 m,,
__export__.product_product_19623,Pipa HDPE PE 100 PN-8 280 mm x 6 Meter (Strip Biru),HDPE,PIPA HDPE,1599,Export ERP master_product_updated.xlsx (diunduh 2026-10-06),Warna: Biru,,,280 mm,,,,HDPE,,PN 8,6 m,,
__export__.product_product_10568,Pipa HDPE PE 100 PN-8 315 mm x 4 Meter,HDPE,PIPA HDPE,1600,Export ERP master_product_updated.xlsx (diunduh 2026-10-06),,,,315 mm,,,,HDPE,,PN 8,4 m,,
__export__.product_product_10567,Pipa HDPE PE 100 PN-8 315 mm x 5 Meter,HDPE,PIPA HDPE,1601,Export ERP master_product_updated.xlsx (diunduh 2026-10-06),,,,315 mm,,,,HDPE,,PN 8,5 m,,
__export__.product_product_17110,Pipa HDPE PE 100 PN-8 315 mm x 5.8 Meter,HDPE,PIPA HDPE,1602,Export ERP master_product_updated.xlsx (diunduh 2026-10-06),,,,315 mm,,,,HDPE,,PN 8,5.8 m,,
product.0_S_02_004_300006_00,Pipa HDPE PE 100 PN-8 315 mm x 6 Meter,HDPE,PIPA HDPE,1603,Export ERP master_product_updated.xlsx (diunduh 2026-10-06),,,,315 mm,,,,HDPE,,PN 8,6 m,,
__export__.product_product_14386,Pipa HDPE PE 100 (Perforated) PN-8 315 mm x 6 Meter,HDPE,PIPA HDPE,1604,Export ERP master_product_updated.xlsx (diunduh 2026-10-06),,,,315 mm,,,,HDPE,,PN 8,6 m,,
__export__.product_product_16867,Pipa HDPE PE 100 PN-8 315 mm x 6 Meter (Strip Biru),HDPE,PIPA HDPE,1605,Export ERP master_product_updated.xlsx (diunduh 2026-10-06),Warna: Biru,,,315 mm,,,,HDPE,,PN 8,6 m,,
__export__.product_product_19444,Pipa HDPE PE 100 PN-8 315 mm x 6 Meter (Strip Merah),HDPE,PIPA HDPE,1606,Export ERP master_product_updated.xlsx (diunduh 2026-10-06),Warna: Merah,,,315 mm,,,,HDPE,,PN 8,6 m,,
__export__.product_product_10250,Pipa HDPE PE 100 PN-8 315 mm x 9 Meter,HDPE,PIPA HDPE,1607,Export ERP master_product_updated.xlsx (diunduh 2026-10-06),,,,315 mm,,,,HDPE,,PN 8,9 m,,
__export__.product_product_18500,Pipa HDPE PE 100 PN-8 315 mm x 11.8 Meter (Strip Biru),HDPE,PIPA HDPE,1608,Export ERP master_product_updated.xlsx (diunduh 2026-10-06),Warna: Biru,,,315 mm,,,,HDPE,,PN 8,11.8 m,,
__export__.product_product_18729,Pipa HDPE PE 100 PN-8 315 mm x 12 Meter (Strip Biru),HDPE,PIPA HDPE,1609,Export ERP master_product_updated.xlsx (diunduh 2026-10-06),Warna: Biru,,,315 mm,,,,HDPE,,PN 8,12 m,,
__export__.product_product_19458,Pipa HDPE PE 100 PN-8 315 mm x 12 Meter (Strip Merah),HDPE,PIPA HDPE,1610,Export ERP master_product_updated.xlsx (diunduh 2026-10-06),Warna: Merah,,,315 mm,,,,HDPE,,PN 8,12 m,,
product.0_S_02_004_355004_20,Pipa HDPE PE 100 PN-8 355 mm x 4 Meter,HDPE,PIPA HDPE,1611,Export ERP master_product_updated.xlsx (diunduh 2026-10-06),,,,355 mm,,,,HDPE,,PN 8,4 m,,
__export__.product_product_11326,Pipa HDPE PE 100 PN-8 355 mm x 5.8 Meter,HDPE,PIPA HDPE,1612,Export ERP master_product_updated.xlsx (diunduh 2026-10-06),,,,355 mm,,,,HDPE,,PN 8,5.8 m,,
product.0_S_02_004_355006_00,Pipa HDPE PE 100 PN-8 355 mm x 6 Meter,HDPE,PIPA HDPE,1613,Export ERP master_product_updated.xlsx (diunduh 2026-10-06),,,,355 mm,,,,HDPE,,PN 8,6 m,,
__export__.product_product_17413,Pipa HDPE PE 100 PN-8 355 mm x 6 Meter (Strip Biru),HDPE,PIPA HDPE,1614,Export ERP master_product_updated.xlsx (diunduh 2026-10-06),Warna: Biru,,,355 mm,,,,HDPE,,PN 8,6 m,,
product.0_S_02_004_355010_00,Pipa HDPE PE 100 PN-8 355 mm x 10 Meter,HDPE,PIPA HDPE,1615,Export ERP master_product_updated.xlsx (diunduh 2026-10-06),,,,355 mm,,,,HDPE,,PN 8,10 m,,
product.0_S_02_004_355011_20,Pipa HDPE PE 100 PN-8 355 mm x 11 Meter,HDPE,PIPA HDPE,1616,Export ERP master_product_updated.xlsx (diunduh 2026-10-06),,,,355 mm,,,,HDPE,,PN 8,11 m,,
product.0_S_02_004_355011_80,Pipa HDPE PE 100 PN-8 355 mm x 11.8 Meter,HDPE,PIPA HDPE,1617,Export ERP master_product_updated.xlsx (diunduh 2026-10-06),,,,355 mm,,,,HDPE,,PN 8,11.8 m,,
__export__.product_product_19668,Pipa HDPE PE 100 PN-8 355 mm x 11.8 Meter (Strip Biru),HDPE,PIPA HDPE,1618,Export ERP master_product_updated.xlsx (diunduh 2026-10-06),Warna: Biru,,,355 mm,,,,HDPE,,PN 8,11.8 m,,
__export__.product_product_10377,Pipa HDPE PE 100 PN-8 355 mm x 12 Meter,HDPE,PIPA HDPE,1619,Export ERP master_product_updated.xlsx (diunduh 2026-10-06),,,,355 mm,,,,HDPE,,PN 8,12 m,,
product.0_S_02_004_400005_80,Pipa HDPE PE 100 PN-8 400 mm x 5.8 Meter,HDPE,PIPA HDPE,1620,Export ERP master_product_updated.xlsx (diunduh 2026-10-06),,,,400 mm,,,,HDPE,,PN 8,5.8 m,,
__export__.product_product_17466,Pipa HDPE PE 100 PN-8 400 mm x 5.8 Meter (Strip Biru),HDPE,PIPA HDPE,1621,Export ERP master_product_updated.xlsx (diunduh 2026-10-06),Warna: Biru,,,400 mm,,,,HDPE,,PN 8,5.8 m,,
product.0_S_02_004_400006_00,Pipa HDPE PE 100 PN-8 400 mm x 6 Meter,HDPE,PIPA HDPE,1622,Export ERP master_product_updated.xlsx (diunduh 2026-10-06),,,,400 mm,,,,HDPE,,PN 8,6 m,,
__export__.product_product_16866,Pipa HDPE PE 100 PN-8 400 mm x 6 Meter (Strip Biru),HDPE,PIPA HDPE,1623,Export ERP master_product_updated.xlsx (diunduh 2026-10-06),Warna: Biru,,,400 mm,,,,HDPE,,PN 8,6 m,,
product.0_S_02_004_400011_80,Pipa HDPE PE 100 PN-8 400 mm x 11.8 Meter,HDPE,PIPA HDPE,1624,Export ERP master_product_updated.xlsx (diunduh 2026-10-06),,,,400 mm,,,,HDPE,,PN 8,11.8 m,,
__export__.product_product_17928,Pipa HDPE PE 100 PN-8 400 mm x 11.8 Meter (Strip Biru),HDPE,PIPA HDPE,1625,Export ERP master_product_updated.xlsx (diunduh 2026-10-06),Warna: Biru,,,400 mm,,,,HDPE,,PN 8,11.8 m,,
__export__.product_product_17201,Pipa HDPE PE 100 PN-8 400 mm x 12 Meter,HDPE,PIPA HDPE,1626,Export ERP master_product_updated.xlsx (diunduh 2026-10-06),,,,400 mm,,,,HDPE,,PN 8,12 m,,
__export__.product_product_17202,Pipa HDPE PE 100 PN-8 400 mm x 12 Meter (Strip Biru),HDPE,PIPA HDPE,1627,Export ERP master_product_updated.xlsx (diunduh 2026-10-06),Warna: Biru,,,400 mm,,,,HDPE,,PN 8,12 m,,
product.0_S_02_004_450006_00,Pipa HDPE PE 100 PN-8 450 mm x 6 Meter,HDPE,PIPA HDPE,1628,Export ERP master_product_updated.xlsx (diunduh 2026-10-06),,,,450 mm,,,,HDPE,,PN 8,6 m,,
__export__.product_product_17109,Pipa HDPE PE 100 PN-8 500 mm x 5.8 Meter,HDPE,PIPA HDPE,1629,Export ERP master_product_updated.xlsx (diunduh 2026-10-06),,,,500 mm,,,,HDPE,,PN 8,5.8 m,,
__export__.product_product_18092,Pipa HDPE PE 100 PN-8 500 mm x 5.8 Meter (Strip Biru),HDPE,PIPA HDPE,1630,Export ERP master_product_updated.xlsx (diunduh 2026-10-06),Warna: Biru,,,500 mm,,,,HDPE,,PN 8,5.8 m,,
product.0_S_02_004_500006_00,Pipa HDPE PE 100 PN-8 500 mm x 6 Meter,HDPE,PIPA HDPE,1631,Export ERP master_product_updated.xlsx (diunduh 2026-10-06),,,,500 mm,,,,HDPE,,PN 8,6 m,,
__export__.product_product_17349,Pipa HDPE PE 100 PN-8 500 mm x 6 Meter (Strip Biru),HDPE,PIPA HDPE,1632,Export ERP master_product_updated.xlsx (diunduh 2026-10-06),Warna: Biru,,,500 mm,,,,HDPE,,PN 8,6 m,,
product.0_S_02_004_500011_80,Pipa HDPE PE 100 PN-8 500 mm x 11 Meter,HDPE,PIPA HDPE,1633,Export ERP master_product_updated.xlsx (diunduh 2026-10-06),,,,500 mm,,,,HDPE,,PN 8,11 m,,
__export__.product_product_19664,Pipa HDPE PE 100 PN-8 500 mm x 11.5 Meter (Strip Biru),HDPE,PIPA HDPE,1634,Export ERP master_product_updated.xlsx (diunduh 2026-10-06),Warna: Biru,,,500 mm,,,,HDPE,,PN 8,11.5 m,,
__export__.product_product_17297,Pipa HDPE PE 100 PN-8 500 mm x 11.8 Meter,HDPE,PIPA HDPE,1635,Export ERP master_product_updated.xlsx (diunduh 2026-10-06),,,,500 mm,,,,HDPE,,PN 8,11.8 m,,
__export__.product_product_17313,Pipa HDPE PE 100 PN-8 500 mm x 11.8 Meter (Strip Biru),HDPE,PIPA HDPE,1636,Export ERP master_product_updated.xlsx (diunduh 2026-10-06),Warna: Biru,,,500 mm,,,,HDPE,,PN 8,11.8 m,,
__export__.product_product_13761,Pipa HDPE PE 100 PN-8 500 mm x 12 Meter,HDPE,PIPA HDPE,1637,Export ERP master_product_updated.xlsx (diunduh 2026-10-06),,,,500 mm,,,,HDPE,,PN 8,12 m,,
__export__.product_product_17193,Pipa HDPE PE 100 PN-8 500 mm x 12 Meter (Strip Biru),HDPE,PIPA HDPE,1638,Export ERP master_product_updated.xlsx (diunduh 2026-10-06),Warna: Biru,,,500 mm,,,,HDPE,,PN 8,12 m,,
__export__.product_product_10381,Pipa HDPE PE 100 PN-8 560 mm x 6 Meter,HDPE,PIPA HDPE,1639,Export ERP master_product_updated.xlsx (diunduh 2026-10-06),,,,560 mm,,,,HDPE,,PN 8,6 m,,
__export__.product_product_17604,Pipa HDPE PE 100 PN-8 560 mm x 6 Meter (Strip Biru),HDPE,PIPA HDPE,1640,Export ERP master_product_updated.xlsx (diunduh 2026-10-06),Warna: Biru,,,560 mm,,,,HDPE,,PN 8,6 m,,
__export__.product_product_19301,Pipa HDPE PE 100 PN-8 560 mm x 11.8 Meter (Strip Biru),HDPE,PIPA HDPE,1641,Export ERP master_product_updated.xlsx (diunduh 2026-10-06),Warna: Biru,,,560 mm,,,,HDPE,,PN 8,11.8 m,,
__export__.product_product_17419,Pipa HDPE PE 100 PN-8 630 mm x 5.8 Meter (Strip Biru),HDPE,PIPA HDPE,1642,Export ERP master_product_updated.xlsx (diunduh 2026-10-06),Warna: Biru,,,630 mm,,,,HDPE,,PN 8,5.8 m,,
product.0_S_02_004_630006_00,Pipa HDPE PE 100 PN-8 630 mm x 6 Meter,HDPE,PIPA HDPE,1643,Export ERP master_product_updated.xlsx (diunduh 2026-10-06),,,,630 mm,,,,HDPE,,PN 8,6 m,,
__export__.product_product_14385,Pipa HDPE PE 100 (Perforated) PN-8 630 mm x 6 Meter,HDPE,PIPA HDPE,1644,Export ERP master_product_updated.xlsx (diunduh 2026-10-06),,,,630 mm,,,,HDPE,,PN 8,6 m,,
__export__.product_product_16525,Pipa HDPE PE 100 PN-8 630 mm x 6 Meter (Strip Biru),HDPE,PIPA HDPE,1645,Export ERP master_product_updated.xlsx (diunduh 2026-10-06),Warna: Biru,,,630 mm,,,,HDPE,,PN 8,6 m,,
product.0_S_02_004_630011_80,Pipa HDPE PE 100 PN-8 630 mm x 11 Meter,HDPE,PIPA HDPE,1646,Export ERP master_product_updated.xlsx (diunduh 2026-10-06),,,,630 mm,,,,HDPE,,PN 8,11 m,,
__export__.product_product_17298,Pipa HDPE PE 100 PN-8 630 mm x 11.8 Meter,HDPE,PIPA HDPE,1647,Export ERP master_product_updated.xlsx (diunduh 2026-10-06),,,,630 mm,,,,HDPE,,PN 8,11.8 m,,
__export__.product_product_17312,Pipa HDPE PE 100 PN-8 630 mm x 11.8 Meter (Strip Biru),HDPE,PIPA HDPE,1648,Export ERP master_product_updated.xlsx (diunduh 2026-10-06),Warna: Biru,,,630 mm,,,,HDPE,,PN 8,11.8 m,,
__export__.product_product_16526,Pipa HDPE PE 100 PN-8 630 mm x 12 Meter (Strip Biru),HDPE,PIPA HDPE,1649,Export ERP master_product_updated.xlsx (diunduh 2026-10-06),Warna: Biru,,,630 mm,,,,HDPE,,PN 8,12 m,,
__export__.product_product_17191,Pipa HDPE PE 100 PN-8 710 mm x 5.8 Meter,HDPE,PIPA HDPE,1650,Export ERP master_product_updated.xlsx (diunduh 2026-10-06),,,,710 mm,,,,HDPE,,PN 8,5.8 m,,
__export__.product_product_18441,Pipa HDPE PE 100 PN-8 710 mm x 5.8 Meter (Strip Biru),HDPE,PIPA HDPE,1651,Export ERP master_product_updated.xlsx (diunduh 2026-10-06),Warna: Biru,,,710 mm,,,,HDPE,,PN 8,5.8 m,,
__export__.product_product_14982,Pipa HDPE PE 100 PN-8 710 mm x 6 Meter,HDPE,PIPA HDPE,1652,Export ERP master_product_updated.xlsx (diunduh 2026-10-06),,,,710 mm,,,,HDPE,,PN 8,6 m,,
__export__.product_product_16642,Pipa HDPE PE 100 PN-8 710 mm x 6 Meter (Strip Biru),HDPE,PIPA HDPE,1653,Export ERP master_product_updated.xlsx (diunduh 2026-10-06),Warna: Biru,,,710 mm,,,,HDPE,,PN 8,6 m,,
__export__.product_product_13552,Pipa HDPE PE 100 PN-8 710 mm x 8 Meter,HDPE,PIPA HDPE,1654,Export ERP master_product_updated.xlsx (diunduh 2026-10-06),,,,710 mm,,,,HDPE,,PN 8,8 m,,
__export__.product_product_13445,Pipa HDPE PE 100 PN-8 710 mm x 11.8 Meter,HDPE,PIPA HDPE,1655,Export ERP master_product_updated.xlsx (diunduh 2026-10-06),,,,710 mm,,,,HDPE,,PN 8,11.8 m,,
__export__.product_product_16637,Pipa HDPE PE 100 PN-8 710 mm x 11.8 Meter (Strip Biru),HDPE,PIPA HDPE,1656,Export ERP master_product_updated.xlsx (diunduh 2026-10-06),Warna: Biru,,,710 mm,,,,HDPE,,PN 8,11.8 m,,
__export__.product_product_17384,Pipa HDPE PE 100 PN-8 710 mm x 12 Meter (Strip Biru),HDPE,PIPA HDPE,1657,Export ERP master_product_updated.xlsx (diunduh 2026-10-06),Warna: Biru,,,710 mm,,,,HDPE,,PN 8,12 m,,
__export__.product_product_14815,Pipa HDPE PE 100 PN-8 800 mm x 6 Meter,HDPE,PIPA HDPE,1658,Export ERP master_product_updated.xlsx (diunduh 2026-10-06),,,,800 mm,,,,HDPE,,PN 8,6 m,,
__export__.product_product_16643,Pipa HDPE PE 100 PN-8 800 mm x 6 Meter (Strip Biru),HDPE,PIPA HDPE,1659,Export ERP master_product_updated.xlsx (diunduh 2026-10-06),Warna: Biru,,,800 mm,,,,HDPE,,PN 8,6 m,,
__export__.product_product_14816,Pipa HDPE PE 100 PN-8 800 mm x 9 Meter,HDPE,PIPA HDPE,1660,Export ERP master_product_updated.xlsx (diunduh 2026-10-06),,,,800 mm,,,,HDPE,,PN 8,9 m,,
__export__.product_product_17383,Pipa HDPE PE 100 PN-8 800 mm x 12 Meter (Strip Biru),HDPE,PIPA HDPE,1661,Export ERP master_product_updated.xlsx (diunduh 2026-10-06),Warna: Biru,,,800 mm,,,,HDPE,,PN 8,12 m,,
__export__.product_product_14685,Pipa HDPE PE 100 PN-10 20 mm x 1.5 Meter,HDPE,PIPA HDPE,1662,Export ERP master_product_updated.xlsx (diunduh 2026-10-06),,,,20 mm,,,,HDPE,,PN 10,1.5 m,,
__export__.product_product_12471,Pipa HDPE PE 100 PN-10 20 mm x 6 Meter,HDPE,PIPA HDPE,1663,Export ERP master_product_updated.xlsx (diunduh 2026-10-06),,,,20 mm,,,,HDPE,,PN 10,6 m,,
__export__.product_product_14485,Pipa HDPE PE 100 PN-10 20 mm x 18 Meter,HDPE,PIPA HDPE,1664,Export ERP master_product_updated.xlsx (diunduh 2026-10-06),,,,20 mm,,,,HDPE,,PN 10,18 m,,
product.0_S_02_005_020050_00,Pipa HDPE PE 100 PN-10 20 mm x 50 Meter,HDPE,PIPA HDPE,1665,Export ERP master_product_updated.xlsx (diunduh 2026-10-06),,,,20 mm,,,,HDPE,,PN 10,50 m,,
__export__.product_product_19238,Pipa HDPE PE 100 PN-10 20 mm x 50 Meter (Strip Biru),HDPE,PIPA HDPE,1666,Export ERP master_product_updated.xlsx (diunduh 2026-10-06),Warna: Biru,,,20 mm,,,,HDPE,,PN 10,50 m,,
product.0_S_02_005_020075_00,Pipa HDPE PE 100 PN-10 20 mm x 75 Meter,HDPE,PIPA HDPE,1667,Export ERP master_product_updated.xlsx (diunduh 2026-10-06),,,,20 mm,,,,HDPE,,PN 10,75 m,,
product.0_S_02_005_020100_00,Pipa HDPE PE 100 PN-10 20 mm x 100 Meter,HDPE,PIPA HDPE,1668,Export ERP master_product_updated.xlsx (diunduh 2026-10-06),,,,20 mm,,,,HDPE,,PN 10,100 m,,
__export__.product_product_18505,Pipa HDPE PE 100 PN-10 20 mm x 100 Meter (Strip Biru),HDPE,PIPA HDPE,1669,Export ERP master_product_updated.xlsx (diunduh 2026-10-06),Warna: Biru,,,20 mm,,,,HDPE,,PN 10,100 m,,
__export__.product_product_15019,Pipa HDPE PE 100 PN-10 20 mm x 132 Meter,HDPE,PIPA HDPE,1670,Export ERP master_product_updated.xlsx (diunduh 2026-10-06),,,,20 mm,,,,HDPE,,PN 10,132 m,,
__export__.product_product_12640,Pipa HDPE PE 100 PN-10 20 mm x 150 Meter,HDPE,PIPA HDPE,1671,Export ERP master_product_updated.xlsx (diunduh 2026-10-06),,,,20 mm,,,,HDPE,,PN 10,150 m,,
__export__.product_product_15018,Pipa HDPE PE 100 PN-10 20 mm x 158 Meter,HDPE,PIPA HDPE,1672,Export ERP master_product_updated.xlsx (diunduh 2026-10-06),,,,20 mm,,,,HDPE,,PN 10,158 m,,
__export__.product_product_15020,Pipa HDPE PE 100 PN-10 20 mm x 184 Meter,HDPE,PIPA HDPE,1673,Export ERP master_product_updated.xlsx (diunduh 2026-10-06),,,,20 mm,,,,HDPE,,PN 10,184 m,,
product.0_S_02_005_020200_00,Pipa HDPE PE 100 PN-10 20 mm x 200 Meter,HDPE,PIPA HDPE,1674,Export ERP master_product_updated.xlsx (diunduh 2026-10-06),,,,20 mm,,,,HDPE,,PN 10,200 m,,
product.0_S_02_005_020250_00,Pipa HDPE PE 100 PN-10 20 mm x 250 Meter,HDPE,PIPA HDPE,1675,Export ERP master_product_updated.xlsx (diunduh 2026-10-06),,,,20 mm,,,,HDPE,,PN 10,250 m,,
product.0_S_02_005_020001_00,Pipa HDPE PE 100 PN-10 25 mm x 1 Meter,HDPE,PIPA HDPE,1676,Export ERP master_product_updated.xlsx (diunduh 2026-10-06),,,,25 mm,,,,HDPE,,PN 10,1 m,,
__export__.product_product_14686,Pipa HDPE PE 100 PN-10 25 mm x 1.5 Meter,HDPE,PIPA HDPE,1677,Export ERP master_product_updated.xlsx (diunduh 2026-10-06),,,,25 mm,,,,HDPE,,PN 10,1.5 m,,
product.0_S_02_005_025030_00,Pipa HDPE PE 100 PN-10 25 mm x 30 Meter,HDPE,PIPA HDPE,1678,Export ERP master_product_updated.xlsx (diunduh 2026-10-06),,,,25 mm,,,,HDPE,,PN 10,30 m,,
product.0_S_02_005_025050_00,Pipa HDPE PE 100 PN-10 25 mm x 50 Meter,HDPE,PIPA HDPE,1679,Export ERP master_product_updated.xlsx (diunduh 2026-10-06),,,,25 mm,,,,HDPE,,PN 10,50 m,,
__export__.product_product_19237,Pipa HDPE PE 100 PN-10 25 mm x 50 Meter (Strip Biru),HDPE,PIPA HDPE,1680,Export ERP master_product_updated.xlsx (diunduh 2026-10-06),Warna: Biru,,,25 mm,,,,HDPE,,PN 10,50 m,,
product.0_S_02_005_025088_00,Pipa HDPE PE 100 PN-10 25 mm x 88 Meter,HDPE,PIPA HDPE,1681,Export ERP master_product_updated.xlsx (diunduh 2026-10-06),,,,25 mm,,,,HDPE,,PN 10,88 m,,
product.0_S_02_005_025100_00,Pipa HDPE PE 100 PN-10 25 mm x 100 Meter,HDPE,PIPA HDPE,1682,Export ERP master_product_updated.xlsx (diunduh 2026-10-06),,,,25 mm,,,,HDPE,,PN 10,100 m,,
__export__.product_product_17690,Pipa HDPE PE 100 PN-10 25 mm x 100 Meter (Strip Biru),HDPE,PIPA HDPE,1683,Export ERP master_product_updated.xlsx (diunduh 2026-10-06),Warna: Biru,,,25 mm,,,,HDPE,,PN 10,100 m,,
__export__.product_product_13534,Pipa HDPE PE 100 PN-10 25 mm x 110 Meter,HDPE,PIPA HDPE,1684,Export ERP master_product_updated.xlsx (diunduh 2026-10-06),,,,25 mm,,,,HDPE,,PN 10,110 m,,
product.0_S_02_005_025140_00,Pipa HDPE PE 100 PN-10 25 mm x 140 Meter,HDPE,PIPA HDPE,1685,Export ERP master_product_updated.xlsx (diunduh 2026-10-06),,,,25 mm,,,,HDPE,,PN 10,140 m,,
product.0_S_02_005_025150_00,Pipa HDPE PE 100 PN-10 25 mm x 150 Meter,HDPE,PIPA HDPE,1686,Export ERP master_product_updated.xlsx (diunduh 2026-10-06),,,,25 mm,,,,HDPE,,PN 10,150 m,,
product.0_S_02_005_025200_00,Pipa HDPE PE 100 PN-10 25 mm x 200 Meter,HDPE,PIPA HDPE,1687,Export ERP master_product_updated.xlsx (diunduh 2026-10-06),,,,25 mm,,,,HDPE,,PN 10,200 m,,
product.0_S_02_005_025250_00,Pipa HDPE PE 100 PN-10 25 mm x 250 Meter,HDPE,PIPA HDPE,1688,Export ERP master_product_updated.xlsx (diunduh 2026-10-06),,,,25 mm,,,,HDPE,,PN 10,250 m,,
__export__.product_product_16664,Pipa HDPE PE 100 PN-10 32 mm x 6 Meter,HDPE,PIPA HDPE,1689,Export ERP master_product_updated.xlsx (diunduh 2026-10-06),,,,32 mm,,,,HDPE,,PN 10,6 m,,
product.0_S_02_005_032050_00,Pipa HDPE PE 100 PN-10 32 mm x 50 Meter,HDPE,PIPA HDPE,1690,Export ERP master_product_updated.xlsx (diunduh 2026-10-06),,,,32 mm,,,,HDPE,,PN 10,50 m,,
__export__.product_product_19236,Pipa HDPE PE 100 PN-10 32 mm x 50 Meter (Strip Biru),HDPE,PIPA HDPE,1691,Export ERP master_product_updated.xlsx (diunduh 2026-10-06),Warna: Biru,,,32 mm,,,,HDPE,,PN 10,50 m,,
product.0_S_02_005_032060_00,Pipa HDPE PE 100 PN-10 32 mm x 60 Meter,HDPE,PIPA HDPE,1692,Export ERP master_product_updated.xlsx (diunduh 2026-10-06),,,,32 mm,,,,HDPE,,PN 10,60 m,,
product.0_S_02_005_032090_00,Pipa HDPE PE 100 PN-10 32 mm x 90 Meter,HDPE,PIPA HDPE,1693,Export ERP master_product_updated.xlsx (diunduh 2026-10-06),,,,32 mm,,,,HDPE,,PN 10,90 m,,
product.0_S_02_005_032100_00,Pipa HDPE PE 100 PN-10 32 mm x 100 Meter,HDPE,PIPA HDPE,1694,Export ERP master_product_updated.xlsx (diunduh 2026-10-06),,,,32 mm,,,,HDPE,,PN 10,100 m,,
__export__.product_product_16689,Pipa HDPE PE 100 PN-10 32 mm x 100 Meter (Strip Biru),HDPE,PIPA HDPE,1695,Export ERP master_product_updated.xlsx (diunduh 2026-10-06),Warna: Biru,,,32 mm,,,,HDPE,,PN 10,100 m,,
__export__.product_product_19195,Pipa HDPE PE 100 PN-10 32 mm x 100 Meter Kuning,HDPE,PIPA HDPE,1696,Export ERP master_product_updated.xlsx (diunduh 2026-10-06),Warna: Kuning,,,32 mm,,,,HDPE,,PN 10,100 m,,
__export__.product_product_12347,Pipa HDPE PE 100 PN-10 32 mm x 110 Meter,HDPE,PIPA HDPE,1697,Export ERP master_product_updated.xlsx (diunduh 2026-10-06),,,,32 mm,,,,HDPE,,PN 10,110 m,,
product.0_S_02_005_032150_00,Pipa HDPE PE 100 PN-10 32 mm x 150 Meter,HDPE,PIPA HDPE,1698,Export ERP master_product_updated.xlsx (diunduh 2026-10-06),,,,32 mm,,,,HDPE,,PN 10,150 m,,
product.0_S_02_005_032200_00,Pipa HDPE PE 100 PN-10 32 mm x 200 Meter,HDPE,PIPA HDPE,1699,Export ERP master_product_updated.xlsx (diunduh 2026-10-06),,,,32 mm,,,,HDPE,,PN 10,200 m,,
__export__.product_product_18942,Pipa HDPE PE 100 PN-10 32 mm x 200 Meter (Strip Biru),HDPE,PIPA HDPE,1700,Export ERP master_product_updated.xlsx (diunduh 2026-10-06),Warna: Biru,,,32 mm,,,,HDPE,,PN 10,200 m,,
product.0_S_02_005_032211_00,Pipa HDPE PE 100 PN-10 32 mm x 211 Meter,HDPE,PIPA HDPE,1701,Export ERP master_product_updated.xlsx (diunduh 2026-10-06),,,,32 mm,,,,HDPE,,PN 10,211 m,,
product.0_S_02_005_032250_00,Pipa HDPE PE 100 PN-10 32 mm x 250 Meter,HDPE,PIPA HDPE,1702,Export ERP master_product_updated.xlsx (diunduh 2026-10-06),,,,32 mm,,,,HDPE,,PN 10,250 m,,
__export__.product_product_18784,Pipa HDPE PE 100 PN-10 32 mm x 250 Meter (Strip Biru),HDPE,PIPA HDPE,1703,Export ERP master_product_updated.xlsx (diunduh 2026-10-06),Warna: Biru,,,32 mm,,,,HDPE,,PN 10,250 m,,
__export__.product_product_16156,Pipa HDPE PE 100 PN-10 40 mm x 6 Meter,HDPE,PIPA HDPE,1704,Export ERP master_product_updated.xlsx (diunduh 2026-10-06),,,,40 mm,,,,HDPE,,PN 10,6 m,,
__export__.product_product_11331,Pipa HDPE PE 100 PN-10 40 mm x 50 Meter,HDPE,PIPA HDPE,1705,Export ERP master_product_updated.xlsx (diunduh 2026-10-06),,,,40 mm,,,,HDPE,,PN 10,50 m,,
product.0_S_02_005_040100_00,Pipa HDPE PE 100 PN-10 40 mm x 100 Meter,HDPE,PIPA HDPE,1706,Export ERP master_product_updated.xlsx (diunduh 2026-10-06),,,,40 mm,,,,HDPE,,PN 10,100 m,,
__export__.product_product_17652,Pipa HDPE PE 100 PN-10 40 mm x 100 Meter (Strip Biru),HDPE,PIPA HDPE,1707,Export ERP master_product_updated.xlsx (diunduh 2026-10-06),Warna: Biru,,,40 mm,,,,HDPE,,PN 10,100 m,,
product.0_S_02_005_040200_00,Pipa HDPE PE 100 PN-10 40 mm x 200 Meter,HDPE,PIPA HDPE,1708,Export ERP master_product_updated.xlsx (diunduh 2026-10-06),,,,40 mm,,,,HDPE,,PN 10,200 m,,
product.0_S_02_005_040250_00,Pipa HDPE PE 100 PN-10 40 mm x 250 Meter,HDPE,PIPA HDPE,1709,Export ERP master_product_updated.xlsx (diunduh 2026-10-06),,,,40 mm,,,,HDPE,,PN 10,250 m,,
__export__.product_product_19302,Pipa HDPE PE 100 PN-10 50 mm x 1 Meter (Strip Biru),HDPE,PIPA HDPE,1710,Export ERP master_product_updated.xlsx (diunduh 2026-10-06),Warna: Biru,,,50 mm,,,,HDPE,,PN 10,1 m,,
product.0_S_02_005_050002_00,Pipa HDPE PE 100 PN-10 50 mm x 2 Meter,HDPE,PIPA HDPE,1711,Export ERP master_product_updated.xlsx (diunduh 2026-10-06),,,,50 mm,,,,HDPE,,PN 10,2 m,,
__export__.product_product_16914,Pipa HDPE PE 100 PN-10 50 mm x 5.8 Meter (Strip Biru),HDPE,PIPA HDPE,1712,Export ERP master_product_updated.xlsx (diunduh 2026-10-06),Warna: Biru,,,50 mm,,,,HDPE,,PN 10,5.8 m,,
product:811602cc-c82e-11e2-8866-e09153253776.product_product-2CvDFkZ6fdNA,Pipa HDPE PE 100 PN-10 50 mm x 6 Meter,HDPE,PIPA HDPE,1713,Export ERP master_product_updated.xlsx (diunduh 2026-10-06),,,,50 mm,,,,HDPE,,PN 10,6 m,,
__export__.product_product_17206,Pipa HDPE PE 100 PN-10 50 mm x 6 Meter (Strip Biru),HDPE,PIPA HDPE,1714,Export ERP master_product_updated.xlsx (diunduh 2026-10-06),Warna: Biru,,,50 mm,,,,HDPE,,PN 10,6 m,,
product.0_S_02_005_050040_00,Pipa HDPE PE 100 PN-10 50 mm x 40 Meter,HDPE,PIPA HDPE,1715,Export ERP master_product_updated.xlsx (diunduh 2026-10-06),,,,50 mm,,,,HDPE,,PN 10,40 m,,
product.0_S_02_005_050050_00,Pipa HDPE PE 100 PN-10 50 mm x 50 Meter,HDPE,PIPA HDPE,1716,Export ERP master_product_updated.xlsx (diunduh 2026-10-06),,,,50 mm,,,,HDPE,,PN 10,50 m,,
__export__.product_product_18212,Pipa HDPE PE 100 PN-10 50 mm x 50 Meter (Strip Biru),HDPE,PIPA HDPE,1717,Export ERP master_product_updated.xlsx (diunduh 2026-10-06),Warna: Biru,,,50 mm,,,,HDPE,,PN 10,50 m,,
product.0_S_02_005_050065_00,Pipa HDPE PE 100 PN-10 50 mm x 65 Meter,HDPE,PIPA HDPE,1718,Export ERP master_product_updated.xlsx (diunduh 2026-10-06),,,,50 mm,,,,HDPE,,PN 10,65 m,,
product.0_S_02_005_050070_00,Pipa HDPE PE 100 PN-10 50 mm x 70 Meter,HDPE,PIPA HDPE,1719,Export ERP master_product_updated.xlsx (diunduh 2026-10-06),,,,50 mm,,,,HDPE,,PN 10,70 m,,
__export__.product_product_12499_1,Pipa HDPE PE 100 PN-10 50 mm x 93 Meter,HDPE,PIPA HDPE,1720,Export ERP master_product_updated.xlsx (diunduh 2026-10-06),,,,50 mm,,,,HDPE,,PN 10,93 m,,
product.0_S_02_005_050100_00,Pipa HDPE PE 100 PN-10 50 mm x 100 Meter,HDPE,PIPA HDPE,1721,Export ERP master_product_updated.xlsx (diunduh 2026-10-06),,,,50 mm,,,,HDPE,,PN 10,100 m,,
__export__.product_product_16780,Pipa HDPE PE 100 PN-10 50 mm x 100 Meter (Strip Biru),HDPE,PIPA HDPE,1722,Export ERP master_product_updated.xlsx (diunduh 2026-10-06),Warna: Biru,,,50 mm,,,,HDPE,,PN 10,100 m,,
__export__.product_product_12346,Pipa HDPE PE 100 PN-10 50 mm x 125 Meter,HDPE,PIPA HDPE,1723,Export ERP master_product_updated.xlsx (diunduh 2026-10-06),,,,50 mm,,,,HDPE,,PN 10,125 m,,
product.0_S_02_005_050130_00,Pipa HDPE PE 100 PN-10 50 mm x 130 Meter,HDPE,PIPA HDPE,1724,Export ERP master_product_updated.xlsx (diunduh 2026-10-06),,,,50 mm,,,,HDPE,,PN 10,130 m,,
product.0_S_02_005_050140_00,Pipa HDPE PE 100 PN-10 50 mm x 140 Meter,HDPE,PIPA HDPE,1725,Export ERP master_product_updated.xlsx (diunduh 2026-10-06),,,,50 mm,,,,HDPE,,PN 10,140 m,,
product.0_S_02_005_050150_00,Pipa HDPE PE 100 PN-10 50 mm x 150 Meter,HDPE,PIPA HDPE,1726,Export ERP master_product_updated.xlsx (diunduh 2026-10-06),,,,50 mm,,,,HDPE,,PN 10,150 m,,
product.0_S_02_005_050200_00,Pipa HDPE PE 100 PN-10 50 mm x 200 Meter,HDPE,PIPA HDPE,1727,Export ERP master_product_updated.xlsx (diunduh 2026-10-06),,,,50 mm,,,,HDPE,,PN 10,200 m,,
__export__.product_product_15278,Pipa HDPE PE 100 PN-10 63 mm x 1 Meter,HDPE,PIPA HDPE,1728,Export ERP master_product_updated.xlsx (diunduh 2026-10-06),,,,63 mm,,,,HDPE,,PN 10,1 m,,
product.0_S_02_005_063003_00,Pipa HDPE PE 100 PN-10 63 mm x 3 Meter,HDPE,PIPA HDPE,1729,Export ERP master_product_updated.xlsx (diunduh 2026-10-06),,,,63 mm,,,,HDPE,,PN 10,3 m,,
product.0_S_02_005_063004_00,Pipa HDPE PE 100 PN-10 63 mm x 4 Meter,HDPE,PIPA HDPE,1730,Export ERP master_product_updated.xlsx (diunduh 2026-10-06),,,,63 mm,,,,HDPE,,PN 10,4 m,,
product.0_S_02_005_063005_80,Pipa HDPE PE 100 PN-10 63 mm x 5.8 Meter,HDPE,PIPA HDPE,1731,Export ERP master_product_updated.xlsx (diunduh 2026-10-06),,,,63 mm,,,,HDPE,,PN 10,5.8 m,,
__export__.product_product_16804,Pipa HDPE PE 100 PN-10 63 mm x 5.8 Meter (Strip Biru),HDPE,PIPA HDPE,1732,Export ERP master_product_updated.xlsx (diunduh 2026-10-06),Warna: Biru,,,63 mm,,,,HDPE,,PN 10,5.8 m,,
product.0_S_02_005_063006_00,Pipa HDPE PE 100 PN-10 63 mm x 6 Meter,HDPE,PIPA HDPE,1733,Export ERP master_product_updated.xlsx (diunduh 2026-10-06),,,,63 mm,,,,HDPE,,PN 10,6 m,,
__export__.product_product_14818,Pipa HDPE PE 100 PN-10 63 mm x 6 Meter (Strip Biru),HDPE,PIPA HDPE,1734,Export ERP master_product_updated.xlsx (diunduh 2026-10-06),Warna: Biru,,,63 mm,,,,HDPE,,PN 10,6 m,,
__export__.product_product_19172,Pipa HDPE PE 100 PN-10 63 mm x 6 Meter Biru (Strip Kuning),HDPE,PIPA HDPE,1735,Export ERP master_product_updated.xlsx (diunduh 2026-10-06),Warna: Biru,,,63 mm,,,,HDPE,,PN 10,6 m,,
product.0_S_02_005_063008_00,Pipa HDPE PE 100 PN-10 63 mm x 8 Meter,HDPE,PIPA HDPE,1736,Export ERP master_product_updated.xlsx (diunduh 2026-10-06),,,,63 mm,,,,HDPE,,PN 10,8 m,,
__export__.product_product_17364,"Pipa HDPE PE 100 PN-10 63 mm x 11,8 Meter (Strip Biru)",HDPE,PIPA HDPE,1737,Export ERP master_product_updated.xlsx (diunduh 2026-10-06),Warna: Biru,,,63 mm,,,,HDPE,,PN 10,11.8 m,,
__export__.product_product_17336,Pipa HDPE PE 100 PN-10 63 mm x 12 Meter,HDPE,PIPA HDPE,1738,Export ERP master_product_updated.xlsx (diunduh 2026-10-06),,,,63 mm,,,,HDPE,,PN 10,12 m,,
product.0_S_02_005_063019_00,Pipa HDPE PE 100 PN-10 63 mm x 19 Meter,HDPE,PIPA HDPE,1739,Export ERP master_product_updated.xlsx (diunduh 2026-10-06),,,,63 mm,,,,HDPE,,PN 10,19 m,,
__export__.product_product_14483,Pipa HDPE PE 100 PN-10 63 mm x 20 Meter,HDPE,PIPA HDPE,1740,Export ERP master_product_updated.xlsx (diunduh 2026-10-06),,,,63 mm,,,,HDPE,,PN 10,20 m,,
product.0_S_02_005_063025_00,Pipa HDPE PE 100 PN-10 63 mm x 25 Meter,HDPE,PIPA HDPE,1741,Export ERP master_product_updated.xlsx (diunduh 2026-10-06),,,,63 mm,,,,HDPE,,PN 10,25 m,,
__export__.product_product_13571,Pipa HDPE PE 100 PN-10 63 mm x 26 Meter,HDPE,PIPA HDPE,1742,Export ERP master_product_updated.xlsx (diunduh 2026-10-06),,,,63 mm,,,,HDPE,,PN 10,26 m,,
__export__.product_product_13522,Pipa HDPE PE 100 PN-10 63 mm x 30 Meter,HDPE,PIPA HDPE,1743,Export ERP master_product_updated.xlsx (diunduh 2026-10-06),,,,63 mm,,,,HDPE,,PN 10,30 m,,
__export__.product_product_13557,Pipa HDPE PE 100 PN-10 63 mm x 32 Meter,HDPE,PIPA HDPE,1744,Export ERP master_product_updated.xlsx (diunduh 2026-10-06),,,,63 mm,,,,HDPE,,PN 10,32 m,,
__export__.product_product_11137,Pipa HDPE PE 100 PN-10 63 mm x 35 Meter,HDPE,PIPA HDPE,1745,Export ERP master_product_updated.xlsx (diunduh 2026-10-06),,,,63 mm,,,,HDPE,,PN 10,35 m,,
__export__.product_product_12100,Pipa HDPE PE 100 PN-10 63 mm x 39 Meter,HDPE,PIPA HDPE,1746,Export ERP master_product_updated.xlsx (diunduh 2026-10-06),,,,63 mm,,,,HDPE,,PN 10,39 m,,
__export__.product_product_12075,Pipa HDPE PE 100 PN-10 63 mm x 43 Meter,HDPE,PIPA HDPE,1747,Export ERP master_product_updated.xlsx (diunduh 2026-10-06),,,,63 mm,,,,HDPE,,PN 10,43 m,,
product.0_S_02_005_063044_00,Pipa HDPE PE 100 PN-10 63 mm x 44 Meter,HDPE,PIPA HDPE,1748,Export ERP master_product_updated.xlsx (diunduh 2026-10-06),,,,63 mm,,,,HDPE,,PN 10,44 m,,
__export__.product_product_14845,Pipa HDPE PE 100 PN-10 63 mm x 45 Meter,HDPE,PIPA HDPE,1749,Export ERP master_product_updated.xlsx (diunduh 2026-10-06),,,,63 mm,,,,HDPE,,PN 10,45 m,,
__export__.product_product_12345,Pipa HDPE PE 100 PN-10 63 mm x 46 Meter,HDPE,PIPA HDPE,1750,Export ERP master_product_updated.xlsx (diunduh 2026-10-06),,,,63 mm,,,,HDPE,,PN 10,46 m,,
product.0_S_02_005_063050_00,Pipa HDPE PE 100 PN-10 63 mm x 50 Meter,HDPE,PIPA HDPE,1751,Export ERP master_product_updated.xlsx (diunduh 2026-10-06),,,,63 mm,,,,HDPE,,PN 10,50 m,,
__export__.product_product_14606,Pipa HDPE PE 100 PN-10 63 mm x 50 Meter (Strip Biru),HDPE,PIPA HDPE,1752,Export ERP master_product_updated.xlsx (diunduh 2026-10-06),Warna: Biru,,,63 mm,,,,HDPE,,PN 10,50 m,,
product.0_S_02_005_063052_00,Pipa HDPE PE 100 PN-10 63 mm x 52 Meter,HDPE,PIPA HDPE,1753,Export ERP master_product_updated.xlsx (diunduh 2026-10-06),,,,63 mm,,,,HDPE,,PN 10,52 m,,
product.0_S_02_005_063053_00,Pipa HDPE PE 100 PN-10 63 mm x 53 Meter,HDPE,PIPA HDPE,1754,Export ERP master_product_updated.xlsx (diunduh 2026-10-06),,,,63 mm,,,,HDPE,,PN 10,53 m,,
__export__.product_product_11327,Pipa HDPE PE 100 PN-10 63 mm x 54 Meter,HDPE,PIPA HDPE,1755,Export ERP master_product_updated.xlsx (diunduh 2026-10-06),,,,63 mm,,,,HDPE,,PN 10,54 m,,
product.0_S_02_005_063056_00,Pipa HDPE PE 100 PN-10 63 mm x 56 Meter,HDPE,PIPA HDPE,1756,Export ERP master_product_updated.xlsx (diunduh 2026-10-06),,,,63 mm,,,,HDPE,,PN 10,56 m,,
__export__.product_product_9487,Pipa HDPE PE 100 PN-10 63 mm x 57 Meter,HDPE,PIPA HDPE,1757,Export ERP master_product_updated.xlsx (diunduh 2026-10-06),,,,63 mm,,,,HDPE,,PN 10,57 m,,
product.0_S_02_005_063060_00,Pipa HDPE PE 100 PN-10 63 mm x 60 Meter,HDPE,PIPA HDPE,1758,Export ERP master_product_updated.xlsx (diunduh 2026-10-06),,,,63 mm,,,,HDPE,,PN 10,60 m,,
__export__.product_product_12076,Pipa HDPE PE 100 PN-10 63 mm x 63 Meter,HDPE,PIPA HDPE,1759,Export ERP master_product_updated.xlsx (diunduh 2026-10-06),,,,63 mm,,,,HDPE,,PN 10,63 m,,
product.0_S_02_005_063065_00,Pipa HDPE PE 100 PN-10 63 mm x 65 Meter,HDPE,PIPA HDPE,1760,Export ERP master_product_updated.xlsx (diunduh 2026-10-06),,,,63 mm,,,,HDPE,,PN 10,65 m,,
product.0_S_02_005_063070_00,Pipa HDPE PE 100 PN-10 63 mm x 70 Meter,HDPE,PIPA HDPE,1761,Export ERP master_product_updated.xlsx (diunduh 2026-10-06),,,,63 mm,,,,HDPE,,PN 10,70 m,,
product.0_S_02_005_063071_00,Pipa HDPE PE 100 PN-10 63 mm x 71 Meter,HDPE,PIPA HDPE,1762,Export ERP master_product_updated.xlsx (diunduh 2026-10-06),,,,63 mm,,,,HDPE,,PN 10,71 m,,
product.0_S_02_005_063072_00,Pipa HDPE PE 100 PN-10 63 mm x 73 Meter,HDPE,PIPA HDPE,1763,Export ERP master_product_updated.xlsx (diunduh 2026-10-06),,,,63 mm,,,,HDPE,,PN 10,73 m,,
__export__.product_product_12783,Pipa HDPE PE 100 PN-10 63 mm x 74 Meter,HDPE,PIPA HDPE,1764,Export ERP master_product_updated.xlsx (diunduh 2026-10-06),,,,63 mm,,,,HDPE,,PN 10,74 m,,
product.0_S_02_005_063075_00,Pipa HDPE PE 100 PN-10 63 mm x 75 Meter,HDPE,PIPA HDPE,1765,Export ERP master_product_updated.xlsx (diunduh 2026-10-06),,,,63 mm,,,,HDPE,,PN 10,75 m,,
product.0_S_02_005_063076_00,Pipa HDPE PE 100 PN-10 63 mm x 76 Meter,HDPE,PIPA HDPE,1766,Export ERP master_product_updated.xlsx (diunduh 2026-10-06),,,,63 mm,,,,HDPE,,PN 10,76 m,,
product.0_S_02_005_063078_00,Pipa HDPE PE 100 PN-10 63 mm x 79 Meter,HDPE,PIPA HDPE,1767,Export ERP master_product_updated.xlsx (diunduh 2026-10-06),,,,63 mm,,,,HDPE,,PN 10,79 m,,
product.0_S_02_005_063080_00,Pipa HDPE PE 100 PN-10 63 mm x 80 Meter,HDPE,PIPA HDPE,1768,Export ERP master_product_updated.xlsx (diunduh 2026-10-06),,,,63 mm,,,,HDPE,,PN 10,80 m,,
__export__.product_product_10382,Pipa HDPE PE 100 PN-10 63 mm x 82 Meter,HDPE,PIPA HDPE,1769,Export ERP master_product_updated.xlsx (diunduh 2026-10-06),,,,63 mm,,,,HDPE,,PN 10,82 m,,
product.0_S_02_005_063084_00,Pipa HDPE PE 100 PN-10 63 mm x 84 Meter,HDPE,PIPA HDPE,1770,Export ERP master_product_updated.xlsx (diunduh 2026-10-06),,,,63 mm,,,,HDPE,,PN 10,84 m,,
__export__.product_product_11270,Pipa HDPE PE 100 PN-10 63 mm x 86 Meter,HDPE,PIPA HDPE,1771,Export ERP master_product_updated.xlsx (diunduh 2026-10-06),,,,63 mm,,,,HDPE,,PN 10,86 m,,
__export__.product_product_9830,Pipa HDPE PE 100 PN-10 63 mm x 88 Meter,HDPE,PIPA HDPE,1772,Export ERP master_product_updated.xlsx (diunduh 2026-10-06),,,,63 mm,,,,HDPE,,PN 10,88 m,,
__export__.product_product_10383,Pipa HDPE PE 100 PN-10 63 mm x 90 Meter,HDPE,PIPA HDPE,1773,Export ERP master_product_updated.xlsx (diunduh 2026-10-06),,,,63 mm,,,,HDPE,,PN 10,90 m,,
product.0_S_02_005_063092_00,Pipa HDPE PE 100 PN-10 63 mm x 92 Meter,HDPE,PIPA HDPE,1774,Export ERP master_product_updated.xlsx (diunduh 2026-10-06),,,,63 mm,,,,HDPE,,PN 10,92 m,,
product.0_S_02_005_063094_00,Pipa HDPE PE 100 PN-10 63 mm x 94 Meter,HDPE,PIPA HDPE,1775,Export ERP master_product_updated.xlsx (diunduh 2026-10-06),,,,63 mm,,,,HDPE,,PN 10,94 m,,
__export__.product_product_10262,Pipa HDPE PE 100 PN-10 63 mm x 96 Meter,HDPE,PIPA HDPE,1776,Export ERP master_product_updated.xlsx (diunduh 2026-10-06),,,,63 mm,,,,HDPE,,PN 10,96 m,,
product.0_S_02_005_063100_00,Pipa HDPE PE 100 PN-10 63 mm x 100 Meter,HDPE,PIPA HDPE,1777,Export ERP master_product_updated.xlsx (diunduh 2026-10-06),,,,63 mm,,,,HDPE,,PN 10,100 m,,
__export__.product_product_19296,Pipa HDPE PE 100 PN-10 63 mm x 100 Meter Biru (Strip Kuning),HDPE,PIPA HDPE,1778,Export ERP master_product_updated.xlsx (diunduh 2026-10-06),Warna: Biru,,,63 mm,,,,HDPE,,PN 10,100 m,,
__export__.product_product_16731,Pipa HDPE PE 100 PN-10 63 mm x 100 Meter (Strip Biru),HDPE,PIPA HDPE,1779,Export ERP master_product_updated.xlsx (diunduh 2026-10-06),Warna: Biru,,,63 mm,,,,HDPE,,PN 10,100 m,,
__export__.product_product_13052,Pipa HDPE PE 100 PN-10 63 mm x 101 Meter,HDPE,PIPA HDPE,1780,Export ERP master_product_updated.xlsx (diunduh 2026-10-06),,,,63 mm,,,,HDPE,,PN 10,101 m,,
product.0_S_02_005_063102_00,Pipa HDPE PE 100 PN-10 63 mm x 102 Meter,HDPE,PIPA HDPE,1781,Export ERP master_product_updated.xlsx (diunduh 2026-10-06),,,,63 mm,,,,HDPE,,PN 10,102 m,,
product.0_S_02_005_063108_00,Pipa HDPE PE 100 PN-10 63 mm x 108 Meter,HDPE,PIPA HDPE,1782,Export ERP master_product_updated.xlsx (diunduh 2026-10-06),,,,63 mm,,,,HDPE,,PN 10,108 m,,
product.0_S_02_005_063110_00,Pipa HDPE PE 100 PN-10 63 mm x 110 Meter,HDPE,PIPA HDPE,1783,Export ERP master_product_updated.xlsx (diunduh 2026-10-06),,,,63 mm,,,,HDPE,,PN 10,110 m,,
__export__.product_product_9827,Pipa HDPE PE 100 PN-10 63 mm x 114 Meter,HDPE,PIPA HDPE,1784,Export ERP master_product_updated.xlsx (diunduh 2026-10-06),,,,63 mm,,,,HDPE,,PN 10,114 m,,
product.0_S_02_005_063119_00,Pipa HDPE PE 100 PN-10 63 mm x 119 Meter,HDPE,PIPA HDPE,1785,Export ERP master_product_updated.xlsx (diunduh 2026-10-06),,,,63 mm,,,,HDPE,,PN 10,119 m,,
__export__.product_product_9828,Pipa HDPE PE 100 PN-10 63 mm x 121 Meter,HDPE,PIPA HDPE,1786,Export ERP master_product_updated.xlsx (diunduh 2026-10-06),,,,63 mm,,,,HDPE,,PN 10,121 m,,
__export__.product_product_13638,Pipa HDPE PE 100 PN-10 63 mm x 124 Meter,HDPE,PIPA HDPE,1787,Export ERP master_product_updated.xlsx (diunduh 2026-10-06),,,,63 mm,,,,HDPE,,PN 10,124 m,,
__export__.product_product_13572,Pipa HDPE PE 100 PN-10 63 mm x 126 Meter,HDPE,PIPA HDPE,1788,Export ERP master_product_updated.xlsx (diunduh 2026-10-06),,,,63 mm,,,,HDPE,,PN 10,126 m,,
__export__.product_product_13549,Pipa HDPE PE 100 PN-10 63 mm x 130 Meter,HDPE,PIPA HDPE,1789,Export ERP master_product_updated.xlsx (diunduh 2026-10-06),,,,63 mm,,,,HDPE,,PN 10,130 m,,
product.0_S_02_005_063150_00,Pipa HDPE PE 100 PN-10 63 mm x 150 Meter,HDPE,PIPA HDPE,1790,Export ERP master_product_updated.xlsx (diunduh 2026-10-06),,,,63 mm,,,,HDPE,,PN 10,150 m,,
product.0_S_02_005_063250_00,Pipa HDPE PE 100 PN-10 63 mm x 250 Meter,HDPE,PIPA HDPE,1791,Export ERP master_product_updated.xlsx (diunduh 2026-10-06),,,,63 mm,,,,HDPE,,PN 10,250 m,,
product:811602cc-c82e-11e2-8866-e09153253776.product_product-KG3usGOr1ZxD,Pipa HDPE PE 100 PN-10 75 mm x 2 Meter,HDPE,PIPA HDPE,1792,Export ERP master_product_updated.xlsx (diunduh 2026-10-06),,,,75 mm,,,,HDPE,,PN 10,2 m,,
__export__.product_product_16913,Pipa HDPE PE 100 PN-10 75 mm x 5.8 Meter (Strip Biru),HDPE,PIPA HDPE,1793,Export ERP master_product_updated.xlsx (diunduh 2026-10-06),Warna: Biru,,,75 mm,,,,HDPE,,PN 10,5.8 m,,
product.0_S_02_005_075006_00,Pipa HDPE PE 100 PN-10 75 mm x 6 Meter,HDPE,PIPA HDPE,1794,Export ERP master_product_updated.xlsx (diunduh 2026-10-06),,,,75 mm,,,,HDPE,,PN 10,6 m,,
__export__.product_product_16650,Pipa HDPE PE 100 PN-10 75 mm x 6 Meter (Strip Biru),HDPE,PIPA HDPE,1795,Export ERP master_product_updated.xlsx (diunduh 2026-10-06),Warna: Biru,,,75 mm,,,,HDPE,,PN 10,6 m,,
product.0_S_02_005_075050_00,Pipa HDPE PE 100 PN-10 75 mm x 50 Meter,HDPE,PIPA HDPE,1796,Export ERP master_product_updated.xlsx (diunduh 2026-10-06),,,,75 mm,,,,HDPE,,PN 10,50 m,,
__export__.product_product_17645,Pipa HDPE PE 100 PN-10 75 mm x 50 Meter (Strip Biru),HDPE,PIPA HDPE,1797,Export ERP master_product_updated.xlsx (diunduh 2026-10-06),Warna: Biru,,,75 mm,,,,HDPE,,PN 10,50 m,,
product.0_S_02_005_075060_00,Pipa HDPE PE 100 PN-10 75 mm x 60 Meter,HDPE,PIPA HDPE,1798,Export ERP master_product_updated.xlsx (diunduh 2026-10-06),,,,75 mm,,,,HDPE,,PN 10,60 m,,
product.0_S_02_005_075085_00,Pipa HDPE PE 100 PN-10 75 mm x 85 Meter,HDPE,PIPA HDPE,1799,Export ERP master_product_updated.xlsx (diunduh 2026-10-06),,,,75 mm,,,,HDPE,,PN 10,85 m,,
product.0_S_02_005_075100_00,Pipa HDPE PE 100 PN-10 75 mm x 100 Meter,HDPE,PIPA HDPE,1800,Export ERP master_product_updated.xlsx (diunduh 2026-10-06),,,,75 mm,,,,HDPE,,PN 10,100 m,,
product.0_S_02_005_090001_00,Pipa HDPE PE 100 PN-10 90 mm x 1 Meter,HDPE,PIPA HDPE,1801,Export ERP master_product_updated.xlsx (diunduh 2026-10-06),,,,90 mm,,,,HDPE,,PN 10,1 m,,
product.0_S_02_005_090004_00,Pipa HDPE PE 100 PN-10 90 mm x 4 Meter,HDPE,PIPA HDPE,1802,Export ERP master_product_updated.xlsx (diunduh 2026-10-06),,,,90 mm,,,,HDPE,,PN 10,4 m,,
product.0_S_02_005_090005_80,Pipa HDPE PE 100 PN-10 90 mm x 5.8 Meter,HDPE,PIPA HDPE,1803,Export ERP master_product_updated.xlsx (diunduh 2026-10-06),,,,90 mm,,,,HDPE,,PN 10,5.8 m,,
__export__.product_product_16227,Pipa HDPE PE 100 PN-10 90 mm x 5.85 Meter,HDPE,PIPA HDPE,1804,Export ERP master_product_updated.xlsx (diunduh 2026-10-06),,,,90 mm,,,,HDPE,,PN 10,5.85 m,,
__export__.product_product_16633,Pipa HDPE PE 100 PN-10 90 mm x 5.8 Meter (Strip Biru),HDPE,PIPA HDPE,1805,Export ERP master_product_updated.xlsx (diunduh 2026-10-06),Warna: Biru,,,90 mm,,,,HDPE,,PN 10,5.8 m,,
product.0_S_02_005_090006_00,Pipa HDPE PE 100 PN-10 90 mm x 6 Meter,HDPE,PIPA HDPE,1806,Export ERP master_product_updated.xlsx (diunduh 2026-10-06),,,,90 mm,,,,HDPE,,PN 10,6 m,,
__export__.product_product_14690,Pipa HDPE PE 100 PN-10 90 mm x 6 Meter (Strip Biru),HDPE,PIPA HDPE,1807,Export ERP master_product_updated.xlsx (diunduh 2026-10-06),Warna: Biru,,,90 mm,,,,HDPE,,PN 10,6 m,,
__export__.product_product_19171,Pipa HDPE PE 100 PN-10 90 mm x 6 Meter Biru (Strip Kuning),HDPE,PIPA HDPE,1808,Export ERP master_product_updated.xlsx (diunduh 2026-10-06),Warna: Biru,,,90 mm,,,,HDPE,,PN 10,6 m,,
__export__.product_product_19295,Pipa HDPE PE 100 PN-10 90 mm x 6 Meter (Strip Kuning),HDPE,PIPA HDPE,1809,Export ERP master_product_updated.xlsx (diunduh 2026-10-06),Warna: Kuning,,,90 mm,,,,HDPE,,PN 10,6 m,,
__export__.product_product_17363,"Pipa HDPE PE 100 PN-10 90 mm x 11,8 Meter (Strip Biru)",HDPE,PIPA HDPE,1810,Export ERP master_product_updated.xlsx (diunduh 2026-10-06),Warna: Biru,,,90 mm,,,,HDPE,,PN 10,11.8 m,,
__export__.product_product_11477,Pipa HDPE PE 100 PN-10 90 mm x 16 Meter,HDPE,PIPA HDPE,1811,Export ERP master_product_updated.xlsx (diunduh 2026-10-06),,,,90 mm,,,,HDPE,,PN 10,16 m,,
__export__.product_product_14484,Pipa HDPE PE 100 PN-10 90 mm x 18 Meter,HDPE,PIPA HDPE,1812,Export ERP master_product_updated.xlsx (diunduh 2026-10-06),,,,90 mm,,,,HDPE,,PN 10,18 m,,
product.0_S_02_005_090020_00,Pipa HDPE PE 100 PN-10 90 mm x 20 Meter,HDPE,PIPA HDPE,1813,Export ERP master_product_updated.xlsx (diunduh 2026-10-06),,,,90 mm,,,,HDPE,,PN 10,20 m,,
__export__.product_product_9489,Pipa HDPE PE 100 PN-10 90 mm x 25 Meter,HDPE,PIPA HDPE,1814,Export ERP master_product_updated.xlsx (diunduh 2026-10-06),,,,90 mm,,,,HDPE,,PN 10,25 m,,
__export__.product_product_18883,Pipa HDPE PE 100 PN-10 90 mm x 25 Meter (Strip Biru),HDPE,PIPA HDPE,1815,Export ERP master_product_updated.xlsx (diunduh 2026-10-06),Warna: Biru,,,90 mm,,,,HDPE,,PN 10,25 m,,
__export__.product_product_11328,Pipa HDPE PE 100 PN-10 90 mm x 29 Meter,HDPE,PIPA HDPE,1816,Export ERP master_product_updated.xlsx (diunduh 2026-10-06),,,,90 mm,,,,HDPE,,PN 10,29 m,,
product.0_S_02_005_090030_00,Pipa HDPE PE 100 PN-10 90 mm x 30 Meter,HDPE,PIPA HDPE,1817,Export ERP master_product_updated.xlsx (diunduh 2026-10-06),,,,90 mm,,,,HDPE,,PN 10,30 m,,
product.0_S_02_005_090031_00,Pipa HDPE PE 100 PN-10 90 mm x 31 Meter,HDPE,PIPA HDPE,1818,Export ERP master_product_updated.xlsx (diunduh 2026-10-06),,,,90 mm,,,,HDPE,,PN 10,31 m,,
__export__.product_product_13558,Pipa HDPE PE 100 PN-10 90 mm x 32 Meter,HDPE,PIPA HDPE,1819,Export ERP master_product_updated.xlsx (diunduh 2026-10-06),,,,90 mm,,,,HDPE,,PN 10,32 m,,
product.0_S_02_005_090034_00,Pipa HDPE PE 100 PN-10 90 mm x 34 Meter,HDPE,PIPA HDPE,1820,Export ERP master_product_updated.xlsx (diunduh 2026-10-06),,,,90 mm,,,,HDPE,,PN 10,34 m,,
product.0_S_02_005_090036_00,Pipa HDPE PE 100 PN-10 90 mm x 36 Meter,HDPE,PIPA HDPE,1821,Export ERP master_product_updated.xlsx (diunduh 2026-10-06),,,,90 mm,,,,HDPE,,PN 10,36 m,,
__export__.product_product_12098,Pipa HDPE PE 100 PN-10 90 mm x 37 Meter,HDPE,PIPA HDPE,1822,Export ERP master_product_updated.xlsx (diunduh 2026-10-06),,,,90 mm,,,,HDPE,,PN 10,37 m,,
__export__.product_product_12099,Pipa HDPE PE 100 PN-10 90 mm x 39 Meter,HDPE,PIPA HDPE,1823,Export ERP master_product_updated.xlsx (diunduh 2026-10-06),,,,90 mm,,,,HDPE,,PN 10,39 m,,
product.0_S_02_005_090040_00,Pipa HDPE PE 100 PN-10 90 mm x 40 Meter,HDPE,PIPA HDPE,1824,Export ERP master_product_updated.xlsx (diunduh 2026-10-06),,,,90 mm,,,,HDPE,,PN 10,40 m,,
product.0_S_02_005_090042_00,Pipa HDPE PE 100 PN-10 90 mm x 42 Meter,HDPE,PIPA HDPE,1825,Export ERP master_product_updated.xlsx (diunduh 2026-10-06),,,,90 mm,,,,HDPE,,PN 10,42 m,,
product.0_S_02_005_090044_00,Pipa HDPE PE 100 PN-10 90 mm x 44 Meter,HDPE,PIPA HDPE,1826,Export ERP master_product_updated.xlsx (diunduh 2026-10-06),,,,90 mm,,,,HDPE,,PN 10,44 m,,
__export__.product_product_11271,Pipa HDPE PE 100 PN-10 90 mm x 45 Meter,HDPE,PIPA HDPE,1827,Export ERP master_product_updated.xlsx (diunduh 2026-10-06),,,,90 mm,,,,HDPE,,PN 10,45 m,,
__export__.product_product_13570,Pipa HDPE PE 100 PN-10 90 mm x 46 Meter,HDPE,PIPA HDPE,1828,Export ERP master_product_updated.xlsx (diunduh 2026-10-06),,,,90 mm,,,,HDPE,,PN 10,46 m,,
product.0_S_02_005_090050_00,Pipa HDPE PE 100 PN-10 90 mm x 50 Meter,HDPE,PIPA HDPE,1829,Export ERP master_product_updated.xlsx (diunduh 2026-10-06),,,,90 mm,,,,HDPE,,PN 10,50 m,,
__export__.product_product_14605,Pipa HDPE PE 100 PN-10 90 mm x 50 Meter (Strip Biru),HDPE,PIPA HDPE,1830,Export ERP master_product_updated.xlsx (diunduh 2026-10-06),Warna: Biru,,,90 mm,,,,HDPE,,PN 10,50 m,,
__export__.product_product_12074,Pipa HDPE PE 100 PN-10 90 mm x 55 Meter,HDPE,PIPA HDPE,1831,Export ERP master_product_updated.xlsx (diunduh 2026-10-06),,,,90 mm,,,,HDPE,,PN 10,55 m,,
__export__.product_product_10454,Pipa HDPE PE 100 PN-10 90 mm x 57 Meter,HDPE,PIPA HDPE,1832,Export ERP master_product_updated.xlsx (diunduh 2026-10-06),,,,90 mm,,,,HDPE,,PN 10,57 m,,
product.0_S_02_005_090060_00,Pipa HDPE PE 100 PN-10 90 mm x 60 Meter,HDPE,PIPA HDPE,1833,Export ERP master_product_updated.xlsx (diunduh 2026-10-06),,,,90 mm,,,,HDPE,,PN 10,60 m,,
__export__.product_product_11559,Pipa HDPE PE 100 PN-10 90 mm x 66 Meter,HDPE,PIPA HDPE,1834,Export ERP master_product_updated.xlsx (diunduh 2026-10-06),,,,90 mm,,,,HDPE,,PN 10,66 m,,
product.0_S_02_005_090068_00,Pipa HDPE PE 100 PN-10 90 mm x 68 Meter,HDPE,PIPA HDPE,1835,Export ERP master_product_updated.xlsx (diunduh 2026-10-06),,,,90 mm,,,,HDPE,,PN 10,68 m,,
__export__.product_product_10384,Pipa HDPE PE 100 PN-10 90 mm x 70 Meter,HDPE,PIPA HDPE,1836,Export ERP master_product_updated.xlsx (diunduh 2026-10-06),,,,90 mm,,,,HDPE,,PN 10,70 m,,
product.0_S_02_005_090076_00,Pipa HDPE PE 100 PN-10 90 mm x 76 Meter,HDPE,PIPA HDPE,1837,Export ERP master_product_updated.xlsx (diunduh 2026-10-06),,,,90 mm,,,,HDPE,,PN 10,76 m,,
__export__.product_product_13717,Pipa HDPE PE 100 PN-10 90 mm x 80 Meter,HDPE,PIPA HDPE,1838,Export ERP master_product_updated.xlsx (diunduh 2026-10-06),,,,90 mm,,,,HDPE,,PN 10,80 m,,
product.0_S_02_005_090086_00,Pipa HDPE PE 100 PN-10 90 mm x 86 Meter,HDPE,PIPA HDPE,1839,Export ERP master_product_updated.xlsx (diunduh 2026-10-06),,,,90 mm,,,,HDPE,,PN 10,86 m,,
product.0_S_02_005_090089_00,Pipa HDPE PE 100 PN-10 90 mm x 89 Meter,HDPE,PIPA HDPE,1840,Export ERP master_product_updated.xlsx (diunduh 2026-10-06),,,,90 mm,,,,HDPE,,PN 10,89 m,,
product.0_S_02_005_090100_00,Pipa HDPE PE 100 PN-10 90 mm x 100 Meter,HDPE,PIPA HDPE,1841,Export ERP master_product_updated.xlsx (diunduh 2026-10-06),,,,90 mm,,,,HDPE,,PN 10,100 m,,
product.0_S_02_005_090102_00,Pipa HDPE PE 100 PN-10 90 mm x 102 Meter,HDPE,PIPA HDPE,1842,Export ERP master_product_updated.xlsx (diunduh 2026-10-06),,,,90 mm,,,,HDPE,,PN 10,102 m,,
__export__.product_product_15389,Pipa HDPE PE 100 PN-10 110 mm x 1 Meter,HDPE,PIPA HDPE,1843,Export ERP master_product_updated.xlsx (diunduh 2026-10-06),,,,110 mm,,,,HDPE,,PN 10,1 m,,
product.0_S_02_005_110002_00,Pipa HDPE PE 100 PN-10 110 mm x 2 Meter,HDPE,PIPA HDPE,1844,Export ERP master_product_updated.xlsx (diunduh 2026-10-06),,,,110 mm,,,,HDPE,,PN 10,2 m,,
product.0_S_02_005_110004_00,Pipa HDPE PE 100 PN-10 110 mm x 4 Meter,HDPE,PIPA HDPE,1845,Export ERP master_product_updated.xlsx (diunduh 2026-10-06),,,,110 mm,,,,HDPE,,PN 10,4 m,,
__export__.product_product_18939,Pipa HDPE PE 100 PN-10 110 mm x 4 Meter (Strip Biru),HDPE,PIPA HDPE,1846,Export ERP master_product_updated.xlsx (diunduh 2026-10-06),Warna: Biru,,,110 mm,,,,HDPE,,PN 10,4 m,,
product.0_S_02_005_110005_00,Pipa HDPE PE 100 PN-10 110 mm x 5 Meter,HDPE,PIPA HDPE,1847,Export ERP master_product_updated.xlsx (diunduh 2026-10-06),,,,110 mm,,,,HDPE,,PN 10,5 m,,
__export__.product_product_9766,Pipa HDPE PE 100 PN-10 110 mm x 5.8 Meter,HDPE,PIPA HDPE,1848,Export ERP master_product_updated.xlsx (diunduh 2026-10-06),,,,110 mm,,,,HDPE,,PN 10,5.8 m,,
__export__.product_product_16743,Pipa HDPE PE 100 PN-10 110 mm x 5.8 Meter (Strip Biru),HDPE,PIPA HDPE,1849,Export ERP master_product_updated.xlsx (diunduh 2026-10-06),Warna: Biru,,,110 mm,,,,HDPE,,PN 10,5.8 m,,
product.0_S_02_005_110006_00,Pipa HDPE PE 100 PN-10 110 mm x 6 Meter,HDPE,PIPA HDPE,1850,Export ERP master_product_updated.xlsx (diunduh 2026-10-06),,,,110 mm,,,,HDPE,,PN 10,6 m,,
__export__.product_product_14604,Pipa HDPE PE 100 PN-10 110 mm x 6 Meter (Strip Biru),HDPE,PIPA HDPE,1851,Export ERP master_product_updated.xlsx (diunduh 2026-10-06),Warna: Biru,,,110 mm,,,,HDPE,,PN 10,6 m,,
__export__.product_product_19170,Pipa HDPE PE 100 PN-10 110 mm x 6 Meter Biru (Strip Kuning),HDPE,PIPA HDPE,1852,Export ERP master_product_updated.xlsx (diunduh 2026-10-06),Warna: Biru,,,110 mm,,,,HDPE,,PN 10,6 m,,
__export__.product_product_18122,Pipa HDPE PE 100 PN-10 Biru 110 mm x 6 Meter,HDPE,PIPA HDPE,1853,Export ERP master_product_updated.xlsx (diunduh 2026-10-06),Warna: Biru,,,110 mm,,,,HDPE,,PN 10,6 m,,
__export__.product_product_18461,Pipa HDPE PE 100 PN-10 110 mm x 6 Meter (Strip Biru) Perforated,HDPE,PIPA HDPE,1854,Export ERP master_product_updated.xlsx (diunduh 2026-10-06),Warna: Biru,,,110 mm,,,,HDPE,,PN 10,6 m,,
__export__.product_product_17607,Pipa HDPE PE 100 PN-10 110 mm x 9 Meter,HDPE,PIPA HDPE,1855,Export ERP master_product_updated.xlsx (diunduh 2026-10-06),,,,110 mm,,,,HDPE,,PN 10,9 m,,
__export__.product_product_17608,Pipa HDPE PE 100 PN-10 110 mm x 9 Meter (Strip Biru),HDPE,PIPA HDPE,1856,Export ERP master_product_updated.xlsx (diunduh 2026-10-06),Warna: Biru,,,110 mm,,,,HDPE,,PN 10,9 m,,
__export__.product_product_13566,Pipa HDPE PE 100 PN-10 110 mm x 10 Meter,HDPE,PIPA HDPE,1857,Export ERP master_product_updated.xlsx (diunduh 2026-10-06),,,,110 mm,,,,HDPE,,PN 10,10 m,,
__export__.product_product_16306,Pipa HDPE PE 100 PN-10 110 mm x 11.8 Meter,HDPE,PIPA HDPE,1858,Export ERP master_product_updated.xlsx (diunduh 2026-10-06),,,,110 mm,,,,HDPE,,PN 10,11.8 m,,
__export__.product_product_17362,Pipa HDPE PE 100 PN-10 110 mm x 11.8 Meter (Strip Biru),HDPE,PIPA HDPE,1859,Export ERP master_product_updated.xlsx (diunduh 2026-10-06),Warna: Biru,,,110 mm,,,,HDPE,,PN 10,11.8 m,,
product:811602cc-c82e-11e2-8866-e09153253776.product_product-qQDs6B2gsioX,Pipa HDPE PE 100 PN-10 110 mm x 12 Meter,HDPE,PIPA HDPE,1860,Export ERP master_product_updated.xlsx (diunduh 2026-10-06),,,,110 mm,,,,HDPE,,PN 10,12 m,,
__export__.product_product_18006,Pipa HDPE PE 100 PN-10 110 mm x 12 Meter (Strip Biru),HDPE,PIPA HDPE,1861,Export ERP master_product_updated.xlsx (diunduh 2026-10-06),Warna: Biru,,,110 mm,,,,HDPE,,PN 10,12 m,,
product.0_S_02_005_110013_00,Pipa HDPE PE 100 PN-10 110 mm x 13 Meter,HDPE,PIPA HDPE,1862,Export ERP master_product_updated.xlsx (diunduh 2026-10-06),,,,110 mm,,,,HDPE,,PN 10,13 m,,
product.0_S_02_005_110015_00,Pipe HDPE PE 100 PN-10 110 mm x 15 Meter,FITTING HDPE,FITTING · PIPE 100,1863,Export ERP master_product_updated.xlsx (diunduh 2026-10-06),,,,110 mm,,,,HDPE,,PN 10,,,
product.0_S_02_005_110016_00,Pipa HDPE PE 100 PN-10 110 mm x 16 Meter,HDPE,PIPA HDPE,1864,Export ERP master_product_updated.xlsx (diunduh 2026-10-06),,,,110 mm,,,,HDPE,,PN 10,16 m,,
__export__.product_product_14777,Pipa HDPE PE 100 PN-10 110 mm x 20 Meter,HDPE,PIPA HDPE,1865,Export ERP master_product_updated.xlsx (diunduh 2026-10-06),,,,110 mm,,,,HDPE,,PN 10,20 m,,
__export__.product_product_11329,Pipa HDPE PE 100 PN-10 110 mm x 23 Meter,HDPE,PIPA HDPE,1866,Export ERP master_product_updated.xlsx (diunduh 2026-10-06),,,,110 mm,,,,HDPE,,PN 10,23 m,,
product.0_S_02_005_110025_00,Pipa HDPE PE 100 PN-10 110 mm x 25 Meter,HDPE,PIPA HDPE,1867,Export ERP master_product_updated.xlsx (diunduh 2026-10-06),,,,110 mm,,,,HDPE,,PN 10,25 m,,
product.0_S_02_005_110030_00,Pipa HDPE PE 100 PN-10 110 mm x 30 Meter,HDPE,PIPA HDPE,1868,Export ERP master_product_updated.xlsx (diunduh 2026-10-06),,,,110 mm,,,,HDPE,,PN 10,30 m,,
__export__.product_product_13595,Pipa HDPE PE 100 PN-10 110 mm x 35 Meter,HDPE,PIPA HDPE,1869,Export ERP master_product_updated.xlsx (diunduh 2026-10-06),,,,110 mm,,,,HDPE,,PN 10,35 m,,
__export__.product_product_13275,Pipa HDPE PE 100 PN-10 110 mm x 40 Meter,HDPE,PIPA HDPE,1870,Export ERP master_product_updated.xlsx (diunduh 2026-10-06),,,,110 mm,,,,HDPE,,PN 10,40 m,,
product.0_S_02_005_110037_00,Pipa HDPE PE 100 PN-10 110 mm x 41 Meter,HDPE,PIPA HDPE,1871,Export ERP master_product_updated.xlsx (diunduh 2026-10-06),,,,110 mm,,,,HDPE,,PN 10,41 m,,
__export__.product_product_12029,Pipa HDPE PE 100 PN-10 110 mm x 42 Meter,HDPE,PIPA HDPE,1872,Export ERP master_product_updated.xlsx (diunduh 2026-10-06),,,,110 mm,,,,HDPE,,PN 10,42 m,,
product.0_S_02_005_110044_00,Pipa HDPE PE 100 PN-10 110 mm x 44 Meter,HDPE,PIPA HDPE,1873,Export ERP master_product_updated.xlsx (diunduh 2026-10-06),,,,110 mm,,,,HDPE,,PN 10,44 m,,
__export__.product_product_9837,Pipa HDPE PE 100 PN-10 110 mm x 48 Meter,HDPE,PIPA HDPE,1874,Export ERP master_product_updated.xlsx (diunduh 2026-10-06),,,,110 mm,,,,HDPE,,PN 10,48 m,,
product.0_S_02_005_110050_00,Pipa HDPE PE 100 PN-10 110 mm x 50 Meter,HDPE,PIPA HDPE,1875,Export ERP master_product_updated.xlsx (diunduh 2026-10-06),,,,110 mm,,,,HDPE,,PN 10,50 m,,
__export__.product_product_15263,Pipa HDPE PE 100 PN-10 110 mm x 50 Meter (Strip Biru),HDPE,PIPA HDPE,1876,Export ERP master_product_updated.xlsx (diunduh 2026-10-06),Warna: Biru,,,110 mm,,,,HDPE,,PN 10,50 m,,
__export__.product_product_18123,Pipa HDPE PE 100 PN-10 Biru 110 mm x 50 Meter,HDPE,PIPA HDPE,1877,Export ERP master_product_updated.xlsx (diunduh 2026-10-06),Warna: Biru,,,110 mm,,,,HDPE,,PN 10,50 m,,
__export__.product_product_11332,Pipa HDPE PE 100 PN-10 110 mm x 51 Meter,HDPE,PIPA HDPE,1878,Export ERP master_product_updated.xlsx (diunduh 2026-10-06),,,,110 mm,,,,HDPE,,PN 10,51 m,,
product.0_S_02_005_110056_00,Pipa HDPE PE 100 PN-10 110 mm x 56 Meter,HDPE,PIPA HDPE,1879,Export ERP master_product_updated.xlsx (diunduh 2026-10-06),,,,110 mm,,,,HDPE,,PN 10,56 m,,
product.0_S_02_005_110063_00,Pipa HDPE PE 100 PN-10 110 mm x 60 Meter,HDPE,PIPA HDPE,1880,Export ERP master_product_updated.xlsx (diunduh 2026-10-06),,,,110 mm,,,,HDPE,,PN 10,60 m,,
product.0_S_02_005_110066_00,Pipa HDPE PE 100 PN-10 110 mm x 66 Meter,HDPE,PIPA HDPE,1881,Export ERP master_product_updated.xlsx (diunduh 2026-10-06),,,,110 mm,,,,HDPE,,PN 10,66 m,,
product.0_S_02_005_110068_00,Pipa HDPE PE 100 PN-10 110 mm x 68 Meter,HDPE,PIPA HDPE,1882,Export ERP master_product_updated.xlsx (diunduh 2026-10-06),,,,110 mm,,,,HDPE,,PN 10,68 m,,
product.0_S_02_005_110070_00,Pipa HDPE PE 100 PN-10 110 mm x 70 Meter,HDPE,PIPA HDPE,1883,Export ERP master_product_updated.xlsx (diunduh 2026-10-06),,,,110 mm,,,,HDPE,,PN 10,70 m,,
__export__.product_product_11506,Pipa HDPE PE 100 PN-10 110 mm x 75 Meter,HDPE,PIPA HDPE,1884,Export ERP master_product_updated.xlsx (diunduh 2026-10-06),,,,110 mm,,,,HDPE,,PN 10,75 m,,
__export__.product_product_16775,Pipa HDPE PE 100 PN-10 125 mm x 5.8 Meter,HDPE,PIPA HDPE,1885,Export ERP master_product_updated.xlsx (diunduh 2026-10-06),,,,125 mm,,,,HDPE,,PN 10,5.8 m,,
__export__.product_product_16912,Pipa HDPE PE 100 PN-10 125 mm x 5.8 Meter (Strip Biru),HDPE,PIPA HDPE,1886,Export ERP master_product_updated.xlsx (diunduh 2026-10-06),Warna: Biru,,,125 mm,,,,HDPE,,PN 10,5.8 m,,
product.0_S_02_005_125006_00,Pipa HDPE PE 100 PN-10 125 mm x 6 Meter,HDPE,PIPA HDPE,1887,Export ERP master_product_updated.xlsx (diunduh 2026-10-06),,,,125 mm,,,,HDPE,,PN 10,6 m,,
__export__.product_product_17968,Pipa HDPE PE 100 PN-10 125 mm x 6 Meter (Strip Biru),HDPE,PIPA HDPE,1888,Export ERP master_product_updated.xlsx (diunduh 2026-10-06),Warna: Biru,,,125 mm,,,,HDPE,,PN 10,6 m,,
__export__.product_product_15954,Pipa HDPE PE 100 PN-10 140 mm x 5.8 Meter,HDPE,PIPA HDPE,1889,Export ERP master_product_updated.xlsx (diunduh 2026-10-06),,,,140 mm,,,,HDPE,,PN 10,5.8 m,,
__export__.product_product_17944,Pipa HDPE PE 100 PN-10 140 mm x 5.8 Meter (Strip Biru),HDPE,PIPA HDPE,1890,Export ERP master_product_updated.xlsx (diunduh 2026-10-06),Warna: Biru,,,140 mm,,,,HDPE,,PN 10,5.8 m,,
product.0_S_02_005_140006_00,Pipa HDPE PE 100 PN-10 140 mm x 6 Meter,HDPE,PIPA HDPE,1891,Export ERP master_product_updated.xlsx (diunduh 2026-10-06),,,,140 mm,,,,HDPE,,PN 10,6 m,,
__export__.product_product_18517,Pipa HDPE PE 100 PN-10 140 mm x 6 Meter (Strip Biru),HDPE,PIPA HDPE,1892,Export ERP master_product_updated.xlsx (diunduh 2026-10-06),Warna: Biru,,,140 mm,,,,HDPE,,PN 10,6 m,,
__export__.product_product_17467,Pipa HDPE PE 100 PN-10 140 mm x 11.8 Meter (Garis Biru),HDPE,PIPA HDPE,1893,Export ERP master_product_updated.xlsx (diunduh 2026-10-06),Warna: Biru,,,140 mm,,,,HDPE,,PN 10,11.8 m,,
__export__.product_product_15806,Pipa HDPE PE 100 PN-10 160 mm x 3 Meter,HDPE,PIPA HDPE,1894,Export ERP master_product_updated.xlsx (diunduh 2026-10-06),,,,160 mm,,,,HDPE,,PN 10,3 m,,
product.0_S_02_005_160004_00,Pipa HDPE PE 100 PN-10 160 mm x 4 Meter,HDPE,PIPA HDPE,1895,Export ERP master_product_updated.xlsx (diunduh 2026-10-06),,,,160 mm,,,,HDPE,,PN 10,4 m,,
product.0_S_02_005_160005_00,Pipa HDPE PE 100 PN-10 160 mm x 5 Meter,HDPE,PIPA HDPE,1896,Export ERP master_product_updated.xlsx (diunduh 2026-10-06),,,,160 mm,,,,HDPE,,PN 10,5 m,,
product.0_S_02_005_160005_80,Pipa HDPE PE 100 PN-10 160 mm x 5.8 Meter,HDPE,PIPA HDPE,1897,Export ERP master_product_updated.xlsx (diunduh 2026-10-06),,,,160 mm,,,,HDPE,,PN 10,5.8 m,,
__export__.product_product_16632,Pipa HDPE PE 100 PN-10 160 mm x 5.8 Meter (Strip Biru),HDPE,PIPA HDPE,1898,Export ERP master_product_updated.xlsx (diunduh 2026-10-06),Warna: Biru,,,160 mm,,,,HDPE,,PN 10,5.8 m,,
product.0_S_02_005_160006_00,Pipa HDPE PE 100 PN-10 160 mm x 6 Meter,HDPE,PIPA HDPE,1899,Export ERP master_product_updated.xlsx (diunduh 2026-10-06),,,,160 mm,,,,HDPE,,PN 10,6 m,,
__export__.product_product_14603,Pipa HDPE PE 100 PN-10 160 mm x 6 Meter (Strip Biru),HDPE,PIPA HDPE,1900,Export ERP master_product_updated.xlsx (diunduh 2026-10-06),Warna: Biru,,,160 mm,,,,HDPE,,PN 10,6 m,,
__export__.product_product_19169,Pipa HDPE PE 100 PN-10 160 mm x 6 Meter Biru (Strip Kuning),HDPE,PIPA HDPE,1901,Export ERP master_product_updated.xlsx (diunduh 2026-10-06),Warna: Biru,,,160 mm,,,,HDPE,,PN 10,6 m,,
__export__.product_product_15681,Pipa HDPE PE 100 PN-10 Merah 160 mm x 6 Meter,HDPE,PIPA HDPE,1902,Export ERP master_product_updated.xlsx (diunduh 2026-10-06),Warna: Merah,,,160 mm,,,,HDPE,,PN 10,6 m,,
__export__.product_product_18460,Pipa HDPE PE 100 PN-10 160 mm x 6 Meter (Strip Biru) Perforated,HDPE,PIPA HDPE,1903,Export ERP master_product_updated.xlsx (diunduh 2026-10-06),Warna: Biru,,,160 mm,,,,HDPE,,PN 10,6 m,,
__export__.product_product_14880,Pipa HDPE PE 100 PN-10 160 mm x 11.8 Meter,HDPE,PIPA HDPE,1904,Export ERP master_product_updated.xlsx (diunduh 2026-10-06),,,,160 mm,,,,HDPE,,PN 10,11.8 m,,
__export__.product_product_17463,Pipa HDPE PE 100 PN-10 160 mm x 11.8 Meter (Strip Biru),HDPE,PIPA HDPE,1905,Export ERP master_product_updated.xlsx (diunduh 2026-10-06),Warna: Biru,,,160 mm,,,,HDPE,,PN 10,11.8 m,,
__export__.product_product_12279,Pipa HDPE PE 100 PN-10 160 mm x 12 Meter,HDPE,PIPA HDPE,1906,Export ERP master_product_updated.xlsx (diunduh 2026-10-06),,,,160 mm,,,,HDPE,,PN 10,12 m,,
__export__.product_product_17569,Pipa HDPE PE 100 PN-10 160 mm x 12 Meter (Strip Biru),HDPE,PIPA HDPE,1907,Export ERP master_product_updated.xlsx (diunduh 2026-10-06),Warna: Biru,,,160 mm,,,,HDPE,,PN 10,12 m,,
product.0_S_02_005_160015_00,Pipa HDPE PE 100 PN-10 160 mm x 15 Meter,HDPE,PIPA HDPE,1908,Export ERP master_product_updated.xlsx (diunduh 2026-10-06),,,,160 mm,,,,HDPE,,PN 10,15 m,,
product.0_S_02_005_160050_00,Pipa HDPE PE 100 PN-10 160 mm x 50 Meter,HDPE,PIPA HDPE,1909,Export ERP master_product_updated.xlsx (diunduh 2026-10-06),,,,160 mm,,,,HDPE,,PN 10,50 m,,
product.0_S_02_005_160062_00,Pipa HDPE PE 100 PN-10 160 mm x 62 Meter,HDPE,PIPA HDPE,1910,Export ERP master_product_updated.xlsx (diunduh 2026-10-06),,,,160 mm,,,,HDPE,,PN 10,62 m,,
__export__.product_product_15628,Pipa HDPE PE 100 PN-10 180 mm x 6 Meter,HDPE,PIPA HDPE,1911,Export ERP master_product_updated.xlsx (diunduh 2026-10-06),,,,180 mm,,,,HDPE,,PN 10,6 m,,
__export__.product_product_18758,Pipa HDPE PE 100 PN-10 180 mm x 6 Meter (Strip Biru),HDPE,PIPA HDPE,1912,Export ERP master_product_updated.xlsx (diunduh 2026-10-06),Warna: Biru,,,180 mm,,,,HDPE,,PN 10,6 m,,
__export__.product_product_15390,Pipa HDPE PE 100 PN-10 200 mm x 1 Meter,HDPE,PIPA HDPE,1913,Export ERP master_product_updated.xlsx (diunduh 2026-10-06),,,,200 mm,,,,HDPE,,PN 10,1 m,,
__export__.product_product_15247,Pipa HDPE PE 100 PN-10 200 mm x 2 Meter,HDPE,PIPA HDPE,1914,Export ERP master_product_updated.xlsx (diunduh 2026-10-06),,,,200 mm,,,,HDPE,,PN 10,2 m,,
__export__.product_product_17663,Pipa HDPE PE 100 PN-10 200 mm x 3 Meter (Strip Biru),HDPE,PIPA HDPE,1915,Export ERP master_product_updated.xlsx (diunduh 2026-10-06),Warna: Biru,,,200 mm,,,,HDPE,,PN 10,3 m,,
product.0_S_02_005_200004_00,Pipa HDPE PE 100 PN-10 200 mm x 4 Meter,HDPE,PIPA HDPE,1916,Export ERP master_product_updated.xlsx (diunduh 2026-10-06),,,,200 mm,,,,HDPE,,PN 10,4 m,,
product.0_S_02_005_200005_00,Pipa HDPE PE 100 PN-10 200 mm x 5.8 Meter,HDPE,PIPA HDPE,1917,Export ERP master_product_updated.xlsx (diunduh 2026-10-06),,,,200 mm,,,,HDPE,,PN 10,5.8 m,,
__export__.product_product_16631,Pipa HDPE PE 100 PN-10 200 mm x 5.8 Meter (Strip Biru),HDPE,PIPA HDPE,1918,Export ERP master_product_updated.xlsx (diunduh 2026-10-06),Warna: Biru,,,200 mm,,,,HDPE,,PN 10,5.8 m,,
product.0_S_02_005_200006_00,Pipa HDPE PE 100 PN-10 200 mm x 6 Meter,HDPE,PIPA HDPE,1919,Export ERP master_product_updated.xlsx (diunduh 2026-10-06),,,,200 mm,,,,HDPE,,PN 10,6 m,,
__export__.product_product_14602,Pipa HDPE PE 100 PN-10 200 mm x 6 Meter (Strip Biru),HDPE,PIPA HDPE,1920,Export ERP master_product_updated.xlsx (diunduh 2026-10-06),Warna: Biru,,,200 mm,,,,HDPE,,PN 10,6 m,,
__export__.product_product_15560,Pipa HDPE PE 100 PN-10 200 mm x 6 Meter + All Flange,HDPE,PIPA HDPE,1921,Export ERP master_product_updated.xlsx (diunduh 2026-10-06),,,,200 mm,,,,HDPE,,PN 10,6 m,,
__export__.product_product_16413,Pipa HDPE PE 100 PN-10 Biru 200 mm x 6 Meter,HDPE,PIPA HDPE,1922,Export ERP master_product_updated.xlsx (diunduh 2026-10-06),Warna: Biru,,,200 mm,,,,HDPE,,PN 10,6 m,,
__export__.product_product_16412,Pipa HDPE PE 100 PN-10 Kuning 200 mm x 6 Meter,HDPE,PIPA HDPE,1923,Export ERP master_product_updated.xlsx (diunduh 2026-10-06),Warna: Kuning,,,200 mm,,,,HDPE,,PN 10,6 m,,
__export__.product_product_17609,Pipa HDPE PE 100 PN-10 200 mm x 9 Meter,HDPE,PIPA HDPE,1924,Export ERP master_product_updated.xlsx (diunduh 2026-10-06),,,,200 mm,,,,HDPE,,PN 10,9 m,,
__export__.product_product_17610,Pipa HDPE PE 100 PN-10 200 mm x 9 Meter (Strip Biru),HDPE,PIPA HDPE,1925,Export ERP master_product_updated.xlsx (diunduh 2026-10-06),Warna: Biru,,,200 mm,,,,HDPE,,PN 10,9 m,,
product.0_S_02_005_200011_80,Pipa HDPE PE 100 PN-10 200 mm x 11 Meter,HDPE,PIPA HDPE,1926,Export ERP master_product_updated.xlsx (diunduh 2026-10-06),,,,200 mm,,,,HDPE,,PN 10,11 m,,
__export__.product_product_14882,Pipa HDPE PE 100 PN-10 200 mm x 11.8 Meter,HDPE,PIPA HDPE,1927,Export ERP master_product_updated.xlsx (diunduh 2026-10-06),,,,200 mm,,,,HDPE,,PN 10,11.8 m,,
__export__.product_product_16167,Pipa HDPE PE 100 PN-10 200 mm x 11.8 Meter (Strip Biru),HDPE,PIPA HDPE,1928,Export ERP master_product_updated.xlsx (diunduh 2026-10-06),Warna: Biru,,,200 mm,,,,HDPE,,PN 10,11.8 m,,
__export__.product_product_13274,Pipa HDPE PE 100 PN-10 200 mm x 12 Meter,HDPE,PIPA HDPE,1929,Export ERP master_product_updated.xlsx (diunduh 2026-10-06),,,,200 mm,,,,HDPE,,PN 10,12 m,,
__export__.product_product_17335,Pipa HDPE PE 100 PN-10 200 mm x 12 Meter (Strip Biru),HDPE,PIPA HDPE,1930,Export ERP master_product_updated.xlsx (diunduh 2026-10-06),Warna: Biru,,,200 mm,,,,HDPE,,PN 10,12 m,,
__export__.product_product_15459,Pipa HDPE PE 100 PN-10 Kuning 200 mm x 12 Meter,HDPE,PIPA HDPE,1931,Export ERP master_product_updated.xlsx (diunduh 2026-10-06),Warna: Kuning,,,200 mm,,,,HDPE,,PN 10,12 m,,
__export__.product_product_15460,Pipa HDPE PE 100 PN-10 Merah 200 mm x 12 Meter,HDPE,PIPA HDPE,1932,Export ERP master_product_updated.xlsx (diunduh 2026-10-06),Warna: Merah,,,200 mm,,,,HDPE,,PN 10,12 m,,
__export__.product_product_17400,Pipa HDPE PE 100 PN-10 Biru 200 mm x 12 Meter,HDPE,PIPA HDPE,1933,Export ERP master_product_updated.xlsx (diunduh 2026-10-06),Warna: Biru,,,200 mm,,,,HDPE,,PN 10,12 m,,
__export__.product_product_14725,Pipa HDPE PE 100 PN-10 225 mm x 5.8 Meter,HDPE,PIPA HDPE,1934,Export ERP master_product_updated.xlsx (diunduh 2026-10-06),,,,225 mm,,,,HDPE,,PN 10,5.8 m,,
__export__.product_product_13510,Pipa HDPE PE 100 PN-10 225 mm x 6 Meter,HDPE,PIPA HDPE,1935,Export ERP master_product_updated.xlsx (diunduh 2026-10-06),,,,225 mm,,,,HDPE,,PN 10,6 m,,
__export__.product_product_17821,Pipa HDPE PE 100 PN-10 225 mm x 6 Meter (Strip Biru),HDPE,PIPA HDPE,1936,Export ERP master_product_updated.xlsx (diunduh 2026-10-06),Warna: Biru,,,225 mm,,,,HDPE,,PN 10,6 m,,
product.0_S_02_005_250002_00,Pipa HDPE PE 100 PN-10 250 mm x 2 Meter,HDPE,PIPA HDPE,1937,Export ERP master_product_updated.xlsx (diunduh 2026-10-06),,,,250 mm,,,,HDPE,,PN 10,2 m,,
__export__.product_product_9792,Pipa HDPE PE 100 PN-10 250 mm x 5.8 Meter,HDPE,PIPA HDPE,1938,Export ERP master_product_updated.xlsx (diunduh 2026-10-06),,,,250 mm,,,,HDPE,,PN 10,5.8 m,,
__export__.product_product_16668,Pipa HDPE PE 100 PN-10 250 mm x 5.8 Meter (Strip Biru),HDPE,PIPA HDPE,1939,Export ERP master_product_updated.xlsx (diunduh 2026-10-06),Warna: Biru,,,250 mm,,,,HDPE,,PN 10,5.8 m,,
product.0_S_02_005_250006_00,Pipa HDPE PE 100 PN-10 250 mm x 6 Meter,HDPE,PIPA HDPE,1940,Export ERP master_product_updated.xlsx (diunduh 2026-10-06),,,,250 mm,,,,HDPE,,PN 10,6 m,,
__export__.product_product_16724,Pipa HDPE PE 100 PN-10 250 mm x 6 Meter (Strip Biru),HDPE,PIPA HDPE,1941,Export ERP master_product_updated.xlsx (diunduh 2026-10-06),Warna: Biru,,,250 mm,,,,HDPE,,PN 10,6 m,,
__export__.product_product_12736,Pipa HDPE PE 100 PN-10 250 mm x 9 Meter,HDPE,PIPA HDPE,1942,Export ERP master_product_updated.xlsx (diunduh 2026-10-06),,,,250 mm,,,,HDPE,,PN 10,9 m,,
__export__.product_product_16877,Pipa HDPE PE 100 PN-10 250 mm x 11.8 Meter (Strip Biru),HDPE,PIPA HDPE,1943,Export ERP master_product_updated.xlsx (diunduh 2026-10-06),Warna: Biru,,,250 mm,,,,HDPE,,PN 10,11.8 m,,
__export__.product_product_16068,Pipa HDPE PE 100 PN-10 250 mm x 12 Meter,HDPE,PIPA HDPE,1944,Export ERP master_product_updated.xlsx (diunduh 2026-10-06),,,,250 mm,,,,HDPE,,PN 10,12 m,,
__export__.product_product_17140,Pipa HDPE PE 100 PN-10 250 mm x 12 Meter (Strip Biru),HDPE,PIPA HDPE,1945,Export ERP master_product_updated.xlsx (diunduh 2026-10-06),Warna: Biru,,,250 mm,,,,HDPE,,PN 10,12 m,,
__export__.product_product_17820,Pipa HDPE PE 100 PN-10 280 mm x 6 Meter (Strip Biru),HDPE,PIPA HDPE,1946,Export ERP master_product_updated.xlsx (diunduh 2026-10-06),Warna: Biru,,,280 mm,,,,HDPE,,PN 10,6 m,,
__export__.product_product_14817,Pipa HDPE PE 100 PN-10 315 mm x 6 Meter (Strip Biru),HDPE,PIPA HDPE,1947,Export ERP master_product_updated.xlsx (diunduh 2026-10-06),Warna: Biru,,,315 mm,,,,HDPE,,PN 10,6 m,,
__export__.product_product_11337,Pipa HDPE PE 100 PN-10 315 mm x 5.8 Meter,HDPE,PIPA HDPE,1948,Export ERP master_product_updated.xlsx (diunduh 2026-10-06),,,,315 mm,,,,HDPE,,PN 10,5.8 m,,
__export__.product_product_16713,Pipa HDPE PE 100 PN-10 315 mm x 5.8 Meter (Strip Biru),HDPE,PIPA HDPE,1949,Export ERP master_product_updated.xlsx (diunduh 2026-10-06),Warna: Biru,,,315 mm,,,,HDPE,,PN 10,5.8 m,,
product.0_S_02_005_315006_00,Pipa HDPE PE 100 PN-10 315 mm x 6 Meter,HDPE,PIPA HDPE,1950,Export ERP master_product_updated.xlsx (diunduh 2026-10-06),,,,315 mm,,,,HDPE,,PN 10,6 m,,
product.0_S_02_005_315009_00,Pipa HDPE PE 100 PN-10 315 mm x 9 Meter,HDPE,PIPA HDPE,1951,Export ERP master_product_updated.xlsx (diunduh 2026-10-06),,,,315 mm,,,,HDPE,,PN 10,9 m,,
product.0_S_02_005_315011_80,Pipa HDPE PE 100 PN-10 315 mm x 11.8 Meter,HDPE,PIPA HDPE,1952,Export ERP master_product_updated.xlsx (diunduh 2026-10-06),,,,315 mm,,,,HDPE,,PN 10,11.8 m,,
__export__.product_product_16876,Pipa HDPE PE 100 PN-10 315 mm x 11.8 Meter (Strip Biru),HDPE,PIPA HDPE,1953,Export ERP master_product_updated.xlsx (diunduh 2026-10-06),Warna: Biru,,,315 mm,,,,HDPE,,PN 10,11.8 m,,
product.0_S_02_005_315084_00,Pipa HDPE PE 100 PN-10 315 mm x 12 Meter,HDPE,PIPA HDPE,1954,Export ERP master_product_updated.xlsx (diunduh 2026-10-06),,,,315 mm,,,,HDPE,,PN 10,12 m,,
__export__.product_product_17510,Pipa HDPE PE 100 PN-10 315 mm x 12 Meter (Strip Biru),HDPE,PIPA HDPE,1955,Export ERP master_product_updated.xlsx (diunduh 2026-10-06),Warna: Biru,,,315 mm,,,,HDPE,,PN 10,12 m,,
product.0_S_02_005_355006_20,Pipa HDPE PE 100 PN-10 355 mm x 5.8 Meter,HDPE,PIPA HDPE,1956,Export ERP master_product_updated.xlsx (diunduh 2026-10-06),,,,355 mm,,,,HDPE,,PN 10,5.8 m,,
__export__.product_product_16911,Pipa HDPE PE 100 PN-10 355 mm x 5.8 Meter (Strip Biru),HDPE,PIPA HDPE,1957,Export ERP master_product_updated.xlsx (diunduh 2026-10-06),Warna: Biru,,,355 mm,,,,HDPE,,PN 10,5.8 m,,
product.0_S_02_005_355006_00,Pipa HDPE PE 100 PN-10 355 mm x 6 Meter,HDPE,PIPA HDPE,1958,Export ERP master_product_updated.xlsx (diunduh 2026-10-06),,,,355 mm,,,,HDPE,,PN 10,6 m,,
__export__.product_product_16614,Pipa HDPE PE 100 PN-10 355 mm x 6 Meter (Strip Biru),HDPE,PIPA HDPE,1959,Export ERP master_product_updated.xlsx (diunduh 2026-10-06),Warna: Biru,,,355 mm,,,,HDPE,,PN 10,6 m,,
__export__.product_product_10525,Pipa HDPE PE 100 PN-10 355 mm x 9 Meter,HDPE,PIPA HDPE,1960,Export ERP master_product_updated.xlsx (diunduh 2026-10-06),,,,355 mm,,,,HDPE,,PN 10,9 m,,
product.0_S_02_005_355011_80,Pipa HDPE PE 100 PN-10 355 mm x 11 Meter,HDPE,PIPA HDPE,1961,Export ERP master_product_updated.xlsx (diunduh 2026-10-06),,,,355 mm,,,,HDPE,,PN 10,11 m,,
__export__.product_product_15196,Pipa HDPE PE 100 PN-10 355 mm x 11.8 Meter,HDPE,PIPA HDPE,1962,Export ERP master_product_updated.xlsx (diunduh 2026-10-06),,,,355 mm,,,,HDPE,,PN 10,11.8 m,,
__export__.product_product_17414,Pipa HDPE PE 100 PN-10 355 mm x 11.8 Meter (Strip Biru),HDPE,PIPA HDPE,1963,Export ERP master_product_updated.xlsx (diunduh 2026-10-06),Warna: Biru,,,355 mm,,,,HDPE,,PN 10,11.8 m,,
__export__.product_product_17327,Pipa HDPE PE 100 PN-10 355 mm x 12 Meter,HDPE,PIPA HDPE,1964,Export ERP master_product_updated.xlsx (diunduh 2026-10-06),,,,355 mm,,,,HDPE,,PN 10,12 m,,
__export__.product_product_14773,Pipa HDPE PE 100 PN-10 355 mm x 12 Meter + All Flange,HDPE,PIPA HDPE,1965,Export ERP master_product_updated.xlsx (diunduh 2026-10-06),,,,355 mm,,,,HDPE,,PN 10,12 m,,
__export__.product_product_17326,Pipa HDPE PE 100 PN-10 355 mm x 12 Meter (Strip Biru),HDPE,PIPA HDPE,1966,Export ERP master_product_updated.xlsx (diunduh 2026-10-06),Warna: Biru,,,355 mm,,,,HDPE,,PN 10,12 m,,
__export__.product_product_15468,Pipa HDPE PE 100 PN-10 400 mm x 5.8 Meter,HDPE,PIPA HDPE,1967,Export ERP master_product_updated.xlsx (diunduh 2026-10-06),,,,400 mm,,,,HDPE,,PN 10,5.8 m,,
__export__.product_product_17596,Pipa HDPE PE 100 PN-10 400 mm x 5.85 Meter (Strip Biru),HDPE,PIPA HDPE,1968,Export ERP master_product_updated.xlsx (diunduh 2026-10-06),Warna: Biru,,,400 mm,,,,HDPE,,PN 10,5.85 m,,
__export__.product_product_16910,Pipa HDPE PE 100 PN-10 400 mm x 5.8 Meter (Strip Biru),HDPE,PIPA HDPE,1969,Export ERP master_product_updated.xlsx (diunduh 2026-10-06),Warna: Biru,,,400 mm,,,,HDPE,,PN 10,5.8 m,,
__export__.product_product_17293,Pipa HDPE PE 100 PN-10 400 mm x 5.9 Meter,HDPE,PIPA HDPE,1970,Export ERP master_product_updated.xlsx (diunduh 2026-10-06),,,,400 mm,,,,HDPE,,PN 10,5.9 m,,
__export__.product_product_17262,Pipa HDPE PE 100 PN-10 400 mm x 5.9 Meter (Strip Biru),HDPE,PIPA HDPE,1971,Export ERP master_product_updated.xlsx (diunduh 2026-10-06),Warna: Biru,,,400 mm,,,,HDPE,,PN 10,5.9 m,,
product.0_S_02_005_400006_00,Pipa HDPE PE 100 PN-10 400 mm x 6 Meter,HDPE,PIPA HDPE,1972,Export ERP master_product_updated.xlsx (diunduh 2026-10-06),,,,400 mm,,,,HDPE,,PN 10,6 m,,
__export__.product_product_14608,Pipa HDPE PE 100 PN-10 400 mm x 6 Meter (Strip Biru),HDPE,PIPA HDPE,1973,Export ERP master_product_updated.xlsx (diunduh 2026-10-06),Warna: Biru,,,400 mm,,,,HDPE,,PN 10,6 m,,
product.0_S_02_005_400008_00,Pipa HDPE PE 100 PN-10 400 mm x 8 meter,HDPE,PIPA HDPE,1974,Export ERP master_product_updated.xlsx (diunduh 2026-10-06),,,,400 mm,,,,HDPE,,PN 10,8 m,,
product.0_S_02_005_400009_00,Pipa HDPE PE 100 PN-10 400 mm x 9 Meter,HDPE,PIPA HDPE,1975,Export ERP master_product_updated.xlsx (diunduh 2026-10-06),,,,400 mm,,,,HDPE,,PN 10,9 m,,
__export__.product_product_16818,Pipa HDPE PE 100 PN-10 400 mm x 11.8 Meter,HDPE,PIPA HDPE,1976,Export ERP master_product_updated.xlsx (diunduh 2026-10-06),,,,400 mm,,,,HDPE,,PN 10,11.8 m,,
__export__.product_product_16817,Pipa HDPE PE 100 PN-10 400 mm x 11.8 Meter (Strip Biru),HDPE,PIPA HDPE,1977,Export ERP master_product_updated.xlsx (diunduh 2026-10-06),Warna: Biru,,,400 mm,,,,HDPE,,PN 10,11.8 m,,
__export__.product_product_17162,Pipa HDPE PE 100 PN-10 400 mm x 12 Meter,HDPE,PIPA HDPE,1978,Export ERP master_product_updated.xlsx (diunduh 2026-10-06),,,,400 mm,,,,HDPE,,PN 10,12 m,,
__export__.product_product_17818,Pipa HDPE PE 100 PN-10 400 mm x 12 Meter (Strip Biru),HDPE,PIPA HDPE,1979,Export ERP master_product_updated.xlsx (diunduh 2026-10-06),Warna: Biru,,,400 mm,,,,HDPE,,PN 10,12 m,,
__export__.product_product_15469,Pipa HDPE PE 100 PN-10 450 mm x 5.8 Meter,HDPE,PIPA HDPE,1980,Export ERP master_product_updated.xlsx (diunduh 2026-10-06),,,,450 mm,,,,HDPE,,PN 10,5.8 m,,
__export__.product_product_16909,Pipa HDPE PE 100 PN-10 450 mm x 5.8 Meter (Strip Biru),HDPE,PIPA HDPE,1981,Export ERP master_product_updated.xlsx (diunduh 2026-10-06),Warna: Biru,,,450 mm,,,,HDPE,,PN 10,5.8 m,,
__export__.product_product_10385,Pipa HDPE PE 100 PN-10 450 mm x 6 Meter,HDPE,PIPA HDPE,1982,Export ERP master_product_updated.xlsx (diunduh 2026-10-06),,,,450 mm,,,,HDPE,,PN 10,6 m,,
__export__.product_product_16644,Pipa HDPE PE 100 PN-10 450 mm x 6 Meter (Strip Biru),HDPE,PIPA HDPE,1983,Export ERP master_product_updated.xlsx (diunduh 2026-10-06),Warna: Biru,,,450 mm,,,,HDPE,,PN 10,6 m,,
__export__.product_product_17464,Pipa HDPE PE 100 PN-10 450 mm x 11.8 Meter (Strip Biru),HDPE,PIPA HDPE,1984,Export ERP master_product_updated.xlsx (diunduh 2026-10-06),Warna: Biru,,,450 mm,,,,HDPE,,PN 10,11.8 m,,
__export__.product_product_18357,Pipa HDPE PE 100 PN-10 450 mm x 12 Meter (Strip Biru),HDPE,PIPA HDPE,1985,Export ERP master_product_updated.xlsx (diunduh 2026-10-06),Warna: Biru,,,450 mm,,,,HDPE,,PN 10,12 m,,
__export__.product_product_19662,Pipa HDPE PE 100 PN-10 500 mm x 11.5 Meter (Strip Biru),HDPE,PIPA HDPE,1986,Export ERP master_product_updated.xlsx (diunduh 2026-10-06),Warna: Biru,,,500 mm,,,,HDPE,,PN 10,11.5 m,,
__export__.product_product_16190,Pipa HDPE PE 100 PN-10 500 mm x 11.8 Meter,HDPE,PIPA HDPE,1987,Export ERP master_product_updated.xlsx (diunduh 2026-10-06),,,,500 mm,,,,HDPE,,PN 10,11.8 m,,
__export__.product_product_16203,Pipa HDPE PE 100 PN-10 500 mm x 11.8 Meter (Strip Biru),HDPE,PIPA HDPE,1988,Export ERP master_product_updated.xlsx (diunduh 2026-10-06),Warna: Biru,,,500 mm,,,,HDPE,,PN 10,11.8 m,,
product.0_S_02_005_500005_80,Pipa HDPE PE 100 PN-10 500 mm x 5.8 Meter,HDPE,PIPA HDPE,1989,Export ERP master_product_updated.xlsx (diunduh 2026-10-06),,,,500 mm,,,,HDPE,,PN 10,5.8 m,,
__export__.product_product_17597,Pipa HDPE PE 100 PN-10 500 mm x 5.85 Meter (Strip Biru),HDPE,PIPA HDPE,1990,Export ERP master_product_updated.xlsx (diunduh 2026-10-06),Warna: Biru,,,500 mm,,,,HDPE,,PN 10,5.85 m,,
__export__.product_product_16226,Pipa HDPE PE 100 PN-10 500 mm x 5.8 Meter (Strip Biru),HDPE,PIPA HDPE,1991,Export ERP master_product_updated.xlsx (diunduh 2026-10-06),Warna: Biru,,,500 mm,,,,HDPE,,PN 10,5.8 m,,
product.0_S_02_005_500600_00,Pipa HDPE PE 100 PN-10 500 mm x 6 Meter,HDPE,PIPA HDPE,1992,Export ERP master_product_updated.xlsx (diunduh 2026-10-06),,,,500 mm,,,,HDPE,,PN 10,6 m,,
__export__.product_product_16221,Pipa HDPE PE 100 PN-10 500 mm x 6 Meter (Strip Biru),HDPE,PIPA HDPE,1993,Export ERP master_product_updated.xlsx (diunduh 2026-10-06),Warna: Biru,,,500 mm,,,,HDPE,,PN 10,6 m,,
__export__.product_product_13401,Pipa HDPE PE 100 PN-10 500 mm x 12 Meter,HDPE,PIPA HDPE,1994,Export ERP master_product_updated.xlsx (diunduh 2026-10-06),,,,500 mm,,,,HDPE,,PN 10,12 m,,
__export__.product_product_18135,Pipa HDPE PE 100 PN-10 500 mm x 12 Meter (Strip Biru),HDPE,PIPA HDPE,1995,Export ERP master_product_updated.xlsx (diunduh 2026-10-06),Warna: Biru,,,500 mm,,,,HDPE,,PN 10,12 m,,
product.0_S_02_005_560005_60,Pipa HDPE PE 100 PN-10 560 mm x 5.6 Meter,HDPE,PIPA HDPE,1996,Export ERP master_product_updated.xlsx (diunduh 2026-10-06),,,,560 mm,,,,HDPE,,PN 10,5.6 m,,
__export__.product_product_17234,Pipa HDPE PE 100 PN-10 560 mm x 5.8 Meter,HDPE,PIPA HDPE,1997,Export ERP master_product_updated.xlsx (diunduh 2026-10-06),,,,560 mm,,,,HDPE,,PN 10,5.8 m,,
product.0_S_02_005_560006_00,Pipa HDPE PE 100 PN-10 560 mm x 6 Meter,HDPE,PIPA HDPE,1998,Export ERP master_product_updated.xlsx (diunduh 2026-10-06),,,,560 mm,,,,HDPE,,PN 10,6 m,,
__export__.product_product_17453,Pipa HDPE PE 100 PN-10 560 mm x 6 Meter (Strip Biru),HDPE,PIPA HDPE,1999,Export ERP master_product_updated.xlsx (diunduh 2026-10-06),Warna: Biru,,,560 mm,,,,HDPE,,PN 10,6 m,,
__export__.product_product_18242,Pipa HDPE PE 100 PN-10 560 mm x 6 Meter (Strip Kuning),HDPE,PIPA HDPE,2000,Export ERP master_product_updated.xlsx (diunduh 2026-10-06),Warna: Kuning,,,560 mm,,,,HDPE,,PN 10,6 m,,
product.0_S_02_005_560011_80,Pipa HDPE PE 100 PN-10 560 mm x 11 Meter,HDPE,PIPA HDPE,2001,Export ERP master_product_updated.xlsx (diunduh 2026-10-06),,,,560 mm,,,,HDPE,,PN 10,11 m,,
__export__.product_product_17465,"Pipa HDPE PE 100 PN-10 560 mm x 11,8 Meter (Strip Biru)",HDPE,PIPA HDPE,2002,Export ERP master_product_updated.xlsx (diunduh 2026-10-06),Warna: Biru,,,560 mm,,,,HDPE,,PN 10,11.8 m,,
__export__.product_product_15832,Pipa HDPE PE 100 PN-10 630 mm x 5.8 Meter,HDPE,PIPA HDPE,2003,Export ERP master_product_updated.xlsx (diunduh 2026-10-06),,,,630 mm,,,,HDPE,,PN 10,5.8 m,,
__export__.product_product_16197,Pipa HDPE PE 100 PN-10 630 mm x 5.8 Meter (Strip Biru),HDPE,PIPA HDPE,2004,Export ERP master_product_updated.xlsx (diunduh 2026-10-06),Warna: Biru,,,630 mm,,,,HDPE,,PN 10,5.8 m,,
product.0_S_02_005_630006_00,Pipa HDPE PE 100 PN-10 630 mm x 6 Meter,HDPE,PIPA HDPE,2005,Export ERP master_product_updated.xlsx (diunduh 2026-10-06),,,,630 mm,,,,HDPE,,PN 10,6 m,,
__export__.product_product_14601,Pipa HDPE PE 100 PN-10 630 mm x 6 Meter (Strip Biru),HDPE,PIPA HDPE,2006,Export ERP master_product_updated.xlsx (diunduh 2026-10-06),Warna: Biru,,,630 mm,,,,HDPE,,PN 10,6 m,,
__export__.product_product_16155,Pipa HDPE PE 100 PN-10 630 mm x 11.8 Meter,HDPE,PIPA HDPE,2007,Export ERP master_product_updated.xlsx (diunduh 2026-10-06),,,,630 mm,,,,HDPE,,PN 10,11.8 m,,
__export__.product_product_16908,Pipa HDPE PE 100 PN-10 630 mm x 11.8 Meter (Strip Biru),HDPE,PIPA HDPE,2008,Export ERP master_product_updated.xlsx (diunduh 2026-10-06),Warna: Biru,,,630 mm,,,,HDPE,,PN 10,11.8 m,,
__export__.product_product_16114,Pipa HDPE PE 100 PN-10 630 mm x 12 Meter,HDPE,PIPA HDPE,2009,Export ERP master_product_updated.xlsx (diunduh 2026-10-06),,,,630 mm,,,,HDPE,,PN 10,12 m,,
__export__.product_product_18228,Pipa HDPE PE 100 PN-10 630 mm x 12.2 Meter (Strip Biru),HDPE,PIPA HDPE,2010,Export ERP master_product_updated.xlsx (diunduh 2026-10-06),Warna: Biru,,,630 mm,,,,HDPE,,PN 10,12.2 m,,
__export__.product_product_9794,Pipa HDPE PE 100 PN-10 710 mm x 6 Meter,HDPE,PIPA HDPE,2011,Export ERP master_product_updated.xlsx (diunduh 2026-10-06),,,,710 mm,,,,HDPE,,PN 10,6 m,,
__export__.product_product_17633,Pipa HDPE PE 100 PN-10 710 mm x 6 Meter (Strip Biru),HDPE,PIPA HDPE,2012,Export ERP master_product_updated.xlsx (diunduh 2026-10-06),Warna: Biru,,,710 mm,,,,HDPE,,PN 10,6 m,,
__export__.product_product_16907,Pipa HDPE PE 100 PN-10 710 mm x 11.8 Meter (Strip Biru),HDPE,PIPA HDPE,2013,Export ERP master_product_updated.xlsx (diunduh 2026-10-06),Warna: Biru,,,710 mm,,,,HDPE,,PN 10,11.8 m,,
__export__.product_product_17190,Pipa HDPE PE 100 PN-10 800 mm x 5.8 Meter,HDPE,PIPA HDPE,2014,Export ERP master_product_updated.xlsx (diunduh 2026-10-06),,,,800 mm,,,,HDPE,,PN 10,5.8 m,,
__export__.product_product_17192,Pipa HDPE PE 100 PN-10 800 mm x 5.8 Meter (Strip Biru),HDPE,PIPA HDPE,2015,Export ERP master_product_updated.xlsx (diunduh 2026-10-06),Warna: Biru,,,800 mm,,,,HDPE,,PN 10,5.8 m,,
__export__.product_product_14573,Pipa HDPE PE 100 PN-10 800 mm x 6 Meter,HDPE,PIPA HDPE,2016,Export ERP master_product_updated.xlsx (diunduh 2026-10-06),,,,800 mm,,,,HDPE,,PN 10,6 m,,
__export__.product_product_17766,Pipa HDPE PE 100 PN-10 800 mm x 6 Meter (Strip Biru),HDPE,PIPA HDPE,2017,Export ERP master_product_updated.xlsx (diunduh 2026-10-06),Warna: Biru,,,800 mm,,,,HDPE,,PN 10,6 m,,
__export__.product_product_17045,Pipa HDPE PE 100 PN-10 800 mm x 11.8 Meter,HDPE,PIPA HDPE,2018,Export ERP master_product_updated.xlsx (diunduh 2026-10-06),,,,800 mm,,,,HDPE,,PN 10,11.8 m,,
__export__.product_product_17046,Pipa HDPE PE 100 PN-10 800 mm x 11.8 Meter (Strip Biru),HDPE,PIPA HDPE,2019,Export ERP master_product_updated.xlsx (diunduh 2026-10-06),Warna: Biru,,,800 mm,,,,HDPE,,PN 10,11.8 m,,
__export__.product_product_17043,Pipa HDPE PE 100 PN-10 800 mm x 12 Meter,HDPE,PIPA HDPE,2020,Export ERP master_product_updated.xlsx (diunduh 2026-10-06),,,,800 mm,,,,HDPE,,PN 10,12 m,,
__export__.product_product_17044,Pipa HDPE PE 100 PN-10 800 mm x 12 Meter (Strip Biru),HDPE,PIPA HDPE,2021,Export ERP master_product_updated.xlsx (diunduh 2026-10-06),Warna: Biru,,,800 mm,,,,HDPE,,PN 10,12 m,,
product.0_S_02_006_020040_00,Pipa HDPE PE 100 PN-12.5 20 mm x 40 Meter,HDPE,PIPA HDPE,2022,Export ERP master_product_updated.xlsx (diunduh 2026-10-06),,,,20 mm,,,,HDPE,,PN 12.5,40 m,,
product.0_S_02_006_020050_00,Pipa HDPE PE 100 PN-12.5 20 mm x 50 Meter,HDPE,PIPA HDPE,2023,Export ERP master_product_updated.xlsx (diunduh 2026-10-06),,,,20 mm,,,,HDPE,,PN 12.5,50 m,,
product.0_S_02_006_020075_00,Pipa HDPE PE 100 PN-12.5 20 mm x 75 Meter,HDPE,PIPA HDPE,2024,Export ERP master_product_updated.xlsx (diunduh 2026-10-06),,,,20 mm,,,,HDPE,,PN 12.5,75 m,,
product.0_S_02_006_020100_00,Pipa HDPE PE 100 PN-12.5 20 mm x 100 Meter,HDPE,PIPA HDPE,2025,Export ERP master_product_updated.xlsx (diunduh 2026-10-06),,,,20 mm,,,,HDPE,,PN 12.5,100 m,,
__export__.product_product_17069,Pipa HDPE PE 100 PN-12.5 20 mm x 100 Meter (Strip Biru),HDPE,PIPA HDPE,2026,Export ERP master_product_updated.xlsx (diunduh 2026-10-06),Warna: Biru,,,20 mm,,,,HDPE,,PN 12.5,100 m,,
product.0_S_02_006_020140_00,Pipa HDPE PE 100 PN-12.5 20 mm x 140 Meter,HDPE,PIPA HDPE,2027,Export ERP master_product_updated.xlsx (diunduh 2026-10-06),,,,20 mm,,,,HDPE,,PN 12.5,140 m,,
product.0_S_02_006_020150_00,Pipa HDPE PE 100 PN-12.5 20 mm x 150 Meter,HDPE,PIPA HDPE,2028,Export ERP master_product_updated.xlsx (diunduh 2026-10-06),,,,20 mm,,,,HDPE,,PN 12.5,150 m,,
product.0_S_02_006_020180_00,Pipa HDPE PE 100 PN-12.5 20 mm x 180 Meter,HDPE,PIPA HDPE,2029,Export ERP master_product_updated.xlsx (diunduh 2026-10-06),,,,20 mm,,,,HDPE,,PN 12.5,180 m,,
product.0_S_02_006_020200_00,Pipa HDPE PE 100 PN-12.5 20 mm x 200 Meter,HDPE,PIPA HDPE,2030,Export ERP master_product_updated.xlsx (diunduh 2026-10-06),,,,20 mm,,,,HDPE,,PN 12.5,200 m,,
__export__.product_product_12397,Pipa HDPE PE 100 PN-12.5 20 mm x 230 Meter,HDPE,PIPA HDPE,2031,Export ERP master_product_updated.xlsx (diunduh 2026-10-06),,,,20 mm,,,,HDPE,,PN 12.5,230 m,,
product.0_S_02_006_020250_00,Pipa HDPE PE 100 PN-12.5 20 mm x 250 Meter,HDPE,PIPA HDPE,2032,Export ERP master_product_updated.xlsx (diunduh 2026-10-06),,,,20 mm,,,,HDPE,,PN 12.5,250 m,,
__export__.product_product_10386,Pipa HDPE PE 100 PN-12.5 20 mm x 270 Meter,HDPE,PIPA HDPE,2033,Export ERP master_product_updated.xlsx (diunduh 2026-10-06),,,,20 mm,,,,HDPE,,PN 12.5,270 m,,
product.0_S_02_006_020300_00,Pipa HDPE PE 100 PN-12.5 20 mm x 300 Meter,HDPE,PIPA HDPE,2034,Export ERP master_product_updated.xlsx (diunduh 2026-10-06),,,,20 mm,,,,HDPE,,PN 12.5,300 m,,
product.0_S_02_006_025001_00,Pipa HDPE PE 100 PN-12.5 25 mm x 1 Meter,HDPE,PIPA HDPE,2035,Export ERP master_product_updated.xlsx (diunduh 2026-10-06),,,,25 mm,,,,HDPE,,PN 12.5,1 m,,
__export__.product_product_18943,Pipa HDPE PE 100 PN-12.5 25 mm x 12 Meter (Strip Biru),HDPE,PIPA HDPE,2036,Export ERP master_product_updated.xlsx (diunduh 2026-10-06),Warna: Biru,,,25 mm,,,,HDPE,,PN 12.5,12 m,,
product.0_S_02_006_025020_00,Pipa HDPE PE 100 PN-12.5 25 mm x 20 Meter,HDPE,PIPA HDPE,2037,Export ERP master_product_updated.xlsx (diunduh 2026-10-06),,,,25 mm,,,,HDPE,,PN 12.5,20 m,,
product.0_S_02_006_025050_00,Pipa HDPE PE 100 PN-12.5 25 mm x 50 Meter,HDPE,PIPA HDPE,2038,Export ERP master_product_updated.xlsx (diunduh 2026-10-06),,,,25 mm,,,,HDPE,,PN 12.5,50 m,,
product.0_S_02_006_025080_00,Pipa HDPE PE 100 PN-12.5 25 mm x 80 Meter,HDPE,PIPA HDPE,2039,Export ERP master_product_updated.xlsx (diunduh 2026-10-06),,,,25 mm,,,,HDPE,,PN 12.5,80 m,,
product.0_S_02_006_025100_00,Pipa HDPE PE 100 PN-12.5 25 mm x 100 Meter,HDPE,PIPA HDPE,2040,Export ERP master_product_updated.xlsx (diunduh 2026-10-06),,,,25 mm,,,,HDPE,,PN 12.5,100 m,,
__export__.product_product_16719,Pipa HDPE PE 100 PN-12.5 25 mm x 100 Meter (Strip Biru),HDPE,PIPA HDPE,2041,Export ERP master_product_updated.xlsx (diunduh 2026-10-06),Warna: Biru,,,25 mm,,,,HDPE,,PN 12.5,100 m,,
product.0_S_02_006_025150_00,Pipa HDPE PE 100 PN-12.5 25 mm x 150 Meter,HDPE,PIPA HDPE,2042,Export ERP master_product_updated.xlsx (diunduh 2026-10-06),,,,25 mm,,,,HDPE,,PN 12.5,150 m,,
product.0_S_02_006_025178_00,Pipa HDPE PE 100 PN-12.5 25 mm x 178 Meter,HDPE,PIPA HDPE,2043,Export ERP master_product_updated.xlsx (diunduh 2026-10-06),,,,25 mm,,,,HDPE,,PN 12.5,178 m,,
product.0_S_02_006_025200_00,Pipa HDPE PE 100 PN-12.5 25 mm x 200 Meter,HDPE,PIPA HDPE,2044,Export ERP master_product_updated.xlsx (diunduh 2026-10-06),,,,25 mm,,,,HDPE,,PN 12.5,200 m,,
__export__.product_product_17788,Pipa HDPE PE 100 PN-12.5 25 mm x 200 Meter (Strip Biru),HDPE,PIPA HDPE,2045,Export ERP master_product_updated.xlsx (diunduh 2026-10-06),Warna: Biru,,,25 mm,,,,HDPE,,PN 12.5,200 m,,
product.0_S_02_006_025250_00,Pipa HDPE PE 100 PN-12.5 25 mm x 250 Meter,HDPE,PIPA HDPE,2046,Export ERP master_product_updated.xlsx (diunduh 2026-10-06),,,,25 mm,,,,HDPE,,PN 12.5,250 m,,
__export__.product_product_16815,Pipa HDPE PE 100 PN-12.5 25 mm x 250 Meter (Strip Biru),HDPE,PIPA HDPE,2047,Export ERP master_product_updated.xlsx (diunduh 2026-10-06),Warna: Biru,,,25 mm,,,,HDPE,,PN 12.5,250 m,,
__export__.product_product_19490,Pipa HDPE PE 100 PN-12.5 32 mm x 50 Meter Biru (Strip Kuning),HDPE,PIPA HDPE,2048,Export ERP master_product_updated.xlsx (diunduh 2026-10-06),Warna: Biru,,,32 mm,,,,HDPE,,PN 12.5,50 m,,
product.0_S_02_006_032080_00,Pipa HDPE PE 100 PN-12.5 32 mm x 80 Meter,HDPE,PIPA HDPE,2049,Export ERP master_product_updated.xlsx (diunduh 2026-10-06),,,,32 mm,,,,HDPE,,PN 12.5,80 m,,
product.0_S_02_006_032100_00,Pipa HDPE PE 100 PN-12.5 32 mm x 100 Meter,HDPE,PIPA HDPE,2050,Export ERP master_product_updated.xlsx (diunduh 2026-10-06),,,,32 mm,,,,HDPE,,PN 12.5,100 m,,
__export__.product_product_16814,Pipa HDPE PE 100 PN-12.5 32 mm x 100 Meter (Strip Biru),HDPE,PIPA HDPE,2051,Export ERP master_product_updated.xlsx (diunduh 2026-10-06),Warna: Biru,,,32 mm,,,,HDPE,,PN 12.5,100 m,,
__export__.product_product_19469,Pipa HDPE PE 100 PN-12.5 32 mm x 100 Meter Biru (Strip Kuning),HDPE,PIPA HDPE,2052,Export ERP master_product_updated.xlsx (diunduh 2026-10-06),Warna: Biru,,,32 mm,,,,HDPE,,PN 12.5,100 m,,
product.0_S_02_006_032150_00,Pipa HDPE PE 100 PN-12.5 32 mm x 150 Meter,HDPE,PIPA HDPE,2053,Export ERP master_product_updated.xlsx (diunduh 2026-10-06),,,,32 mm,,,,HDPE,,PN 12.5,150 m,,
product.0_S_02_006_032200_00,Pipa HDPE PE 100 PN-12.5 32 mm x 200 Meter,HDPE,PIPA HDPE,2054,Export ERP master_product_updated.xlsx (diunduh 2026-10-06),,,,32 mm,,,,HDPE,,PN 12.5,200 m,,
__export__.product_product_18060,Pipa HDPE PE 100 PN-12.5 32 mm x 200 Meter (Strip Biru),HDPE,PIPA HDPE,2055,Export ERP master_product_updated.xlsx (diunduh 2026-10-06),Warna: Biru,,,32 mm,,,,HDPE,,PN 12.5,200 m,,
product.0_S_02_006_032250_00,Pipa HDPE PE 100 PN-12.5 32 mm x 250 Meter,HDPE,PIPA HDPE,2056,Export ERP master_product_updated.xlsx (diunduh 2026-10-06),,,,32 mm,,,,HDPE,,PN 12.5,250 m,,
__export__.product_product_17992,Pipa HDPE PE 100 PN-12.5 32 mm x 250 Meter (Strip Biru),HDPE,PIPA HDPE,2057,Export ERP master_product_updated.xlsx (diunduh 2026-10-06),Warna: Biru,,,32 mm,,,,HDPE,,PN 12.5,250 m,,
product.0_S_02_006_040050_00,Pipa HDPE PE 100 PN-12.5 40 mm x 50 Meter,HDPE,PIPA HDPE,2058,Export ERP master_product_updated.xlsx (diunduh 2026-10-06),,,,40 mm,,,,HDPE,,PN 12.5,50 m,,
product.0_S_02_006_040070_00,Pipa HDPE PE 100 PN-12.5 40 mm x 70 Meter,HDPE,PIPA HDPE,2059,Export ERP master_product_updated.xlsx (diunduh 2026-10-06),,,,40 mm,,,,HDPE,,PN 12.5,70 m,,
product.0_S_02_006_040100_00,Pipa HDPE PE 100 PN-12.5 40 mm x 100 Meter,HDPE,PIPA HDPE,2060,Export ERP master_product_updated.xlsx (diunduh 2026-10-06),,,,40 mm,,,,HDPE,,PN 12.5,100 m,,
__export__.product_product_18356,Pipa HDPE PE 100 PN-12.5 40 mm x 100 Meter (Strip Biru),HDPE,PIPA HDPE,2061,Export ERP master_product_updated.xlsx (diunduh 2026-10-06),Warna: Biru,,,40 mm,,,,HDPE,,PN 12.5,100 m,,
product.0_S_02_006_040150_00,Pipa HDPE PE 100 PN-12.5 40 mm x 150 Meter,HDPE,PIPA HDPE,2062,Export ERP master_product_updated.xlsx (diunduh 2026-10-06),,,,40 mm,,,,HDPE,,PN 12.5,150 m,,
product.0_S_02_006_040200_00,Pipa HDPE PE 100 PN-12.5 40 mm x 200 Meter,HDPE,PIPA HDPE,2063,Export ERP master_product_updated.xlsx (diunduh 2026-10-06),,,,40 mm,,,,HDPE,,PN 12.5,200 m,,
product.0_S_02_006_050050_00,Pipa HDPE PE 100 PN-12.5 50 mm x 50 Meter,HDPE,PIPA HDPE,2064,Export ERP master_product_updated.xlsx (diunduh 2026-10-06),,,,50 mm,,,,HDPE,,PN 12.5,50 m,,
product.0_S_02_006_050065_00,Pipa HDPE PE 100 PN-12.5 50 mm x 65 Meter,HDPE,PIPA HDPE,2065,Export ERP master_product_updated.xlsx (diunduh 2026-10-06),,,,50 mm,,,,HDPE,,PN 12.5,65 m,,
product.0_S_02_006_050100_00,Pipa HDPE PE 100 PN-12.5 50 mm x 100 Meter,HDPE,PIPA HDPE,2066,Export ERP master_product_updated.xlsx (diunduh 2026-10-06),,,,50 mm,,,,HDPE,,PN 12.5,100 m,,
__export__.product_product_16813,Pipa HDPE PE 100 PN-12.5 50 mm x 100 Meter (Strip Biru),HDPE,PIPA HDPE,2067,Export ERP master_product_updated.xlsx (diunduh 2026-10-06),Warna: Biru,,,50 mm,,,,HDPE,,PN 12.5,100 m,,
__export__.product_product_15848,Pipa HDPE PE 100 PN-12.5 63 mm x 5.8 Meter,HDPE,PIPA HDPE,2068,Export ERP master_product_updated.xlsx (diunduh 2026-10-06),,,,63 mm,,,,HDPE,,PN 12.5,5.8 m,,
__export__.product_product_18194,Pipa HDPE PE 100 PN-12.5 63 mm x 5.8 Meter (Strip Biru),HDPE,PIPA HDPE,2069,Export ERP master_product_updated.xlsx (diunduh 2026-10-06),Warna: Biru,,,63 mm,,,,HDPE,,PN 12.5,5.8 m,,
product.0_S_02_006_063006_00,Pipa HDPE PE 100 PN-12.5 63 mm x 6 Meter,HDPE,PIPA HDPE,2070,Export ERP master_product_updated.xlsx (diunduh 2026-10-06),,,,63 mm,,,,HDPE,,PN 12.5,6 m,,
__export__.product_product_16640,Pipa HDPE PE 100 PN-12.5 63 mm x 6 Meter (Strip Biru),HDPE,PIPA HDPE,2071,Export ERP master_product_updated.xlsx (diunduh 2026-10-06),Warna: Biru,,,63 mm,,,,HDPE,,PN 12.5,6 m,,
__export__.product_product_18539,Pipa HDPE PE 100 PN-12.5 63 mm x 6 Meter Kuning,HDPE,PIPA HDPE,2072,Export ERP master_product_updated.xlsx (diunduh 2026-10-06),Warna: Kuning,,,63 mm,,,,HDPE,,PN 12.5,6 m,,
product.0_S_02_006_063011_80,Pipa HDPE PE 100 PN-12.5 63 mm x 11.8 Meter,HDPE,PIPA HDPE,2073,Export ERP master_product_updated.xlsx (diunduh 2026-10-06),,,,63 mm,,,,HDPE,,PN 12.5,11.8 m,,
product.0_S_02_006_063011_81,Pipa HDPE PE 100 PN-12.5 63 mm x 11.81 Meter,HDPE,PIPA HDPE,2074,Export ERP master_product_updated.xlsx (diunduh 2026-10-06),,,,63 mm,,,,HDPE,,PN 12.5,11.81 m,,
__export__.product_product_19678,Pipa HDPE PE 100 PN-12.5 63 mm x 11.8 Meter (Strip Biru),HDPE,PIPA HDPE,2075,Export ERP master_product_updated.xlsx (diunduh 2026-10-06),Warna: Biru,,,63 mm,,,,HDPE,,PN 12.5,11.8 m,,
product.0_S_02_006_063026_00,Pipa HDPE PE 100 PN-12.5 63 mm x 26 Meter,HDPE,PIPA HDPE,2076,Export ERP master_product_updated.xlsx (diunduh 2026-10-06),,,,63 mm,,,,HDPE,,PN 12.5,26 m,,
product.0_S_02_006_063050_00,Pipa HDPE PE 100 PN-12.5 63 mm x 50 Meter,HDPE,PIPA HDPE,2077,Export ERP master_product_updated.xlsx (diunduh 2026-10-06),,,,63 mm,,,,HDPE,,PN 12.5,50 m,,
__export__.product_product_18941,Pipa HDPE PE 100 PN-12.5 63 mm x 50 Meter (Strip Biru),HDPE,PIPA HDPE,2078,Export ERP master_product_updated.xlsx (diunduh 2026-10-06),Warna: Biru,,,63 mm,,,,HDPE,,PN 12.5,50 m,,
__export__.product_product_10938,Pipa HDPE PE 100 PN-12.5 63 mm x 60 Meter,HDPE,PIPA HDPE,2079,Export ERP master_product_updated.xlsx (diunduh 2026-10-06),,,,63 mm,,,,HDPE,,PN 12.5,60 m,,
product.0_S_02_006_063072_00,Pipa HDPE PE 100 PN-12.5 63 mm x 72 Meter,HDPE,PIPA HDPE,2080,Export ERP master_product_updated.xlsx (diunduh 2026-10-06),,,,63 mm,,,,HDPE,,PN 12.5,72 m,,
__export__.product_product_11478,Pipa HDPE PE 100 PN-12.5 63 mm x 74 Meter,HDPE,PIPA HDPE,2081,Export ERP master_product_updated.xlsx (diunduh 2026-10-06),,,,63 mm,,,,HDPE,,PN 12.5,74 m,,
product.0_S_02_006_063080_00,Pipa HDPE PE 100 PN-12.5 63 mm x 80 Meter,HDPE,PIPA HDPE,2082,Export ERP master_product_updated.xlsx (diunduh 2026-10-06),,,,63 mm,,,,HDPE,,PN 12.5,80 m,,
product.0_S_02_006_063100_00,Pipa HDPE PE 100 PN-12.5 63 mm x 100 Meter,HDPE,PIPA HDPE,2083,Export ERP master_product_updated.xlsx (diunduh 2026-10-06),,,,63 mm,,,,HDPE,,PN 12.5,100 m,,
__export__.product_product_16812,Pipa HDPE PE 100 PN-12.5 63 mm x 100 Meter (Strip Biru),HDPE,PIPA HDPE,2084,Export ERP master_product_updated.xlsx (diunduh 2026-10-06),Warna: Biru,,,63 mm,,,,HDPE,,PN 12.5,100 m,,
__export__.product_product_19467,Pipa HDPE PE 100 PN-12.5 63 mm x 100 Meter Biru (Strip Kuning),HDPE,PIPA HDPE,2085,Export ERP master_product_updated.xlsx (diunduh 2026-10-06),Warna: Biru,,,63 mm,,,,HDPE,,PN 12.5,100 m,,
product.0_S_02_006_075006_00,Pipa HDPE PE 100 PN-12.5 75 mm x 6 Meter,HDPE,PIPA HDPE,2086,Export ERP master_product_updated.xlsx (diunduh 2026-10-06),,,,75 mm,,,,HDPE,,PN 12.5,6 m,,
product.0_S_02_006_075050_00,Pipa HDPE PE 100 PN-12.5 75 mm x 50 Meter,HDPE,PIPA HDPE,2087,Export ERP master_product_updated.xlsx (diunduh 2026-10-06),,,,75 mm,,,,HDPE,,PN 12.5,50 m,,
__export__.product_product_18518,Pipa HDPE PE 100 PN-12.5 75 mm x 50 Meter (Strip Biru),HDPE,PIPA HDPE,2088,Export ERP master_product_updated.xlsx (diunduh 2026-10-06),Warna: Biru,,,75 mm,,,,HDPE,,PN 12.5,50 m,,
product.0_S_02_006_075178_00,Pipa HDPE PE 100 PN-12.5 75 mm x 178 Meter,HDPE,PIPA HDPE,2089,Export ERP master_product_updated.xlsx (diunduh 2026-10-06),,,,75 mm,,,,HDPE,,PN 12.5,178 m,,
product.0_S_02_006_090002_00,Pipa HDPE PE 100 PN-12.5 90 mm x 2 Meter,HDPE,PIPA HDPE,2090,Export ERP master_product_updated.xlsx (diunduh 2026-10-06),,,,90 mm,,,,HDPE,,PN 12.5,2 m,,
product.0_S_02_006_090005_00,Pipa HDPE PE 100 PN-12.5 90 mm x 5 Meter,HDPE,PIPA HDPE,2091,Export ERP master_product_updated.xlsx (diunduh 2026-10-06),,,,90 mm,,,,HDPE,,PN 12.5,5 m,,
__export__.product_product_13074,Pipa HDPE PE 100 PN-12.5 90 mm x 5.8 Meter,HDPE,PIPA HDPE,2092,Export ERP master_product_updated.xlsx (diunduh 2026-10-06),,,,90 mm,,,,HDPE,,PN 12.5,5.8 m,,
__export__.product_product_19424,Pipa HDPE PE 100 PN-12.5 90 mm x 5.8 Meter (Strip Biru),HDPE,PIPA HDPE,2093,Export ERP master_product_updated.xlsx (diunduh 2026-10-06),Warna: Biru,,,90 mm,,,,HDPE,,PN 12.5,5.8 m,,
product.0_S_02_006_090006_00,Pipa HDPE PE 100 PN-12.5 90 mm x 6 Meter,HDPE,PIPA HDPE,2094,Export ERP master_product_updated.xlsx (diunduh 2026-10-06),,,,90 mm,,,,HDPE,,PN 12.5,6 m,,
__export__.product_product_17560,Pipa HDPE PE 100 PN-12.5 90 mm x 6 Meter (Strip Biru),HDPE,PIPA HDPE,2095,Export ERP master_product_updated.xlsx (diunduh 2026-10-06),Warna: Biru,,,90 mm,,,,HDPE,,PN 12.5,6 m,,
__export__.product_product_18538,Pipa HDPE PE 100 PN-12.5 90 mm x 6 Meter Kuning,HDPE,PIPA HDPE,2096,Export ERP master_product_updated.xlsx (diunduh 2026-10-06),Warna: Kuning,,,90 mm,,,,HDPE,,PN 12.5,6 m,,
__export__.product_product_19466,Pipa HDPE PE 100 PN-12.5 90 mm x 6 Meter Biru (Strip Kuning),HDPE,PIPA HDPE,2097,Export ERP master_product_updated.xlsx (diunduh 2026-10-06),Warna: Biru,,,90 mm,,,,HDPE,,PN 12.5,6 m,,
product.0_S_02_006_090011_82,Pipa HDPE PE 100 PN-12.5 90 mm x 11.82 Meter,HDPE,PIPA HDPE,2098,Export ERP master_product_updated.xlsx (diunduh 2026-10-06),,,,90 mm,,,,HDPE,,PN 12.5,11.82 m,,
product.0_S_02_006_090025_00,Pipa HDPE PE 100 PN-12.5 90 mm x 25 Meter,HDPE,PIPA HDPE,2099,Export ERP master_product_updated.xlsx (diunduh 2026-10-06),,,,90 mm,,,,HDPE,,PN 12.5,25 m,,
product.0_S_02_006_090030_00,Pipa HDPE PE 100 PN-12.5 90 mm x 30 Meter,HDPE,PIPA HDPE,2100,Export ERP master_product_updated.xlsx (diunduh 2026-10-06),,,,90 mm,,,,HDPE,,PN 12.5,30 m,,
product.0_S_02_006_090036_00,Pipa HDPE PE 100 PN-12.5 90 mm x 36 Meter,HDPE,PIPA HDPE,2101,Export ERP master_product_updated.xlsx (diunduh 2026-10-06),,,,90 mm,,,,HDPE,,PN 12.5,36 m,,
product.0_S_02_006_090037_00,Pipa HDPE PE 100 PN-12.5 90 mm x 37 Meter,HDPE,PIPA HDPE,2102,Export ERP master_product_updated.xlsx (diunduh 2026-10-06),,,,90 mm,,,,HDPE,,PN 12.5,37 m,,
product.0_S_02_006_090038_00,Pipa HDPE PE 100 PN-12.5 90 mm x 38 Meter,HDPE,PIPA HDPE,2103,Export ERP master_product_updated.xlsx (diunduh 2026-10-06),,,,90 mm,,,,HDPE,,PN 12.5,38 m,,
__export__.product_product_11330,Pipa HDPE PE 100 PN-12.5 90 mm x 48 Meter,HDPE,PIPA HDPE,2104,Export ERP master_product_updated.xlsx (diunduh 2026-10-06),,,,90 mm,,,,HDPE,,PN 12.5,48 m,,
product.0_S_02_006_090050_00,Pipa HDPE PE 100 PN-12.5 90 mm x 50 Meter,HDPE,PIPA HDPE,2105,Export ERP master_product_updated.xlsx (diunduh 2026-10-06),,,,90 mm,,,,HDPE,,PN 12.5,50 m,,
__export__.product_product_16811,Pipa HDPE PE 100 PN-12.5 90 mm x 50 Meter (Strip Biru),HDPE,PIPA HDPE,2106,Export ERP master_product_updated.xlsx (diunduh 2026-10-06),Warna: Biru,,,90 mm,,,,HDPE,,PN 12.5,50 m,,
product.0_S_02_006_090075_00,Pipa HDPE PE 100 PN-12.5 90 mm x 75 Meter,HDPE,PIPA HDPE,2107,Export ERP master_product_updated.xlsx (diunduh 2026-10-06),,,,90 mm,,,,HDPE,,PN 12.5,75 m,,
product.0_S_02_006_110005_00,Pipa HDPE PE 100 PN-12.5 110 mm x 5 Meter,HDPE,PIPA HDPE,2108,Export ERP master_product_updated.xlsx (diunduh 2026-10-06),,,,110 mm,,,,HDPE,,PN 12.5,5 m,,
product.0_S_02_006_110005_50,Pipa HDPE PE 100 PN-12.5 110 mm x 5.5 Meter,HDPE,PIPA HDPE,2109,Export ERP master_product_updated.xlsx (diunduh 2026-10-06),,,,110 mm,,,,HDPE,,PN 12.5,5.5 m,,
__export__.product_product_15838,Pipa HDPE PE 100 PN-12.5 110 mm x 5.8 Meter,HDPE,PIPA HDPE,2110,Export ERP master_product_updated.xlsx (diunduh 2026-10-06),,,,110 mm,,,,HDPE,,PN 12.5,5.8 m,,
__export__.product_product_17059,Pipa HDPE PE 100 PN-12.5 110 mm x 5.8 Meter (Strip Biru),HDPE,PIPA HDPE,2111,Export ERP master_product_updated.xlsx (diunduh 2026-10-06),Warna: Biru,,,110 mm,,,,HDPE,,PN 12.5,5.8 m,,
product.0_S_02_006_110006_00,Pipa HDPE PE 100 PN-12.5 110 mm x 6 Meter,HDPE,PIPA HDPE,2112,Export ERP master_product_updated.xlsx (diunduh 2026-10-06),,,,110 mm,,,,HDPE,,PN 12.5,6 m,,
__export__.product_product_16935,Pipa HDPE PE 100 PN-12.5 110 mm x 6 Meter (Strip Biru),HDPE,PIPA HDPE,2113,Export ERP master_product_updated.xlsx (diunduh 2026-10-06),Warna: Biru,,,110 mm,,,,HDPE,,PN 12.5,6 m,,
__export__.product_product_19465,Pipa HDPE PE 100 PN-12.5 110 mm x 6 Meter Biru (Strip Kuning),HDPE,PIPA HDPE,2114,Export ERP master_product_updated.xlsx (diunduh 2026-10-06),Warna: Biru,,,110 mm,,,,HDPE,,PN 12.5,6 m,,
__export__.product_product_19587,Pipa HDPE PE 100 PN-12.5 110 mm x 6 Meter Kuning (Strip Hitam),HDPE,PIPA HDPE,2115,Export ERP master_product_updated.xlsx (diunduh 2026-10-06),Warna: Hitam,,,110 mm,,,,HDPE,,PN 12.5,6 m,,
__export__.product_product_19582,Pipa HDPE PE 100 PN-12.5 110 mm x 6 Meter Kuning (Strip Biru),HDPE,PIPA HDPE,2116,Export ERP master_product_updated.xlsx (diunduh 2026-10-06),Warna: Biru,,,110 mm,,,,HDPE,,PN 12.5,6 m,,
__export__.product_product_19585,Pipa HDPE PE 100 PN-12.5 110 mm x 6 Meter Kuning (Strip Cokelat),HDPE,PIPA HDPE,2117,Export ERP master_product_updated.xlsx (diunduh 2026-10-06),Warna: Kuning,,,110 mm,,,,HDPE,,PN 12.5,6 m,,
__export__.product_product_19584,Pipa HDPE PE 100 PN-12.5 110 mm x 6 Meter Kuning (Strip Hijau),HDPE,PIPA HDPE,2118,Export ERP master_product_updated.xlsx (diunduh 2026-10-06),Warna: Kuning,,,110 mm,,,,HDPE,,PN 12.5,6 m,,
__export__.product_product_19583,Pipa HDPE PE 100 PN-12.5 110 mm x 6 Meter Kuning (Strip Merah),HDPE,PIPA HDPE,2119,Export ERP master_product_updated.xlsx (diunduh 2026-10-06),Warna: Kuning,,,110 mm,,,,HDPE,,PN 12.5,6 m,,
__export__.product_product_19586,Pipa HDPE PE 100 PN-12.5 110 mm x 6 Meter Kuning (Strip Ungu),HDPE,PIPA HDPE,2120,Export ERP master_product_updated.xlsx (diunduh 2026-10-06),Warna: Kuning,,,110 mm,,,,HDPE,,PN 12.5,6 m,,
product.0_S_02_006_110010_00,Pipa HDPE PE 100 PN-12.5 110 mm x 10 Meter,HDPE,PIPA HDPE,2121,Export ERP master_product_updated.xlsx (diunduh 2026-10-06),,,,110 mm,,,,HDPE,,PN 12.5,10 m,,
product.0_S_02_006_110011_80,Pipa HDPE PE 100 PN-12.5 110 mm x 11.8 Meter,HDPE,PIPA HDPE,2122,Export ERP master_product_updated.xlsx (diunduh 2026-10-06),,,,110 mm,,,,HDPE,,PN 12.5,11.8 m,,
product.0_S_02_006_110011_81,Pipa HDPE PE 100 PN-12.5 110 mm x 11.81 Meter,HDPE,PIPA HDPE,2123,Export ERP master_product_updated.xlsx (diunduh 2026-10-06),,,,110 mm,,,,HDPE,,PN 12.5,11.81 m,,
__export__.product_product_19679,Pipa HDPE PE 100 PN-12.5 110 mm x 11.8 Meter (Strip Biru),HDPE,PIPA HDPE,2124,Export ERP master_product_updated.xlsx (diunduh 2026-10-06),Warna: Biru,,,110 mm,,,,HDPE,,PN 12.5,11.8 m,,
__export__.product_product_15219,Pipa HDPE PE 100 PN-12.5 110 mm x 12 Meter,HDPE,PIPA HDPE,2125,Export ERP master_product_updated.xlsx (diunduh 2026-10-06),,,,110 mm,,,,HDPE,,PN 12.5,12 m,,
__export__.product_product_17441,Pipa HDPE PE 100 PN-12.5 110 mm x 12 Meter (Strip Biru),HDPE,PIPA HDPE,2126,Export ERP master_product_updated.xlsx (diunduh 2026-10-06),Warna: Biru,,,110 mm,,,,HDPE,,PN 12.5,12 m,,
__export__.product_product_10747,Pipa HDPE PE 100 PN-12.5 110 mm x 26 Meter,HDPE,PIPA HDPE,2127,Export ERP master_product_updated.xlsx (diunduh 2026-10-06),,,,110 mm,,,,HDPE,,PN 12.5,26 m,,
__export__.product_product_10387,Pipa HDPE PE 100 PN-12.5 110 mm x 50 Meter,HDPE,PIPA HDPE,2128,Export ERP master_product_updated.xlsx (diunduh 2026-10-06),,,,110 mm,,,,HDPE,,PN 12.5,50 m,,
__export__.product_product_17409,Pipa HDPE PE 100 PN-12.5 110 mm x 50 Meter (Strip Biru),HDPE,PIPA HDPE,2129,Export ERP master_product_updated.xlsx (diunduh 2026-10-06),Warna: Biru,,,110 mm,,,,HDPE,,PN 12.5,50 m,,
__export__.product_product_19575,Pipa HDPE PE 100 PN-12.5 110 mm x 50 Meter Kuning,HDPE,PIPA HDPE,2130,Export ERP master_product_updated.xlsx (diunduh 2026-10-06),Warna: Kuning,,,110 mm,,,,HDPE,,PN 12.5,50 m,,
__export__.product_product_19593,Pipa HDPE PE 100 PN-12.5 110 mm x 50 Meter Kuning (Strip Hitam),HDPE,PIPA HDPE,2131,Export ERP master_product_updated.xlsx (diunduh 2026-10-06),Warna: Hitam,,,110 mm,,,,HDPE,,PN 12.5,50 m,,
__export__.product_product_19588,Pipa HDPE PE 100 PN-12.5 110 mm x 50 Meter Kuning (Strip Biru),HDPE,PIPA HDPE,2132,Export ERP master_product_updated.xlsx (diunduh 2026-10-06),Warna: Biru,,,110 mm,,,,HDPE,,PN 12.5,50 m,,
__export__.product_product_19591,Pipa HDPE PE 100 PN-12.5 110 mm x 50 Meter Kuning (Strip Cokelat),HDPE,PIPA HDPE,2133,Export ERP master_product_updated.xlsx (diunduh 2026-10-06),Warna: Kuning,,,110 mm,,,,HDPE,,PN 12.5,50 m,,
__export__.product_product_19590,Pipa HDPE PE 100 PN-12.5 110 mm x 50 Meter Kuning (Strip Hijau),HDPE,PIPA HDPE,2134,Export ERP master_product_updated.xlsx (diunduh 2026-10-06),Warna: Kuning,,,110 mm,,,,HDPE,,PN 12.5,50 m,,
__export__.product_product_19589,Pipa HDPE PE 100 PN-12.5 110 mm x 50 Meter Kuning (Strip Merah),HDPE,PIPA HDPE,2135,Export ERP master_product_updated.xlsx (diunduh 2026-10-06),Warna: Kuning,,,110 mm,,,,HDPE,,PN 12.5,50 m,,
__export__.product_product_19592,Pipa HDPE PE 100 PN-12.5 110 mm x 50 Meter Kuning (Strip Ungu),HDPE,PIPA HDPE,2136,Export ERP master_product_updated.xlsx (diunduh 2026-10-06),Warna: Kuning,,,110 mm,,,,HDPE,,PN 12.5,50 m,,
__export__.product_product_17211,Pipa HDPE PE 100 PN-12.5 125 mm x 6 Meter,HDPE,PIPA HDPE,2137,Export ERP master_product_updated.xlsx (diunduh 2026-10-06),,,,125 mm,,,,HDPE,,PN 12.5,6 m,,
__export__.product_product_18537,Pipa HDPE PE 100 PN-12.5 125 mm x 6 Meter Kuning,HDPE,PIPA HDPE,2138,Export ERP master_product_updated.xlsx (diunduh 2026-10-06),Warna: Kuning,,,125 mm,,,,HDPE,,PN 12.5,6 m,,
__export__.product_product_16779,Pipa HDPE PE 100 PN-12.5 140 mm x 5.8 Meter,HDPE,PIPA HDPE,2139,Export ERP master_product_updated.xlsx (diunduh 2026-10-06),,,,140 mm,,,,HDPE,,PN 12.5,5.8 m,,
__export__.product_product_15115,Pipa HDPE PE 100 PN-12.5 140 mm x 6 Meter,HDPE,PIPA HDPE,2140,Export ERP master_product_updated.xlsx (diunduh 2026-10-06),,,,140 mm,,,,HDPE,,PN 12.5,6 m,,
__export__.product_product_19287,Pipa HDPE PE 100 PN-12.5 140 mm x 6 Meter (Strip Biru),HDPE,PIPA HDPE,2141,Export ERP master_product_updated.xlsx (diunduh 2026-10-06),Warna: Biru,,,140 mm,,,,HDPE,,PN 12.5,6 m,,
product.0_S_02_006_160005_50,Pipa HDPE PE 100 PN-12.5 160 mm x 5.5 Meter,HDPE,PIPA HDPE,2142,Export ERP master_product_updated.xlsx (diunduh 2026-10-06),,,,160 mm,,,,HDPE,,PN 12.5,5.5 m,,
__export__.product_product_14476,Pipa HDPE PE 100 PN-12.5 160 mm x 5.8 Meter,HDPE,PIPA HDPE,2143,Export ERP master_product_updated.xlsx (diunduh 2026-10-06),,,,160 mm,,,,HDPE,,PN 12.5,5.8 m,,
__export__.product_product_17061,Pipa HDPE PE 100 PN-12.5 160 mm x 5.8 Meter (Strip Biru),HDPE,PIPA HDPE,2144,Export ERP master_product_updated.xlsx (diunduh 2026-10-06),Warna: Biru,,,160 mm,,,,HDPE,,PN 12.5,5.8 m,,
product.0_S_02_006_160006_00,Pipa HDPE PE 100 PN-12.5 160 mm x 6 Meter,HDPE,PIPA HDPE,2145,Export ERP master_product_updated.xlsx (diunduh 2026-10-06),,,,160 mm,,,,HDPE,,PN 12.5,6 m,,
__export__.product_product_16638,Pipa HDPE PE 100 PN-12.5 160 mm x 6 Meter (Strip Biru),HDPE,PIPA HDPE,2146,Export ERP master_product_updated.xlsx (diunduh 2026-10-06),Warna: Biru,,,160 mm,,,,HDPE,,PN 12.5,6 m,,
__export__.product_product_15683,Pipa HDPE PE 100 PN-12.5 160 mm x 6 Meter Merah,HDPE,PIPA HDPE,2147,Export ERP master_product_updated.xlsx (diunduh 2026-10-06),Warna: Merah,,,160 mm,,,,HDPE,,PN 12.5,6 m,,
__export__.product_product_19566,Pipa HDPE PE 100 PN-12.5 160 mm x 6 Meter Kuning (Strip Hitam),HDPE,PIPA HDPE,2148,Export ERP master_product_updated.xlsx (diunduh 2026-10-06),Warna: Hitam,,,160 mm,,,,HDPE,,PN 12.5,6 m,,
__export__.product_product_19561,Pipa HDPE PE 100 PN-12.5 160 mm x 6 Meter Kuning (Strip Biru),HDPE,PIPA HDPE,2149,Export ERP master_product_updated.xlsx (diunduh 2026-10-06),Warna: Biru,,,160 mm,,,,HDPE,,PN 12.5,6 m,,
__export__.product_product_19564,Pipa HDPE PE 100 PN-12.5 160 mm x 6 Meter Kuning (Strip Cokelat),HDPE,PIPA HDPE,2150,Export ERP master_product_updated.xlsx (diunduh 2026-10-06),Warna: Kuning,,,160 mm,,,,HDPE,,PN 12.5,6 m,,
__export__.product_product_19563,Pipa HDPE PE 100 PN-12.5 160 mm x 6 Meter Kuning (Strip Hijau),HDPE,PIPA HDPE,2151,Export ERP master_product_updated.xlsx (diunduh 2026-10-06),Warna: Kuning,,,160 mm,,,,HDPE,,PN 12.5,6 m,,
__export__.product_product_19562,Pipa HDPE PE 100 PN-12.5 160 mm x 6 Meter Kuning (Strip Merah),HDPE,PIPA HDPE,2152,Export ERP master_product_updated.xlsx (diunduh 2026-10-06),Warna: Kuning,,,160 mm,,,,HDPE,,PN 12.5,6 m,,
__export__.product_product_19565,Pipa HDPE PE 100 PN-12.5 160 mm x 6 Meter Kuning (Strip Ungu),HDPE,PIPA HDPE,2153,Export ERP master_product_updated.xlsx (diunduh 2026-10-06),Warna: Kuning,,,160 mm,,,,HDPE,,PN 12.5,6 m,,
product.0_S_02_006_160011_80,Pipa HDPE PE 100 PN-12.5 160 mm x 11.8 Meter,HDPE,PIPA HDPE,2154,Export ERP master_product_updated.xlsx (diunduh 2026-10-06),,,,160 mm,,,,HDPE,,PN 12.5,11.8 m,,
__export__.product_product_15341,Pipa HDPE PE 100 PN-12.5 160 mm x 11.8 Meter C/W Stub Flange and Loose Backing Ring,HDPE,PIPA HDPE,2155,Export ERP master_product_updated.xlsx (diunduh 2026-10-06),,,,160 mm,,,,HDPE,,C · PN 12.5,11.8 m,,
product.0_S_02_006_160011_81,Pipa HDPE PE 100 PN-12.5 160 mm x 11.81 Meter,HDPE,PIPA HDPE,2156,Export ERP master_product_updated.xlsx (diunduh 2026-10-06),,,,160 mm,,,,HDPE,,PN 12.5,11.81 m,,
__export__.product_product_18702,Pipa HDPE PE 100 PN-12.5 160 mm x 11.8 Meter (Strip Biru),HDPE,PIPA HDPE,2157,Export ERP master_product_updated.xlsx (diunduh 2026-10-06),Warna: Biru,,,160 mm,,,,HDPE,,PN 12.5,11.8 m,,
__export__.product_product_15220,Pipa HDPE PE 100 PN-12.5 160 mm x 12 Meter,HDPE,PIPA HDPE,2158,Export ERP master_product_updated.xlsx (diunduh 2026-10-06),,,,160 mm,,,,HDPE,,PN 12.5,12 m,,
__export__.product_product_17442,Pipa HDPE PE 100 PN-12.5 160 mm x 12 Meter (Strip Biru),HDPE,PIPA HDPE,2159,Export ERP master_product_updated.xlsx (diunduh 2026-10-06),Warna: Biru,,,160 mm,,,,HDPE,,PN 12.5,12 m,,
__export__.product_product_16086,Pipa HDPE PE 100 PN-12.5 180 mm x 6 Meter,HDPE,PIPA HDPE,2160,Export ERP master_product_updated.xlsx (diunduh 2026-10-06),,,,180 mm,,,,HDPE,,PN 12.5,6 m,,
__export__.product_product_18759,Pipa HDPE PE 100 PN-12.5 180 mm x 6 Meter (Strip Biru),HDPE,PIPA HDPE,2161,Export ERP master_product_updated.xlsx (diunduh 2026-10-06),Warna: Biru,,,180 mm,,,,HDPE,,PN 12.5,6 m,,
__export__.product_product_18720,Pipa HDPE PE 100 PN-12.5 180 mm x 6 Meter Kuning,HDPE,PIPA HDPE,2162,Export ERP master_product_updated.xlsx (diunduh 2026-10-06),Warna: Kuning,,,180 mm,,,,HDPE,,PN 12.5,6 m,,
__export__.product_product_18949,Pipa HDPE PE 100 PN-12.5 180 mm x 6 Meter Merah,HDPE,PIPA HDPE,2163,Export ERP master_product_updated.xlsx (diunduh 2026-10-06),Warna: Merah,,,180 mm,,,,HDPE,,PN 12.5,6 m,,
__export__.product_product_19504,Pipa HDPE PE 100 PN-12.5 180 mm x 12 Meter Merah,HDPE,PIPA HDPE,2164,Export ERP master_product_updated.xlsx (diunduh 2026-10-06),Warna: Merah,,,180 mm,,,,HDPE,,PN 12.5,12 m,,
__export__.product_product_17058,Pipa HDPE PE 100 PN-12.5 200 mm x 5.8 Meter (Strip Biru),HDPE,PIPA HDPE,2165,Export ERP master_product_updated.xlsx (diunduh 2026-10-06),Warna: Biru,,,200 mm,,,,HDPE,,PN 12.5,5.8 m,,
product.0_S_02_006_200006_00,Pipa HDPE PE 100 PN-12.5 200 mm x 6 Meter,HDPE,PIPA HDPE,2166,Export ERP master_product_updated.xlsx (diunduh 2026-10-06),,,,200 mm,,,,HDPE,,PN 12.5,6 m,,
__export__.product_product_19736,Pipa HDPE PE 100 PN-12.5 200 mm x 6 Meter All Flange + Bolt Nut M18 x 130 + Rubber Gasket,HDPE,PIPA HDPE,2167,Export ERP master_product_updated.xlsx (diunduh 2026-10-06),,,,200 mm,,,,HDPE,,PN 12.5,6 m,,
__export__.product_product_16639,Pipa HDPE PE 100 PN-12.5 200 mm x 6 Meter (Strip Biru),HDPE,PIPA HDPE,2168,Export ERP master_product_updated.xlsx (diunduh 2026-10-06),Warna: Biru,,,200 mm,,,,HDPE,,PN 12.5,6 m,,
__export__.product_product_19735,Pipa HDPE PE 100 PN-12.5 200 mm x 10 Meter All Flange + Bolt Nut M18 x 130 + Rubber Gasket,HDPE,PIPA HDPE,2169,Export ERP master_product_updated.xlsx (diunduh 2026-10-06),,,,200 mm,,,,HDPE,,PN 12.5,10 m,,
product.0_S_02_006_200011_80,Pipa HDPE PE 100 PN-12.5 200 mm x 11.8 Meter,HDPE,PIPA HDPE,2170,Export ERP master_product_updated.xlsx (diunduh 2026-10-06),,,,200 mm,,,,HDPE,,PN 12.5,11.8 m,,
product.0_S_02_006_200011_81,Pipa HDPE PE 100 PN-12.5 200 mm x 11.81 Meter,HDPE,PIPA HDPE,2171,Export ERP master_product_updated.xlsx (diunduh 2026-10-06),,,,200 mm,,,,HDPE,,PN 12.5,11.81 m,,
__export__.product_product_19722,Pipa HDPE PE 100 PN-12.5 200 mm x 11.8 Meter (Strip Biru),HDPE,PIPA HDPE,2172,Export ERP master_product_updated.xlsx (diunduh 2026-10-06),Warna: Biru,,,200 mm,,,,HDPE,,PN 12.5,11.8 m,,
__export__.product_product_15221,Pipa HDPE PE 100 PN-12.5 200 mm x 12 Meter,HDPE,PIPA HDPE,2173,Export ERP master_product_updated.xlsx (diunduh 2026-10-06),,,,200 mm,,,,HDPE,,PN 12.5,12 m,,
__export__.product_product_17015,Pipa HDPE PE 100 PN-12.5 200 mm x 12 Meter (Strip Biru),HDPE,PIPA HDPE,2174,Export ERP master_product_updated.xlsx (diunduh 2026-10-06),Warna: Biru,,,200 mm,,,,HDPE,,PN 12.5,12 m,,
__export__.product_product_17013,Pipa HDPE PE 100 PN-12.5 Kuning 200 mm x 12 Meter,HDPE,PIPA HDPE,2175,Export ERP master_product_updated.xlsx (diunduh 2026-10-06),Warna: Kuning,,,200 mm,,,,HDPE,,PN 12.5,12 m,,
__export__.product_product_17014,Pipa HDPE PE 100 PN-12.5 Merah 200 mm x 12 Meter,HDPE,PIPA HDPE,2176,Export ERP master_product_updated.xlsx (diunduh 2026-10-06),Warna: Merah,,,200 mm,,,,HDPE,,PN 12.5,12 m,,
__export__.product_product_18000,Pipa HDPE PE 100 PN-12.5 200mm x 12 Meter All Flange + Bolt Nut M18 x 130 + Rubber Gasket,HDPE,PIPA HDPE,2177,Export ERP master_product_updated.xlsx (diunduh 2026-10-06),,,,200 mm,,,,HDPE,,PN 12.5,12 m,,
__export__.product_product_18193,Pipa HDPE PE 100 PN-12.5 225 mm x 5.8 Meter (Strip Biru),HDPE,PIPA HDPE,2178,Export ERP master_product_updated.xlsx (diunduh 2026-10-06),Warna: Biru,,,225 mm,,,,HDPE,,PN 12.5,5.8 m,,
__export__.product_product_15356,Pipa HDPE PE 100 PN-12.5 225 mm x 6 Meter,HDPE,PIPA HDPE,2179,Export ERP master_product_updated.xlsx (diunduh 2026-10-06),,,,225 mm,,,,HDPE,,PN 12.5,6 m,,
__export__.product_product_17871,Pipa HDPE PE 100 PN-12.5 225 mm x 6 Meter (Strip Biru),HDPE,PIPA HDPE,2180,Export ERP master_product_updated.xlsx (diunduh 2026-10-06),Warna: Biru,,,225 mm,,,,HDPE,,PN 12.5,6 m,,
__export__.product_product_18641,Pipa HDPE PE 100 PN-12.5 225 mm x 11.8 Meter (Strip Biru),HDPE,PIPA HDPE,2181,Export ERP master_product_updated.xlsx (diunduh 2026-10-06),Warna: Biru,,,225 mm,,,,HDPE,,PN 12.5,11.8 m,,
__export__.product_product_18012,Pipa HDPE PE 100 PN-12.5 250 mm x 5.8 Meter (Strip Biru),HDPE,PIPA HDPE,2182,Export ERP master_product_updated.xlsx (diunduh 2026-10-06),Warna: Biru,,,250 mm,,,,HDPE,,PN 12.5,5.8 m,,
product.0_S_02_006_250006_00,Pipa HDPE PE 100 PN-12.5 250 mm x 6 Meter,HDPE,PIPA HDPE,2183,Export ERP master_product_updated.xlsx (diunduh 2026-10-06),,,,250 mm,,,,HDPE,,PN 12.5,6 m,,
__export__.product_product_17408,Pipa HDPE PE 100 PN-12.5 250 mm x 6 Meter (Strip Biru),HDPE,PIPA HDPE,2184,Export ERP master_product_updated.xlsx (diunduh 2026-10-06),Warna: Biru,,,250 mm,,,,HDPE,,PN 12.5,6 m,,
__export__.product_product_18174,Pipa HDPE PE 100 PN-12.5 250 mm x 11.8 Meter,HDPE,PIPA HDPE,2185,Export ERP master_product_updated.xlsx (diunduh 2026-10-06),,,,250 mm,,,,HDPE,,PN 12.5,11.8 m,,
__export__.product_product_17790,Pipa HDPE PE 100 PN-12.5 250 mm x 11.8 Meter (Strip Biru),HDPE,PIPA HDPE,2186,Export ERP master_product_updated.xlsx (diunduh 2026-10-06),Warna: Biru,,,250 mm,,,,HDPE,,PN 12.5,11.8 m,,
__export__.product_product_17443,Pipa HDPE PE 100 PN-12.5 250 mm x 12 Meter (Strip Biru),HDPE,PIPA HDPE,2187,Export ERP master_product_updated.xlsx (diunduh 2026-10-06),Warna: Biru,,,250 mm,,,,HDPE,,PN 12.5,12 m,,
__export__.product_product_19621,Pipa HDPE PE 100 PN-12.5 280 mm x 6 Meter (Strip Biru),HDPE,PIPA HDPE,2188,Export ERP master_product_updated.xlsx (diunduh 2026-10-06),Warna: Biru,,,280 mm,,,,HDPE,,PN 12.5,6 m,,
product.0_S_02_006_315004_00,Pipa HDPE PE 100 PN-12.5 315 mm x 4 Meter,HDPE,PIPA HDPE,2189,Export ERP master_product_updated.xlsx (diunduh 2026-10-06),,,,315 mm,,,,HDPE,,PN 12.5,4 m,,
__export__.product_product_18013,Pipa HDPE PE 100 PN-12.5 315 mm x 5.8 Meter (Strip Biru),HDPE,PIPA HDPE,2190,Export ERP master_product_updated.xlsx (diunduh 2026-10-06),Warna: Biru,,,315 mm,,,,HDPE,,PN 12.5,5.8 m,,
product.0_S_02_006_315006_00,Pipa HDPE PE 100 PN-12.5 315 mm x 6 Meter,HDPE,PIPA HDPE,2191,Export ERP master_product_updated.xlsx (diunduh 2026-10-06),,,,315 mm,,,,HDPE,,PN 12.5,6 m,,
__export__.product_product_15929,Pipa HDPE PE 100 PN-12.5 315 mm x 6 Meter + All Flange,HDPE,PIPA HDPE,2192,Export ERP master_product_updated.xlsx (diunduh 2026-10-06),,,,315 mm,,,,HDPE,,PN 12.5,6 m,,
__export__.product_product_16557,Pipa HDPE PE 100 PN-12.5 315 mm x 6 Meter (Strip Biru),HDPE,PIPA HDPE,2193,Export ERP master_product_updated.xlsx (diunduh 2026-10-06),Warna: Biru,,,315 mm,,,,HDPE,,PN 12.5,6 m,,
product.0_S_02_006_315010_30,Pipa HDPE PE 100 PN-12.5 315 mm x 10.3 Meter,HDPE,PIPA HDPE,2194,Export ERP master_product_updated.xlsx (diunduh 2026-10-06),,,,315 mm,,,,HDPE,,PN 12.5,10.3 m,,
product.0_S_02_006_315011_80,Pipa HDPE PE 100 PN-12.5 315 mm x 10.8 Meter,HDPE,PIPA HDPE,2195,Export ERP master_product_updated.xlsx (diunduh 2026-10-06),,,,315 mm,,,,HDPE,,PN 12.5,10.8 m,,
product.0_S_02_006_315011_81,Pipa HDPE PE 100 PN-12.5 315 mm x 11.8 Meter,HDPE,PIPA HDPE,2196,Export ERP master_product_updated.xlsx (diunduh 2026-10-06),,,,315 mm,,,,HDPE,,PN 12.5,11.8 m,,
__export__.product_product_17972,Pipa HDPE PE 100 PN-12.5 315 mm x 11.8 Meter (Strip Biru),HDPE,PIPA HDPE,2197,Export ERP master_product_updated.xlsx (diunduh 2026-10-06),Warna: Biru,,,315 mm,,,,HDPE,,PN 12.5,11.8 m,,
__export__.product_product_15927,Pipa HDPE PE 100 PN-12.5 315 mm x 12 Meter,HDPE,PIPA HDPE,2198,Export ERP master_product_updated.xlsx (diunduh 2026-10-06),,,,315 mm,,,,HDPE,,PN 12.5,12 m,,
__export__.product_product_17444,Pipa HDPE PE 100 PN-12.5 315 mm x 12 Meter (Strip Biru),HDPE,PIPA HDPE,2199,Export ERP master_product_updated.xlsx (diunduh 2026-10-06),Warna: Biru,,,315 mm,,,,HDPE,,PN 12.5,12 m,,
__export__.product_product_9802,Pipa HDPE PE 100 PN-12.5 355 mm x 3 Meter,HDPE,PIPA HDPE,2200,Export ERP master_product_updated.xlsx (diunduh 2026-10-06),,,,355 mm,,,,HDPE,,PN 12.5,3 m,,
__export__.product_product_18166,Pipa HDPE PE 100 PN-12.5 355 mm x 5.8 Meter (Strip Biru),HDPE,PIPA HDPE,2201,Export ERP master_product_updated.xlsx (diunduh 2026-10-06),Warna: Biru,,,355 mm,,,,HDPE,,PN 12.5,5.8 m,,
__export__.product_product_9801,Pipa HDPE PE 100 PN-12.5 355 mm x 6 Meter,HDPE,PIPA HDPE,2202,Export ERP master_product_updated.xlsx (diunduh 2026-10-06),,,,355 mm,,,,HDPE,,PN 12.5,6 m,,
__export__.product_product_16556,Pipa HDPE PE 100 PN-12.5 355 mm x 6 Meter (Strip Biru),HDPE,PIPA HDPE,2203,Export ERP master_product_updated.xlsx (diunduh 2026-10-06),Warna: Biru,,,355 mm,,,,HDPE,,PN 12.5,6 m,,
__export__.product_product_9803,Pipa HDPE PE 100 PN-12.5 355 mm x 9 Meter,HDPE,PIPA HDPE,2204,Export ERP master_product_updated.xlsx (diunduh 2026-10-06),,,,355 mm,,,,HDPE,,PN 12.5,9 m,,
product.0_S_02_006_355011_80,Pipa HDPE PE 100 PN-12.5 355 mm x 11.8 Meter,HDPE,PIPA HDPE,2205,Export ERP master_product_updated.xlsx (diunduh 2026-10-06),,,,355 mm,,,,HDPE,,PN 12.5,11.8 m,,
__export__.product_product_18173,Pipa HDPE PE 100 PN-12.5 355 mm x 11.8 Meter (Strip Bitu),HDPE,PIPA HDPE,2206,Export ERP master_product_updated.xlsx (diunduh 2026-10-06),,,,355 mm,,,,HDPE,,PN 12.5,11.8 m,,
product.0_S_02_006_355011_81,Pipa HDPE PE 100 PN-12.5 355 mm x 12 Meter,HDPE,PIPA HDPE,2207,Export ERP master_product_updated.xlsx (diunduh 2026-10-06),,,,355 mm,,,,HDPE,,PN 12.5,12 m,,
__export__.product_product_19299,Pipa HDPE PE 100 PN-12.5 355 mm x 12 Meter (Strip Biru),HDPE,PIPA HDPE,2208,Export ERP master_product_updated.xlsx (diunduh 2026-10-06),Warna: Biru,,,355 mm,,,,HDPE,,PN 12.5,12 m,,
__export__.product_product_18014,Pipa HDPE PE 100 PN-12.5 400 mm x 5.8 Meter (Strip Biru),HDPE,PIPA HDPE,2209,Export ERP master_product_updated.xlsx (diunduh 2026-10-06),Warna: Biru,,,400 mm,,,,HDPE,,PN 12.5,5.8 m,,
product.0_S_02_006_400006_00,Pipa HDPE PE 100 PN-12.5 400 mm x 6 Meter,HDPE,PIPA HDPE,2210,Export ERP master_product_updated.xlsx (diunduh 2026-10-06),,,,400 mm,,,,HDPE,,PN 12.5,6 m,,
__export__.product_product_16726,Pipa HDPE PE 100 PN-12.5 400 mm x 6 Meter (Strip Biru),HDPE,PIPA HDPE,2211,Export ERP master_product_updated.xlsx (diunduh 2026-10-06),Warna: Biru,,,400 mm,,,,HDPE,,PN 12.5,6 m,,
__export__.product_product_17971,"Pipa HDPE PE 100 PN-12.5 400 mm x 11,8 Meter (Strip Biru)",HDPE,PIPA HDPE,2212,Export ERP master_product_updated.xlsx (diunduh 2026-10-06),Warna: Biru,,,400 mm,,,,HDPE,,PN 12.5,11.8 m,,
__export__.product_product_17367,Pipa HDPE PE 100 PN-12.5 400 mm x 12 Meter,HDPE,PIPA HDPE,2213,Export ERP master_product_updated.xlsx (diunduh 2026-10-06),,,,400 mm,,,,HDPE,,PN 12.5,12 m,,
__export__.product_product_19537,Pipa HDPE PE 100 PN-12.5 400 mm x 12 Meter (Strip Biru),HDPE,PIPA HDPE,2214,Export ERP master_product_updated.xlsx (diunduh 2026-10-06),Warna: Biru,,,400 mm,,,,HDPE,,PN 12.5,12 m,,
__export__.product_product_13264,Pipa HDPE PE 100 PN-12.5 450 mm x 6 Meter,HDPE,PIPA HDPE,2215,Export ERP master_product_updated.xlsx (diunduh 2026-10-06),,,,450 mm,,,,HDPE,,PN 12.5,6 m,,
__export__.product_product_17407,Pipa HDPE PE 100 PN-12.5 450 mm x 6 Meter (Strip Biru),HDPE,PIPA HDPE,2216,Export ERP master_product_updated.xlsx (diunduh 2026-10-06),Warna: Biru,,,450 mm,,,,HDPE,,PN 12.5,6 m,,
__export__.product_product_17416,Pipa HDPE PE 100 PN-12.5 500 mm x 5.8 Meter (Strip Biru),HDPE,PIPA HDPE,2217,Export ERP master_product_updated.xlsx (diunduh 2026-10-06),Warna: Biru,,,500 mm,,,,HDPE,,PN 12.5,5.8 m,,
__export__.product_product_12398,Pipa HDPE PE 100 PN-12.5 500 mm x 6 Meter,HDPE,PIPA HDPE,2218,Export ERP master_product_updated.xlsx (diunduh 2026-10-06),,,,500 mm,,,,HDPE,,PN 12.5,6 m,,
__export__.product_product_16725,Pipa HDPE PE 100 PN-12.5 500 mm x 6 Meter (Strip Biru),HDPE,PIPA HDPE,2219,Export ERP master_product_updated.xlsx (diunduh 2026-10-06),Warna: Biru,,,500 mm,,,,HDPE,,PN 12.5,6 m,,
__export__.product_product_17393,"Pipa HDPE PE 100 PN-12.5 500 mm x 11,8 Meter (Strip Biru)",HDPE,PIPA HDPE,2220,Export ERP master_product_updated.xlsx (diunduh 2026-10-06),Warna: Biru,,,500 mm,,,,HDPE,,PN 12.5,11.8 m,,
__export__.product_product_17445,Pipa HDPE PE 100 PN-12.5 500 mm x 12 Meter (Strip Biru),HDPE,PIPA HDPE,2221,Export ERP master_product_updated.xlsx (diunduh 2026-10-06),Warna: Biru,,,500 mm,,,,HDPE,,PN 12.5,12 m,,
__export__.product_product_16750,Pipa HDPE PE 100 PN-12.5 560 mm x 6 Meter (Strip Biru),HDPE,PIPA HDPE,2222,Export ERP master_product_updated.xlsx (diunduh 2026-10-06),Warna: Biru,,,560 mm,,,,HDPE,,PN 12.5,6 m,,
__export__.product_product_17974,Pipa HDPE PE 100 PN-12.5 630 mm x 5.8 Meter (Strip Biru),HDPE,PIPA HDPE,2223,Export ERP master_product_updated.xlsx (diunduh 2026-10-06),Warna: Biru,,,630 mm,,,,HDPE,,PN 12.5,5.8 m,,
__export__.product_product_14779,Pipa HDPE PE 100 PN-12.5 630 mm x 6 Meter,HDPE,PIPA HDPE,2224,Export ERP master_product_updated.xlsx (diunduh 2026-10-06),,,,630 mm,,,,HDPE,,PN 12.5,6 m,,
__export__.product_product_17406,Pipa HDPE PE 100 PN-12.5 630 mm x 6 Meter (Strip Biru),HDPE,PIPA HDPE,2225,Export ERP master_product_updated.xlsx (diunduh 2026-10-06),Warna: Biru,,,630 mm,,,,HDPE,,PN 12.5,6 m,,
__export__.product_product_17973,Pipa HDPE PE 100 PN-12.5 630 mm x 11.8 Meter (Strip Biru),HDPE,PIPA HDPE,2226,Export ERP master_product_updated.xlsx (diunduh 2026-10-06),Warna: Biru,,,630 mm,,,,HDPE,,PN 12.5,11.8 m,,
__export__.product_product_17446,Pipa HDPE PE 100 PN-12.5 630 mm x 12 Meter (Strip Biru),HDPE,PIPA HDPE,2227,Export ERP master_product_updated.xlsx (diunduh 2026-10-06),Warna: Biru,,,630 mm,,,,HDPE,,PN 12.5,12 m,,
__export__.product_product_18229,Pipa HDPE PE 100 PN-12.5 630 mm x 12.2 Meter (Strip Biru),HDPE,PIPA HDPE,2228,Export ERP master_product_updated.xlsx (diunduh 2026-10-06),Warna: Biru,,,630 mm,,,,HDPE,,PN 12.5,12.2 m,,
__export__.product_product_16917,Pipa HDPE PE 100 PN-12.5 710 mm x 6 Meter,HDPE,PIPA HDPE,2229,Export ERP master_product_updated.xlsx (diunduh 2026-10-06),,,,710 mm,,,,HDPE,,PN 12.5,6 m,,
__export__.product_product_17768,Pipa HDPE PE 100 PN-12.5 710 mm x 6 Meter (Strip Biru),HDPE,PIPA HDPE,2230,Export ERP master_product_updated.xlsx (diunduh 2026-10-06),Warna: Biru,,,710 mm,,,,HDPE,,PN 12.5,6 m,,
__export__.product_product_17447,Pipa HDPE PE 100 PN-12.5 710 mm x 12 Meter (Strip Biru),HDPE,PIPA HDPE,2231,Export ERP master_product_updated.xlsx (diunduh 2026-10-06),Warna: Biru,,,710 mm,,,,HDPE,,PN 12.5,12 m,,
__export__.product_product_17862,Pipa HDPE PE 100 PN-12.5 800 mm x 5.8 Meter (Strip Biru),HDPE,PIPA HDPE,2232,Export ERP master_product_updated.xlsx (diunduh 2026-10-06),Warna: Biru,,,800 mm,,,,HDPE,,PN 12.5,5.8 m,,
__export__.product_product_16918,Pipa HDPE PE 100 PN-12.5 800 mm x 6 Meter,HDPE,PIPA HDPE,2233,Export ERP master_product_updated.xlsx (diunduh 2026-10-06),,,,800 mm,,,,HDPE,,PN 12.5,6 m,,
__export__.product_product_17686,Pipa HDPE PE 100 PN-12.5 800 mm x 6 Meter (Strip Biru),HDPE,PIPA HDPE,2234,Export ERP master_product_updated.xlsx (diunduh 2026-10-06),Warna: Biru,,,800 mm,,,,HDPE,,PN 12.5,6 m,,
__export__.product_product_18178,Pipa HDPE PE 100 PN-12.5 900 mm x 6 Meter (Strip Biru),HDPE,PIPA HDPE,2235,Export ERP master_product_updated.xlsx (diunduh 2026-10-06),Warna: Biru,,,900 mm,,,,HDPE,,PN 12.5,6 m,,
__export__.product_product_19727,Pipa HDPE PE 100 PN-16 20 mm x 5.8 Meter (Strip Biru),HDPE,PIPA HDPE,2236,Export ERP master_product_updated.xlsx (diunduh 2026-10-06),Warna: Biru,,,20 mm,,,,HDPE,,PN 16,5.8 m,,
__export__.product_product_18944,Pipa HDPE PE 100 PN-16 20 mm x 6 Meter (Strip Biru),HDPE,PIPA HDPE,2237,Export ERP master_product_updated.xlsx (diunduh 2026-10-06),Warna: Biru,,,20 mm,,,,HDPE,,PN 16,6 m,,
__export__.product_product_18525,Pipa HDPE PE 100 PN-16 POLYETHYLENE 20 mm x 6 Meter Kuning,HDPE,PIPA HDPE,2238,Export ERP master_product_updated.xlsx (diunduh 2026-10-06),Warna: Kuning,,,20 mm,,,,HDPE,,PN 16,6 m,,
__export__.product_product_15841,Pipa HDPE PE 100 PN-16 20 mm x 50 Meter,HDPE,PIPA HDPE,2239,Export ERP master_product_updated.xlsx (diunduh 2026-10-06),,,,20 mm,,,,HDPE,,PN 16,50 m,,
__export__.product_product_18067,Pipa HDPE PE 100 PN-16 20 mm x 50 Meter (Strip Biru),HDPE,PIPA HDPE,2240,Export ERP master_product_updated.xlsx (diunduh 2026-10-06),Warna: Biru,,,20 mm,,,,HDPE,,PN 16,50 m,,
product.0_S_02_007_020100_00,Pipa HDPE PE 100 PN-16 20 mm x 100 Meter,HDPE,PIPA HDPE,2241,Export ERP master_product_updated.xlsx (diunduh 2026-10-06),,,,20 mm,,,,HDPE,,PN 16,100 m,,
__export__.product_product_19173,Pipa HDPE PE 100 PN-16 20 mm x 100 Meter Biru (Strip Kuning),HDPE,PIPA HDPE,2242,Export ERP master_product_updated.xlsx (diunduh 2026-10-06),Warna: Biru,,,20 mm,,,,HDPE,,PN 16,100 m,,
__export__.product_product_16676,Pipa HDPE PE 100 PN-16 20 mm x 100 Meter (Strip Biru),HDPE,PIPA HDPE,2243,Export ERP master_product_updated.xlsx (diunduh 2026-10-06),Warna: Biru,,,20 mm,,,,HDPE,,PN 16,100 m,,
__export__.product_product_13184,Pipa HDPE PE 100 PN-16 20 mm x 150 Meter,HDPE,PIPA HDPE,2244,Export ERP master_product_updated.xlsx (diunduh 2026-10-06),,,,20 mm,,,,HDPE,,PN 16,150 m,,
product.0_S_02_007_020200_00,Pipa HDPE PE 100 PN-16 20 mm x 200 Meter,HDPE,PIPA HDPE,2245,Export ERP master_product_updated.xlsx (diunduh 2026-10-06),,,,20 mm,,,,HDPE,,PN 16,200 m,,
__export__.product_product_18940,Pipa HDPE PE 100 PN-16 20 mm x 200 Meter (Strip Biru),HDPE,PIPA HDPE,2246,Export ERP master_product_updated.xlsx (diunduh 2026-10-06),Warna: Biru,,,20 mm,,,,HDPE,,PN 16,200 m,,
product.0_S_02_007_020250_00,Pipa HDPE PE 100 PN-16 20 mm x 250 meter,HDPE,PIPA HDPE,2247,Export ERP master_product_updated.xlsx (diunduh 2026-10-06),,,,20 mm,,,,HDPE,,PN 16,250 m,,
__export__.product_product_16175,Pipa HDPE PE 100 PN-16 20 mm x 250 meter (Strip Biru),HDPE,PIPA HDPE,2248,Export ERP master_product_updated.xlsx (diunduh 2026-10-06),Warna: Biru,,,20 mm,,,,HDPE,,PN 16,250 m,,
product.0_S_02_007_020350_00,Pipa HDPE PE 100 PN-16 20 mm x 350 Meter,HDPE,PIPA HDPE,2249,Export ERP master_product_updated.xlsx (diunduh 2026-10-06),,,,20 mm,,,,HDPE,,PN 16,350 m,,
__export__.product_product_17217,Pipa HDPE PE 100 PN-16 25 mm x 50 Meter,HDPE,PIPA HDPE,2250,Export ERP master_product_updated.xlsx (diunduh 2026-10-06),,,,25 mm,,,,HDPE,,PN 16,50 m,,
__export__.product_product_18068,Pipa HDPE PE 100 PN-16 25 mm x 50 Meter (Strip Biru),HDPE,PIPA HDPE,2251,Export ERP master_product_updated.xlsx (diunduh 2026-10-06),Warna: Biru,,,25 mm,,,,HDPE,,PN 16,50 m,,
product.0_S_02_007_025100_00,Pipa HDPE PE 100 PN-16 25 mm x 100 Meter,HDPE,PIPA HDPE,2252,Export ERP master_product_updated.xlsx (diunduh 2026-10-06),,,,25 mm,,,,HDPE,,PN 16,100 m,,
__export__.product_product_14903,Pipa HDPE PE 100 PN-16 25 mm x 100 Meter (Strip Biru),HDPE,PIPA HDPE,2253,Export ERP master_product_updated.xlsx (diunduh 2026-10-06),Warna: Biru,,,25 mm,,,,HDPE,,PN 16,100 m,,
__export__.product_product_18884,"Pipa HDPE PE 100 PN-16 25 mm x 108,5 Meter (Strip Biru)",HDPE,PIPA HDPE,2254,Export ERP master_product_updated.xlsx (diunduh 2026-10-06),Warna: Biru,,,25 mm,,,,HDPE,,PN 16,108.5 m,,
__export__.product_product_13580,Pipa HDPE PE 100 PN-16 25 mm x 110 Meter,HDPE,PIPA HDPE,2255,Export ERP master_product_updated.xlsx (diunduh 2026-10-06),,,,25 mm,,,,HDPE,,PN 16,110 m,,
product.0_S_02_007_025150_00,Pipa HDPE PE 100 PN-16 25 mm x 150 Meter,HDPE,PIPA HDPE,2256,Export ERP master_product_updated.xlsx (diunduh 2026-10-06),,,,25 mm,,,,HDPE,,PN 16,150 m,,
__export__.product_product_16715,Pipa HDPE PE 100 PN-16 25 mm x 150 Meter (Strip Biru),HDPE,PIPA HDPE,2257,Export ERP master_product_updated.xlsx (diunduh 2026-10-06),Warna: Biru,,,25 mm,,,,HDPE,,PN 16,150 m,,
product.0_S_02_007_025200_00,Pipa HDPE PE 100 PN-16 25 mm x 200 Meter,HDPE,PIPA HDPE,2258,Export ERP master_product_updated.xlsx (diunduh 2026-10-06),,,,25 mm,,,,HDPE,,PN 16,200 m,,
product.0_S_02_007_025250_00,Pipa HDPE PE 100 PN-16 25 mm x 250 Meter,HDPE,PIPA HDPE,2259,Export ERP master_product_updated.xlsx (diunduh 2026-10-06),,,,25 mm,,,,HDPE,,PN 16,250 m,,
__export__.product_product_16711,Pipa HDPE PE 100 PN-16 25 mm x 250 Meter (Strip Biru),HDPE,PIPA HDPE,2260,Export ERP master_product_updated.xlsx (diunduh 2026-10-06),Warna: Biru,,,25 mm,,,,HDPE,,PN 16,250 m,,
__export__.product_product_19177,Pipa HDPE PE 100 PN-16 32 mm x 6 Meter (Strip Biru),HDPE,PIPA HDPE,2261,Export ERP master_product_updated.xlsx (diunduh 2026-10-06),Warna: Biru,,,32 mm,,,,HDPE,,PN 16,6 m,,
product.0_S_02_007_032050_00,Pipa HDPE PE 100 PN-16 32 mm x 50 Meter,HDPE,PIPA HDPE,2262,Export ERP master_product_updated.xlsx (diunduh 2026-10-06),,,,32 mm,,,,HDPE,,PN 16,50 m,,
product.0_S_02_007_032100_00,Pipa HDPE PE 100 PN-16 32 mm x 100 Meter,HDPE,PIPA HDPE,2263,Export ERP master_product_updated.xlsx (diunduh 2026-10-06),,,,32 mm,,,,HDPE,,PN 16,100 m,,
__export__.product_product_16717,Pipa HDPE PE 100 PN-16 32 mm x 100 Meter (Strip Biru),HDPE,PIPA HDPE,2264,Export ERP master_product_updated.xlsx (diunduh 2026-10-06),Warna: Biru,,,32 mm,,,,HDPE,,PN 16,100 m,,
product.0_S_02_007_032150_00,Pipa HDPE PE 100 PN-16 32 mm x 150 Meter,HDPE,PIPA HDPE,2265,Export ERP master_product_updated.xlsx (diunduh 2026-10-06),,,,32 mm,,,,HDPE,,PN 16,150 m,,
__export__.product_product_16716,Pipa HDPE PE 100 PN-16 32 mm x 150 Meter (Strip Biru),HDPE,PIPA HDPE,2266,Export ERP master_product_updated.xlsx (diunduh 2026-10-06),Warna: Biru,,,32 mm,,,,HDPE,,PN 16,150 m,,
product.0_S_02_007_032200_00,Pipa HDPE PE 100 PN-16 32 mm x 200 Meter,HDPE,PIPA HDPE,2267,Export ERP master_product_updated.xlsx (diunduh 2026-10-06),,,,32 mm,,,,HDPE,,PN 16,200 m,,
product.0_S_02_007_032250_00,Pipa HDPE PE 100 PN-16 32 mm x 250 Meter,HDPE,PIPA HDPE,2268,Export ERP master_product_updated.xlsx (diunduh 2026-10-06),,,,32 mm,,,,HDPE,,PN 16,250 m,,
__export__.product_product_16712,Pipa HDPE PE 100 PN-16 32 mm x 250 Meter (Strip Biru),HDPE,PIPA HDPE,2269,Export ERP master_product_updated.xlsx (diunduh 2026-10-06),Warna: Biru,,,32 mm,,,,HDPE,,PN 16,250 m,,
__export__.product_product_19178,Pipa HDPE PE 100 PN-16 40 mm x 50 Meter (Strip Biru),HDPE,PIPA HDPE,2270,Export ERP master_product_updated.xlsx (diunduh 2026-10-06),Warna: Biru,,,40 mm,,,,HDPE,,PN 16,50 m,,
product.0_S_02_007_040100_00,Pipa HDPE PE 100 PN-16 40 mm x 100 Meter,HDPE,PIPA HDPE,2271,Export ERP master_product_updated.xlsx (diunduh 2026-10-06),,,,40 mm,,,,HDPE,,PN 16,100 m,,
__export__.product_product_17417,Pipa HDPE PE 100 PN-16 40 mm x 100 Meter (Strip Biru),HDPE,PIPA HDPE,2272,Export ERP master_product_updated.xlsx (diunduh 2026-10-06),Warna: Biru,,,40 mm,,,,HDPE,,PN 16,100 m,,
__export__.product_product_13213,Pipa HDPE PE 100 PN-16 50 mm x 6 Meter,HDPE,PIPA HDPE,2273,Export ERP master_product_updated.xlsx (diunduh 2026-10-06),,,,50 mm,,,,HDPE,,PN 16,6 m,,
__export__.product_product_19179,Pipa HDPE PE 100 PN-16 50 mm x 6 Meter (Strip Biru),HDPE,PIPA HDPE,2274,Export ERP master_product_updated.xlsx (diunduh 2026-10-06),Warna: Biru,,,50 mm,,,,HDPE,,PN 16,6 m,,
product.0_S_02_007_050100_00,Pipa HDPE PE 100 PN-16 50 mm x 100 Meter,HDPE,PIPA HDPE,2275,Export ERP master_product_updated.xlsx (diunduh 2026-10-06),,,,50 mm,,,,HDPE,,PN 16,100 m,,
__export__.product_product_17230,Pipa HDPE PE 100 PN-16 50 mm x 100 Meter (Strip Biru),HDPE,PIPA HDPE,2276,Export ERP master_product_updated.xlsx (diunduh 2026-10-06),Warna: Biru,,,50 mm,,,,HDPE,,PN 16,100 m,,
product.0_S_02_007_063006_00,Pipa HDPE PE 100 PN-16 63 mm x 6 Meter,HDPE,PIPA HDPE,2277,Export ERP master_product_updated.xlsx (diunduh 2026-10-06),,,,63 mm,,,,HDPE,,PN 16,6 m,,
__export__.product_product_16707,Pipa HDPE PE 100 PN-16 63 mm x 6 Meter (Strip Biru),HDPE,PIPA HDPE,2278,Export ERP master_product_updated.xlsx (diunduh 2026-10-06),Warna: Biru,,,63 mm,,,,HDPE,,PN 16,6 m,,
__export__.product_product_18718,Pipa HDPE PE 100 PN-16 63 mm x 6 Meter Kuning,HDPE,PIPA HDPE,2279,Export ERP master_product_updated.xlsx (diunduh 2026-10-06),Warna: Kuning,,,63 mm,,,,HDPE,,PN 16,6 m,,
__export__.product_product_17216,Pipa HDPE PE 100 PN-16 63 mm x 12 Meter,HDPE,PIPA HDPE,2280,Export ERP master_product_updated.xlsx (diunduh 2026-10-06),,,,63 mm,,,,HDPE,,PN 16,12 m,,
__export__.product_product_14372,Pipa HDPE PE 100 PN-16 63 mm x 50 Meter,HDPE,PIPA HDPE,2281,Export ERP master_product_updated.xlsx (diunduh 2026-10-06),,,,63 mm,,,,HDPE,,PN 16,50 m,,
__export__.product_product_19180,Pipa HDPE PE 100 PN-16 63 mm x 50 Meter (Strip Biru),HDPE,PIPA HDPE,2282,Export ERP master_product_updated.xlsx (diunduh 2026-10-06),Warna: Biru,,,63 mm,,,,HDPE,,PN 16,50 m,,
product.0_S_02_007_063087_00,Pipa HDPE PE 100 PN-16 63 mm x 87 Meter,HDPE,PIPA HDPE,2283,Export ERP master_product_updated.xlsx (diunduh 2026-10-06),,,,63 mm,,,,HDPE,,PN 16,87 m,,
__export__.product_product_14898,Pipa HDPE PE 100 PN-16 63 mm x 90 Meter,HDPE,PIPA HDPE,2284,Export ERP master_product_updated.xlsx (diunduh 2026-10-06),,,,63 mm,,,,HDPE,,PN 16,90 m,,
product.0_S_02_007_063100_00,Pipa HDPE PE 100 PN-16 63 mm x 100 Meter,HDPE,PIPA HDPE,2285,Export ERP master_product_updated.xlsx (diunduh 2026-10-06),,,,63 mm,,,,HDPE,,PN 16,100 m,,
__export__.product_product_17646,Pipa HDPE PE 100 PN-16 63 mm x 100 Meter (Strip Biru),HDPE,PIPA HDPE,2286,Export ERP master_product_updated.xlsx (diunduh 2026-10-06),Warna: Biru,,,63 mm,,,,HDPE,,PN 16,100 m,,
__export__.product_product_18930,Pipa HDPE PE 100 PN-16 75 mm x 5.8 Meter (Strip Biru),HDPE,PIPA HDPE,2287,Export ERP master_product_updated.xlsx (diunduh 2026-10-06),Warna: Biru,,,75 mm,,,,HDPE,,PN 16,5.8 m,,
__export__.product_product_13465,Pipa HDPE PE 100 PN-16 75 mm x 6 Meter,HDPE,PIPA HDPE,2288,Export ERP master_product_updated.xlsx (diunduh 2026-10-06),,,,75 mm,,,,HDPE,,PN 16,6 m,,
__export__.product_product_16706,Pipa HDPE PE 100 PN-16 75 mm x 6 Meter (Strip Biru),HDPE,PIPA HDPE,2289,Export ERP master_product_updated.xlsx (diunduh 2026-10-06),Warna: Biru,,,75 mm,,,,HDPE,,PN 16,6 m,,
__export__.product_product_14897,Pipa HDPE PE 100 PN-16 75 mm x 20 Meter,HDPE,PIPA HDPE,2290,Export ERP master_product_updated.xlsx (diunduh 2026-10-06),,,,75 mm,,,,HDPE,,PN 16,20 m,,
__export__.product_product_14896,Pipa HDPE PE 100 PN-16 75 mm x 50 Meter,HDPE,PIPA HDPE,2291,Export ERP master_product_updated.xlsx (diunduh 2026-10-06),,,,75 mm,,,,HDPE,,PN 16,50 m,,
__export__.product_product_16395,Pipa HDPE PE 100 PN-16 90 mm x 5.8 Meter,HDPE,PIPA HDPE,2292,Export ERP master_product_updated.xlsx (diunduh 2026-10-06),,,,90 mm,,,,HDPE,,PN 16,5.8 m,,
product.0_S_02_007_090006_00,Pipa HDPE PE 100 PN-16 90 mm x 6 Meter,HDPE,PIPA HDPE,2293,Export ERP master_product_updated.xlsx (diunduh 2026-10-06),,,,90 mm,,,,HDPE,,PN 16,6 m,,
__export__.product_product_16890,Pipa HDPE PE 100 PN-16 90 mm x 6 Meter (Strip Biru),HDPE,PIPA HDPE,2294,Export ERP master_product_updated.xlsx (diunduh 2026-10-06),Warna: Biru,,,90 mm,,,,HDPE,,PN 16,6 m,,
__export__.product_product_17151,Pipa HDPE PE 100 PN-16 90 mm x 33 Meter,HDPE,PIPA HDPE,2295,Export ERP master_product_updated.xlsx (diunduh 2026-10-06),,,,90 mm,,,,HDPE,,PN 16,33 m,,
product.0_S_02_007_090043_00,Pipa HDPE PE 100 PN-16 90 mm x 43 Meter,HDPE,PIPA HDPE,2296,Export ERP master_product_updated.xlsx (diunduh 2026-10-06),,,,90 mm,,,,HDPE,,PN 16,43 m,,
product.0_S_02_007_090050_00,Pipa HDPE PE 100 PN-16 90 mm x 50 Meter,HDPE,PIPA HDPE,2297,Export ERP master_product_updated.xlsx (diunduh 2026-10-06),,,,90 mm,,,,HDPE,,PN 16,50 m,,
__export__.product_product_18036,Pipa HDPE PE 100 PN-16 90 mm x 50 Meter (Strip Biru),HDPE,PIPA HDPE,2298,Export ERP master_product_updated.xlsx (diunduh 2026-10-06),Warna: Biru,,,90 mm,,,,HDPE,,PN 16,50 m,,
__export__.product_product_14975,Pipa HDPE PE 100 PN-16 110 mm x 2 Meter,HDPE,PIPA HDPE,2299,Export ERP master_product_updated.xlsx (diunduh 2026-10-06),,,,110 mm,,,,HDPE,,PN 16,2 m,,
__export__.product_product_16411,Pipa HDPE PE 100 PN-16 110 mm x 5.8 Meter,HDPE,PIPA HDPE,2300,Export ERP master_product_updated.xlsx (diunduh 2026-10-06),,,,110 mm,,,,HDPE,,PN 16,5.8 m,,
__export__.product_product_17749,Pipa HDPE PE 100 PN-16 110 mm x 5.8 Meter (Strip Biru),HDPE,PIPA HDPE,2301,Export ERP master_product_updated.xlsx (diunduh 2026-10-06),Warna: Biru,,,110 mm,,,,HDPE,,PN 16,5.8 m,,
product.0_S_02_007_110006_00,Pipa HDPE PE 100 PN-16 110 mm x 6 Meter,HDPE,PIPA HDPE,2302,Export ERP master_product_updated.xlsx (diunduh 2026-10-06),,,,110 mm,,,,HDPE,,PN 16,6 m,,
__export__.product_product_16708,Pipa HDPE PE 100 PN-16 110 mm x 6 Meter (Strip Biru),HDPE,PIPA HDPE,2303,Export ERP master_product_updated.xlsx (diunduh 2026-10-06),Warna: Biru,,,110 mm,,,,HDPE,,PN 16,6 m,,
__export__.product_product_17869,Pipa HDPE PE 100 PN-16 110 mm x 8 Meter (Strip Biru),HDPE,PIPA HDPE,2304,Export ERP master_product_updated.xlsx (diunduh 2026-10-06),Warna: Biru,,,110 mm,,,,HDPE,,PN 16,8 m,,
__export__.product_product_16080,Pipa HDPE PE 100 PN-16 110 mm x 11.8 Meter,HDPE,PIPA HDPE,2305,Export ERP master_product_updated.xlsx (diunduh 2026-10-06),,,,110 mm,,,,HDPE,,PN 16,11.8 m,,
__export__.product_product_17621,Pipa HDPE PE 100 PN-16 110 mm x 11.8 Meter (Strip Biru),HDPE,PIPA HDPE,2306,Export ERP master_product_updated.xlsx (diunduh 2026-10-06),Warna: Biru,,,110 mm,,,,HDPE,,PN 16,11.8 m,,
__export__.product_product_19181,Pipa HDPE PE 100 PN-16 110 mm x 12 Meter (Strip Biru),HDPE,PIPA HDPE,2307,Export ERP master_product_updated.xlsx (diunduh 2026-10-06),Warna: Biru,,,110 mm,,,,HDPE,,PN 16,12 m,,
product.0_S_02_007_110020_00,Pipa HDPE PE 100 PN-16 110 mm x 20 Meter,HDPE,PIPA HDPE,2308,Export ERP master_product_updated.xlsx (diunduh 2026-10-06),,,,110 mm,,,,HDPE,,PN 16,20 m,,
__export__.product_product_17150,Pipa HDPE PE 100 PN-16 110 mm x 33 Meter,HDPE,PIPA HDPE,2309,Export ERP master_product_updated.xlsx (diunduh 2026-10-06),,,,110 mm,,,,HDPE,,PN 16,33 m,,
__export__.product_product_17214,Pipa HDPE PE 100 PN-16 110 mm x 33 Meter (Strip Biru),HDPE,PIPA HDPE,2310,Export ERP master_product_updated.xlsx (diunduh 2026-10-06),Warna: Biru,,,110 mm,,,,HDPE,,PN 16,33 m,,
product.0_S_02_007_110041_50,Pipa HDPE PE 100 PN-16 110 mm x 41 Meter,HDPE,PIPA HDPE,2311,Export ERP master_product_updated.xlsx (diunduh 2026-10-06),,,,110 mm,,,,HDPE,,PN 16,41 m,,
product.0_S_02_007_110050_00,Pipa HDPE PE 100 PN-16 110 mm x 50 Meter,HDPE,PIPA HDPE,2312,Export ERP master_product_updated.xlsx (diunduh 2026-10-06),,,,110 mm,,,,HDPE,,PN 16,50 m,,
__export__.product_product_18035,Pipa HDPE PE 100 PN-16 110 mm x 50 Meter (Strip Biru),HDPE,PIPA HDPE,2313,Export ERP master_product_updated.xlsx (diunduh 2026-10-06),Warna: Biru,,,110 mm,,,,HDPE,,PN 16,50 m,,
__export__.product_product_18710,Pipa HDPE PE 100 PN-16 125 mm x 6 Meter Kuning,HDPE,PIPA HDPE,2314,Export ERP master_product_updated.xlsx (diunduh 2026-10-06),Warna: Kuning,,,125 mm,,,,HDPE,,PN 16,6 m,,
__export__.product_product_19286,Pipa HDPE PE 100 PN-16 140 mm x 6 Meter (Strip Biru),HDPE,PIPA HDPE,2315,Export ERP master_product_updated.xlsx (diunduh 2026-10-06),Warna: Biru,,,140 mm,,,,HDPE,,PN 16,6 m,,
__export__.product_product_16410,Pipa HDPE PE 100 PN-16 160 mm x 5.8 Meter,HDPE,PIPA HDPE,2316,Export ERP master_product_updated.xlsx (diunduh 2026-10-06),,,,160 mm,,,,HDPE,,PN 16,5.8 m,,
__export__.product_product_16634,Pipa HDPE PE 100 PN-16 160 mm x 5.8 Meter (Strip Biru),HDPE,PIPA HDPE,2317,Export ERP master_product_updated.xlsx (diunduh 2026-10-06),Warna: Biru,,,160 mm,,,,HDPE,,PN 16,5.8 m,,
product.0_S_02_007_160006_00,Pipa HDPE PE 100 PN-16 160 mm x 6 Meter,HDPE,PIPA HDPE,2318,Export ERP master_product_updated.xlsx (diunduh 2026-10-06),,,,160 mm,,,,HDPE,,PN 16,6 m,,
__export__.product_product_16705,Pipa HDPE PE 100 PN-16 160 mm x 6 Meter (Strip Biru),HDPE,PIPA HDPE,2319,Export ERP master_product_updated.xlsx (diunduh 2026-10-06),Warna: Biru,,,160 mm,,,,HDPE,,PN 16,6 m,,
__export__.product_product_17870,Pipa HDPE PE 100 PN-16 160 mm x 8 Meter (Strip Biru),HDPE,PIPA HDPE,2320,Export ERP master_product_updated.xlsx (diunduh 2026-10-06),Warna: Biru,,,160 mm,,,,HDPE,,PN 16,8 m,,
__export__.product_product_16079,Pipa HDPE PE 100 PN-16 160 mm x 11.8 Meter,HDPE,PIPA HDPE,2321,Export ERP master_product_updated.xlsx (diunduh 2026-10-06),,,,160 mm,,,,HDPE,,PN 16,11.8 m,,
__export__.product_product_19414,Pipa HDPE PE 100 PN-16 160 mm x 11.8 Meter (Strip Biru),HDPE,PIPA HDPE,2322,Export ERP master_product_updated.xlsx (diunduh 2026-10-06),Warna: Biru,,,160 mm,,,,HDPE,,PN 16,11.8 m,,
__export__.product_product_19182,Pipa HDPE PE 100 PN-16 160 mm x 12 Meter (Strip Biru),HDPE,PIPA HDPE,2323,Export ERP master_product_updated.xlsx (diunduh 2026-10-06),Warna: Biru,,,160 mm,,,,HDPE,,PN 16,12 m,,
__export__.product_product_18719,Pipa HDPE PE 100 PN-16 180 mm x 6 Meter Kuning,HDPE,PIPA HDPE,2324,Export ERP master_product_updated.xlsx (diunduh 2026-10-06),Warna: Kuning,,,180 mm,,,,HDPE,,PN 16,6 m,,
__export__.product_product_18899,Pipa HDPE PE 100 PN-16 180 mm x 6 Meter Merah,HDPE,PIPA HDPE,2325,Export ERP master_product_updated.xlsx (diunduh 2026-10-06),Warna: Merah,,,180 mm,,,,HDPE,,PN 16,6 m,,
__export__.product_product_19603,Pipa HDPE PE 100 PN-16 180 mm x 12 Meter (Strip Biru),HDPE,PIPA HDPE,2326,Export ERP master_product_updated.xlsx (diunduh 2026-10-06),Warna: Biru,,,180 mm,,,,HDPE,,PN 16,12 m,,
__export__.product_product_18900,Pipa HDPE PE 100 PN-16 180 mm x 12 Meter Merah,HDPE,PIPA HDPE,2327,Export ERP master_product_updated.xlsx (diunduh 2026-10-06),Warna: Merah,,,180 mm,,,,HDPE,,PN 16,12 m,,
__export__.product_product_18514,"Pipa HDPE PE 100 PN-16 200 mm x 5,8 Meter (Strip Biru)",HDPE,PIPA HDPE,2328,Export ERP master_product_updated.xlsx (diunduh 2026-10-06),Warna: Biru,,,200 mm,,,,HDPE,,PN 16,5.8 m,,
__export__.product_product_13371,Pipa HDPE PE 100 PN-16 200 mm x 6 Meter,HDPE,PIPA HDPE,2329,Export ERP master_product_updated.xlsx (diunduh 2026-10-06),,,,200 mm,,,,HDPE,,PN 16,6 m,,
__export__.product_product_16641,Pipa HDPE PE 100 PN-16 200 mm x 6 Meter (Strip Biru),HDPE,PIPA HDPE,2330,Export ERP master_product_updated.xlsx (diunduh 2026-10-06),Warna: Biru,,,200 mm,,,,HDPE,,PN 16,6 m,,
__export__.product_product_17926,Pipa HDPE PE 100 PN-16 200 mm x 12 Meter (Strip Biru),HDPE,PIPA HDPE,2331,Export ERP master_product_updated.xlsx (diunduh 2026-10-06),Warna: Biru,,,200 mm,,,,HDPE,,PN 16,12 m,,
__export__.product_product_13764,Pipa HDPE PE 100 PN-16 225 mm x 6 Meter,HDPE,PIPA HDPE,2332,Export ERP master_product_updated.xlsx (diunduh 2026-10-06),,,,225 mm,,,,HDPE,,PN 16,6 m,,
__export__.product_product_17001,Pipa HDPE PE 100 PN-16 250 mm x 5.8 Meter,HDPE,PIPA HDPE,2333,Export ERP master_product_updated.xlsx (diunduh 2026-10-06),,,,250 mm,,,,HDPE,,PN 16,5.8 m,,
__export__.product_product_17002,Pipa HDPE PE 100 PN-16 250 mm x 5.8 Meter (Strip Biru),HDPE,PIPA HDPE,2334,Export ERP master_product_updated.xlsx (diunduh 2026-10-06),Warna: Biru,,,250 mm,,,,HDPE,,PN 16,5.8 m,,
__export__.product_product_13663,Pipa HDPE PE 100 PN-16 250 mm x 6 Meter,HDPE,PIPA HDPE,2335,Export ERP master_product_updated.xlsx (diunduh 2026-10-06),,,,250 mm,,,,HDPE,,PN 16,6 m,,
__export__.product_product_17669,Pipa HDPE PE 100 PN-16 250 mm x 6 Meter (Strip Biru),HDPE,PIPA HDPE,2336,Export ERP master_product_updated.xlsx (diunduh 2026-10-06),Warna: Biru,,,250 mm,,,,HDPE,,PN 16,6 m,,
__export__.product_product_17748,Pipa HDPE PE 100 PN-16 250 mm x 12 Meter (Strip Biru),HDPE,PIPA HDPE,2337,Export ERP master_product_updated.xlsx (diunduh 2026-10-06),Warna: Biru,,,250 mm,,,,HDPE,,PN 16,12 m,,
__export__.product_product_19620,Pipa HDPE PE 100 PN-16 280 mm x 6 Meter (Strip Biru),HDPE,PIPA HDPE,2338,Export ERP master_product_updated.xlsx (diunduh 2026-10-06),Warna: Biru,,,280 mm,,,,HDPE,,PN 16,6 m,,
__export__.product_product_18516,Pipa HDPE PE 100 PN-16 315 mm x 5.8 Meter (Strip Biru),HDPE,PIPA HDPE,2339,Export ERP master_product_updated.xlsx (diunduh 2026-10-06),Warna: Biru,,,315 mm,,,,HDPE,,PN 16,5.8 m,,
product.0_S_02_007_315006_00,Pipa HDPE PE 100 PN-16 315 mm x 6 Meter,HDPE,PIPA HDPE,2340,Export ERP master_product_updated.xlsx (diunduh 2026-10-06),,,,315 mm,,,,HDPE,,PN 16,6 m,,
__export__.product_product_15933,Pipa HDPE PE 100 PN-16 315 mm x 6 Meter + All Flange,HDPE,PIPA HDPE,2341,Export ERP master_product_updated.xlsx (diunduh 2026-10-06),,,,315 mm,,,,HDPE,,PN 16,6 m,,
__export__.product_product_16718,Pipa HDPE PE 100 PN-16 315 mm x 6 Meter (Strip Biru),HDPE,PIPA HDPE,2342,Export ERP master_product_updated.xlsx (diunduh 2026-10-06),Warna: Biru,,,315 mm,,,,HDPE,,PN 16,6 m,,
__export__.product_product_15931,Pipa HDPE PE 100 PN-16 315 mm x 12 Meter,HDPE,PIPA HDPE,2343,Export ERP master_product_updated.xlsx (diunduh 2026-10-06),,,,315 mm,,,,HDPE,,PN 16,12 m,,
__export__.product_product_15932,Pipa HDPE PE 100 PN-16 315 mm x 12 Meter + All Flange,HDPE,PIPA HDPE,2344,Export ERP master_product_updated.xlsx (diunduh 2026-10-06),,,,315 mm,,,,HDPE,,PN 16,12 m,,
__export__.product_product_18912,Pipa HDPE PE 100 PN-16 315 mm x 12 Meter (Strip Biru),HDPE,PIPA HDPE,2345,Export ERP master_product_updated.xlsx (diunduh 2026-10-06),Warna: Biru,,,315 mm,,,,HDPE,,PN 16,12 m,,
__export__.product_product_18176,Pipa HDPE PE 100 PN-16 355 mm x 5.8 Meter (Strip Biru),HDPE,PIPA HDPE,2346,Export ERP master_product_updated.xlsx (diunduh 2026-10-06),Warna: Biru,,,355 mm,,,,HDPE,,PN 16,5.8 m,,
__export__.product_product_13547,Pipa HDPE PE 100 PN-16 355 mm x 6 Meter,HDPE,PIPA HDPE,2347,Export ERP master_product_updated.xlsx (diunduh 2026-10-06),,,,355 mm,,,,HDPE,,PN 16,6 m,,
__export__.product_product_17322,Pipa HDPE PE 100 PN-16 355 mm x 6 Meter (Strip Biru),HDPE,PIPA HDPE,2348,Export ERP master_product_updated.xlsx (diunduh 2026-10-06),Warna: Biru,,,355 mm,,,,HDPE,,PN 16,6 m,,
__export__.product_product_17321,Pipa HDPE PE 100 PN-16 355 mm x 9 Meter (Strip Biru),HDPE,PIPA HDPE,2349,Export ERP master_product_updated.xlsx (diunduh 2026-10-06),Warna: Biru,,,355 mm,,,,HDPE,,PN 16,9 m,,
__export__.product_product_18332,"Pipa HDPE PE 100 PN-16 355 mm x 11,8 Meter (Strip Biru)",HDPE,PIPA HDPE,2350,Export ERP master_product_updated.xlsx (diunduh 2026-10-06),Warna: Biru,,,355 mm,,,,HDPE,,PN 16,11.8 m,,
__export__.product_product_18333,"Pipa HDPE PE 100 PN-16 355 mm x 11,8 Meter (Strip Biru) Single Flange",HDPE,PIPA HDPE,2351,Export ERP master_product_updated.xlsx (diunduh 2026-10-06),Warna: Biru,,,355 mm,,,,HDPE,,PN 16,11.8 m,,
__export__.product_product_13763,Pipa HDPE PE 100 PN-16 355 mm x 12 Meter,HDPE,PIPA HDPE,2352,Export ERP master_product_updated.xlsx (diunduh 2026-10-06),,,,355 mm,,,,HDPE,,PN 16,12 m,,
__export__.product_product_18095,Pipa HDPE PE 100 PN-16 355 mm x 12 Meter (Strip Biru),HDPE,PIPA HDPE,2353,Export ERP master_product_updated.xlsx (diunduh 2026-10-06),Warna: Biru,,,355 mm,,,,HDPE,,PN 16,12 m,,
__export__.product_product_18083,Pipa HDPE PE 100 PN-16 400 mm x 5.8 Meter (Strip Biru),HDPE,PIPA HDPE,2354,Export ERP master_product_updated.xlsx (diunduh 2026-10-06),Warna: Biru,,,400 mm,,,,HDPE,,PN 16,5.8 m,,
__export__.product_product_13628,Pipa HDPE PE 100 PN-16 400 mm x 6 Meter,HDPE,PIPA HDPE,2355,Export ERP master_product_updated.xlsx (diunduh 2026-10-06),,,,400 mm,,,,HDPE,,PN 16,6 m,,
__export__.product_product_17668,Pipa HDPE PE 100 PN-16 400 mm x 6 Meter (Strip Biru),HDPE,PIPA HDPE,2356,Export ERP master_product_updated.xlsx (diunduh 2026-10-06),Warna: Biru,,,400 mm,,,,HDPE,,PN 16,6 m,,
__export__.product_product_18360,Pipa HDPE PE 100 PN-16 400 mm x 12 Meter (Strip Biru),HDPE,PIPA HDPE,2357,Export ERP master_product_updated.xlsx (diunduh 2026-10-06),Warna: Biru,,,400 mm,,,,HDPE,,PN 16,12 m,,
__export__.product_product_15835,Pipa HDPE PE 100 PN-16 450 mm x 6 Meter,HDPE,PIPA HDPE,2358,Export ERP master_product_updated.xlsx (diunduh 2026-10-06),,,,450 mm,,,,HDPE,,PN 16,6 m,,
__export__.product_product_17767,Pipa HDPE PE 100 PN-16 450 mm x 6 Meter (Strip Biru),HDPE,PIPA HDPE,2359,Export ERP master_product_updated.xlsx (diunduh 2026-10-06),Warna: Biru,,,450 mm,,,,HDPE,,PN 16,6 m,,
__export__.product_product_18093,Pipa HDPE PE 100 PN-16 500 mm x 5.8 Meter (Strip Biru),HDPE,PIPA HDPE,2360,Export ERP master_product_updated.xlsx (diunduh 2026-10-06),Warna: Biru,,,500 mm,,,,HDPE,,PN 16,5.8 m,,
__export__.product_product_13765,Pipa HDPE PE 100 PN-16 500 mm x 6 Meter,HDPE,PIPA HDPE,2361,Export ERP master_product_updated.xlsx (diunduh 2026-10-06),,,,500 mm,,,,HDPE,,PN 16,6 m,,
__export__.product_product_17543,Pipa HDPE PE 100 PN-16 500 mm x 6 Meter (Strip Biru),HDPE,PIPA HDPE,2362,Export ERP master_product_updated.xlsx (diunduh 2026-10-06),Warna: Biru,,,500 mm,,,,HDPE,,PN 16,6 m,,
__export__.product_product_18094,Pipa HDPE PE 100 PN-16 500 mm x 11.8 Meter (Strip Biru),HDPE,PIPA HDPE,2363,Export ERP master_product_updated.xlsx (diunduh 2026-10-06),Warna: Biru,,,500 mm,,,,HDPE,,PN 16,11.8 m,,
__export__.product_product_17685,Pipa HDPE PE 100 PN-16 560 mm x 6 Meter (Strip Biru),HDPE,PIPA HDPE,2364,Export ERP master_product_updated.xlsx (diunduh 2026-10-06),Warna: Biru,,,560 mm,,,,HDPE,,PN 16,6 m,,
__export__.product_product_19483,Pipa HDPE PE 100 PN-16 630 mm x 5.8 Meter (Strip Biru),HDPE,PIPA HDPE,2365,Export ERP master_product_updated.xlsx (diunduh 2026-10-06),Warna: Biru,,,630 mm,,,,HDPE,,PN 16,5.8 m,,
__export__.product_product_15131,Pipa HDPE PE 100 PN-16 630 mm x 6 Meter,HDPE,PIPA HDPE,2366,Export ERP master_product_updated.xlsx (diunduh 2026-10-06),,,,630 mm,,,,HDPE,,PN 16,6 m,,
__export__.product_product_18041,Pipa HDPE PE 100 PN-16 630 mm x 6 Meter (Strip Biru),HDPE,PIPA HDPE,2367,Export ERP master_product_updated.xlsx (diunduh 2026-10-06),Warna: Biru,,,630 mm,,,,HDPE,,PN 16,6 m,,
__export__.product_product_18328,Pipa HDPE PE 100 PN-16 630 mm x 11.8 Meter (Strip Biru),HDPE,PIPA HDPE,2368,Export ERP master_product_updated.xlsx (diunduh 2026-10-06),Warna: Biru,,,630 mm,,,,HDPE,,PN 16,11.8 m,,
__export__.product_product_18227,Pipa HDPE PE 100 PN-16 630 mm x 12.2 Meter (Strip Biru),HDPE,PIPA HDPE,2369,Export ERP master_product_updated.xlsx (diunduh 2026-10-06),Warna: Biru,,,630 mm,,,,HDPE,,PN 16,12.2 m,,
__export__.product_product_18321,Pipa HDPE PE 100 PN-16 630 mm x 12 Meter (Strip Biru),HDPE,PIPA HDPE,2370,Export ERP master_product_updated.xlsx (diunduh 2026-10-06),Warna: Biru,,,630 mm,,,,HDPE,,PN 16,12 m,,
__export__.product_product_13629,Pipa HDPE PE 100 PN-16 710 mm x 6 Meter,HDPE,PIPA HDPE,2371,Export ERP master_product_updated.xlsx (diunduh 2026-10-06),,,,710 mm,,,,HDPE,,PN 16,6 m,,
__export__.product_product_18042,Pipa HDPE PE 100 PN-16 710 mm x 6 Meter (Strip Biru),HDPE,PIPA HDPE,2372,Export ERP master_product_updated.xlsx (diunduh 2026-10-06),Warna: Biru,,,710 mm,,,,HDPE,,PN 16,6 m,,
__export__.product_product_16133,Pipa HDPE PE 100 PN-16 800 mm x 6 Meter,HDPE,PIPA HDPE,2373,Export ERP master_product_updated.xlsx (diunduh 2026-10-06),,,,800 mm,,,,HDPE,,PN 16,6 m,,
__export__.product_product_17188,Pipa HDPE PE 100 PN-16 800 mm x 6 Meter (Strip Biru),HDPE,PIPA HDPE,2374,Export ERP master_product_updated.xlsx (diunduh 2026-10-06),Warna: Biru,,,800 mm,,,,HDPE,,PN 16,6 m,,
__export__.product_product_17387,Pipa HDPE PE 100 PN-16 800 mm x 12 Meter (Strip Biru),HDPE,PIPA HDPE,2375,Export ERP master_product_updated.xlsx (diunduh 2026-10-06),Warna: Biru,,,800 mm,,,,HDPE,,PN 16,12 m,,
product.0_S_02_008_050100_00,Pipa HDPE PE 100 PN-6 50 mm x 6 meter,HDPE,PIPA HDPE,2376,Export ERP master_product_updated.xlsx (diunduh 2026-10-06),,,,50 mm,,,,HDPE,,PN 6,6 m,,
__export__.product_product_11269,Pipa HDPE PE 100 PN-6 50 mm x 100 meter,HDPE,PIPA HDPE,2377,Export ERP master_product_updated.xlsx (diunduh 2026-10-06),,,,50 mm,,,,HDPE,,PN 6,100 m,,
__export__.product_product_16127,Pipa HDPE PE 100 PN-6 63 mm x 5.8 meter,HDPE,PIPA HDPE,2378,Export ERP master_product_updated.xlsx (diunduh 2026-10-06),,,,63 mm,,,,HDPE,,PN 6,5.8 m,,
product.0_S_02_008_063006_00,Pipa HDPE PE 100 PN-6 63 mm x 6 meter,HDPE,PIPA HDPE,2379,Export ERP master_product_updated.xlsx (diunduh 2026-10-06),,,,63 mm,,,,HDPE,,PN 6,6 m,,
__export__.product_product_19145,Pipa HDPE PE 100 PN-6 63 mm x 6 meter (Strip Biru),HDPE,PIPA HDPE,2380,Export ERP master_product_updated.xlsx (diunduh 2026-10-06),Warna: Biru,,,63 mm,,,,HDPE,,PN 6,6 m,,
__export__.product_product_16066,Pipa HDPE PE 100 PN-6 63 mm x 12 meter,HDPE,PIPA HDPE,2381,Export ERP master_product_updated.xlsx (diunduh 2026-10-06),,,,63 mm,,,,HDPE,,PN 6,12 m,,
__export__.product_product_16126,Pipa HDPE PE 100 PN-6 75 mm x 5.8 meter,HDPE,PIPA HDPE,2382,Export ERP master_product_updated.xlsx (diunduh 2026-10-06),,,,75 mm,,,,HDPE,,PN 6,5.8 m,,
__export__.product_product_15833,Pipa HDPE PE 100 PN-6 75 mm x 6 meter,HDPE,PIPA HDPE,2383,Export ERP master_product_updated.xlsx (diunduh 2026-10-06),,,,75 mm,,,,HDPE,,PN 6,6 m,,
__export__.product_product_16781,Pipa HDPE PE 100 PN-6 75 mm x 6 meter (Strip Biru),HDPE,PIPA HDPE,2384,Export ERP master_product_updated.xlsx (diunduh 2026-10-06),Warna: Biru,,,75 mm,,,,HDPE,,PN 6,6 m,,
__export__.product_product_15787,Pipa HDPE PE 100 PN-6 90 mm x 5.8 meter,HDPE,PIPA HDPE,2385,Export ERP master_product_updated.xlsx (diunduh 2026-10-06),,,,90 mm,,,,HDPE,,PN 6,5.8 m,,
__export__.product_product_13212,Pipa HDPE PE 100 PN-6 90 mm x 6 meter,HDPE,PIPA HDPE,2386,Export ERP master_product_updated.xlsx (diunduh 2026-10-06),,,,90 mm,,,,HDPE,,PN 6,6 m,,
__export__.product_product_16782,Pipa HDPE PE 100 PN-6 90 mm x 6 meter (Strip Biru),HDPE,PIPA HDPE,2387,Export ERP master_product_updated.xlsx (diunduh 2026-10-06),Warna: Biru,,,90 mm,,,,HDPE,,PN 6,6 m,,
__export__.product_product_15788,Pipa HDPE PE 100 PN-6 110 mm x 5.8 meter,HDPE,PIPA HDPE,2388,Export ERP master_product_updated.xlsx (diunduh 2026-10-06),,,,110 mm,,,,HDPE,,PN 6,5.8 m,,
product.0_S_02_008_110006_00,Pipa HDPE PE 100 PN-6 110 mm x 6 meter,HDPE,PIPA HDPE,2389,Export ERP master_product_updated.xlsx (diunduh 2026-10-06),,,,110 mm,,,,HDPE,,PN 6,6 m,,
__export__.product_product_15522,Pipa HDPE PE 100 (Perforated) PN-6 110 mm x 6 Meter,HDPE,PIPA HDPE,2390,Export ERP master_product_updated.xlsx (diunduh 2026-10-06),,,,110 mm,,,,HDPE,,PN 6,6 m,,
__export__.product_product_16783,Pipa HDPE PE 100 PN-6 110 mm x 6 meter (Strip Biru),HDPE,PIPA HDPE,2391,Export ERP master_product_updated.xlsx (diunduh 2026-10-06),Warna: Biru,,,110 mm,,,,HDPE,,PN 6,6 m,,
__export__.product_product_15772,Pipa HDPE PE 100 PN-6 110 mm x 6.45 meter,HDPE,PIPA HDPE,2392,Export ERP master_product_updated.xlsx (diunduh 2026-10-06),,,,110 mm,,,,HDPE,,PN 6,6.45 m,,
__export__.product_product_16064,Pipa HDPE PE 100 PN-6 110 mm x 6.75 meter,HDPE,PIPA HDPE,2393,Export ERP master_product_updated.xlsx (diunduh 2026-10-06),,,,110 mm,,,,HDPE,,PN 6,6.75 m,,
__export__.product_product_16067,Pipa HDPE PE 100 PN-6 110 mm x 12 meter,HDPE,PIPA HDPE,2394,Export ERP master_product_updated.xlsx (diunduh 2026-10-06),,,,110 mm,,,,HDPE,,PN 6,12 m,,
__export__.product_product_14536,Pipa HDPE PE 100 PN-6 125 mm x 5.8 meter,HDPE,PIPA HDPE,2395,Export ERP master_product_updated.xlsx (diunduh 2026-10-06),,,,125 mm,,,,HDPE,,PN 6,5.8 m,,
__export__.product_product_18300,Pipa HDPE PE 100 PN-6 125 mm x 5.8 meter (Strip Biru),HDPE,PIPA HDPE,2396,Export ERP master_product_updated.xlsx (diunduh 2026-10-06),Warna: Biru,,,125 mm,,,,HDPE,,PN 6,5.8 m,,
product.0_S_02_008_125006_00,Pipa HDPE PE 100 PN-6 125 mm x 6 meter,HDPE,PIPA HDPE,2397,Export ERP master_product_updated.xlsx (diunduh 2026-10-06),,,,125 mm,,,,HDPE,,PN 6,6 m,,
__export__.product_product_17653,Pipa HDPE PE 100 PN-6 125 mm x 6 meter (Strip Biru),HDPE,PIPA HDPE,2398,Export ERP master_product_updated.xlsx (diunduh 2026-10-06),Warna: Biru,,,125 mm,,,,HDPE,,PN 6,6 m,,
__export__.product_product_14537,Pipa HDPE PE 100 PN-6 140 mm x 5.8 meter,HDPE,PIPA HDPE,2399,Export ERP master_product_updated.xlsx (diunduh 2026-10-06),,,,140 mm,,,,HDPE,,PN 6,5.8 m,,
__export__.product_product_16449,Pipa HDPE PE 100 PN-6 140 mm x 6 meter,HDPE,PIPA HDPE,2400,Export ERP master_product_updated.xlsx (diunduh 2026-10-06),,,,140 mm,,,,HDPE,,PN 6,6 m,,
__export__.product_product_15244,Pipa HDPE PE 100 PN-6 160 mm x 5.8 meter,HDPE,PIPA HDPE,2401,Export ERP master_product_updated.xlsx (diunduh 2026-10-06),,,,160 mm,,,,HDPE,,PN 6,5.8 m,,
product.0_S_02_008_160006_00,Pipa HDPE PE 100 PN-6 160 mm x 6 meter,HDPE,PIPA HDPE,2402,Export ERP master_product_updated.xlsx (diunduh 2026-10-06),,,,160 mm,,,,HDPE,,PN 6,6 m,,
__export__.product_product_15519,Pipa HDPE PE 100 (Perforated) PN-6 160 mm x 6 Meter,HDPE,PIPA HDPE,2403,Export ERP master_product_updated.xlsx (diunduh 2026-10-06),,,,160 mm,,,,HDPE,,PN 6,6 m,,
__export__.product_product_18185,Pipa HDPE PE 100 PN-6 160 mm x 6 meter (Strip Biru),HDPE,PIPA HDPE,2404,Export ERP master_product_updated.xlsx (diunduh 2026-10-06),Warna: Biru,,,160 mm,,,,HDPE,,PN 6,6 m,,
__export__.product_product_18906,Pipa HDPE PE 100 PN-6 180 mm x 6 meter (Strip Biru),HDPE,PIPA HDPE,2405,Export ERP master_product_updated.xlsx (diunduh 2026-10-06),Warna: Biru,,,180 mm,,,,HDPE,,PN 6,6 m,,
__export__.product_product_19634,Pipa HDPE PE 100 PN-6 200 mm x 5.8 meter (Strip Biru),HDPE,PIPA HDPE,2406,Export ERP master_product_updated.xlsx (diunduh 2026-10-06),Warna: Biru,,,200 mm,,,,HDPE,,PN 6,5.8 m,,
product.0_S_02_008_200006_00,Pipa HDPE PE 100 PN-6 200 mm x 6 meter,HDPE,PIPA HDPE,2407,Export ERP master_product_updated.xlsx (diunduh 2026-10-06),,,,200 mm,,,,HDPE,,PN 6,6 m,,
__export__.product_product_15520,Pipa HDPE PE 100 (Perforated) PN-6 200mm x 6 Meter,HDPE,PIPA HDPE,2408,Export ERP master_product_updated.xlsx (diunduh 2026-10-06),,,,200 mm,,,,HDPE,,PN 6,6 m,,
__export__.product_product_17472,Pipa HDPE PE 100 PN-6 200 mm x 6 meter (Strip Biru),HDPE,PIPA HDPE,2409,Export ERP master_product_updated.xlsx (diunduh 2026-10-06),Warna: Biru,,,200 mm,,,,HDPE,,PN 6,6 m,,
__export__.product_product_19640,Pipa HDPE PE 100 PN-6 200 mm x 11.8 meter (Strip Biru),HDPE,PIPA HDPE,2410,Export ERP master_product_updated.xlsx (diunduh 2026-10-06),Warna: Biru,,,200 mm,,,,HDPE,,PN 6,11.8 m,,
__export__.product_product_19718,Pipa HDPE PE 100 PN-6 200 mm x 12 meter (Strip Biru),HDPE,PIPA HDPE,2411,Export ERP master_product_updated.xlsx (diunduh 2026-10-06),Warna: Biru,,,200 mm,,,,HDPE,,PN 6,12 m,,
__export__.product_product_17165,Pipa HDPE PE 100 PN-6 225 mm x 3 meter,HDPE,PIPA HDPE,2412,Export ERP master_product_updated.xlsx (diunduh 2026-10-06),,,,225 mm,,,,HDPE,,PN 6,3 m,,
__export__.product_product_18117,Pipa HDPE PE 100 PN-6 225 mm x 6 meter,HDPE,PIPA HDPE,2413,Export ERP master_product_updated.xlsx (diunduh 2026-10-06),,,,225 mm,,,,HDPE,,PN 6,6 m,,
__export__.product_product_18118,Pipa HDPE PE 100 PN-6 225 mm x 6 meter (Strip Biru),HDPE,PIPA HDPE,2414,Export ERP master_product_updated.xlsx (diunduh 2026-10-06),Warna: Biru,,,225 mm,,,,HDPE,,PN 6,6 m,,
__export__.product_product_19635,Pipa HDPE PE 100 PN-6 250 mm x 5.8 meter (Strip Biru),HDPE,PIPA HDPE,2415,Export ERP master_product_updated.xlsx (diunduh 2026-10-06),Warna: Biru,,,250 mm,,,,HDPE,,PN 6,5.8 m,,
product.0_S_02_008_250006_00,Pipa HDPE PE 100 PN-6 250 mm x 6 meter,HDPE,PIPA HDPE,2416,Export ERP master_product_updated.xlsx (diunduh 2026-10-06),,,,250 mm,,,,HDPE,,PN 6,6 m,,
__export__.product_product_18487,Pipa HDPE PE 100 PN-6 250 mm x 6 meter (Strip Biru),HDPE,PIPA HDPE,2417,Export ERP master_product_updated.xlsx (diunduh 2026-10-06),Warna: Biru,,,250 mm,,,,HDPE,,PN 6,6 m,,
__export__.product_product_19641,Pipa HDPE PE 100 PN-6 250 mm x 11.8 meter (Strip Biru),HDPE,PIPA HDPE,2418,Export ERP master_product_updated.xlsx (diunduh 2026-10-06),Warna: Biru,,,250 mm,,,,HDPE,,PN 6,11.8 m,,
__export__.product_product_16069,Pipa HDPE PE 100 PN-6 250 mm x 12 meter,HDPE,PIPA HDPE,2419,Export ERP master_product_updated.xlsx (diunduh 2026-10-06),,,,250 mm,,,,HDPE,,PN 6,12 m,,
__export__.product_product_18726,Pipa HDPE PE 100 PN-6 250 mm x 12 meter (Strip Biru),HDPE,PIPA HDPE,2420,Export ERP master_product_updated.xlsx (diunduh 2026-10-06),Warna: Biru,,,250 mm,,,,HDPE,,PN 6,12 m,,
__export__.product_product_17166,Pipa HDPE PE 100 PN-6 280 mm x 3 meter,HDPE,PIPA HDPE,2421,Export ERP master_product_updated.xlsx (diunduh 2026-10-06),,,,280 mm,,,,HDPE,,PN 6,3 m,,
__export__.product_product_18198,Pipa HDPE PE 100 PN-6 280 mm x 6 meter (Strip Biru),HDPE,PIPA HDPE,2422,Export ERP master_product_updated.xlsx (diunduh 2026-10-06),Warna: Biru,,,280 mm,,,,HDPE,,PN 6,6 m,,
__export__.product_product_17233,Pipa HDPE PE 100 PN-6 315 mm x 5.8 meter,HDPE,PIPA HDPE,2423,Export ERP master_product_updated.xlsx (diunduh 2026-10-06),,,,315 mm,,,,HDPE,,PN 6,5.8 m,,
__export__.product_product_19636,Pipa HDPE PE 100 PN-6 315 mm x 5.8 meter (Strip Biru),HDPE,PIPA HDPE,2424,Export ERP master_product_updated.xlsx (diunduh 2026-10-06),Warna: Biru,,,315 mm,,,,HDPE,,PN 6,5.8 m,,
product.0_S_02_008_315006_00,Pipa HDPE PE 100 PN-6 315 mm x 6 meter,HDPE,PIPA HDPE,2425,Export ERP master_product_updated.xlsx (diunduh 2026-10-06),,,,315 mm,,,,HDPE,,PN 6,6 m,,
__export__.product_product_15521,Pipa HDPE PE 100 (Perforated) PN-6 315 mm x 6 Meter,HDPE,PIPA HDPE,2426,Export ERP master_product_updated.xlsx (diunduh 2026-10-06),,,,315 mm,,,,HDPE,,PN 6,6 m,,
__export__.product_product_17997,Pipa HDPE PE 100 PN-6 315 mm x 6 meter (Strip Biru),HDPE,PIPA HDPE,2427,Export ERP master_product_updated.xlsx (diunduh 2026-10-06),Warna: Biru,,,315 mm,,,,HDPE,,PN 6,6 m,,
__export__.product_product_19660,Pipa HDPE PE 100 PN-6 315 mm x 11.8 meter (Strip Biru),HDPE,PIPA HDPE,2428,Export ERP master_product_updated.xlsx (diunduh 2026-10-06),Warna: Biru,,,315 mm,,,,HDPE,,PN 6,11.8 m,,
__export__.product_product_16070,Pipa HDPE PE 100 PN-6 315 mm x 12 meter,HDPE,PIPA HDPE,2429,Export ERP master_product_updated.xlsx (diunduh 2026-10-06),,,,315 mm,,,,HDPE,,PN 6,12 m,,
__export__.product_product_19725,Pipa HDPE PE 100 PN-6 315 mm x 12 meter (Strip Biru),HDPE,PIPA HDPE,2430,Export ERP master_product_updated.xlsx (diunduh 2026-10-06),Warna: Biru,,,315 mm,,,,HDPE,,PN 6,12 m,,
__export__.product_product_19639,Pipa HDPE PE 100 PN-6 355 mm x 5.8 meter (Strip Biru),HDPE,PIPA HDPE,2431,Export ERP master_product_updated.xlsx (diunduh 2026-10-06),Warna: Biru,,,355 mm,,,,HDPE,,PN 6,5.8 m,,
product.0_S_02_008_355006_00,Pipa HDPE PE 100 PN-6 355 mm x 6 meter,HDPE,PIPA HDPE,2432,Export ERP master_product_updated.xlsx (diunduh 2026-10-06),,,,355 mm,,,,HDPE,,PN 6,6 m,,
__export__.product_product_19038,Pipa HDPE PE 100 PN-6 355 mm x 6 meter (Strip Biru),HDPE,PIPA HDPE,2433,Export ERP master_product_updated.xlsx (diunduh 2026-10-06),Warna: Biru,,,355 mm,,,,HDPE,,PN 6,6 m,,
__export__.product_product_19642,Pipa HDPE PE 100 PN-6 355 mm x 11.8 meter (Strip Biru),HDPE,PIPA HDPE,2434,Export ERP master_product_updated.xlsx (diunduh 2026-10-06),Warna: Biru,,,355 mm,,,,HDPE,,PN 6,11.8 m,,
__export__.product_product_16071,Pipa HDPE PE 100 PN-6 355 mm x 12 meter,HDPE,PIPA HDPE,2435,Export ERP master_product_updated.xlsx (diunduh 2026-10-06),,,,355 mm,,,,HDPE,,PN 6,12 m,,
__export__.product_product_19721,Pipa HDPE PE 100 PN-6 355 mm x 12 meter (Strip Biru),HDPE,PIPA HDPE,2436,Export ERP master_product_updated.xlsx (diunduh 2026-10-06),Warna: Biru,,,355 mm,,,,HDPE,,PN 6,12 m,,
__export__.product_product_18082,Pipa HDPE PE 100 PN-6 400 mm x 5.8 meter (Strip Biru),HDPE,PIPA HDPE,2437,Export ERP master_product_updated.xlsx (diunduh 2026-10-06),Warna: Biru,,,400 mm,,,,HDPE,,PN 6,5.8 m,,
product.0_S_02_008_400006_00,Pipa HDPE PE 100 PN-6 400 mm x 6 meter,HDPE,PIPA HDPE,2438,Export ERP master_product_updated.xlsx (diunduh 2026-10-06),,,,400 mm,,,,HDPE,,PN 6,6 m,,
__export__.product_product_18026,Pipa HDPE PE 100 PN-6 400 mm x 6 meter (Strip Biru),HDPE,PIPA HDPE,2439,Export ERP master_product_updated.xlsx (diunduh 2026-10-06),Warna: Biru,,,400 mm,,,,HDPE,,PN 6,6 m,,
__export__.product_product_19643,Pipa HDPE PE 100 PN-6 400 mm x 11.8 meter (Strip Biru),HDPE,PIPA HDPE,2440,Export ERP master_product_updated.xlsx (diunduh 2026-10-06),Warna: Biru,,,400 mm,,,,HDPE,,PN 6,11.8 m,,
__export__.product_product_17632,Pipa HDPE PE 100 PN-6 400 mm x 12 meter (Strip Biru),HDPE,PIPA HDPE,2441,Export ERP master_product_updated.xlsx (diunduh 2026-10-06),Warna: Biru,,,400 mm,,,,HDPE,,PN 6,12 m,,
__export__.product_product_19039,Pipa HDPE PE 100 PN-6 450 mm x 6 meter (Strip Biru),HDPE,PIPA HDPE,2442,Export ERP master_product_updated.xlsx (diunduh 2026-10-06),Warna: Biru,,,450 mm,,,,HDPE,,PN 6,6 m,,
__export__.product_product_17167,Pipa HDPE PE 100 PN-6 450 mm x 3 meter,HDPE,PIPA HDPE,2443,Export ERP master_product_updated.xlsx (diunduh 2026-10-06),,,,450 mm,,,,HDPE,,PN 6,3 m,,
__export__.product_product_19637,Pipa HDPE PE 100 PN-6 450 mm x 5.8 meter (Strip Biru),HDPE,PIPA HDPE,2444,Export ERP master_product_updated.xlsx (diunduh 2026-10-06),Warna: Biru,,,450 mm,,,,HDPE,,PN 6,5.8 m,,
__export__.product_product_17674,Pipa HDPE PE 100 PN-6 450 mm x 11.5 meter,HDPE,PIPA HDPE,2445,Export ERP master_product_updated.xlsx (diunduh 2026-10-06),,,,450 mm,,,,HDPE,,PN 6,11.5 m,,
__export__.product_product_17675,Pipa HDPE PE 100 PN-6 450 mm x 11.5 meter (Strip Biru),HDPE,PIPA HDPE,2446,Export ERP master_product_updated.xlsx (diunduh 2026-10-06),Warna: Biru,,,450 mm,,,,HDPE,,PN 6,11.5 m,,
__export__.product_product_19644,Pipa HDPE PE 100 PN-6 450 mm x 11.8 meter (Strip Biru),HDPE,PIPA HDPE,2447,Export ERP master_product_updated.xlsx (diunduh 2026-10-06),Warna: Biru,,,450 mm,,,,HDPE,,PN 6,11.8 m,,
__export__.product_product_19719,Pipa HDPE PE 100 PN-6 450 mm x 12 meter (Strip Biru),HDPE,PIPA HDPE,2448,Export ERP master_product_updated.xlsx (diunduh 2026-10-06),Warna: Biru,,,450 mm,,,,HDPE,,PN 6,12 m,,
__export__.product_product_19638,Pipa HDPE PE 100 PN-6 500 mm x 5.8 meter (Strip Biru),HDPE,PIPA HDPE,2449,Export ERP master_product_updated.xlsx (diunduh 2026-10-06),Warna: Biru,,,500 mm,,,,HDPE,,PN 6,5.8 m,,
__export__.product_product_14780,Pipa HDPE PE 100 PN-6 500 mm x 6 meter,HDPE,PIPA HDPE,2450,Export ERP master_product_updated.xlsx (diunduh 2026-10-06),,,,500 mm,,,,HDPE,,PN 6,6 m,,
__export__.product_product_18313,Pipa HDPE PE 100 PN-6 500 mm x 6 meter (Strip Biru),HDPE,PIPA HDPE,2451,Export ERP master_product_updated.xlsx (diunduh 2026-10-06),Warna: Biru,,,500 mm,,,,HDPE,,PN 6,6 m,,
__export__.product_product_19645,Pipa HDPE PE 100 PN-6 500 mm x 11.8 meter (Strip Biru),HDPE,PIPA HDPE,2452,Export ERP master_product_updated.xlsx (diunduh 2026-10-06),Warna: Biru,,,500 mm,,,,HDPE,,PN 6,11.8 m,,
__export__.product_product_19720,Pipa HDPE PE 100 PN-6 500 mm x 12 meter (Strip Biru),HDPE,PIPA HDPE,2453,Export ERP master_product_updated.xlsx (diunduh 2026-10-06),Warna: Biru,,,500 mm,,,,HDPE,,PN 6,12 m,,
__export__.product_product_17232,Pipa HDPE PE 100 PN-6 560 mm x 5.8 meter,HDPE,PIPA HDPE,2454,Export ERP master_product_updated.xlsx (diunduh 2026-10-06),,,,560 mm,,,,HDPE,,PN 6,5.8 m,,
__export__.product_product_17231,Pipa HDPE PE 100 PN-6 560 mm x 6 meter,HDPE,PIPA HDPE,2455,Export ERP master_product_updated.xlsx (diunduh 2026-10-06),,,,560 mm,,,,HDPE,,PN 6,6 m,,
__export__.product_product_18096,Pipa HDPE PE 100 PN-6 560 mm x 6 meter (Strip Biru),HDPE,PIPA HDPE,2456,Export ERP master_product_updated.xlsx (diunduh 2026-10-06),Warna: Biru,,,560 mm,,,,HDPE,,PN 6,6 m,,
__export__.product_product_17676,Pipa HDPE PE 100 PN-6 560 mm x 11.5 meter,HDPE,PIPA HDPE,2457,Export ERP master_product_updated.xlsx (diunduh 2026-10-06),,,,560 mm,,,,HDPE,,PN 6,11.5 m,,
__export__.product_product_17677,Pipa HDPE PE 100 PN-6 560 mm x 11.5 meter (Strip Biru),HDPE,PIPA HDPE,2458,Export ERP master_product_updated.xlsx (diunduh 2026-10-06),Warna: Biru,,,560 mm,,,,HDPE,,PN 6,11.5 m,,
__export__.product_product_15274,Pipa HDPE PE 100 PN-6 630 mm x 6 meter,HDPE,PIPA HDPE,2459,Export ERP master_product_updated.xlsx (diunduh 2026-10-06),,,,630 mm,,,,HDPE,,PN 6,6 m,,
__export__.product_product_17537,Pipa HDPE PE 100 PN-6 630 mm x 6 meter (Strip Biru),HDPE,PIPA HDPE,2460,Export ERP master_product_updated.xlsx (diunduh 2026-10-06),Warna: Biru,,,630 mm,,,,HDPE,,PN 6,6 m,,
__export__.product_product_18882,Pipa HDPE PE 100 PN-6 630 mm x 5.8 meter (Strip Biru),HDPE,PIPA HDPE,2461,Export ERP master_product_updated.xlsx (diunduh 2026-10-06),Warna: Biru,,,630 mm,,,,HDPE,,PN 6,5.8 m,,
product.0_S_02_009_032050_BO,Pipa HDPE Telkom 32/26 x 50 Meter Biru Garis Orange,HDPE,PIPA HDPE,2462,Export ERP master_product_updated.xlsx (diunduh 2026-10-06),Warna: Orange,,,32 mm,,,,HDPE,,,50 m,,
product.0_S_02_009_032050_MB,Pipa HDPE Telkom 32/26 x 50 Meter Merah Garis Biru,HDPE,PIPA HDPE,2463,Export ERP master_product_updated.xlsx (diunduh 2026-10-06),Warna: Biru,,,32 mm,,,,HDPE,,,50 m,,
product.0_S_02_009_032050_OB,Pipa HDPE Telkom 32/26 x 50 Meter Orange Garis Biru,HDPE,PIPA HDPE,2464,Export ERP master_product_updated.xlsx (diunduh 2026-10-06),Warna: Orange,,,32 mm,,,,HDPE,,,50 m,,
__export__.product_product_13076,Pipa HDPE Telkom 32/26 x 100 Meter HItam Garis Kuning,HDPE,PIPA HDPE,2465,Export ERP master_product_updated.xlsx (diunduh 2026-10-06),Warna: Kuning,,,32 mm,,,,HDPE,,,100 m,,
product.0_S_02_009_032100_OB,Pipa HDPE Telkom 32/26 x 100 Meter Orange Garis Biru,HDPE,PIPA HDPE,2466,Export ERP master_product_updated.xlsx (diunduh 2026-10-06),Warna: Orange,,,32 mm,,,,HDPE,,,100 m,,
product.0_S_02_009_032150_OB,Pipa HDPE Telkom 32/26 x 150 Meter Orange Garis Biru,HDPE,PIPA HDPE,2467,Export ERP master_product_updated.xlsx (diunduh 2026-10-06),Warna: Orange,,,32 mm,,,,HDPE,,,150 m,,
__export__.product_product_19631,Pipa HDPE Telkom 32/26 x 200 Meter Hitam Garis Biru,HDPE,PIPA HDPE,2468,Export ERP master_product_updated.xlsx (diunduh 2026-10-06),Warna: Hitam,,,32 mm,,,,HDPE,,,200 m,,
product.0_S_02_009_032200_OB,Pipa HDPE Telkom 32/26 x 200 Meter Orange Garis Biru,HDPE,PIPA HDPE,2469,Export ERP master_product_updated.xlsx (diunduh 2026-10-06),Warna: Orange,,,32 mm,,,,HDPE,,,200 m,,
product.0_S_02_009_032250_OB,Pipa HDPE Telkom 32/26 x 250 Meter Orange Garis Biru,HDPE,PIPA HDPE,2470,Export ERP master_product_updated.xlsx (diunduh 2026-10-06),Warna: Orange,,,32 mm,,,,HDPE,,,250 m,,
product.0_S_02_017_032050_BO,Pipa HDPE Telkom 32/27 x 50 Meter Biru Garis Orange,HDPE,PIPA HDPE,2471,Export ERP master_product_updated.xlsx (diunduh 2026-10-06),Warna: Orange,,,32 mm,,,,HDPE,,,50 m,,
product.0_S_02_016_032050_MB,Pipa HDPE Telkom 32/27 x 50 Meter Merah Garis Biru,HDPE,PIPA HDPE,2472,Export ERP master_product_updated.xlsx (diunduh 2026-10-06),Warna: Biru,,,32 mm,,,,HDPE,,,50 m,,
product.0_S_02_015_032050_OB,Pipa HDPE Telkom 32/27 x 50 Meter Orange Garis Biru,HDPE,PIPA HDPE,2473,Export ERP master_product_updated.xlsx (diunduh 2026-10-06),Warna: Orange,,,32 mm,,,,HDPE,,,50 m,,
product.0_S_02_017_032100_BO,Pipa HDPE Telkom 32/27 x 100 Meter Biru Garis Orange,HDPE,PIPA HDPE,2474,Export ERP master_product_updated.xlsx (diunduh 2026-10-06),Warna: Orange,,,32 mm,,,,HDPE,,,100 m,,
__export__.product_product_13078,Pipa HDPE Telkom 32/27 x 100 Meter Hitam Garis Biru,HDPE,PIPA HDPE,2475,Export ERP master_product_updated.xlsx (diunduh 2026-10-06),Warna: Hitam,,,32 mm,,,,HDPE,,,100 m,,
product.0_S_02_016_032100_MB,Pipa HDPE Telkom 32/27 x 100 Meter Merah Garis Biru,HDPE,PIPA HDPE,2476,Export ERP master_product_updated.xlsx (diunduh 2026-10-06),Warna: Biru,,,32 mm,,,,HDPE,,,100 m,,
product.0_S_02_015_032100_OB,Pipa HDPE Telkom 32/27 x 100 Meter Orange Garis Biru,HDPE,PIPA HDPE,2477,Export ERP master_product_updated.xlsx (diunduh 2026-10-06),Warna: Orange,,,32 mm,,,,HDPE,,,100 m,,
product.0_S_02_017_032150_BO,Pipa HDPE Telkom 32/27 x 150 Meter Biru Garis Orange,HDPE,PIPA HDPE,2478,Export ERP master_product_updated.xlsx (diunduh 2026-10-06),Warna: Orange,,,32 mm,,,,HDPE,,,150 m,,
product.0_S_02_016_032150_MB,Pipa HDPE Telkom 32/27 x 150 Meter Merah Garis Biru,HDPE,PIPA HDPE,2479,Export ERP master_product_updated.xlsx (diunduh 2026-10-06),Warna: Biru,,,32 mm,,,,HDPE,,,150 m,,
product.0_S_02_015_032150_OB,Pipa HDPE Telkom 32/27 x 150 Meter Orange Garis Biru,HDPE,PIPA HDPE,2480,Export ERP master_product_updated.xlsx (diunduh 2026-10-06),Warna: Orange,,,32 mm,,,,HDPE,,,150 m,,
product.0_S_02_017_032200_BO,Pipa HDPE Telkom 32/27 x 200 Meter Biru Garis Orange,HDPE,PIPA HDPE,2481,Export ERP master_product_updated.xlsx (diunduh 2026-10-06),Warna: Orange,,,32 mm,,,,HDPE,,,200 m,,
__export__.product_product_9832,Pipa HDPE Telkom 32/27 x 200 Meter Hitam Garis Biru,HDPE,PIPA HDPE,2482,Export ERP master_product_updated.xlsx (diunduh 2026-10-06),Warna: Hitam,,,32 mm,,,,HDPE,,,200 m,,
product.0_S_02_016_032200_MB,Pipa HDPE Telkom 32/27 x 200 Meter Merah Garis Biru,HDPE,PIPA HDPE,2483,Export ERP master_product_updated.xlsx (diunduh 2026-10-06),Warna: Biru,,,32 mm,,,,HDPE,,,200 m,,
product.0_S_02_015_032200_OB,Pipa HDPE Telkom 32/27 x 200 Meter Orange Garis Biru,HDPE,PIPA HDPE,2484,Export ERP master_product_updated.xlsx (diunduh 2026-10-06),Warna: Orange,,,32 mm,,,,HDPE,,,200 m,,
__export__.product_product_11090,Pipa HDPE Telkom 32/27 x 200 Meter Orange,HDPE,PIPA HDPE,2485,Export ERP master_product_updated.xlsx (diunduh 2026-10-06),Warna: Orange,,,32 mm,,,,HDPE,,,200 m,,
__export__.product_product_10198,Pipa HDPE Telkom 32/27 x 219 Meter Hitam Garis Biru,HDPE,PIPA HDPE,2486,Export ERP master_product_updated.xlsx (diunduh 2026-10-06),Warna: Hitam,,,32 mm,,,,HDPE,,,219 m,,
product.0_S_02_017_032250_BO,Pipa HDPE Telkom 32/27 x 250 Meter Biru Garis Orange,HDPE,PIPA HDPE,2487,Export ERP master_product_updated.xlsx (diunduh 2026-10-06),Warna: Orange,,,32 mm,,,,HDPE,,,250 m,,
product.0_S_02_016_032250_MB,Pipa HDPE Telkom 32/27 x 250 Meter Merah Garis Biru,HDPE,PIPA HDPE,2488,Export ERP master_product_updated.xlsx (diunduh 2026-10-06),Warna: Biru,,,32 mm,,,,HDPE,,,250 m,,
product.0_S_02_015_032250_OB,Pipa HDPE Telkom 32/27 x 250 Meter Orange Garis Biru,HDPE,PIPA HDPE,2489,Export ERP master_product_updated.xlsx (diunduh 2026-10-06),Warna: Orange,,,32 mm,,,,HDPE,,,250 m,,
__export__.product_product_12330,Pipa HDPE Telkom 32/27 x 400 Meter Hitam Garis Biru,HDPE,PIPA HDPE,2490,Export ERP master_product_updated.xlsx (diunduh 2026-10-06),Warna: Hitam,,,32 mm,,,,HDPE,,,400 m,,
product.0_S_02_019_032050_MB,Pipa HDPE Telkom 32/28 x 50 Meter Merah Garis Biru,HDPE,PIPA HDPE,2491,Export ERP master_product_updated.xlsx (diunduh 2026-10-06),Warna: Biru,,,32 mm,,,,HDPE,,,50 m,,
product.0_S_02_018_032050_OB,Pipa HDPE Telkom 32/28 x 50 Meter Orange Garis Biru,HDPE,PIPA HDPE,2492,Export ERP master_product_updated.xlsx (diunduh 2026-10-06),Warna: Orange,,,32 mm,,,,HDPE,,,50 m,,
product.0_S_02_020_032100_BO,Pipa HDPE Telkom 32/28 x 100 Meter Biru Garis Orange,HDPE,PIPA HDPE,2493,Export ERP master_product_updated.xlsx (diunduh 2026-10-06),Warna: Orange,,,32 mm,,,,HDPE,,,100 m,,
__export__.product_product_13077,Pipa HDPE Telkom 32/28 x 100 Meter Hitam Garis Biru,HDPE,PIPA HDPE,2494,Export ERP master_product_updated.xlsx (diunduh 2026-10-06),Warna: Hitam,,,32 mm,,,,HDPE,,,100 m,,
__export__.product_product_17566,Pipa HDPE Telkom 32/28 x 100 Meter Hitam Garis Ungu,HDPE,PIPA HDPE,2495,Export ERP master_product_updated.xlsx (diunduh 2026-10-06),Warna: Hitam,,,32 mm,,,,HDPE,,,100 m,,
product.0_S_02_019_032100_MB,Pipa HDPE Telkom 32/28 x 100 Meter Merah Garis Biru,HDPE,PIPA HDPE,2496,Export ERP master_product_updated.xlsx (diunduh 2026-10-06),Warna: Biru,,,32 mm,,,,HDPE,,,100 m,,
product.0_S_02_018_032100_OB,Pipa HDPE Telkom 32/28 x 100 Meter Orange Garis Biru,HDPE,PIPA HDPE,2497,Export ERP master_product_updated.xlsx (diunduh 2026-10-06),Warna: Orange,,,32 mm,,,,HDPE,,,100 m,,
product.0_S_02_020_032150_BO,Pipa HDPE Telkom 32/28 x 150 Meter Biru Garis Orange,HDPE,PIPA HDPE,2498,Export ERP master_product_updated.xlsx (diunduh 2026-10-06),Warna: Orange,,,32 mm,,,,HDPE,,,150 m,,
product.0_S_02_019_032150_MB,Pipa HDPE Telkom 32/28 x 150 Meter Merah Garis Biru,HDPE,PIPA HDPE,2499,Export ERP master_product_updated.xlsx (diunduh 2026-10-06),Warna: Biru,,,32 mm,,,,HDPE,,,150 m,,
product.0_S_02_018_032150_OB,Pipa HDPE Telkom 32/28 x 150 Meter Orange Garis Biru,HDPE,PIPA HDPE,2500,Export ERP master_product_updated.xlsx (diunduh 2026-10-06),Warna: Orange,,,32 mm,,,,HDPE,,,150 m,,
__export__.product_product_18667,Pipa HDPE Telkom 32/28 x 200 Meter Biru Garis Abu,HDPE,PIPA HDPE,2501,Export ERP master_product_updated.xlsx (diunduh 2026-10-06),Warna: Abu,,,32 mm,,,,HDPE,,,200 m,,
__export__.product_product_18660,Pipa HDPE Telkom 32/28 x 200 Meter Biru Garis Hitam,HDPE,PIPA HDPE,2502,Export ERP master_product_updated.xlsx (diunduh 2026-10-06),Warna: Hitam,,,32 mm,,,,HDPE,,,200 m,,
product.0_S_02_020_032200_BO,Pipa HDPE Telkom 32/28 x 200 Meter Biru Garis Orange,HDPE,PIPA HDPE,2503,Export ERP master_product_updated.xlsx (diunduh 2026-10-06),Warna: Orange,,,32 mm,,,,HDPE,,,200 m,,
__export__.product_product_17255,Pipa HDPE Telkom 32/28 x 200 Meter Biru Garis Putih,HDPE,PIPA HDPE,2504,Export ERP master_product_updated.xlsx (diunduh 2026-10-06),Warna: Putih,,,32 mm,,,,HDPE,,,200 m,,
__export__.product_product_18714,Pipa HDPE Telkom 32/28 x 200 Meter Biru Garis Ungu,HDPE,PIPA HDPE,2505,Export ERP master_product_updated.xlsx (diunduh 2026-10-06),Warna: Biru,,,32 mm,,,,HDPE,,,200 m,,
__export__.product_product_18670,Pipa HDPE Telkom 32/28 x 200 Meter Coklat Garis Abu,HDPE,PIPA HDPE,2506,Export ERP master_product_updated.xlsx (diunduh 2026-10-06),Warna: Abu,,,32 mm,,,,HDPE,,,200 m,,
__export__.product_product_18663,Pipa HDPE Telkom 32/28 x 200 Meter Coklat Garis Hitam,HDPE,PIPA HDPE,2507,Export ERP master_product_updated.xlsx (diunduh 2026-10-06),Warna: Coklat,,,32 mm,,,,HDPE,,,200 m,,
__export__.product_product_18677,Pipa HDPE Telkom 32/28 x 200 Meter Coklat Garis Putih,HDPE,PIPA HDPE,2508,Export ERP master_product_updated.xlsx (diunduh 2026-10-06),Warna: Putih,,,32 mm,,,,HDPE,,,200 m,,
__export__.product_product_18716,Pipa HDPE Telkom 32/28 x 200 Meter Cokelat Garis Ungu,HDPE,PIPA HDPE,2509,Export ERP master_product_updated.xlsx (diunduh 2026-10-06),Warna: Ungu,,,32 mm,,,,HDPE,,,200 m,,
__export__.product_product_18669,Pipa HDPE Telkom 32/28 x 200 Meter Hijau Garis Abu,HDPE,PIPA HDPE,2510,Export ERP master_product_updated.xlsx (diunduh 2026-10-06),Warna: Abu,,,32 mm,,,,HDPE,,,200 m,,
__export__.product_product_12377,Pipa HDPE Telkom 32/28 x 200 Meter Hitam Garis Biru,HDPE,PIPA HDPE,2511,Export ERP master_product_updated.xlsx (diunduh 2026-10-06),Warna: Hitam,,,32 mm,,,,HDPE,,,200 m,,
__export__.product_product_18662,Pipa HDPE Telkom 32/28 x 200 Meter Hijau Garis Hitam,HDPE,PIPA HDPE,2512,Export ERP master_product_updated.xlsx (diunduh 2026-10-06),Warna: Hitam,,,32 mm,,,,HDPE,,,200 m,,
__export__.product_product_18676,Pipa HDPE Telkom 32/28 x 200 Meter Hijau Garis Putih,HDPE,PIPA HDPE,2513,Export ERP master_product_updated.xlsx (diunduh 2026-10-06),Warna: Putih,,,32 mm,,,,HDPE,,,200 m,,
__export__.product_product_18713,Pipa HDPE Telkom 32/28 x 200 Meter Hijau Garis Ungu,HDPE,PIPA HDPE,2514,Export ERP master_product_updated.xlsx (diunduh 2026-10-06),Warna: Hijau,,,32 mm,,,,HDPE,,,200 m,,
__export__.product_product_18673,Pipa HDPE Telkom 32/28 x 200 Meter Kuning Garis Abu,HDPE,PIPA HDPE,2515,Export ERP master_product_updated.xlsx (diunduh 2026-10-06),Warna: Abu,,,32 mm,,,,HDPE,,,200 m,,
__export__.product_product_18666,Pipa HDPE Telkom 32/28 x 200 Meter Kuning Garis Hitam,HDPE,PIPA HDPE,2516,Export ERP master_product_updated.xlsx (diunduh 2026-10-06),Warna: Hitam,,,32 mm,,,,HDPE,,,200 m,,
__export__.product_product_18065,Pipa HDPE Telkom 32/28 x 200 Meter Kuning Garis Merah,HDPE,PIPA HDPE,2517,Export ERP master_product_updated.xlsx (diunduh 2026-10-06),Warna: Kuning,,,32 mm,,,,HDPE,,,200 m,,
__export__.product_product_18680,Pipa HDPE Telkom 32/28 x 200 Meter Kuning Garis Putih,HDPE,PIPA HDPE,2518,Export ERP master_product_updated.xlsx (diunduh 2026-10-06),Warna: Putih,,,32 mm,,,,HDPE,,,200 m,,
__export__.product_product_18711,Pipa HDPE Telkom 32/28 x 200 Meter Kuning Garis Ungu,HDPE,PIPA HDPE,2519,Export ERP master_product_updated.xlsx (diunduh 2026-10-06),Warna: Kuning,,,32 mm,,,,HDPE,,,200 m,,
__export__.product_product_18672,Pipa HDPE Telkom 32/28 x 200 Meter Merah Garis Abu,HDPE,PIPA HDPE,2520,Export ERP master_product_updated.xlsx (diunduh 2026-10-06),Warna: Abu,,,32 mm,,,,HDPE,,,200 m,,
product.0_S_02_019_032200_MB,Pipa HDPE Telkom 32/28 x 200 Meter Merah Garis Biru,HDPE,PIPA HDPE,2521,Export ERP master_product_updated.xlsx (diunduh 2026-10-06),Warna: Biru,,,32 mm,,,,HDPE,,,200 m,,
__export__.product_product_18665,Pipa HDPE Telkom 32/28 x 200 Meter Merah Garis Hitam,HDPE,PIPA HDPE,2522,Export ERP master_product_updated.xlsx (diunduh 2026-10-06),Warna: Hitam,,,32 mm,,,,HDPE,,,200 m,,
__export__.product_product_18679,Pipa HDPE Telkom 32/28 x 200 Meter Merah Garis Putih,HDPE,PIPA HDPE,2523,Export ERP master_product_updated.xlsx (diunduh 2026-10-06),Warna: Putih,,,32 mm,,,,HDPE,,,200 m,,
__export__.product_product_18717,Pipa HDPE Telkom 32/28 x 200 Meter Merah Garis Ungu,HDPE,PIPA HDPE,2524,Export ERP master_product_updated.xlsx (diunduh 2026-10-06),Warna: Merah,,,32 mm,,,,HDPE,,,200 m,,
__export__.product_product_18668,Pipa HDPE Telkom 32/28 x 200 Meter Orange Garis Abu,HDPE,PIPA HDPE,2525,Export ERP master_product_updated.xlsx (diunduh 2026-10-06),Warna: Abu,,,32 mm,,,,HDPE,,,200 m,,
product.0_S_02_018_032200_OB,Pipa HDPE Telkom 32/28 x 200 Meter Orange Garis Biru,HDPE,PIPA HDPE,2526,Export ERP master_product_updated.xlsx (diunduh 2026-10-06),Warna: Orange,,,32 mm,,,,HDPE,,,200 m,,
__export__.product_product_18661,Pipa HDPE Telkom 32/28 x 200 Meter Orange Garis Hitam,HDPE,PIPA HDPE,2527,Export ERP master_product_updated.xlsx (diunduh 2026-10-06),Warna: Orange,,,32 mm,,,,HDPE,,,200 m,,
__export__.product_product_18675,Pipa HDPE Telkom 32/28 x 200 Meter Orange Garis Putih,HDPE,PIPA HDPE,2528,Export ERP master_product_updated.xlsx (diunduh 2026-10-06),Warna: Putih,,,32 mm,,,,HDPE,,,200 m,,
__export__.product_product_18715,Pipa HDPE Telkom 32/28 x 200 Meter Orange Garis Ungu,HDPE,PIPA HDPE,2529,Export ERP master_product_updated.xlsx (diunduh 2026-10-06),Warna: Orange,,,32 mm,,,,HDPE,,,200 m,,
__export__.product_product_18671,Pipa HDPE Telkom 32/28 x 200 Meter Pink Garis Abu,HDPE,PIPA HDPE,2530,Export ERP master_product_updated.xlsx (diunduh 2026-10-06),Warna: Abu,,,32 mm,,,,HDPE,,,200 m,,
__export__.product_product_18664,Pipa HDPE Telkom 32/28 x 200 Meter Pink Garis Hitam,HDPE,PIPA HDPE,2531,Export ERP master_product_updated.xlsx (diunduh 2026-10-06),Warna: Hitam,,,32 mm,,,,HDPE,,,200 m,,
__export__.product_product_18678,Pipa HDPE Telkom 32/28 x 200 Meter Pink Garis Putih,HDPE,PIPA HDPE,2532,Export ERP master_product_updated.xlsx (diunduh 2026-10-06),Warna: Putih,,,32 mm,,,,HDPE,,,200 m,,
__export__.product_product_18712,Pipa HDPE Telkom 32/28 x 200 Meter Pink Garis Ungu,HDPE,PIPA HDPE,2533,Export ERP master_product_updated.xlsx (diunduh 2026-10-06),Warna: Ungu,,,32 mm,,,,HDPE,,,200 m,,
product.0_S_02_020_032250_BO,Pipa HDPE Telkom 32/28 x 250 Meter Biru Garis Orange,HDPE,PIPA HDPE,2534,Export ERP master_product_updated.xlsx (diunduh 2026-10-06),Warna: Orange,,,32 mm,,,,HDPE,,,250 m,,
__export__.product_product_17253,Pipa HDPE Telkom 32/28 x 250 Meter Biru Garis Putih,HDPE,PIPA HDPE,2535,Export ERP master_product_updated.xlsx (diunduh 2026-10-06),Warna: Putih,,,32 mm,,,,HDPE,,,250 m,,
product:811602cc-c82e-11e2-8866-e09153253776.product_product-4oFT6WVzsN_B,Pipa HDPE Telkom 32/28 x 250 Meter Hitam Garis Biru,HDPE,PIPA HDPE,2536,Export ERP master_product_updated.xlsx (diunduh 2026-10-06),Warna: Hitam,,,32 mm,,,,HDPE,,,250 m,,
product.0_S_02_019_032250_MB,Pipa HDPE Telkom 32/28 x 250 Meter Merah Garis Biru,HDPE,PIPA HDPE,2537,Export ERP master_product_updated.xlsx (diunduh 2026-10-06),Warna: Biru,,,32 mm,,,,HDPE,,,250 m,,
product.0_S_02_018_032250_OB,Pipa HDPE Telkom 32/28 x 250 Meter Orange Garis Biru,HDPE,PIPA HDPE,2538,Export ERP master_product_updated.xlsx (diunduh 2026-10-06),Warna: Orange,,,32 mm,,,,HDPE,,,250 m,,
__export__.product_product_13075,Pipa HDPE Telkom 32/28 x 400 Meter Biru Garis Hitam,HDPE,PIPA HDPE,2539,Export ERP master_product_updated.xlsx (diunduh 2026-10-06),Warna: Hitam,,,32 mm,,,,HDPE,,,400 m,,
__export__.product_product_12854,Pipa HDPE Telkom 32/28 x 400 Meter Biru Garis Orange,HDPE,PIPA HDPE,2540,Export ERP master_product_updated.xlsx (diunduh 2026-10-06),Warna: Orange,,,32 mm,,,,HDPE,,,400 m,,
product.0_S_02_020_032050_BO,Pipa HDPE Telkom 32/28 x 400 Meter Hitam,HDPE,PIPA HDPE,2541,Export ERP master_product_updated.xlsx (diunduh 2026-10-06),Warna: Hitam,,,32 mm,,,,HDPE,,,400 m,,
__export__.product_product_12521,Pipa HDPE Telkom 32/28 x 400 Meter Hitam Garis Biru,HDPE,PIPA HDPE,2542,Export ERP master_product_updated.xlsx (diunduh 2026-10-06),Warna: Hitam,,,32 mm,,,,HDPE,,,400 m,,
__export__.product_product_14781,Pipa HDPE Telkom 32/28 x 400 Meter Orange,HDPE,PIPA HDPE,2543,Export ERP master_product_updated.xlsx (diunduh 2026-10-06),Warna: Orange,,,32 mm,,,,HDPE,,,400 m,,
product.0_S_02_026_040050_BO,Pipa HDPE Telkom 40/32 x 50 Meter Biru Garis Orange,HDPE,PIPA HDPE,2544,Export ERP master_product_updated.xlsx (diunduh 2026-10-06),Warna: Orange,,,40 mm,,,,HDPE,,,50 m,,
product.0_S_02_025_040050_MB,Pipa HDPE Telkom 40/32 x 50 Meter Merah Garis Biru,HDPE,PIPA HDPE,2545,Export ERP master_product_updated.xlsx (diunduh 2026-10-06),Warna: Biru,,,40 mm,,,,HDPE,,,50 m,,
product.0_S_02_024_040050_OB,Pipa HDPE Telkom 40/32 x 50 Meter Orange Garis Biru,HDPE,PIPA HDPE,2546,Export ERP master_product_updated.xlsx (diunduh 2026-10-06),Warna: Orange,,,40 mm,,,,HDPE,,,50 m,,
product.0_S_02_026_040100_BO,Pipa HDPE Telkom 40/32 x 100 Meter Biru Garis Orange,HDPE,PIPA HDPE,2547,Export ERP master_product_updated.xlsx (diunduh 2026-10-06),Warna: Orange,,,40 mm,,,,HDPE,,,100 m,,
product.0_S_02_025_040100_MB,Pipa HDPE Telkom 40/32 x 100 Meter Merah Garis Biru,HDPE,PIPA HDPE,2548,Export ERP master_product_updated.xlsx (diunduh 2026-10-06),Warna: Biru,,,40 mm,,,,HDPE,,,100 m,,
product.0_S_02_024_040100_OB,Pipa HDPE Telkom 40/32 x 100 Meter Orange Garis Biru,HDPE,PIPA HDPE,2549,Export ERP master_product_updated.xlsx (diunduh 2026-10-06),Warna: Orange,,,40 mm,,,,HDPE,,,100 m,,
product.0_S_02_026_040150_BO,Pipa HDPE Telkom 40/32 x 150 Meter Biru Garis Orange,HDPE,PIPA HDPE,2550,Export ERP master_product_updated.xlsx (diunduh 2026-10-06),Warna: Orange,,,40 mm,,,,HDPE,,,150 m,,
product.0_S_02_025_040150_MB,Pipa HDPE Telkom 40/32 x 150 Meter Merah Garis Biru,HDPE,PIPA HDPE,2551,Export ERP master_product_updated.xlsx (diunduh 2026-10-06),Warna: Biru,,,40 mm,,,,HDPE,,,150 m,,
product.0_S_02_024_040150_OB,Pipa HDPE Telkom 40/32 x 150 Meter Orange Garis Biru,HDPE,PIPA HDPE,2552,Export ERP master_product_updated.xlsx (diunduh 2026-10-06),Warna: Orange,,,40 mm,,,,HDPE,,,150 m,,
product.0_S_02_026_040200_BO,Pipa HDPE Telkom 40/32 x 200 Meter Biru Garis Orange,HDPE,PIPA HDPE,2553,Export ERP master_product_updated.xlsx (diunduh 2026-10-06),Warna: Orange,,,40 mm,,,,HDPE,,,200 m,,
product.0_S_02_025_040200_MB,Pipa HDPE Telkom 40/32 x 200 Meter Merah Garis Biru,HDPE,PIPA HDPE,2554,Export ERP master_product_updated.xlsx (diunduh 2026-10-06),Warna: Biru,,,40 mm,,,,HDPE,,,200 m,,
product.0_S_02_024_040200_OB,Pipa HDPE Telkom 40/32 x 200 Meter Orange Garis Biru,HDPE,PIPA HDPE,2555,Export ERP master_product_updated.xlsx (diunduh 2026-10-06),Warna: Orange,,,40 mm,,,,HDPE,,,200 m,,
product.0_S_02_026_040250_BO,Pipa HDPE Telkom 40/32 x 250 Meter Biru Garis Orange,HDPE,PIPA HDPE,2556,Export ERP master_product_updated.xlsx (diunduh 2026-10-06),Warna: Orange,,,40 mm,,,,HDPE,,,250 m,,
product.0_S_02_025_040250_MB,Pipa HDPE Telkom 40/32 x 250 Meter Merah Garis Biru,HDPE,PIPA HDPE,2557,Export ERP master_product_updated.xlsx (diunduh 2026-10-06),Warna: Biru,,,40 mm,,,,HDPE,,,250 m,,
product.0_S_02_024_040250_OB,Pipa HDPE Telkom 40/32 x 250 Meter Orange Garis Biru,HDPE,PIPA HDPE,2558,Export ERP master_product_updated.xlsx (diunduh 2026-10-06),Warna: Orange,,,40 mm,,,,HDPE,,,250 m,,
product.0_S_02_011_040050_BO,Pipa HDPE Telkom 40/33 x 50 Meter Biru Garis Orange,HDPE,PIPA HDPE,2559,Export ERP master_product_updated.xlsx (diunduh 2026-10-06),Warna: Orange,,,40 mm,,,,HDPE,,,50 m,,
product.0_S_02_010_040050_OB,Pipa HDPE Telkom 40/33 x 50 Meter Orange Garis Biru,HDPE,PIPA HDPE,2560,Export ERP master_product_updated.xlsx (diunduh 2026-10-06),Warna: Orange,,,40 mm,,,,HDPE,,,50 m,,
__export__.product_product_17506,Pipa HDPE Telkom 40/33 x 100 Meter Orange,HDPE,PIPA HDPE,2561,Export ERP master_product_updated.xlsx (diunduh 2026-10-06),Warna: Orange,,,40 mm,,,,HDPE,,,100 m,,
product.0_S_02_011_040100_BO,Pipa HDPE Telkom 40/33 x 100 Meter Biru Garis Orange,HDPE,PIPA HDPE,2562,Export ERP master_product_updated.xlsx (diunduh 2026-10-06),Warna: Orange,,,40 mm,,,,HDPE,,,100 m,,
__export__.product_product_18933,Pipa HDPE Telkom 40/33 x 100 Meter Biru Garis Putih,HDPE,PIPA HDPE,2563,Export ERP master_product_updated.xlsx (diunduh 2026-10-06),Warna: Putih,,,40 mm,,,,HDPE,,,100 m,,
product.0_S_02_010_040100_OB,Pipa HDPE Telkom 40/33 x 100 Meter Orange Garis Biru,HDPE,PIPA HDPE,2564,Export ERP master_product_updated.xlsx (diunduh 2026-10-06),Warna: Orange,,,40 mm,,,,HDPE,,,100 m,,
__export__.product_product_17507,Pipa HDPE Telkom 40/33 x 100 Meter Orange Garis Kuning,HDPE,PIPA HDPE,2565,Export ERP master_product_updated.xlsx (diunduh 2026-10-06),Warna: Orange,,,40 mm,,,,HDPE,,,100 m,,
product.0_S_02_011_040150_BO,Pipa HDPE Telkom 40/33 x 150 Meter Biru Garis Orange,HDPE,PIPA HDPE,2566,Export ERP master_product_updated.xlsx (diunduh 2026-10-06),Warna: Orange,,,40 mm,,,,HDPE,,,150 m,,
product.0_S_02_010_040150_OB,Pipa HDPE Telkom 40/33 x 150 Meter Orange Garis Biru,HDPE,PIPA HDPE,2567,Export ERP master_product_updated.xlsx (diunduh 2026-10-06),Warna: Orange,,,40 mm,,,,HDPE,,,150 m,,
__export__.product_product_10197,Pipa HDPE Telkom 40/33 x 182 Meter Orange Garis Biru,HDPE,PIPA HDPE,2568,Export ERP master_product_updated.xlsx (diunduh 2026-10-06),Warna: Orange,,,40 mm,,,,HDPE,,,182 m,,
__export__.product_product_18934,Pipa HDPE Telkom 40/33 x 190 Meter Biru Garis Putih,HDPE,PIPA HDPE,2569,Export ERP master_product_updated.xlsx (diunduh 2026-10-06),Warna: Putih,,,40 mm,,,,HDPE,,,190 m,,
product:811602cc-c82e-11e2-8866-e09153253776.product_product-SNdYF-r473Oz,Pipa HDPE Telkom 40/33 x 200 Meter Abu Garis Putih,HDPE,PIPA HDPE,2570,Export ERP master_product_updated.xlsx (diunduh 2026-10-06),Warna: Abu,,,40 mm,,,,HDPE,,,200 m,,
__export__.product_product_17578,Pipa HDPE Telkom 40/33 x 200 Meter Biru Garis Kuning,HDPE,PIPA HDPE,2571,Export ERP master_product_updated.xlsx (diunduh 2026-10-06),Warna: Biru,,,40 mm,,,,HDPE,,,200 m,,
__export__.product_product_9994,Pipa HDPE Telkom 40/33 x 200 Meter Biru Garis Merah,HDPE,PIPA HDPE,2572,Export ERP master_product_updated.xlsx (diunduh 2026-10-06),Warna: Biru,,,40 mm,,,,HDPE,,,200 m,,
product.0_S_02_011_040200_BO,Pipa HDPE Telkom 40/33 x 200 Meter Biru Garis Orange,HDPE,PIPA HDPE,2573,Export ERP master_product_updated.xlsx (diunduh 2026-10-06),Warna: Orange,,,40 mm,,,,HDPE,,,200 m,,
__export__.product_product_16887,Pipa HDPE Telkom 40/33 x 200 Meter Biru Garis Putih,HDPE,PIPA HDPE,2574,Export ERP master_product_updated.xlsx (diunduh 2026-10-06),Warna: Putih,,,40 mm,,,,HDPE,,,200 m,,
__export__.product_product_12364,Pipa HDPE Telkom 40/33 x 200 Meter HItam Garis Biru,HDPE,PIPA HDPE,2575,Export ERP master_product_updated.xlsx (diunduh 2026-10-06),Warna: Biru,,,40 mm,,,,HDPE,,,200 m,,
product.0_S_02_010_040200_OB,Pipa HDPE Telkom 40/33 x 200 Meter Orange Garis Biru,HDPE,PIPA HDPE,2576,Export ERP master_product_updated.xlsx (diunduh 2026-10-06),Warna: Orange,,,40 mm,,,,HDPE,,,200 m,,
product.0_S_02_011_040250_BO,Pipa HDPE Telkom 40/33 x 250 Meter Biru garis Orange,HDPE,PIPA HDPE,2577,Export ERP master_product_updated.xlsx (diunduh 2026-10-06),Warna: Orange,,,40 mm,,,,HDPE,,,250 m,,
product.0_S_02_010_040250_MB,Pipa HDPE Telkom 40/33 x 50 Meter Merah Garis Biru,HDPE,PIPA HDPE,2578,Export ERP master_product_updated.xlsx (diunduh 2026-10-06),Warna: Biru,,,40 mm,,,,HDPE,,,50 m,,
product.0_S_02_010_040250_OB,Pipa HDPE Telkom 40/33 x 250 Meter Orange Garis Biru,HDPE,PIPA HDPE,2579,Export ERP master_product_updated.xlsx (diunduh 2026-10-06),Warna: Orange,,,40 mm,,,,HDPE,,,250 m,,
product.0_S_02_023_040050_BO,Pipa HDPE Telkom 40/34 x 50 Meter Biru Garis Orange,HDPE,PIPA HDPE,2580,Export ERP master_product_updated.xlsx (diunduh 2026-10-06),Warna: Orange,,,40 mm,,,,HDPE,,,50 m,,
product.0_S_02_022_040050_MB,Pipa HDPE Telkom 40/34 x 50 Meter Merah Garis Biru,HDPE,PIPA HDPE,2581,Export ERP master_product_updated.xlsx (diunduh 2026-10-06),Warna: Biru,,,40 mm,,,,HDPE,,,50 m,,
product.0_S_02_021_040050_OB,Pipa HDPE Telkom 40/34 x 50 Meter Orange Garis Biru,HDPE,PIPA HDPE,2582,Export ERP master_product_updated.xlsx (diunduh 2026-10-06),Warna: Orange,,,40 mm,,,,HDPE,,,50 m,,
__export__.product_product_19509,Pipa HDPE Telkom 40/34 x 100 Meter Biru,HDPE,PIPA HDPE,2583,Export ERP master_product_updated.xlsx (diunduh 2026-10-06),Warna: Biru,,,40 mm,,,,HDPE,,,100 m,,
product.0_S_02_023_040100_BO,Pipa HDPE Telkom 40/34 x 100 Meter Biru Garis Orange,HDPE,PIPA HDPE,2584,Export ERP master_product_updated.xlsx (diunduh 2026-10-06),Warna: Orange,,,40 mm,,,,HDPE,,,100 m,,
__export__.product_product_19580,Pipa HDPE Telkom 40/34 x 100 Meter Hitam,HDPE,PIPA HDPE,2585,Export ERP master_product_updated.xlsx (diunduh 2026-10-06),Warna: Hitam,,,40 mm,,,,HDPE,,,100 m,,
__export__.product_product_19435,Pipa HDPE Telkom 40/34 x 100 Meter Hitam Garis Biru,HDPE,PIPA HDPE,2586,Export ERP master_product_updated.xlsx (diunduh 2026-10-06),Warna: Hitam,,,40 mm,,,,HDPE,,,100 m,,
product.0_S_02_022_040100_MB,Pipa HDPE Telkom 40/34 x 100 Meter Merah Garis Biru,HDPE,PIPA HDPE,2587,Export ERP master_product_updated.xlsx (diunduh 2026-10-06),Warna: Biru,,,40 mm,,,,HDPE,,,100 m,,
product.0_S_02_021_040100_OB,Pipa HDPE Telkom 40/34 x 100 Meter Orange Garis Biru,HDPE,PIPA HDPE,2588,Export ERP master_product_updated.xlsx (diunduh 2026-10-06),Warna: Orange,,,40 mm,,,,HDPE,,,100 m,,
__export__.product_product_17567,Pipa HDPE Telkom 40/34 x 100 Meter Ungu Garis Putih,HDPE,PIPA HDPE,2589,Export ERP master_product_updated.xlsx (diunduh 2026-10-06),Warna: Putih,,,40 mm,,,,HDPE,,,100 m,,
product.0_S_02_023_040150_BO,Pipa HDPE Telkom 40/34 x 150 Meter Biru Garis Orange,HDPE,PIPA HDPE,2590,Export ERP master_product_updated.xlsx (diunduh 2026-10-06),Warna: Orange,,,40 mm,,,,HDPE,,,150 m,,
product.0_S_02_022_040150_MB,Pipa HDPE Telkom 40/34 x 150 Meter Merah Garis Biru,HDPE,PIPA HDPE,2591,Export ERP master_product_updated.xlsx (diunduh 2026-10-06),Warna: Biru,,,40 mm,,,,HDPE,,,150 m,,
product.0_S_02_021_040150_OB,Pipa HDPE Telkom 40/34 x 150 Meter Orange Garis Biru,HDPE,PIPA HDPE,2592,Export ERP master_product_updated.xlsx (diunduh 2026-10-06),Warna: Orange,,,40 mm,,,,HDPE,,,150 m,,
__export__.product_product_9888,Pipa HDPE Telkom 40/34 x 186 Meter Merah Garis Biru,HDPE,PIPA HDPE,2593,Export ERP master_product_updated.xlsx (diunduh 2026-10-06),Warna: Biru,,,40 mm,,,,HDPE,,,186 m,,
__export__.product_product_12691,Pipa HDPE Telkom 40/34 x 200 Meter Biru,HDPE,PIPA HDPE,2594,Export ERP master_product_updated.xlsx (diunduh 2026-10-06),Warna: Biru,,,40 mm,,,,HDPE,,,200 m,,
__export__.product_product_11555,Pipa HDPE Telkom 40/34 x 200 Meter Biru Garis Hitam,HDPE,PIPA HDPE,2595,Export ERP master_product_updated.xlsx (diunduh 2026-10-06),Warna: Hitam,,,40 mm,,,,HDPE,,,200 m,,
product:811602cc-c82e-11e2-8866-e09153253776.product_product-JdsoGc6tyTxW,Pipa HDPE Telkom 40/34 x 200 Meter Biru Garis Merah,HDPE,PIPA HDPE,2596,Export ERP master_product_updated.xlsx (diunduh 2026-10-06),Warna: Biru,,,40 mm,,,,HDPE,,,200 m,,
product.0_S_02_023_040200_BO,Pipa HDPE Telkom 40/34 x 200 Meter Biru Garis Orange,HDPE,PIPA HDPE,2597,Export ERP master_product_updated.xlsx (diunduh 2026-10-06),Warna: Orange,,,40 mm,,,,HDPE,,,200 m,,
__export__.product_product_18162,Pipa HDPE Telkom 40/34 x 200 Meter Biru Garis Ungu,HDPE,PIPA HDPE,2598,Export ERP master_product_updated.xlsx (diunduh 2026-10-06),Warna: Biru,,,40 mm,,,,HDPE,,,200 m,,
__export__.product_product_11404,Pipa HDPE Telkom 40/34 x 200 M Dark Blue With 4 Black Strip,HDPE,PIPA HDPE,2599,Export ERP master_product_updated.xlsx (diunduh 2026-10-06),,,,40 mm,,,,HDPE,,,200 m,,
__export__.product_product_11336,Pipa HDPE Telkom 40/34 x 200 Meter Hitam,HDPE,PIPA HDPE,2600,Export ERP master_product_updated.xlsx (diunduh 2026-10-06),Warna: Hitam,,,40 mm,,,,HDPE,,,200 m,,
__export__.product_product_18066,Pipa HDPE Telkom 40/34 x 200 Meter Hitam Garis Biru,HDPE,PIPA HDPE,2601,Export ERP master_product_updated.xlsx (diunduh 2026-10-06),Warna: Hitam,,,40 mm,,,,HDPE,,,200 m,,
__export__.product_product_18159,Pipa HDPE Telkom 40/34 x 200 Meter Hitam Garis Ungu,HDPE,PIPA HDPE,2602,Export ERP master_product_updated.xlsx (diunduh 2026-10-06),Warna: Hitam,,,40 mm,,,,HDPE,,,200 m,,
product.0_S_02_022_040200_MB,Pipa HDPE Telkom 40/34 x 200 Meter Merah Garis Biru,HDPE,PIPA HDPE,2603,Export ERP master_product_updated.xlsx (diunduh 2026-10-06),Warna: Biru,,,40 mm,,,,HDPE,,,200 m,,
product:811602cc-c82e-11e2-8866-e09153253776.product_product-FlpP-Zo7FQ-o,Pipa HDPE Telkom 40/34 x 200 Meter Orange,HDPE,PIPA HDPE,2604,Export ERP master_product_updated.xlsx (diunduh 2026-10-06),Warna: Orange,,,40 mm,,,,HDPE,,,200 m,,
product.0_S_02_021_040200_OB,Pipa HDPE Telkom 40/34 x 200 Meter Orange Garis Biru,HDPE,PIPA HDPE,2605,Export ERP master_product_updated.xlsx (diunduh 2026-10-06),Warna: Orange,,,40 mm,,,,HDPE,,,200 m,,
product.0_S_02_023_040250_BO,Pipa HDPE Telkom 40/34 x 250 Meter Biru Garis Orange,HDPE,PIPA HDPE,2606,Export ERP master_product_updated.xlsx (diunduh 2026-10-06),Warna: Orange,,,40 mm,,,,HDPE,,,250 m,,
product.0_S_02_022_040250_MB,Pipa HDPE Telkom 40/34 x 250 Meter Merah Garis Biru,HDPE,PIPA HDPE,2607,Export ERP master_product_updated.xlsx (diunduh 2026-10-06),Warna: Biru,,,40 mm,,,,HDPE,,,250 m,,
product.0_S_02_021_040250_OB,Pipa HDPE Telkom 40/34 x 250 Meter Orange Garis Biru,HDPE,PIPA HDPE,2608,Export ERP master_product_updated.xlsx (diunduh 2026-10-06),Warna: Orange,,,40 mm,,,,HDPE,,,250 m,,
product.0_S_02_014_050050_BO,Pipa HDPE Telkom 50/42 x 50 Meter Biru Garis Orange,HDPE,PIPA HDPE,2609,Export ERP master_product_updated.xlsx (diunduh 2026-10-06),Warna: Orange,,,50 mm,,,,HDPE,,,50 m,,
__export__.product_product_18885,Pipa HDPE Telkom 50/42 x 50 Meter Hitam Garis Kuning,HDPE,PIPA HDPE,2610,Export ERP master_product_updated.xlsx (diunduh 2026-10-06),Warna: Hitam,,,50 mm,,,,HDPE,,,50 m,,
product.0_S_02_013_050050_MB,Pipa HDPE Telkom 50/42 x 50 Meter Merah Garis Biru,HDPE,PIPA HDPE,2611,Export ERP master_product_updated.xlsx (diunduh 2026-10-06),Warna: Biru,,,50 mm,,,,HDPE,,,50 m,,
product.0_S_02_012_050050_OB,Pipa HDPE Telkom 50/42 x 50 Meter Orange Garis Biru,HDPE,PIPA HDPE,2612,Export ERP master_product_updated.xlsx (diunduh 2026-10-06),Warna: Orange,,,50 mm,,,,HDPE,,,50 m,,
__export__.product_product_18431,Pipa HDPE Telkom 50/42 x 100 Meter Biru,HDPE,PIPA HDPE,2613,Export ERP master_product_updated.xlsx (diunduh 2026-10-06),Warna: Biru,,,50 mm,,,,HDPE,,,100 m,,
product.0_S_02_014_050100_BO,Pipa HDPE Telkom 50/42 x 100 Meter Biru Garis Orange,HDPE,PIPA HDPE,2614,Export ERP master_product_updated.xlsx (diunduh 2026-10-06),Warna: Orange,,,50 mm,,,,HDPE,,,100 m,,
__export__.product_product_17256,Pipa HDPE Telkom 50/42 x 100 Meter Biru Garis Putih,HDPE,PIPA HDPE,2615,Export ERP master_product_updated.xlsx (diunduh 2026-10-06),Warna: Putih,,,50 mm,,,,HDPE,,,100 m,,
__export__.product_product_19434,Pipa HDPE Telkom 50/42 x 100 Meter Hitam Garis Biru,HDPE,PIPA HDPE,2616,Export ERP master_product_updated.xlsx (diunduh 2026-10-06),Warna: Hitam,,,50 mm,,,,HDPE,,,100 m,,
product.0_S_02_013_050100_MB,Pipa HDPE Telkom 50/42 x 100 Meter Merah Garis Biru,HDPE,PIPA HDPE,2617,Export ERP master_product_updated.xlsx (diunduh 2026-10-06),Warna: Biru,,,50 mm,,,,HDPE,,,100 m,,
product.0_S_02_012_050100_OB,Pipa HDPE Telkom 50/42 x 100 Meter Orange Garis Biru,HDPE,PIPA HDPE,2618,Export ERP master_product_updated.xlsx (diunduh 2026-10-06),Warna: Orange,,,50 mm,,,,HDPE,,,100 m,,
__export__.product_product_17508,Pipa HDPE Telkom 50/42 x 100 Meter Orange Garis Kuning,HDPE,PIPA HDPE,2619,Export ERP master_product_updated.xlsx (diunduh 2026-10-06),Warna: Orange,,,50 mm,,,,HDPE,,,100 m,,
__export__.product_product_18750,Pipa HDPE Telkom 50/42 x 100 Meter Ungu Garis Kuning,HDPE,PIPA HDPE,2620,Export ERP master_product_updated.xlsx (diunduh 2026-10-06),Warna: Kuning,,,50 mm,,,,HDPE,,,100 m,,
product.0_S_02_014_050150_BO,Pipa HDPE Telkom 50/42 x 150 Meter Biru Garis Orange,HDPE,PIPA HDPE,2621,Export ERP master_product_updated.xlsx (diunduh 2026-10-06),Warna: Orange,,,50 mm,,,,HDPE,,,150 m,,
product.0_S_02_013_050150_MB,Pipa HDPE Telkom 50/42 x 150 Meter Merah Garis Biru,HDPE,PIPA HDPE,2622,Export ERP master_product_updated.xlsx (diunduh 2026-10-06),Warna: Biru,,,50 mm,,,,HDPE,,,150 m,,
product.0_S_02_012_050150_OB,Pipa HDPE Telkom 50/42 x 150 Meter Orange Garis Biru,HDPE,PIPA HDPE,2623,Export ERP master_product_updated.xlsx (diunduh 2026-10-06),Warna: Orange,,,50 mm,,,,HDPE,,,150 m,,
__export__.product_product_11609,Pipa HDPE Telkom 50/42 x 200 Meter Biru Garis Hitam,HDPE,PIPA HDPE,2624,Export ERP master_product_updated.xlsx (diunduh 2026-10-06),Warna: Hitam,,,50 mm,,,,HDPE,,,200 m,,
product.0_S_02_014_050200_BO,Pipa HDPE Telkom 50/42 x 200 Meter Biru Garis Orange,HDPE,PIPA HDPE,2625,Export ERP master_product_updated.xlsx (diunduh 2026-10-06),Warna: Orange,,,50 mm,,,,HDPE,,,200 m,,
__export__.product_product_17254,Pipa HDPE Telkom 50/42 x 200 Meter Biru Garis Putih,HDPE,PIPA HDPE,2626,Export ERP master_product_updated.xlsx (diunduh 2026-10-06),Warna: Putih,,,50 mm,,,,HDPE,,,200 m,,
__export__.product_product_11434,Pipa HDPE Telkom 50/42 x 200 M Dark Blue With 4 Black Strip,HDPE,PIPA HDPE,2627,Export ERP master_product_updated.xlsx (diunduh 2026-10-06),,,,50 mm,,,,HDPE,,,200 m,,
__export__.product_product_19630,Pipa HDPE Telkom 50/42 x 200 Meter Hitam Garis Biru,HDPE,PIPA HDPE,2628,Export ERP master_product_updated.xlsx (diunduh 2026-10-06),Warna: Hitam,,,50 mm,,,,HDPE,,,200 m,,
product.0_S_02_013_050200_MB,Pipa HDPE Telkom 50/42 x 200 Meter Merah Garis Biru,HDPE,PIPA HDPE,2629,Export ERP master_product_updated.xlsx (diunduh 2026-10-06),Warna: Biru,,,50 mm,,,,HDPE,,,200 m,,
product.0_S_02_012_050200_OB,Pipa HDPE Telkom 50/42 x 200 Meter Orange Garis Biru,HDPE,PIPA HDPE,2630,Export ERP master_product_updated.xlsx (diunduh 2026-10-06),Warna: Orange,,,50 mm,,,,HDPE,,,200 m,,
product.0_S_02_014_050250_BO,Pipa HDPE Telkom 50/42 x 250 Meter Biru garis Orange,HDPE,PIPA HDPE,2631,Export ERP master_product_updated.xlsx (diunduh 2026-10-06),Warna: Orange,,,50 mm,,,,HDPE,,,250 m,,
product.0_S_02_013_050250_MB,Pipa HDPE Telkom 50/42 x 250 Meter Merah Garis Biru,HDPE,PIPA HDPE,2632,Export ERP master_product_updated.xlsx (diunduh 2026-10-06),Warna: Biru,,,50 mm,,,,HDPE,,,250 m,,
product.0_S_02_012_050250_OB,Pipa HDPE Telkom 50/42 x 250 Meter Orange Garis Biru,HDPE,PIPA HDPE,2633,Export ERP master_product_updated.xlsx (diunduh 2026-10-06),Warna: Orange,,,50 mm,,,,HDPE,,,250 m,,
__export__.product_product_11720,HDPE Pejal 63 mm,FITTING HDPE,FITTING · PEJAL,2634,Export ERP master_product_updated.xlsx (diunduh 2026-10-06),,,,63 mm,,,,HDPE,,,,,
__export__.product_product_11721,HDPE Pejal 90 mm,FITTING HDPE,FITTING · PEJAL,2635,Export ERP master_product_updated.xlsx (diunduh 2026-10-06),,,,90 mm,,,,HDPE,,,,,
__export__.product_product_11722,HDPE Pejal 100 mm,FITTING HDPE,FITTING · PEJAL,2636,Export ERP master_product_updated.xlsx (diunduh 2026-10-06),,,,100 mm,,,,HDPE,,,,,
__export__.product_product_11838,HDPE Pejal 110 mm,FITTING HDPE,FITTING · PEJAL,2637,Export ERP master_product_updated.xlsx (diunduh 2026-10-06),,,,110 mm,,,,HDPE,,,,,
__export__.product_product_11723,HDPE Pejal 114 mm,FITTING HDPE,FITTING · PEJAL,2638,Export ERP master_product_updated.xlsx (diunduh 2026-10-06),,,,114 mm,,,,HDPE,,,,,
__export__.product_product_11728,HDPE Pejal 125 mm,FITTING HDPE,FITTING · PEJAL,2639,Export ERP master_product_updated.xlsx (diunduh 2026-10-06),,,,125 mm,,,,HDPE,,,,,
__export__.product_product_12379,HDPE Pejal 140 mm,FITTING HDPE,FITTING · PEJAL,2640,Export ERP master_product_updated.xlsx (diunduh 2026-10-06),,,,140 mm,,,,HDPE,,,,,
__export__.product_product_11725,HDPE Pejal 160 mm,FITTING HDPE,FITTING · PEJAL,2641,Export ERP master_product_updated.xlsx (diunduh 2026-10-06),,,,160 mm,,,,HDPE,,,,,
__export__.product_product_12118,HDPE Pejal 200 mm,FITTING HDPE,FITTING · PEJAL,2642,Export ERP master_product_updated.xlsx (diunduh 2026-10-06),,,,200 mm,,,,HDPE,,,,,
__export__.product_product_12585,HDPE Pejal 225 mm,FITTING HDPE,FITTING · PEJAL,2643,Export ERP master_product_updated.xlsx (diunduh 2026-10-06),,,,225 mm,,,,HDPE,,,,,
__export__.product_product_11726,HDPE Pejal 250 mm,FITTING HDPE,FITTING · PEJAL,2644,Export ERP master_product_updated.xlsx (diunduh 2026-10-06),,,,250 mm,,,,HDPE,,,,,
__export__.product_product_11727,HDPE Pejal 315 mm,FITTING HDPE,FITTING · PEJAL,2645,Export ERP master_product_updated.xlsx (diunduh 2026-10-06),,,,315 mm,,,,HDPE,,,,,
__export__.product_product_11837,HDPE Pejal 400 mm,FITTING HDPE,FITTING · PEJAL,2646,Export ERP master_product_updated.xlsx (diunduh 2026-10-06),,,,400 mm,,,,HDPE,,,,,
__export__.product_product_18524,Pipa MDPE SDR-11 20 mm x 6 Meter Kuning,MDPE,PIPA MDPE,2647,Export ERP master_product_updated.xlsx (diunduh 2026-10-06),Warna: Kuning,,,20 mm,,,,MDPE,,SDR 11,6 m,,
product.0_S_03_011_020100_00,Pipa MDPE SDR-11 20 mm x 100 Meter Kuning,MDPE,PIPA MDPE,2648,Export ERP master_product_updated.xlsx (diunduh 2026-10-06),Warna: Kuning,,,20 mm,,,,MDPE,,SDR 11,100 m,,
product.0_S_03_011_025100_00,Pipa MDPE SDR-11 25 mm x 100 Meter Kuning,MDPE,PIPA MDPE,2649,Export ERP master_product_updated.xlsx (diunduh 2026-10-06),Warna: Kuning,,,25 mm,,,,MDPE,,SDR 11,100 m,,
product.0_S_03_011_032100_00,Pipa MDPE SDR-11 32 mm x 100 Meter Kuning,MDPE,PIPA MDPE,2650,Export ERP master_product_updated.xlsx (diunduh 2026-10-06),Warna: Kuning,,,32 mm,,,,MDPE,,SDR 11,100 m,,
product.0_S_03_011_040100_00,Pipa MDPE SDR-11 40 mm x 100 Meter Kuning,MDPE,PIPA MDPE,2651,Export ERP master_product_updated.xlsx (diunduh 2026-10-06),Warna: Kuning,,,40 mm,,,,MDPE,,SDR 11,100 m,,
product.0_S_03_011_050100_00,Pipa MDPE SDR-11 50 mm x 100 Meter Kuning,MDPE,PIPA MDPE,2652,Export ERP master_product_updated.xlsx (diunduh 2026-10-06),Warna: Kuning,,,50 mm,,,,MDPE,,SDR 11,100 m,,
__export__.product_product_16658,Pipa MDPE SDR-11 63 mm x 5.8 Meter Kuning,MDPE,PIPA MDPE,2653,Export ERP master_product_updated.xlsx (diunduh 2026-10-06),Warna: Kuning,,,63 mm,,,,MDPE,,SDR 11,5.8 m,,
product.0_S_03_011_063006_00,Pipa MDPE SDR-11 63 mm x 6 Meter Kuning,MDPE,PIPA MDPE,2654,Export ERP master_product_updated.xlsx (diunduh 2026-10-06),Warna: Kuning,,,63 mm,,,,MDPE,,SDR 11,6 m,,
__export__.product_product_16657,Pipa MDPE SDR-11 63 mm x 11.8 Meter Kuning,MDPE,PIPA MDPE,2655,Export ERP master_product_updated.xlsx (diunduh 2026-10-06),Warna: Kuning,,,63 mm,,,,MDPE,,SDR 11,11.8 m,,
product.0_S_03_011_063100_00,Pipa MDPE SDR-11 63 mm x 100 Meter Kuning,MDPE,PIPA MDPE,2656,Export ERP master_product_updated.xlsx (diunduh 2026-10-06),Warna: Kuning,,,63 mm,,,,MDPE,,SDR 11,100 m,,
product.0_S_03_011_090006_00,Pipa MDPE SDR-11 90 mm x 6 Meter Kuning,MDPE,PIPA MDPE,2657,Export ERP master_product_updated.xlsx (diunduh 2026-10-06),Warna: Kuning,,,90 mm,,,,MDPE,,SDR 11,6 m,,
product.0_S_03_011_090100_00,Pipa MDPE SDR-11 90 mm x 100 Meter Kuning,MDPE,PIPA MDPE,2658,Export ERP master_product_updated.xlsx (diunduh 2026-10-06),Warna: Kuning,,,90 mm,,,,MDPE,,SDR 11,100 m,,
product.0_S_03_011_110006_00,Pipa MDPE SDR-11 110 mm x 6 Meter Kuning,MDPE,PIPA MDPE,2659,Export ERP master_product_updated.xlsx (diunduh 2026-10-06),Warna: Kuning,,,110 mm,,,,MDPE,,SDR 11,6 m,,
product.0_S_03_011_110100_00,Pipa MDPE SDR-11 110 mm x 100 Meter Kuning,MDPE,PIPA MDPE,2660,Export ERP master_product_updated.xlsx (diunduh 2026-10-06),Warna: Kuning,,,110 mm,,,,MDPE,,SDR 11,100 m,,
__export__.product_product_16660,Pipa MDPE SDR-11 125 mm x 5.8 Meter Kuning,MDPE,PIPA MDPE,2661,Export ERP master_product_updated.xlsx (diunduh 2026-10-06),Warna: Kuning,,,125 mm,,,,MDPE,,SDR 11,5.8 m,,
product.0_S_03_011_125006_00,Pipa MDPE SDR-11 125 mm x 6 Meter Kuning,MDPE,PIPA MDPE,2662,Export ERP master_product_updated.xlsx (diunduh 2026-10-06),Warna: Kuning,,,125 mm,,,,MDPE,,SDR 11,6 m,,
__export__.product_product_16659,Pipa MDPE SDR-11 125 mm x 11.8 Meter Kuning,MDPE,PIPA MDPE,2663,Export ERP master_product_updated.xlsx (diunduh 2026-10-06),Warna: Kuning,,,125 mm,,,,MDPE,,SDR 11,11.8 m,,
__export__.product_product_16678,Pipa MDPE SDR-11 125 mm x 12 Meter Kuning,MDPE,PIPA MDPE,2664,Export ERP master_product_updated.xlsx (diunduh 2026-10-06),Warna: Kuning,,,125 mm,,,,MDPE,,SDR 11,12 m,,
product.0_S_03_011_125100_00,Pipa MDPE SDR-11 125 mm x 100 Meter Kuning,MDPE,PIPA MDPE,2665,Export ERP master_product_updated.xlsx (diunduh 2026-10-06),Warna: Kuning,,,125 mm,,,,MDPE,,SDR 11,100 m,,
product.0_S_03_011_140100_00,Pipa MDPE SDR-11 140 mm x 100 Meter Kuning,MDPE,PIPA MDPE,2666,Export ERP master_product_updated.xlsx (diunduh 2026-10-06),Warna: Kuning,,,140 mm,,,,MDPE,,SDR 11,100 m,,
product.0_S_03_011_160006_00,Pipa MDPE SDR-11 160 mm x 6 Meter Kuning,MDPE,PIPA MDPE,2667,Export ERP master_product_updated.xlsx (diunduh 2026-10-06),Warna: Kuning,,,160 mm,,,,MDPE,,SDR 11,6 m,,
__export__.product_product_16656,Pipa MDPE SDR-11 180 mm x 5.8 Meter Kuning,MDPE,PIPA MDPE,2668,Export ERP master_product_updated.xlsx (diunduh 2026-10-06),Warna: Kuning,,,180 mm,,,,MDPE,,SDR 11,5.8 m,,
product.0_S_03_011_180006_00,Pipa MDPE SDR-11 180 mm x 6 Meter Kuning,MDPE,PIPA MDPE,2669,Export ERP master_product_updated.xlsx (diunduh 2026-10-06),Warna: Kuning,,,180 mm,,,,MDPE,,SDR 11,6 m,,
__export__.product_product_16655,Pipa MDPE SDR-11 180 mm x 11.8 Meter Kuning,MDPE,PIPA MDPE,2670,Export ERP master_product_updated.xlsx (diunduh 2026-10-06),Warna: Kuning,,,180 mm,,,,MDPE,,SDR 11,11.8 m,,
product.0_S_03_011_200006_00,Pipa MDPE SDR-11 200 mm x 6 Meter Kuning,MDPE,PIPA MDPE,2671,Export ERP master_product_updated.xlsx (diunduh 2026-10-06),Warna: Kuning,,,200 mm,,,,MDPE,,SDR 11,6 m,,
product.0_S_03_011_225006_00,Pipa MDPE SDR-11 225 mm x 6 Meter Kuning,MDPE,PIPA MDPE,2672,Export ERP master_product_updated.xlsx (diunduh 2026-10-06),Warna: Kuning,,,225 mm,,,,MDPE,,SDR 11,6 m,,
product.0_S_03_011_250006_00,Pipa MDPE SDR-11 250 mm x 6 Meter Kuning,MDPE,PIPA MDPE,2673,Export ERP master_product_updated.xlsx (diunduh 2026-10-06),Warna: Kuning,,,250 mm,,,,MDPE,,SDR 11,6 m,,
product.0_S_03_011_280006_00,Pipa MDPE SDR-11 280 mm x 6 Meter Kuning,MDPE,PIPA MDPE,2674,Export ERP master_product_updated.xlsx (diunduh 2026-10-06),Warna: Kuning,,,280 mm,,,,MDPE,,SDR 11,6 m,,
product.0_S_03_011_315006_00,Pipa MDPE SDR-11 315 mm x 6 Meter Kuning,MDPE,PIPA MDPE,2675,Export ERP master_product_updated.xlsx (diunduh 2026-10-06),Warna: Kuning,,,315 mm,,,,MDPE,,SDR 11,6 m,,
product.0_S_03_011_355006_00,Pipa MDPE SDR-11 355 mm x 6 Meter Kuning,MDPE,PIPA MDPE,2676,Export ERP master_product_updated.xlsx (diunduh 2026-10-06),Warna: Kuning,,,355 mm,,,,MDPE,,SDR 11,6 m,,
product.0_S_03_011_400006_00,Pipa MDPE SDR-11 400 mm x 6 Meter Kuning,MDPE,PIPA MDPE,2677,Export ERP master_product_updated.xlsx (diunduh 2026-10-06),Warna: Kuning,,,400 mm,,,,MDPE,,SDR 11,6 m,,
product.0_S_03_011_450006_00,Pipa MDPE SDR-11 450 mm x 6 Meter Kuning,MDPE,PIPA MDPE,2678,Export ERP master_product_updated.xlsx (diunduh 2026-10-06),Warna: Kuning,,,450 mm,,,,MDPE,,SDR 11,6 m,,
product.0_S_03_011_500006_00,Pipa MDPE SDR-11 500 mm x 6 Meter Kuning,MDPE,PIPA MDPE,2679,Export ERP master_product_updated.xlsx (diunduh 2026-10-06),Warna: Kuning,,,500 mm,,,,MDPE,,SDR 11,6 m,,
product.0_S_03_011_560006_00,Pipa MDPE SDR-11 560 mm x 6 Meter Kuning,MDPE,PIPA MDPE,2680,Export ERP master_product_updated.xlsx (diunduh 2026-10-06),Warna: Kuning,,,560 mm,,,,MDPE,,SDR 11,6 m,,
product.0_S_03_011_630006_00,Pipa MDPE SDR-11 630 mm x 6 Meter Kuning,MDPE,PIPA MDPE,2681,Export ERP master_product_updated.xlsx (diunduh 2026-10-06),Warna: Kuning,,,630 mm,,,,MDPE,,SDR 11,6 m,,
product.0_S_03_017_020100_00,Pipa MDPE SDR-17 20 mm x 100 Meter Kuning,MDPE,PIPA MDPE,2682,Export ERP master_product_updated.xlsx (diunduh 2026-10-06),Warna: Kuning,,,20 mm,,,,MDPE,,SDR 17,100 m,,
product.0_S_03_017_025100_00,Pipa MDPE SDR-17 25 mm x 100 Meter Kuning,MDPE,PIPA MDPE,2683,Export ERP master_product_updated.xlsx (diunduh 2026-10-06),Warna: Kuning,,,25 mm,,,,MDPE,,SDR 17,100 m,,
product.0_S_03_017_032100_00,Pipa MDPE SDR-17 32 mm x 100 Meter Kuning,MDPE,PIPA MDPE,2684,Export ERP master_product_updated.xlsx (diunduh 2026-10-06),Warna: Kuning,,,32 mm,,,,MDPE,,SDR 17,100 m,,
product.0_S_03_017_040100_00,Pipa MDPE SDR-17 40 mm x 100 Meter Kuning,MDPE,PIPA MDPE,2685,Export ERP master_product_updated.xlsx (diunduh 2026-10-06),Warna: Kuning,,,40 mm,,,,MDPE,,SDR 17,100 m,,
product.0_S_03_017_050100_00,Pipa MDPE SDR-17 50 mm x 100 Meter Kuning,MDPE,PIPA MDPE,2686,Export ERP master_product_updated.xlsx (diunduh 2026-10-06),Warna: Kuning,,,50 mm,,,,MDPE,,SDR 17,100 m,,
product.0_S_03_017_063100_00,Pipa MDPE SDR-17 63 mm x 100 Meter Kuning,MDPE,PIPA MDPE,2687,Export ERP master_product_updated.xlsx (diunduh 2026-10-06),Warna: Kuning,,,63 mm,,,,MDPE,,SDR 17,100 m,,
product.0_S_03_011_075100_00,Pipa MDPE SDR-11 75 mm x 100 Meter Kuning,MDPE,PIPA MDPE,2688,Export ERP master_product_updated.xlsx (diunduh 2026-10-06),Warna: Kuning,,,75 mm,,,,MDPE,,SDR 11,100 m,,
product.0_S_03_017_075100_00,Pipa MDPE SDR-17 75 mm x 100 Meter Kuning,MDPE,PIPA MDPE,2689,Export ERP master_product_updated.xlsx (diunduh 2026-10-06),Warna: Kuning,,,75 mm,,,,MDPE,,SDR 17,100 m,,
product.0_S_03_017_090100_00,Pipa MDPE SDR-17 90 mm x 100 Meter Kuning,MDPE,PIPA MDPE,2690,Export ERP master_product_updated.xlsx (diunduh 2026-10-06),Warna: Kuning,,,90 mm,,,,MDPE,,SDR 17,100 m,,
product.0_S_03_017_110006_00,Pipa MDPE SDR-17 110 mm x 6 Meter Kuning,MDPE,PIPA MDPE,2691,Export ERP master_product_updated.xlsx (diunduh 2026-10-06),Warna: Kuning,,,110 mm,,,,MDPE,,SDR 17,6 m,,
product.0_S_03_017_125006_00,Pipa MDPE SDR-17 125 mm x 6 Meter Kuning,MDPE,PIPA MDPE,2692,Export ERP master_product_updated.xlsx (diunduh 2026-10-06),Warna: Kuning,,,125 mm,,,,MDPE,,SDR 17,6 m,,
product.0_S_03_017_140006_00,Pipa MDPE SDR-17 140 mm x 6 Meter Kuning,MDPE,PIPA MDPE,2693,Export ERP master_product_updated.xlsx (diunduh 2026-10-06),Warna: Kuning,,,140 mm,,,,MDPE,,SDR 17,6 m,,
product.0_S_03_017_160006_00,Pipa MDPE SDR-17 160 mm x 6 Meter Kuning,MDPE,PIPA MDPE,2694,Export ERP master_product_updated.xlsx (diunduh 2026-10-06),Warna: Kuning,,,160 mm,,,,MDPE,,SDR 17,6 m,,
product.0_S_03_017_180006_00,Pipa MDPE SDR-17 180 mm x 6 Meter Kuning,MDPE,PIPA MDPE,2695,Export ERP master_product_updated.xlsx (diunduh 2026-10-06),Warna: Kuning,,,180 mm,,,,MDPE,,SDR 17,6 m,,
product.0_S_03_017_200006_00,Pipa MDPE SDR-17 200 mm x 6 Meter Kuning,MDPE,PIPA MDPE,2696,Export ERP master_product_updated.xlsx (diunduh 2026-10-06),Warna: Kuning,,,200 mm,,,,MDPE,,SDR 17,6 m,,
product.0_S_03_017_225006_00,Pipa MDPE SDR-17 225 mm x 6 Meter Kuning,MDPE,PIPA MDPE,2697,Export ERP master_product_updated.xlsx (diunduh 2026-10-06),Warna: Kuning,,,225 mm,,,,MDPE,,SDR 17,6 m,,
product.0_S_03_017_250006_00,Pipa MDPE SDR-17 250 mm x 6 Meter Kuning,MDPE,PIPA MDPE,2698,Export ERP master_product_updated.xlsx (diunduh 2026-10-06),Warna: Kuning,,,250 mm,,,,MDPE,,SDR 17,6 m,,
product.0_S_03_017_280006_00,Pipa MDPE SDR-17 280 mm x 6 Meter Kuning,MDPE,PIPA MDPE,2699,Export ERP master_product_updated.xlsx (diunduh 2026-10-06),Warna: Kuning,,,280 mm,,,,MDPE,,SDR 17,6 m,,
product.0_S_03_017_315006_00,Pipa MDPE SDR-17 315 mm x 6 Meter Kuning,MDPE,PIPA MDPE,2700,Export ERP master_product_updated.xlsx (diunduh 2026-10-06),Warna: Kuning,,,315 mm,,,,MDPE,,SDR 17,6 m,,
product.0_S_03_017_355006_00,Pipa MDPE SDR-17 355 mm x 6 Meter Kuning,MDPE,PIPA MDPE,2701,Export ERP master_product_updated.xlsx (diunduh 2026-10-06),Warna: Kuning,,,355 mm,,,,MDPE,,SDR 17,6 m,,
product.0_S_03_017_400006_00,Pipa MDPE SDR-17 400 mm x 6 Meter Kuning,MDPE,PIPA MDPE,2702,Export ERP master_product_updated.xlsx (diunduh 2026-10-06),Warna: Kuning,,,400 mm,,,,MDPE,,SDR 17,6 m,,
product.0_S_03_017_450006_00,Pipa MDPE SDR-17 450 mm x 6 Meter Kuning,MDPE,PIPA MDPE,2703,Export ERP master_product_updated.xlsx (diunduh 2026-10-06),Warna: Kuning,,,450 mm,,,,MDPE,,SDR 17,6 m,,
product.0_S_03_017_500006_00,Pipa MDPE SDR-17 500 mm x 6 Meter Kuning,MDPE,PIPA MDPE,2704,Export ERP master_product_updated.xlsx (diunduh 2026-10-06),Warna: Kuning,,,500 mm,,,,MDPE,,SDR 17,6 m,,
product.0_S_03_017_560006_00,Pipa MDPE SDR-17 560 mm x 6 Meter Kuning,MDPE,PIPA MDPE,2705,Export ERP master_product_updated.xlsx (diunduh 2026-10-06),Warna: Kuning,,,560 mm,,,,MDPE,,SDR 17,6 m,,
product.0_S_03_017_630006_00,Pipa MDPE SDR-17 630 mm x 6 Meter Kuning,MDPE,PIPA MDPE,2706,Export ERP master_product_updated.xlsx (diunduh 2026-10-06),Warna: Kuning,,,630 mm,,,,MDPE,,SDR 17,6 m,,
product.0_S_03_026_016100_00,Pipa MDPE SDR-26 16 mm x 100 Meter Kuning,MDPE,PIPA MDPE,2707,Export ERP master_product_updated.xlsx (diunduh 2026-10-06),Warna: Kuning,,,16 mm,,,,MDPE,,SDR 26,100 m,,
product.0_S_03_026_020100_00,Pipa MDPE SDR-26 20 mm x 100 Meter Kuning,MDPE,PIPA MDPE,2708,Export ERP master_product_updated.xlsx (diunduh 2026-10-06),Warna: Kuning,,,20 mm,,,,MDPE,,SDR 26,100 m,,
product.0_S_03_026_025100_00,Pipa MDPE SDR-26 25 mm x 100 Meter Kuning,MDPE,PIPA MDPE,2709,Export ERP master_product_updated.xlsx (diunduh 2026-10-06),Warna: Kuning,,,25 mm,,,,MDPE,,SDR 26,100 m,,
product.0_S_03_026_032100_00,Pipa MDPE SDR-26 32 mm x 100 Meter Kuning,MDPE,PIPA MDPE,2710,Export ERP master_product_updated.xlsx (diunduh 2026-10-06),Warna: Kuning,,,32 mm,,,,MDPE,,SDR 26,100 m,,
product.0_S_03_026_040100_00,Pipa MDPE SDR-26 40 mm x 100 Meter Kuning,MDPE,PIPA MDPE,2711,Export ERP master_product_updated.xlsx (diunduh 2026-10-06),Warna: Kuning,,,40 mm,,,,MDPE,,SDR 26,100 m,,
product.0_S_03_026_050100_00,Pipa MDPE SDR-26 50 mm x 100 Meter Kuning,MDPE,PIPA MDPE,2712,Export ERP master_product_updated.xlsx (diunduh 2026-10-06),Warna: Kuning,,,50 mm,,,,MDPE,,SDR 26,100 m,,
product.0_S_03_026_063100_00,Pipa MDPE SDR-26 63 mm x 100 Meter Kuning,MDPE,PIPA MDPE,2713,Export ERP master_product_updated.xlsx (diunduh 2026-10-06),Warna: Kuning,,,63 mm,,,,MDPE,,SDR 26,100 m,,
product.0_S_03_026_075100_00,Pipa MDPE SDR-26 75 mm x 100 Meter Kuning,MDPE,PIPA MDPE,2714,Export ERP master_product_updated.xlsx (diunduh 2026-10-06),Warna: Kuning,,,75 mm,,,,MDPE,,SDR 26,100 m,,
product.0_S_03_026_090100_00,Pipa MDPE SDR-26 90 mm x 100 Meter Kuning,MDPE,PIPA MDPE,2715,Export ERP master_product_updated.xlsx (diunduh 2026-10-06),Warna: Kuning,,,90 mm,,,,MDPE,,SDR 26,100 m,,
product.0_S_03_026_110006_00,Pipa MDPE SDR-26 110 mm x 6 Meter Kuning,MDPE,PIPA MDPE,2716,Export ERP master_product_updated.xlsx (diunduh 2026-10-06),Warna: Kuning,,,110 mm,,,,MDPE,,SDR 26,6 m,,
product.0_S_03_026_125006_00,Pipa MDPE SDR-26 125 mm x 6 Meter Kuning,MDPE,PIPA MDPE,2717,Export ERP master_product_updated.xlsx (diunduh 2026-10-06),Warna: Kuning,,,125 mm,,,,MDPE,,SDR 26,6 m,,
__export__.product_product_16677,Pipa MDPE SDR-26 125 mm x 12 Meter Kuning,MDPE,PIPA MDPE,2718,Export ERP master_product_updated.xlsx (diunduh 2026-10-06),Warna: Kuning,,,125 mm,,,,MDPE,,SDR 26,12 m,,
product.0_S_03_026_140006_00,Pipa MDPE SDR-26 140 mm x 6 Meter Kuning,MDPE,PIPA MDPE,2719,Export ERP master_product_updated.xlsx (diunduh 2026-10-06),Warna: Kuning,,,140 mm,,,,MDPE,,SDR 26,6 m,,
product.0_S_03_026_160006_00,Pipa MDPE SDR-26 160 mm x 6 Meter Kuning,MDPE,PIPA MDPE,2720,Export ERP master_product_updated.xlsx (diunduh 2026-10-06),Warna: Kuning,,,160 mm,,,,MDPE,,SDR 26,6 m,,
product.0_S_03_026_180006_00,Pipa MDPE SDR-26 180 mm x 6 Meter Kuning,MDPE,PIPA MDPE,2721,Export ERP master_product_updated.xlsx (diunduh 2026-10-06),Warna: Kuning,,,180 mm,,,,MDPE,,SDR 26,6 m,,
product.0_S_03_026_200006_00,Pipa MDPE SDR-26 200 mm x 6 Meter Kuning,MDPE,PIPA MDPE,2722,Export ERP master_product_updated.xlsx (diunduh 2026-10-06),Warna: Kuning,,,200 mm,,,,MDPE,,SDR 26,6 m,,
product.0_S_03_026_225006_00,Pipa MDPE SDR-26 225 mm x 6 Meter Kuning,MDPE,PIPA MDPE,2723,Export ERP master_product_updated.xlsx (diunduh 2026-10-06),Warna: Kuning,,,225 mm,,,,MDPE,,SDR 26,6 m,,
product.0_S_03_026_250006_00,Pipa MDPE SDR-26 250 mm x 6 Meter Kuning,MDPE,PIPA MDPE,2724,Export ERP master_product_updated.xlsx (diunduh 2026-10-06),Warna: Kuning,,,250 mm,,,,MDPE,,SDR 26,6 m,,
product.0_S_03_026_280006_00,Pipa MDPE SDR-26 280 mm x 6 Meter Kuning,MDPE,PIPA MDPE,2725,Export ERP master_product_updated.xlsx (diunduh 2026-10-06),Warna: Kuning,,,280 mm,,,,MDPE,,SDR 26,6 m,,
product.0_S_03_026_315006_00,Pipa MDPE SDR-26 315 mm x 6 Meter Kuning,MDPE,PIPA MDPE,2726,Export ERP master_product_updated.xlsx (diunduh 2026-10-06),Warna: Kuning,,,315 mm,,,,MDPE,,SDR 26,6 m,,
product.0_S_03_026_355006_00,Pipa MDPE SDR-26 355 mm x 6 Meter Kuning,MDPE,PIPA MDPE,2727,Export ERP master_product_updated.xlsx (diunduh 2026-10-06),Warna: Kuning,,,355 mm,,,,MDPE,,SDR 26,6 m,,
product.0_S_03_026_400006_00,Pipa MDPE SDR-26 400 mm x 6 Meter Kuning,MDPE,PIPA MDPE,2728,Export ERP master_product_updated.xlsx (diunduh 2026-10-06),Warna: Kuning,,,400 mm,,,,MDPE,,SDR 26,6 m,,
product.0_S_03_026_450006_00,Pipa MDPE SDR-26 450 mm x 6 Meter Kuning,MDPE,PIPA MDPE,2729,Export ERP master_product_updated.xlsx (diunduh 2026-10-06),Warna: Kuning,,,450 mm,,,,MDPE,,SDR 26,6 m,,
product.0_S_03_026_500006_00,Pipa MDPE SDR-26 500 mm x 6 Meter Kuning,MDPE,PIPA MDPE,2730,Export ERP master_product_updated.xlsx (diunduh 2026-10-06),Warna: Kuning,,,500 mm,,,,MDPE,,SDR 26,6 m,,
product.0_S_03_026_560006_00,Pipa MDPE SDR-26 560 mm x 6 Meter Kuning,MDPE,PIPA MDPE,2731,Export ERP master_product_updated.xlsx (diunduh 2026-10-06),Warna: Kuning,,,560 mm,,,,MDPE,,SDR 26,6 m,,
product.0_S_03_026_630006_00,Pipa MDPE SDR-26 630 mm x 6 Meter Kuning,MDPE,PIPA MDPE,2732,Export ERP master_product_updated.xlsx (diunduh 2026-10-06),Warna: Kuning,,,630 mm,,,,MDPE,,SDR 26,6 m,,
product.0_S_03_176_020100_00,"Pipa MDPE SDR-17,6 20 mm x 100 Meter Kuning",MDPE,PIPA MDPE,2733,Export ERP master_product_updated.xlsx (diunduh 2026-10-06),Warna: Kuning,,,20 mm,,,,MDPE,,SDR 17.6,100 m,,
product.0_S_03_176_025100_00,"Pipa MDPE SDR-17,6 25 mm x 100 Meter Kuning",MDPE,PIPA MDPE,2734,Export ERP master_product_updated.xlsx (diunduh 2026-10-06),Warna: Kuning,,,25 mm,,,,MDPE,,SDR 17.6,100 m,,
product.0_S_03_176_032100_00,"Pipa MDPE SDR-17,6 32 mm x 100 Meter Kuning",MDPE,PIPA MDPE,2735,Export ERP master_product_updated.xlsx (diunduh 2026-10-06),Warna: Kuning,,,32 mm,,,,MDPE,,SDR 17.6,100 m,,
product.0_S_03_176_040100_00,"Pipa MDPE SDR-17,6 40 mm x 100 Meter Kuning",MDPE,PIPA MDPE,2736,Export ERP master_product_updated.xlsx (diunduh 2026-10-06),Warna: Kuning,,,40 mm,,,,MDPE,,SDR 17.6,100 m,,
product.0_S_03_176_050100_00,"Pipa MDPE SDR-17,6 50 mm x 100 Meter Kuning",MDPE,PIPA MDPE,2737,Export ERP master_product_updated.xlsx (diunduh 2026-10-06),Warna: Kuning,,,50 mm,,,,MDPE,,SDR 17.6,100 m,,
product.0_S_03_176_063100_00,"Pipa MDPE SDR-17,6 63 mm x 100 Meter Kuning",MDPE,PIPA MDPE,2738,Export ERP master_product_updated.xlsx (diunduh 2026-10-06),Warna: Kuning,,,63 mm,,,,MDPE,,SDR 17.6,100 m,,
product.0_S_03_176_075100_00,"Pipa MDPE SDR-17,6 75 mm x 100 Meter Kuning",MDPE,PIPA MDPE,2739,Export ERP master_product_updated.xlsx (diunduh 2026-10-06),Warna: Kuning,,,75 mm,,,,MDPE,,SDR 17.6,100 m,,
product.0_S_03_176_090100_00,"Pipa MDPE SDR-17,6 90 mm x 100 Meter Kuning",MDPE,PIPA MDPE,2740,Export ERP master_product_updated.xlsx (diunduh 2026-10-06),Warna: Kuning,,,90 mm,,,,MDPE,,SDR 17.6,100 m,,
product.0_S_03_176_110006_00,"Pipa MDPE SDR-17,6 110 mm x 6 Meter Kuning",MDPE,PIPA MDPE,2741,Export ERP master_product_updated.xlsx (diunduh 2026-10-06),Warna: Kuning,,,110 mm,,,,MDPE,,SDR 17.6,6 m,,
product.0_S_03_176_125006_00,"Pipa MDPE SDR-17,6 125 mm x 6 Meter Kuning",MDPE,PIPA MDPE,2742,Export ERP master_product_updated.xlsx (diunduh 2026-10-06),Warna: Kuning,,,125 mm,,,,MDPE,,SDR 17.6,6 m,,
product.0_S_03_176_140006_00,"Pipa MDPE SDR-17,6 140 mm x 6 Meter Kuning",MDPE,PIPA MDPE,2743,Export ERP master_product_updated.xlsx (diunduh 2026-10-06),Warna: Kuning,,,140 mm,,,,MDPE,,SDR 17.6,6 m,,
product.0_S_03_176_160006_00,"Pipa MDPE SDR-17,6 160 mm x 6 Meter Kuning",MDPE,PIPA MDPE,2744,Export ERP master_product_updated.xlsx (diunduh 2026-10-06),Warna: Kuning,,,160 mm,,,,MDPE,,SDR 17.6,6 m,,
product.0_S_03_176_180006_00,"Pipa MDPE SDR-17,6 180 mm x 6 Meter Kuning",MDPE,PIPA MDPE,2745,Export ERP master_product_updated.xlsx (diunduh 2026-10-06),Warna: Kuning,,,180 mm,,,,MDPE,,SDR 17.6,6 m,,
product.0_S_03_176_200006_00,"Pipa MDPE SDR-17,6 200 mm x 6 Meter Kuning",MDPE,PIPA MDPE,2746,Export ERP master_product_updated.xlsx (diunduh 2026-10-06),Warna: Kuning,,,200 mm,,,,MDPE,,SDR 17.6,6 m,,
product.0_S_03_176_225006_00,"Pipa MDPE SDR-17,6 225 mm x 6 Meter Kuning",MDPE,PIPA MDPE,2747,Export ERP master_product_updated.xlsx (diunduh 2026-10-06),Warna: Kuning,,,225 mm,,,,MDPE,,SDR 17.6,6 m,,
product.0_S_03_176_250006_00,"Pipa MDPE SDR-17,6 250 mm x 6 Meter Kuning",MDPE,PIPA MDPE,2748,Export ERP master_product_updated.xlsx (diunduh 2026-10-06),Warna: Kuning,,,250 mm,,,,MDPE,,SDR 17.6,6 m,,
product.0_S_03_176_280006_00,"Pipa MDPE SDR-17,6 280 mm x 6 Meter Kuning",MDPE,PIPA MDPE,2749,Export ERP master_product_updated.xlsx (diunduh 2026-10-06),Warna: Kuning,,,280 mm,,,,MDPE,,SDR 17.6,6 m,,
product.0_S_03_176_315006_00,"Pipa MDPE SDR-17,6 315 mm x 6 Meter Kuning",MDPE,PIPA MDPE,2750,Export ERP master_product_updated.xlsx (diunduh 2026-10-06),Warna: Kuning,,,315 mm,,,,MDPE,,SDR 17.6,6 m,,
product.0_S_03_176_355006_00,"Pipa MDPE SDR-17,6 355 mm x 6 Meter Kuning",MDPE,PIPA MDPE,2751,Export ERP master_product_updated.xlsx (diunduh 2026-10-06),Warna: Kuning,,,355 mm,,,,MDPE,,SDR 17.6,6 m,,
product.0_S_03_176_400006_00,"Pipa MDPE SDR-17,6 400 mm x 6 Meter Kuning",MDPE,PIPA MDPE,2752,Export ERP master_product_updated.xlsx (diunduh 2026-10-06),Warna: Kuning,,,400 mm,,,,MDPE,,SDR 17.6,6 m,,
product.0_S_03_176_450006_00,"Pipa MDPE SDR-17,6 450 mm x 6 Meter Kuning",MDPE,PIPA MDPE,2753,Export ERP master_product_updated.xlsx (diunduh 2026-10-06),Warna: Kuning,,,450 mm,,,,MDPE,,SDR 17.6,6 m,,
product.0_S_03_176_500006_00,"Pipa MDPE SDR-17,6 500 mm x 6 Meter Kuning",MDPE,PIPA MDPE,2754,Export ERP master_product_updated.xlsx (diunduh 2026-10-06),Warna: Kuning,,,500 mm,,,,MDPE,,SDR 17.6,6 m,,
product.0_S_03_176_560006_00,"Pipa MDPE SDR-17,6 560 mm x 6 Meter Kuning",MDPE,PIPA MDPE,2755,Export ERP master_product_updated.xlsx (diunduh 2026-10-06),Warna: Kuning,,,560 mm,,,,MDPE,,SDR 17.6,6 m,,
product.0_S_03_176_630006_00,"Pipa MDPE SDR-17,6 630 mm x 6 Meter Kuning",MDPE,PIPA MDPE,2756,Export ERP master_product_updated.xlsx (diunduh 2026-10-06),Warna: Kuning,,,630 mm,,,,MDPE,,SDR 17.6,6 m,,
__export__.product_product_19379,Pipa HDPE Gas SDR-13.6 25 mm x 100 Meter Kuning,HDPE,PIPA HDPE,2757,Export ERP master_product_updated.xlsx (diunduh 2026-10-06),Warna: Kuning,,,25 mm,,,,HDPE,,SDR 13.6,100 m,,
__export__.product_product_19380,Pipa HDPE Gas SDR-13.6 32 mm x 100 Meter Kuning,HDPE,PIPA HDPE,2758,Export ERP master_product_updated.xlsx (diunduh 2026-10-06),Warna: Kuning,,,32 mm,,,,HDPE,,SDR 13.6,100 m,,
__export__.product_product_19381,Pipa HDPE Gas SDR-13.6 40 mm x 100 Meter Kuning,HDPE,PIPA HDPE,2759,Export ERP master_product_updated.xlsx (diunduh 2026-10-06),Warna: Kuning,,,40 mm,,,,HDPE,,SDR 13.6,100 m,,
__export__.product_product_19382,Pipa HDPE Gas SDR-13.6 50 mm x 100 Meter Kuning,HDPE,PIPA HDPE,2760,Export ERP master_product_updated.xlsx (diunduh 2026-10-06),Warna: Kuning,,,50 mm,,,,HDPE,,SDR 13.6,100 m,,
__export__.product_product_19383,Pipa HDPE Gas SDR-13.6 63 mm x 6 Meter Kuning,HDPE,PIPA HDPE,2761,Export ERP master_product_updated.xlsx (diunduh 2026-10-06),Warna: Kuning,,,63 mm,,,,HDPE,,SDR 13.6,6 m,,
__export__.product_product_19407,Pipa HDPE Gas SDR-13.6 63 mm x 100 Meter Kuning,HDPE,PIPA HDPE,2762,Export ERP master_product_updated.xlsx (diunduh 2026-10-06),Warna: Kuning,,,63 mm,,,,HDPE,,SDR 13.6,100 m,,
__export__.product_product_19384,Pipa HDPE Gas SDR-13.6 75 mm x 6 Meter Kuning,HDPE,PIPA HDPE,2763,Export ERP master_product_updated.xlsx (diunduh 2026-10-06),Warna: Kuning,,,75 mm,,,,HDPE,,SDR 13.6,6 m,,
__export__.product_product_19385,Pipa HDPE Gas SDR-13.6 90 mm x 6 Meter Kuning,HDPE,PIPA HDPE,2764,Export ERP master_product_updated.xlsx (diunduh 2026-10-06),Warna: Kuning,,,90 mm,,,,HDPE,,SDR 13.6,6 m,,
__export__.product_product_19408,Pipa HDPE Gas SDR-13.6 90 mm x 50 Meter Kuning,HDPE,PIPA HDPE,2765,Export ERP master_product_updated.xlsx (diunduh 2026-10-06),Warna: Kuning,,,90 mm,,,,HDPE,,SDR 13.6,50 m,,
__export__.product_product_19409,Pipa HDPE Gas SDR-13.6 90 mm x 100 Meter Kuning,HDPE,PIPA HDPE,2766,Export ERP master_product_updated.xlsx (diunduh 2026-10-06),Warna: Kuning,,,90 mm,,,,HDPE,,SDR 13.6,100 m,,
__export__.product_product_19386,Pipa HDPE Gas SDR-13.6 110 mm x 6 Meter Kuning,HDPE,PIPA HDPE,2767,Export ERP master_product_updated.xlsx (diunduh 2026-10-06),Warna: Kuning,,,110 mm,,,,HDPE,,SDR 13.6,6 m,,
__export__.product_product_19410,Pipa HDPE Gas SDR-13.6 125 mm x 5.8 Meter Kuning,HDPE,PIPA HDPE,2768,Export ERP master_product_updated.xlsx (diunduh 2026-10-06),Warna: Kuning,,,125 mm,,,,HDPE,,SDR 13.6,5.8 m,,
__export__.product_product_19387,Pipa HDPE Gas SDR-13.6 125 mm x 6 Meter Kuning,HDPE,PIPA HDPE,2769,Export ERP master_product_updated.xlsx (diunduh 2026-10-06),Warna: Kuning,,,125 mm,,,,HDPE,,SDR 13.6,6 m,,
__export__.product_product_19388,Pipa HDPE Gas SDR-13.6 140 mm x 6 Meter Kuning,HDPE,PIPA HDPE,2770,Export ERP master_product_updated.xlsx (diunduh 2026-10-06),Warna: Kuning,,,140 mm,,,,HDPE,,SDR 13.6,6 m,,
__export__.product_product_19389,Pipa HDPE Gas SDR-13.6 160 mm x 6 Meter Kuning,HDPE,PIPA HDPE,2771,Export ERP master_product_updated.xlsx (diunduh 2026-10-06),Warna: Kuning,,,160 mm,,,,HDPE,,SDR 13.6,6 m,,
__export__.product_product_19411,Pipa HDPE Gas SDR-13.6 180 mm x 5.8 Meter Kuning,HDPE,PIPA HDPE,2772,Export ERP master_product_updated.xlsx (diunduh 2026-10-06),Warna: Kuning,,,180 mm,,,,HDPE,,SDR 13.6,5.8 m,,
__export__.product_product_19279,Pipa HDPE Gas SDR-13.6 180 mm x 12 Meter Kuning,HDPE,PIPA HDPE,2773,Export ERP master_product_updated.xlsx (diunduh 2026-10-06),Warna: Kuning,,,180 mm,,,,HDPE,,SDR 13.6,12 m,,
__export__.product_product_19390,Pipa HDPE Gas SDR-13.6 200 mm x 6 Meter Kuning,HDPE,PIPA HDPE,2774,Export ERP master_product_updated.xlsx (diunduh 2026-10-06),Warna: Kuning,,,200 mm,,,,HDPE,,SDR 13.6,6 m,,
__export__.product_product_19682,Pipa HDPE Gas SDR-13.6 200 mm x 10 Meter Kuning,HDPE,PIPA HDPE,2775,Export ERP master_product_updated.xlsx (diunduh 2026-10-06),Warna: Kuning,,,200 mm,,,,HDPE,,SDR 13.6,10 m,,
__export__.product_product_19681,Pipa HDPE Gas SDR-13.6 200 mm x 12 Meter Kuning,HDPE,PIPA HDPE,2776,Export ERP master_product_updated.xlsx (diunduh 2026-10-06),Warna: Kuning,,,200 mm,,,,HDPE,,SDR 13.6,12 m,,
__export__.product_product_19391,Pipa HDPE Gas SDR-13.6 225 mm x 6 Meter Kuning,HDPE,PIPA HDPE,2777,Export ERP master_product_updated.xlsx (diunduh 2026-10-06),Warna: Kuning,,,225 mm,,,,HDPE,,SDR 13.6,6 m,,
__export__.product_product_19392,Pipa HDPE Gas SDR-13.6 250 mm x 6 Meter Kuning,HDPE,PIPA HDPE,2778,Export ERP master_product_updated.xlsx (diunduh 2026-10-06),Warna: Kuning,,,250 mm,,,,HDPE,,SDR 13.6,6 m,,
__export__.product_product_19393,Pipa HDPE Gas SDR-13.6 280 mm x 6 Meter Kuning,HDPE,PIPA HDPE,2779,Export ERP master_product_updated.xlsx (diunduh 2026-10-06),Warna: Kuning,,,280 mm,,,,HDPE,,SDR 13.6,6 m,,
__export__.product_product_19394,Pipa HDPE Gas SDR-13.6 315 mm x 6 Meter Kuning,HDPE,PIPA HDPE,2780,Export ERP master_product_updated.xlsx (diunduh 2026-10-06),Warna: Kuning,,,315 mm,,,,HDPE,,SDR 13.6,6 m,,
__export__.product_product_19395,Pipa HDPE Gas SDR-13.6 355 mm x 6 Meter Kuning,HDPE,PIPA HDPE,2781,Export ERP master_product_updated.xlsx (diunduh 2026-10-06),Warna: Kuning,,,355 mm,,,,HDPE,,SDR 13.6,6 m,,
__export__.product_product_19396,Pipa HDPE Gas SDR-13.6 400 mm x 6 Meter Kuning,HDPE,PIPA HDPE,2782,Export ERP master_product_updated.xlsx (diunduh 2026-10-06),Warna: Kuning,,,400 mm,,,,HDPE,,SDR 13.6,6 m,,
__export__.product_product_19398,Pipa HDPE Gas SDR-13.6 450 mm x 6 Meter Kuning,HDPE,PIPA HDPE,2783,Export ERP master_product_updated.xlsx (diunduh 2026-10-06),Warna: Kuning,,,450 mm,,,,HDPE,,SDR 13.6,6 m,,
__export__.product_product_19397,Pipa HDPE Gas SDR-13.6 500 mm x 6 Meter Kuning,HDPE,PIPA HDPE,2784,Export ERP master_product_updated.xlsx (diunduh 2026-10-06),Warna: Kuning,,,500 mm,,,,HDPE,,SDR 13.6,6 m,,
__export__.product_product_19399,Pipa HDPE Gas SDR-13.6 560 mm x 6 Meter Kuning,HDPE,PIPA HDPE,2785,Export ERP master_product_updated.xlsx (diunduh 2026-10-06),Warna: Kuning,,,560 mm,,,,HDPE,,SDR 13.6,6 m,,
__export__.product_product_19400,Pipa HDPE Gas SDR-13.6 630 mm x 6 Meter Kuning,HDPE,PIPA HDPE,2786,Export ERP master_product_updated.xlsx (diunduh 2026-10-06),Warna: Kuning,,,630 mm,,,,HDPE,,SDR 13.6,6 m,,
__export__.product_product_19328,Pipa HDPE Gas SDR-11 20 mm x 6 Meter Kuning,HDPE,PIPA HDPE,2787,Export ERP master_product_updated.xlsx (diunduh 2026-10-06),Warna: Kuning,,,20 mm,,,,HDPE,,SDR 11,6 m,,
__export__.product_product_19336,Pipa HDPE Gas SDR-11 20 mm x 100 Meter Kuning,HDPE,PIPA HDPE,2788,Export ERP master_product_updated.xlsx (diunduh 2026-10-06),Warna: Kuning,,,20 mm,,,,HDPE,,SDR 11,100 m,,
__export__.product_product_19503,Pipa HDPE Gas SDR-11 20 mm x 200 Meter Kuning,HDPE,PIPA HDPE,2789,Export ERP master_product_updated.xlsx (diunduh 2026-10-06),Warna: Kuning,,,20 mm,,,,HDPE,,SDR 11,200 m,,
__export__.product_product_19337,Pipa HDPE Gas SDR-11 25 mm x 100 Meter Kuning,HDPE,PIPA HDPE,2790,Export ERP master_product_updated.xlsx (diunduh 2026-10-06),Warna: Kuning,,,25 mm,,,,HDPE,,SDR 11,100 m,,
__export__.product_product_19338,Pipa HDPE Gas SDR-11 32 mm x 100 Meter Kuning,HDPE,PIPA HDPE,2791,Export ERP master_product_updated.xlsx (diunduh 2026-10-06),Warna: Kuning,,,32 mm,,,,HDPE,,SDR 11,100 m,,
__export__.product_product_19339,Pipa HDPE Gas SDR-11 40 mm x 100 Meter Kuning,HDPE,PIPA HDPE,2792,Export ERP master_product_updated.xlsx (diunduh 2026-10-06),Warna: Kuning,,,40 mm,,,,HDPE,,SDR 11,100 m,,
__export__.product_product_19340,Pipa HDPE Gas SDR-11 50 mm x 100 Meter Kuning,HDPE,PIPA HDPE,2793,Export ERP master_product_updated.xlsx (diunduh 2026-10-06),Warna: Kuning,,,50 mm,,,,HDPE,,SDR 11,100 m,,
__export__.product_product_19342,Pipa HDPE Gas SDR-11 63 mm x 5.8 Meter Kuning,HDPE,PIPA HDPE,2794,Export ERP master_product_updated.xlsx (diunduh 2026-10-06),Warna: Kuning,,,63 mm,,,,HDPE,,SDR 11,5.8 m,,
__export__.product_product_19343,Pipa HDPE Gas SDR-11 63 mm x 6 Meter Kuning,HDPE,PIPA HDPE,2795,Export ERP master_product_updated.xlsx (diunduh 2026-10-06),Warna: Kuning,,,63 mm,,,,HDPE,,SDR 11,6 m,,
__export__.product_product_19344,Pipa HDPE Gas SDR-11 63 mm x 11.8 Meter Kuning,HDPE,PIPA HDPE,2796,Export ERP master_product_updated.xlsx (diunduh 2026-10-06),Warna: Kuning,,,63 mm,,,,HDPE,,SDR 11,11.8 m,,
__export__.product_product_19345,Pipa HDPE Gas SDR-11 63 mm x 100 Meter Kuning,HDPE,PIPA HDPE,2797,Export ERP master_product_updated.xlsx (diunduh 2026-10-06),Warna: Kuning,,,63 mm,,,,HDPE,,SDR 11,100 m,,
__export__.product_product_19346,Pipa HDPE Gas SDR-11 75 mm x 100 Meter Kuning,HDPE,PIPA HDPE,2798,Export ERP master_product_updated.xlsx (diunduh 2026-10-06),Warna: Kuning,,,75 mm,,,,HDPE,,SDR 11,100 m,,
__export__.product_product_19347,Pipa HDPE Gas SDR-11 90 mm x 6 Meter Kuning,HDPE,PIPA HDPE,2799,Export ERP master_product_updated.xlsx (diunduh 2026-10-06),Warna: Kuning,,,90 mm,,,,HDPE,,SDR 11,6 m,,
__export__.product_product_19348,Pipa HDPE Gas SDR-11 90 mm x 100 Meter Kuning,HDPE,PIPA HDPE,2800,Export ERP master_product_updated.xlsx (diunduh 2026-10-06),Warna: Kuning,,,90 mm,,,,HDPE,,SDR 11,100 m,,
__export__.product_product_19350,Pipa HDPE Gas SDR-11 110 mm x 6 Meter Kuning,HDPE,PIPA HDPE,2801,Export ERP master_product_updated.xlsx (diunduh 2026-10-06),Warna: Kuning,,,110 mm,,,,HDPE,,SDR 11,6 m,,
__export__.product_product_19351,Pipa HDPE Gas SDR-11 110 mm x 100 Meter Kuning,HDPE,PIPA HDPE,2802,Export ERP master_product_updated.xlsx (diunduh 2026-10-06),Warna: Kuning,,,110 mm,,,,HDPE,,SDR 11,100 m,,
__export__.product_product_19352,Pipa HDPE Gas SDR-11 125 mm x 5.8 Meter Kuning,HDPE,PIPA HDPE,2803,Export ERP master_product_updated.xlsx (diunduh 2026-10-06),Warna: Kuning,,,125 mm,,,,HDPE,,SDR 11,5.8 m,,
__export__.product_product_19353,Pipa HDPE Gas SDR-11 125 mm x 6 Meter Kuning,HDPE,PIPA HDPE,2804,Export ERP master_product_updated.xlsx (diunduh 2026-10-06),Warna: Kuning,,,125 mm,,,,HDPE,,SDR 11,6 m,,
__export__.product_product_19354,Pipa HDPE Gas SDR-11 125 mm x 11.8 Meter Kuning,HDPE,PIPA HDPE,2805,Export ERP master_product_updated.xlsx (diunduh 2026-10-06),Warna: Kuning,,,125 mm,,,,HDPE,,SDR 11,11.8 m,,
__export__.product_product_19355,Pipa HDPE Gas SDR-11 125 mm x 12 Meter Kuning,HDPE,PIPA HDPE,2806,Export ERP master_product_updated.xlsx (diunduh 2026-10-06),Warna: Kuning,,,125 mm,,,,HDPE,,SDR 11,12 m,,
__export__.product_product_19356,Pipa HDPE Gas SDR-11 125 mm x 100 Meter Kuning,HDPE,PIPA HDPE,2807,Export ERP master_product_updated.xlsx (diunduh 2026-10-06),Warna: Kuning,,,125 mm,,,,HDPE,,SDR 11,100 m,,
__export__.product_product_19357,Pipa HDPE Gas SDR-11 140 mm x 100 Meter Kuning,HDPE,PIPA HDPE,2808,Export ERP master_product_updated.xlsx (diunduh 2026-10-06),Warna: Kuning,,,140 mm,,,,HDPE,,SDR 11,100 m,,
__export__.product_product_19358,Pipa HDPE Gas SDR-11 160 mm x 6 Meter Kuning,HDPE,PIPA HDPE,2809,Export ERP master_product_updated.xlsx (diunduh 2026-10-06),Warna: Kuning,,,160 mm,,,,HDPE,,SDR 11,6 m,,
__export__.product_product_19359,Pipa HDPE Gas SDR-11 180 mm x 5.8 Meter Kuning,HDPE,PIPA HDPE,2810,Export ERP master_product_updated.xlsx (diunduh 2026-10-06),Warna: Kuning,,,180 mm,,,,HDPE,,SDR 11,5.8 m,,
__export__.product_product_19360,Pipa HDPE Gas SDR-11 180 mm x 6 Meter Kuning,HDPE,PIPA HDPE,2811,Export ERP master_product_updated.xlsx (diunduh 2026-10-06),Warna: Kuning,,,180 mm,,,,HDPE,,SDR 11,6 m,,
__export__.product_product_19361,Pipa HDPE Gas SDR-11 180 mm x 11.8 Meter Kuning,HDPE,PIPA HDPE,2812,Export ERP master_product_updated.xlsx (diunduh 2026-10-06),Warna: Kuning,,,180 mm,,,,HDPE,,SDR 11,11.8 m,,
__export__.product_product_19248,Pipa HDPE Gas SDR-11 180 mm x 12 Meter Kuning,HDPE,PIPA HDPE,2813,Export ERP master_product_updated.xlsx (diunduh 2026-10-06),Warna: Kuning,,,180 mm,,,,HDPE,,SDR 11,12 m,,
__export__.product_product_19363,Pipa HDPE Gas SDR-11 200 mm x 6 Meter Kuning,HDPE,PIPA HDPE,2814,Export ERP master_product_updated.xlsx (diunduh 2026-10-06),Warna: Kuning,,,200 mm,,,,HDPE,,SDR 11,6 m,,
__export__.product_product_19364,Pipa HDPE Gas SDR-11 225 mm x 6 Meter Kuning,HDPE,PIPA HDPE,2815,Export ERP master_product_updated.xlsx (diunduh 2026-10-06),Warna: Kuning,,,225 mm,,,,HDPE,,SDR 11,6 m,,
__export__.product_product_19365,Pipa HDPE Gas SDR-11 250 mm x 6 Meter Kuning,HDPE,PIPA HDPE,2816,Export ERP master_product_updated.xlsx (diunduh 2026-10-06),Warna: Kuning,,,250 mm,,,,HDPE,,SDR 11,6 m,,
__export__.product_product_19366,Pipa HDPE Gas SDR-11 280 mm x 6 Meter Kuning,HDPE,PIPA HDPE,2817,Export ERP master_product_updated.xlsx (diunduh 2026-10-06),Warna: Kuning,,,280 mm,,,,HDPE,,SDR 11,6 m,,
__export__.product_product_19367,Pipa HDPE Gas SDR-11 315 mm x 6 Meter Kuning,HDPE,PIPA HDPE,2818,Export ERP master_product_updated.xlsx (diunduh 2026-10-06),Warna: Kuning,,,315 mm,,,,HDPE,,SDR 11,6 m,,
__export__.product_product_19368,Pipa HDPE Gas SDR-11 355 mm x 6 Meter Kuning,HDPE,PIPA HDPE,2819,Export ERP master_product_updated.xlsx (diunduh 2026-10-06),Warna: Kuning,,,355 mm,,,,HDPE,,SDR 11,6 m,,
__export__.product_product_19369,Pipa HDPE Gas SDR-11 400 mm x 6 Meter Kuning,HDPE,PIPA HDPE,2820,Export ERP master_product_updated.xlsx (diunduh 2026-10-06),Warna: Kuning,,,400 mm,,,,HDPE,,SDR 11,6 m,,
__export__.product_product_19370,Pipa HDPE Gas SDR-11 450 mm x 6 Meter Kuning,HDPE,PIPA HDPE,2821,Export ERP master_product_updated.xlsx (diunduh 2026-10-06),Warna: Kuning,,,450 mm,,,,HDPE,,SDR 11,6 m,,
__export__.product_product_19371,Pipa HDPE Gas SDR-11 500 mm x 6 Meter Kuning,HDPE,PIPA HDPE,2822,Export ERP master_product_updated.xlsx (diunduh 2026-10-06),Warna: Kuning,,,500 mm,,,,HDPE,,SDR 11,6 m,,
__export__.product_product_19372,Pipa HDPE Gas SDR-11 560 mm x 6 Meter Kuning,HDPE,PIPA HDPE,2823,Export ERP master_product_updated.xlsx (diunduh 2026-10-06),Warna: Kuning,,,560 mm,,,,HDPE,,SDR 11,6 m,,
__export__.product_product_19373,Pipa HDPE Gas SDR-11 630 mm x 6 Meter Kuning,HDPE,PIPA HDPE,2824,Export ERP master_product_updated.xlsx (diunduh 2026-10-06),Warna: Kuning,,,630 mm,,,,HDPE,,SDR 11,6 m,,
product.0_S_04_001_000020_00,Faucet Socket Abu Ts 20 mm,FITTING PVC,FITTING · FAUCET SOCKET,2825,Export ERP master_product_updated.xlsx (diunduh 2026-10-06),Warna: Abu,,,20 mm,,,,,,,,,
product.0_S_04_001_000025_00,Faucet Socket Abu Ts 25 mm,FITTING PVC,FITTING · FAUCET SOCKET,2826,Export ERP master_product_updated.xlsx (diunduh 2026-10-06),Warna: Abu,,,25 mm,,,,,,,,,
product.0_S_04_001_000040_00,Faucet Socket Abu Ts 40 mm,FITTING PVC,FITTING · FAUCET SOCKET,2827,Export ERP master_product_updated.xlsx (diunduh 2026-10-06),Warna: Abu,,,40 mm,,,,,,,,,
__export__.product_product_19375,"Pipa HDPE Gas SDR-13,6 25 mm x 100 Meter Kuning",HDPE,PIPA HDPE,2833,Export ERP master_product_updated.xlsx (diunduh 2026-10-06),Warna: Kuning,,,25 mm,,,,HDPE,,SDR 13.6,100 m,,
__export__.product_product_19376,"Pipa HDPE Gas SDR-13,6 32 mm x 100 Meter Kuning",HDPE,PIPA HDPE,2834,Export ERP master_product_updated.xlsx (diunduh 2026-10-06),Warna: Kuning,,,32 mm,,,,HDPE,,SDR 13.6,100 m,,
__export__.product_product_19378,"Pipa HDPE Gas SDR-13,6 50 mm x 100 Meter Kuning (copy)",HDPE,PIPA HDPE,2838,Export ERP master_product_updated.xlsx (diunduh 2026-10-06),Warna: Kuning,,,50 mm,,,,HDPE,,SDR 13.6,100 m,,
product.0_S_04_002_000020_00,Faucet Elbow Abu Ts 20 mm,FITTING PVC,FITTING · FAUCET ELBOW,2841,Export ERP master_product_updated.xlsx (diunduh 2026-10-06),Warna: Abu,,,20 mm,,,,,,,,,
product.0_S_04_004_000020_00,Valve Socket Abu Ts 20 mm,FITTING PVC,FITTING · VALVE SOCKET,2848,Export ERP master_product_updated.xlsx (diunduh 2026-10-06),Warna: Abu,,,20 mm,,,,,,,,,
product.0_S_04_004_000025_00,Valve Socket Abu Ts 25 mm,FITTING PVC,FITTING · VALVE SOCKET,2849,Export ERP master_product_updated.xlsx (diunduh 2026-10-06),Warna: Abu,,,25 mm,,,,,,,,,
product.0_S_04_010_000020_00,Cap Abu Ts 20 mm,FITTING PVC,FITTING · CAP,2920,Export ERP master_product_updated.xlsx (diunduh 2026-10-06),Warna: Abu,,,20 mm,,,,,,,,,
product.0_S_04_010_000025_00,Cap Abu Ts 25 mm,FITTING PVC,FITTING · CAP,2921,Export ERP master_product_updated.xlsx (diunduh 2026-10-06),Warna: Abu,,,25 mm,,,,,,,,,
product.0_S_04_026_000020_00,Socket Abu 20mm,FITTING PVC,FITTING · SOCKET,3044,Export ERP master_product_updated.xlsx (diunduh 2026-10-06),Warna: Abu,,,20 mm,,,,,,,,,
product.0_S_04_410_000020_00,Cap Putih Ts 20 mm,FITTING PVC,FITTING · CAP,3201,Export ERP master_product_updated.xlsx (diunduh 2026-10-06),Warna: Putih,,,20 mm,,,,,,,,,
product.0_S_04_410_000025_00,Cap Putih Ts 25 mm,FITTING PVC,FITTING · CAP,3202,Export ERP master_product_updated.xlsx (diunduh 2026-10-06),Warna: Putih,,,25 mm,,,,,,,,,
product.0_S_04_422_000020_00,Clamp Putih HIC 20 mm,FITTING PVC,FITTING · CLAMP HIC,3279,Export ERP master_product_updated.xlsx (diunduh 2026-10-06),Warna: Putih,,,20 mm,,,,,,,,,
product.0_S_04_422_001020_00,Clamp Merah HIC 20 mm,FITTING PVC,FITTING · CLAMP HIC,3280,Export ERP master_product_updated.xlsx (diunduh 2026-10-06),Warna: Merah,,,20 mm,,,,,,,,,
product.0_S_04_422_002020_00,Clamp Hijau HIC 20 mm,FITTING PVC,FITTING · CLAMP HIC,3281,Export ERP master_product_updated.xlsx (diunduh 2026-10-06),Warna: Hijau,,,20 mm,,,,,,,,,
product.0_S_04_422_003020_00,Clamp Biru HIC 20 mm,FITTING PVC,FITTING · CLAMP HIC,3282,Export ERP master_product_updated.xlsx (diunduh 2026-10-06),Warna: Biru,,,20 mm,,,,,,,,,
product.0_S_04_422_004020_00,Clamp Kuning HIC 20 mm,FITTING PVC,FITTING · CLAMP HIC,3283,Export ERP master_product_updated.xlsx (diunduh 2026-10-06),Warna: Kuning,,,20 mm,,,,,,,,,
__export__.product_product_18816,Clamp Hitam HIC 20 mm,FITTING PVC,FITTING · CLAMP HIC,3284,Export ERP master_product_updated.xlsx (diunduh 2026-10-06),Warna: Hitam,,,20 mm,,,,,,,,,
product.0_S_04_424_100001_00,Tee Dus Bottom 20mm Putih HIC Cab 1,FITTING PVC,FITTING · TEE DUS BOTTOM HIC CAB 1,3285,Export ERP master_product_updated.xlsx (diunduh 2026-10-06),Warna: Putih,,,20 mm,,,,,,,,,
product.0_S_04_424_100002_00,Tee Dus Bottom 20mm Merah HIC Cab 1,FITTING PVC,FITTING · TEE DUS BOTTOM HIC CAB 1,3286,Export ERP master_product_updated.xlsx (diunduh 2026-10-06),Warna: Merah,,,20 mm,,,,,,,,,
product.0_S_04_424_100003_00,Tee Dus Bottom 20mm Hijau HIC Cab 1,FITTING PVC,FITTING · TEE DUS BOTTOM HIC CAB 1,3287,Export ERP master_product_updated.xlsx (diunduh 2026-10-06),Warna: Hijau,,,20 mm,,,,,,,,,
product.0_S_04_424_100004_00,Tee Dus Bottom 20mm Biru HIC Cab 1,FITTING PVC,FITTING · TEE DUS BOTTOM HIC CAB 1,3288,Export ERP master_product_updated.xlsx (diunduh 2026-10-06),Warna: Biru,,,20 mm,,,,,,,,,
product.0_S_04_424_100005_00,Tee Dus Bottom 20mm Kuning HIC Cab 1,FITTING PVC,FITTING · TEE DUS BOTTOM HIC CAB 1,3289,Export ERP master_product_updated.xlsx (diunduh 2026-10-06),Warna: Kuning,,,20 mm,,,,,,,,,
__export__.product_product_19594,Tee Dus Bottom 20mm Hitam HIC Cab 1,FITTING PVC,FITTING · TEE DUS BOTTOM HIC CAB 1,3290,Export ERP master_product_updated.xlsx (diunduh 2026-10-06),Warna: Hitam,,,20 mm,,,,,,,,,
product.0_S_04_424_218001_00,Tee Dus Bottom 20 mm Putih HIC Cab 2 180º,FITTING PVC,FITTING · TEE DUS BOTTOM HIC CAB 2 180º,3291,Export ERP master_product_updated.xlsx (diunduh 2026-10-06),Warna: Putih,,,20 mm,,,,,,,,,
product.0_S_04_424_218002_00,Tee Dus Bottom 20 mm Merah HIC Cab 2 180º,FITTING PVC,FITTING · TEE DUS BOTTOM HIC CAB 2 180º,3292,Export ERP master_product_updated.xlsx (diunduh 2026-10-06),Warna: Merah,,,20 mm,,,,,,,,,
product.0_S_04_424_218003_00,Tee Dus Bottom 20 mm Hijau HIC Cab 2 180º,FITTING PVC,FITTING · TEE DUS BOTTOM HIC CAB 2 180º,3293,Export ERP master_product_updated.xlsx (diunduh 2026-10-06),Warna: Hijau,,,20 mm,,,,,,,,,
product.0_S_04_424_218004_00,Tee Dus Bottom 20 mm Biru HIC Cab 2 180º,FITTING PVC,FITTING · TEE DUS BOTTOM HIC CAB 2 180º,3294,Export ERP master_product_updated.xlsx (diunduh 2026-10-06),Warna: Biru,,,20 mm,,,,,,,,,
product.0_S_04_424_218005_00,Tee Dus Bottom 20 mm Kuning HIC Cab 2 180º,FITTING PVC,FITTING · TEE DUS BOTTOM HIC CAB 2 180º,3295,Export ERP master_product_updated.xlsx (diunduh 2026-10-06),Warna: Kuning,,,20 mm,,,,,,,,,
__export__.product_product_18812,Tee Dus Bottom 20 mm Hitam HIC Cab 2 180º,FITTING PVC,FITTING · TEE DUS BOTTOM HIC CAB 2 180º,3296,Export ERP master_product_updated.xlsx (diunduh 2026-10-06),Warna: Hitam,,,20 mm,,,,,,,,,
product.0_S_04_424_290001_00,Tee Dus Bottom 20mm Putih HIC Cab 2 90º,FITTING PVC,FITTING · TEE DUS BOTTOM HIC CAB 2 90º,3297,Export ERP master_product_updated.xlsx (diunduh 2026-10-06),Warna: Putih,,,20 mm,,,,,,,,,
product.0_S_04_424_290002_00,Tee Dus Bottom 20mm Merah HIC Cab 2 90º,FITTING PVC,FITTING · TEE DUS BOTTOM HIC CAB 2 90º,3298,Export ERP master_product_updated.xlsx (diunduh 2026-10-06),Warna: Merah,,,20 mm,,,,,,,,,
product.0_S_04_424_290003_00,Tee Dus Bottom 20mm Hijau HIC Cab 2 90º,FITTING PVC,FITTING · TEE DUS BOTTOM HIC CAB 2 90º,3299,Export ERP master_product_updated.xlsx (diunduh 2026-10-06),Warna: Hijau,,,20 mm,,,,,,,,,
product.0_S_04_424_290004_00,Tee Dus Bottom 20mm Biru HIC Cab 2 90º,FITTING PVC,FITTING · TEE DUS BOTTOM HIC CAB 2 90º,3300,Export ERP master_product_updated.xlsx (diunduh 2026-10-06),Warna: Biru,,,20 mm,,,,,,,,,
product.0_S_04_424_290005_00,Tee Dus Bottom 20mm Kuning HIC Cab 2 90º,FITTING PVC,FITTING · TEE DUS BOTTOM HIC CAB 2 90º,3301,Export ERP master_product_updated.xlsx (diunduh 2026-10-06),Warna: Kuning,,,20 mm,,,,,,,,,
__export__.product_product_18813,Tee Dus Bottom 20mm Hitam HIC Cab 2 90º,FITTING PVC,FITTING · TEE DUS BOTTOM HIC CAB 2 90º,3302,Export ERP master_product_updated.xlsx (diunduh 2026-10-06),Warna: Hitam,,,20 mm,,,,,,,,,
product.0_S_04_424_300001_00,Tee Dus Bottom 20mm Putih HIC Cab 3,FITTING PVC,FITTING · TEE DUS BOTTOM HIC CAB 3,3303,Export ERP master_product_updated.xlsx (diunduh 2026-10-06),Warna: Putih,,,20 mm,,,,,,,,,
product.0_S_04_424_300002_00,Tee Dus Bottom 20mm Merah HIC Cab 3,FITTING PVC,FITTING · TEE DUS BOTTOM HIC CAB 3,3304,Export ERP master_product_updated.xlsx (diunduh 2026-10-06),Warna: Merah,,,20 mm,,,,,,,,,
product.0_S_04_424_300003_00,Tee Dus Bottom 20mm Hijau HIC Cab 3,FITTING PVC,FITTING · TEE DUS BOTTOM HIC CAB 3,3305,Export ERP master_product_updated.xlsx (diunduh 2026-10-06),Warna: Hijau,,,20 mm,,,,,,,,,
product.0_S_04_424_300004_00,Tee Dus Bottom 20mm Biru HIC Cab 3,FITTING PVC,FITTING · TEE DUS BOTTOM HIC CAB 3,3306,Export ERP master_product_updated.xlsx (diunduh 2026-10-06),Warna: Biru,,,20 mm,,,,,,,,,
product.0_S_04_424_300005_00,Tee Dus Bottom 20mm Kuning HIC Cab 3,FITTING PVC,FITTING · TEE DUS BOTTOM HIC CAB 3,3307,Export ERP master_product_updated.xlsx (diunduh 2026-10-06),Warna: Kuning,,,20 mm,,,,,,,,,
__export__.product_product_18814,Tee Dus Bottom 20mm Hitam HIC Cab 3,FITTING PVC,FITTING · TEE DUS BOTTOM HIC CAB 3,3308,Export ERP master_product_updated.xlsx (diunduh 2026-10-06),Warna: Hitam,,,20 mm,,,,,,,,,
product.0_S_04_424_400001_00,Tee Dus Bottom 20mm Putih HIC Cab 4,FITTING PVC,FITTING · TEE DUS BOTTOM HIC CAB 4,3309,Export ERP master_product_updated.xlsx (diunduh 2026-10-06),Warna: Putih,,,20 mm,,,,,,,,,
product.0_S_04_424_400002_00,Tee Dus Bottom 20mm Merah HIC Cab 4,FITTING PVC,FITTING · TEE DUS BOTTOM HIC CAB 4,3310,Export ERP master_product_updated.xlsx (diunduh 2026-10-06),Warna: Merah,,,20 mm,,,,,,,,,
product.0_S_04_424_400003_00,Tee Dus Bottom 20mm HIjau HIC Cab 4,FITTING PVC,FITTING · TEE DUS BOTTOM HIJAU HIC CAB 4,3311,Export ERP master_product_updated.xlsx (diunduh 2026-10-06),,,,20 mm,,,,,,,,,
product.0_S_04_424_400004_00,Tee Dus Bottom 20mm Biru HIC Cab 4,FITTING PVC,FITTING · TEE DUS BOTTOM HIC CAB 4,3312,Export ERP master_product_updated.xlsx (diunduh 2026-10-06),Warna: Biru,,,20 mm,,,,,,,,,
product.0_S_04_424_400005_00,Tee Dus Bottom 20mm Kuning HIC Cab 4,FITTING PVC,FITTING · TEE DUS BOTTOM HIC CAB 4,3313,Export ERP master_product_updated.xlsx (diunduh 2026-10-06),Warna: Kuning,,,20 mm,,,,,,,,,
__export__.product_product_18815,Tee Dus Bottom 20mm Hitam HIC Cab 4,FITTING PVC,FITTING · TEE DUS BOTTOM HIC CAB 4,3314,Export ERP master_product_updated.xlsx (diunduh 2026-10-06),Warna: Hitam,,,20 mm,,,,,,,,,
product.0_S_04_425_020000_00,Tee Dus Cover Putih HIC 20mm,FITTING PVC,FITTING · TEE DUS COVER HIC,3315,Export ERP master_product_updated.xlsx (diunduh 2026-10-06),Warna: Putih,,,20 mm,,,,,,,,,
product.0_S_04_425_020001_00,Tee Dus Cover Merah HIC 20mm,FITTING PVC,FITTING · TEE DUS COVER HIC,3316,Export ERP master_product_updated.xlsx (diunduh 2026-10-06),Warna: Merah,,,20 mm,,,,,,,,,
product.0_S_04_425_020002_00,Tee Dus Cover Hijau HIC 20mm,FITTING PVC,FITTING · TEE DUS COVER HIC,3317,Export ERP master_product_updated.xlsx (diunduh 2026-10-06),Warna: Hijau,,,20 mm,,,,,,,,,
product.0_S_04_425_020003_00,Tee Dus Cover Biru HIC 20mm,FITTING PVC,FITTING · TEE DUS COVER HIC,3318,Export ERP master_product_updated.xlsx (diunduh 2026-10-06),Warna: Biru,,,20 mm,,,,,,,,,
product.0_S_04_425_020004_00,Tee Dus Cover Kuning HIC 20mm,FITTING PVC,FITTING · TEE DUS COVER HIC,3319,Export ERP master_product_updated.xlsx (diunduh 2026-10-06),Warna: Kuning,,,20 mm,,,,,,,,,
__export__.product_product_18824,Tee Dus Cover Hitam HIC 20mm,FITTING PVC,FITTING · TEE DUS COVER HIC,3320,Export ERP master_product_updated.xlsx (diunduh 2026-10-06),Warna: Hitam,,,20 mm,,,,,,,,,
product.0_S_04_426_020001_00,Socket Putih HIC 20mm,FITTING PVC,FITTING · SOCKET HIC,3323,Export ERP master_product_updated.xlsx (diunduh 2026-10-06),Warna: Putih,,,20 mm,,,,,,,,,
product.0_S_04_426_020002_00,Socket Merah HIC 20mm,FITTING PVC,FITTING · SOCKET HIC,3324,Export ERP master_product_updated.xlsx (diunduh 2026-10-06),Warna: Merah,,,20 mm,,,,,,,,,
product.0_S_04_426_020003_00,Socket Hijau HIC 20mm,FITTING PVC,FITTING · SOCKET HIC,3325,Export ERP master_product_updated.xlsx (diunduh 2026-10-06),Warna: Hijau,,,20 mm,,,,,,,,,
product.0_S_04_426_020004_00,Socket Biru HIC 20mm,FITTING PVC,FITTING · SOCKET HIC,3326,Export ERP master_product_updated.xlsx (diunduh 2026-10-06),Warna: Biru,,,20 mm,,,,,,,,,
product.0_S_04_426_020005_00,Socket Kuning HIC 20mm,FITTING PVC,FITTING · SOCKET HIC,3327,Export ERP master_product_updated.xlsx (diunduh 2026-10-06),Warna: Kuning,,,20 mm,,,,,,,,,
__export__.product_product_18817,Socket Hitam HIC 20mm,FITTING PVC,FITTING · SOCKET HIC,3328,Export ERP master_product_updated.xlsx (diunduh 2026-10-06),Warna: Hitam,,,20 mm,,,,,,,,,
product.0_S_05_033_200100_00,All Bell Tee 200 x 110 mm,FITTING PVC,FITTING · ALL BELL TEE,3502,Export ERP master_product_updated.xlsx (diunduh 2026-10-06),,,,110 mm; 200 mm,,,,,,,,,
product.0_S_05_035_090090_00,All Bell Tee Flange 90 x 90 mm,FITTING PVC,FITTING · ALL BELL TEE FLANGE,3505,Export ERP master_product_updated.xlsx (diunduh 2026-10-06),,,,90 mm,,,,,,,,,
product.0_S_05_035_110063_00,All Bell Tee Flange 110 x 63 mm,FITTING PVC,FITTING · ALL BELL TEE FLANGE,3506,Export ERP master_product_updated.xlsx (diunduh 2026-10-06),,,,63 mm; 110 mm,,,,,,,,,
product.0_S_05_035_110090_00,All Bell Tee Flange 110 x 90 mm,FITTING PVC,FITTING · ALL BELL TEE FLANGE,3507,Export ERP master_product_updated.xlsx (diunduh 2026-10-06),,,,90 mm; 110 mm,,,,,,,,,
product.0_S_05_035_160090_00,All Bell Tee Flange 160 x 90 mm,FITTING PVC,FITTING · ALL BELL TEE FLANGE,3508,Export ERP master_product_updated.xlsx (diunduh 2026-10-06),,,,90 mm; 160 mm,,,,,,,,,
product.0_S_05_035_160160_00,All Bell Tee Flange 160 x 160 mm,FITTING PVC,FITTING · ALL BELL TEE FLANGE,3509,Export ERP master_product_updated.xlsx (diunduh 2026-10-06),,,,160 mm,,,,,,,,,
product.0_S_05_035_200090_00,All Bell Tee Flange 200 x 90 mm,FITTING PVC,FITTING · ALL BELL TEE FLANGE,3510,Export ERP master_product_updated.xlsx (diunduh 2026-10-06),,,,90 mm; 200 mm,,,,,,,,,
product.0_S_05_036_090063_00,All Bell Tee 90 x 63 mm,FITTING PVC,FITTING · ALL BELL TEE,3511,Export ERP master_product_updated.xlsx (diunduh 2026-10-06),,,,63 mm; 90 mm,,,,,,,,,
product.0_S_05_036_110063_00,All Bell Tee 110 x 63 mm,FITTING PVC,FITTING · ALL BELL TEE,3512,Export ERP master_product_updated.xlsx (diunduh 2026-10-06),,,,63 mm; 110 mm,,,,,,,,,
product.0_S_05_036_110090_00,All Bell Tee 110 x 90 mm,FITTING PVC,FITTING · ALL BELL TEE,3513,Export ERP master_product_updated.xlsx (diunduh 2026-10-06),,,,90 mm; 110 mm,,,,,,,,,
product.0_S_05_036_160090_00,All Bell Tee 160 x 90 mm,FITTING PVC,FITTING · ALL BELL TEE,3514,Export ERP master_product_updated.xlsx (diunduh 2026-10-06),,,,90 mm; 160 mm,,,,,,,,,
product.0_S_05_036_160160_00,All Bell Tee 160 x 160 mm,FITTING PVC,FITTING · ALL BELL TEE,3515,Export ERP master_product_updated.xlsx (diunduh 2026-10-06),,,,160 mm,,,,,,,,,
product.0_S_05_036_250200_00,All Bell Tee 250 x 200 mm,FITTING PVC,FITTING · ALL BELL TEE,3519,Export ERP master_product_updated.xlsx (diunduh 2026-10-06),,,,200 mm; 250 mm,,,,,,,,,
product.0_S_05_037_090063_00,Bell Reducer 90 x 63 mm,FITTING PVC,FITTING · BELL REDUCER,3521,Export ERP master_product_updated.xlsx (diunduh 2026-10-06),,,,63 mm; 90 mm,,,,,,,,,
__export__.product_product_19049,Bell Bend 90° 63 mm,FITTING PVC,FITTING · BELL BEND 90°,3522,Export ERP master_product_updated.xlsx (diunduh 2026-10-06),,,,63 mm,,,,,,,,,
__export__.product_product_19138,All Bell Bend 90° 63 mm,FITTING PVC,FITTING · ALL BELL BEND 90°,3523,Export ERP master_product_updated.xlsx (diunduh 2026-10-06),,,,63 mm,,,,,,,,,
__export__.product_product_19143,Ts Tee 63 mm,FITTING PVC,FITTING · TEE,3524,Export ERP master_product_updated.xlsx (diunduh 2026-10-06),,,,63 mm,,,,,,,,,
__export__.product_product_19144,Ts Socket 63 mm,FITTING PVC,FITTING · SOCKET,3525,Export ERP master_product_updated.xlsx (diunduh 2026-10-06),,,,63 mm,,,,,,,,,
product.0_S_06_002_020000_00,Cap - W 20 mm,FITTING PVC,FITTING · CAP,3541,Export ERP master_product_updated.xlsx (diunduh 2026-10-06),,,,20 mm,,,,,,,,,
product.0_S_06_002_025000_00,Cap - W 25 mm,FITTING PVC,FITTING · CAP,3542,Export ERP master_product_updated.xlsx (diunduh 2026-10-06),,,,25 mm,,,,,,,,,
product.0_S_06_002_032000_00,Cap - W 32 mm,FITTING PVC,FITTING · CAP,3543,Export ERP master_product_updated.xlsx (diunduh 2026-10-06),,,,32 mm,,,,,,,,,
product.0_S_06_002_040000_00,Cap - W 40 mm,FITTING PVC,FITTING · CAP,3544,Export ERP master_product_updated.xlsx (diunduh 2026-10-06),,,,40 mm,,,,,,,,,
product.0_S_06_002_050000_00,Cap - W 50 mm,FITTING PVC,FITTING · CAP,3545,Export ERP master_product_updated.xlsx (diunduh 2026-10-06),,,,50 mm,,,,,,,,,
product.0_S_06_002_063000_00,Cap - W 63 mm,FITTING PVC,FITTING · CAP,3546,Export ERP master_product_updated.xlsx (diunduh 2026-10-06),,,,63 mm,,,,,,,,,
product.0_S_06_002_075000_00,Cap - W 75 mm,FITTING PVC,FITTING · CAP,3547,Export ERP master_product_updated.xlsx (diunduh 2026-10-06),,,,75 mm,,,,,,,,,
product.0_S_06_002_090000_00,Cap - W 90 mm,FITTING PVC,FITTING · CAP,3548,Export ERP master_product_updated.xlsx (diunduh 2026-10-06),,,,90 mm,,,,,,,,,
product.0_S_06_002_110000_00,Cap - W 110 mm,FITTING PVC,FITTING · CAP,3549,Export ERP master_product_updated.xlsx (diunduh 2026-10-06),,,,110 mm,,,,,,,,,
product.0_S_06_002_140000_00,Cap - W 140 mm,FITTING PVC,FITTING · CAP,3550,Export ERP master_product_updated.xlsx (diunduh 2026-10-06),,,,140 mm,,,,,,,,,
product.0_S_06_002_160000_00,Cap - W 160 mm,FITTING PVC,FITTING · CAP,3551,Export ERP master_product_updated.xlsx (diunduh 2026-10-06),,,,160 mm,,,,,,,,,
product.0_S_06_002_200000_00,Cap - W 200 mm,FITTING PVC,FITTING · CAP,3552,Export ERP master_product_updated.xlsx (diunduh 2026-10-06),,,,200 mm,,,,,,,,,
product.0_S_06_002_250000_00,Cap - W 250 mm,FITTING PVC,FITTING · CAP,3553,Export ERP master_product_updated.xlsx (diunduh 2026-10-06),,,,250 mm,,,,,,,,,
product.0_S_06_002_315000_00,Cap - W 315 mm,FITTING PVC,FITTING · CAP,3554,Export ERP master_product_updated.xlsx (diunduh 2026-10-06),,,,315 mm,,,,,,,,,
product.0_S_06_002_355000_00,Cap - W 355 mm,FITTING PVC,FITTING · CAP,3555,Export ERP master_product_updated.xlsx (diunduh 2026-10-06),,,,355 mm,,,,,,,,,
product.0_S_06_002_400000_00,Cap - W 400 mm,FITTING PVC,FITTING · CAP,3556,Export ERP master_product_updated.xlsx (diunduh 2026-10-06),,,,400 mm,,,,,,,,,
product.0_S_06_002_450000_00,Cap - W 450 mm,FITTING PVC,FITTING · CAP,3557,Export ERP master_product_updated.xlsx (diunduh 2026-10-06),,,,450 mm,,,,,,,,,
product.0_S_06_002_500000_00,Cap - W 500 mm,FITTING PVC,FITTING · CAP,3558,Export ERP master_product_updated.xlsx (diunduh 2026-10-06),,,,500 mm,,,,,,,,,
product.0_S_06_002_630000_00,Cap - W 630 mm,FITTING PVC,FITTING · CAP,3559,Export ERP master_product_updated.xlsx (diunduh 2026-10-06),,,,630 mm,,,,,,,,,
product.0_S_06_006_063000_00,Bell Cap - W 63 mm,FITTING PVC,FITTING · BELL CAP,3578,Export ERP master_product_updated.xlsx (diunduh 2026-10-06),,,,63 mm,,,,,,,,,
product.0_S_06_006_075000_00,Bell Cap - W 75 mm,FITTING PVC,FITTING · BELL CAP,3579,Export ERP master_product_updated.xlsx (diunduh 2026-10-06),,,,75 mm,,,,,,,,,
product.0_S_06_006_090000_00,Bell Cap - W 90 mm,FITTING PVC,FITTING · BELL CAP,3580,Export ERP master_product_updated.xlsx (diunduh 2026-10-06),,,,90 mm,,,,,,,,,
product.0_S_06_006_110000_00,Bell Cap - W 110 mm,FITTING PVC,FITTING · BELL CAP,3581,Export ERP master_product_updated.xlsx (diunduh 2026-10-06),,,,110 mm,,,,,,,,,
product.0_S_06_006_160000_00,Bell Cap - W 160 mm,FITTING PVC,FITTING · BELL CAP,3582,Export ERP master_product_updated.xlsx (diunduh 2026-10-06),,,,160 mm,,,,,,,,,
product.0_S_06_006_200000_00,Bell Cap - W 200 mm,FITTING PVC,FITTING · BELL CAP,3583,Export ERP master_product_updated.xlsx (diunduh 2026-10-06),,,,200 mm,,,,,,,,,
product.0_S_06_006_250000_00,Bell Cap - W 250 mm,FITTING PVC,FITTING · BELL CAP,3584,Export ERP master_product_updated.xlsx (diunduh 2026-10-06),,,,250 mm,,,,,,,,,
product.0_S_06_006_315000_00,Bell Cap - W 315 mm,FITTING PVC,FITTING · BELL CAP,3585,Export ERP master_product_updated.xlsx (diunduh 2026-10-06),,,,315 mm,,,,,,,,,
product.0_S_06_006_355000_00,Bell Cap - W 355 mm,FITTING PVC,FITTING · BELL CAP,3586,Export ERP master_product_updated.xlsx (diunduh 2026-10-06),,,,355 mm,,,,,,,,,
product.0_S_06_006_400000_00,Bell Cap - W 400 mm,FITTING PVC,FITTING · BELL CAP,3587,Export ERP master_product_updated.xlsx (diunduh 2026-10-06),,,,400 mm,,,,,,,,,
product.0_S_06_006_450000_00,Bell Cap - W 450 mm,FITTING PVC,FITTING · BELL CAP,3588,Export ERP master_product_updated.xlsx (diunduh 2026-10-06),,,,450 mm,,,,,,,,,
product.0_S_06_006_500000_00,Bell Cap - W 500 mm,FITTING PVC,FITTING · BELL CAP,3589,Export ERP master_product_updated.xlsx (diunduh 2026-10-06),,,,500 mm,,,,,,,,,
product.0_S_06_006_630000_00,Bell Cap - W 630 mm,FITTING PVC,FITTING · BELL CAP,3590,Export ERP master_product_updated.xlsx (diunduh 2026-10-06),,,,630 mm,,,,,,,,,
product.0_S_06_008_063000_00,Bell Cap - D 63 mm,FITTING PVC,FITTING · BELL CAP,3599,Export ERP master_product_updated.xlsx (diunduh 2026-10-06),,,,63 mm,,,,,,D,,,
product.0_S_06_008_075000_00,Bell Cap - D 75 mm,FITTING PVC,FITTING · BELL CAP,3600,Export ERP master_product_updated.xlsx (diunduh 2026-10-06),,,,75 mm,,,,,,D,,,
product.0_S_06_008_090000_00,Bell Cap - D 90 mm,FITTING PVC,FITTING · BELL CAP,3601,Export ERP master_product_updated.xlsx (diunduh 2026-10-06),,,,90 mm,,,,,,D,,,
product.0_S_06_008_110000_00,Bell Cap - D 110mm,FITTING PVC,FITTING · BELL CAP,3602,Export ERP master_product_updated.xlsx (diunduh 2026-10-06),,,,110 mm,,,,,,D,,,
__export__.product_product_16539,Bell Cap - D 110mm Coklat,FITTING PVC,FITTING · BELL CAP,3603,Export ERP master_product_updated.xlsx (diunduh 2026-10-06),Warna: Coklat,,,110 mm,,,,,,D,,,
product.0_S_06_008_140000_00,Bell Cap - D 140mm,FITTING PVC,FITTING · BELL CAP,3604,Export ERP master_product_updated.xlsx (diunduh 2026-10-06),,,,140 mm,,,,,,D,,,
product.0_S_06_008_160000_00,Bell Cap - D 160mm,FITTING PVC,FITTING · BELL CAP,3605,Export ERP master_product_updated.xlsx (diunduh 2026-10-06),,,,160 mm,,,,,,D,,,
__export__.product_product_16666,Bell Cap - D 160mm Coklat,FITTING PVC,FITTING · BELL CAP,3606,Export ERP master_product_updated.xlsx (diunduh 2026-10-06),Warna: Coklat,,,160 mm,,,,,,D,,,
product.0_S_06_008_200000_00,Bell Cap - D 200mm,FITTING PVC,FITTING · BELL CAP,3607,Export ERP master_product_updated.xlsx (diunduh 2026-10-06),,,,200 mm,,,,,,D,,,
__export__.product_product_16830,Bell Cap - D 200mm Coklat,FITTING PVC,FITTING · BELL CAP,3608,Export ERP master_product_updated.xlsx (diunduh 2026-10-06),Warna: Coklat,,,200 mm,,,,,,D,,,
product.0_S_06_008_250000_00,Bell Cap - D 250mm,FITTING PVC,FITTING · BELL CAP,3609,Export ERP master_product_updated.xlsx (diunduh 2026-10-06),,,,250 mm,,,,,,D,,,
product.0_S_06_008_315000_00,Bell Cap - D 315mm,FITTING PVC,FITTING · BELL CAP,3610,Export ERP master_product_updated.xlsx (diunduh 2026-10-06),,,,315 mm,,,,,,D,,,
product.0_S_06_008_355000_00,Bell Cap - D 355mm,FITTING PVC,FITTING · BELL CAP,3611,Export ERP master_product_updated.xlsx (diunduh 2026-10-06),,,,355 mm,,,,,,D,,,
product.0_S_06_008_400000_00,Bell Cap - D 400mm,FITTING PVC,FITTING · BELL CAP,3612,Export ERP master_product_updated.xlsx (diunduh 2026-10-06),,,,400 mm,,,,,,D,,,
product.0_S_06_008_450000_00,Bell Cap - D 450mm,FITTING PVC,FITTING · BELL CAP,3613,Export ERP master_product_updated.xlsx (diunduh 2026-10-06),,,,450 mm,,,,,,D,,,
product.0_S_06_008_500000_00,Bell Cap - D 500mm,FITTING PVC,FITTING · BELL CAP,3614,Export ERP master_product_updated.xlsx (diunduh 2026-10-06),,,,500 mm,,,,,,D,,,
product.0_S_06_008_630000_00,Bell Cap - D 630mm,FITTING PVC,FITTING · BELL CAP,3615,Export ERP master_product_updated.xlsx (diunduh 2026-10-06),,,,630 mm,,,,,,D,,,
product.0_S_06_010_063000_00,Dresser Joint - W 63mm,FITTING PVC,FITTING · DRESSER JOINT,3625,Export ERP master_product_updated.xlsx (diunduh 2026-10-06),,,,63 mm,,,,,,,,,
product.0_S_06_010_075000_00,Dresser Joint - W 75mm,FITTING PVC,FITTING · DRESSER JOINT,3626,Export ERP master_product_updated.xlsx (diunduh 2026-10-06),,,,75 mm,,,,,,,,,
product.0_S_06_010_090000_00,Dresser Joint - W 90mm,FITTING PVC,FITTING · DRESSER JOINT,3627,Export ERP master_product_updated.xlsx (diunduh 2026-10-06),,,,90 mm,,,,,,,,,
product.0_S_06_010_110000_00,Dresser Joint - W 110mm,FITTING PVC,FITTING · DRESSER JOINT,3628,Export ERP master_product_updated.xlsx (diunduh 2026-10-06),,,,110 mm,,,,,,,,,
product.0_S_06_010_140000_00,Dresser Joint - W 140mm,FITTING PVC,FITTING · DRESSER JOINT,3629,Export ERP master_product_updated.xlsx (diunduh 2026-10-06),,,,140 mm,,,,,,,,,
product.0_S_06_010_160000_00,Dresser Joint - W 160mm,FITTING PVC,FITTING · DRESSER JOINT,3630,Export ERP master_product_updated.xlsx (diunduh 2026-10-06),,,,160 mm,,,,,,,,,
product.0_S_06_010_200000_00,Dresser Joint - W 200mm,FITTING PVC,FITTING · DRESSER JOINT,3631,Export ERP master_product_updated.xlsx (diunduh 2026-10-06),,,,200 mm,,,,,,,,,
product.0_S_06_010_250000_00,Dresser Joint - W 250mm,FITTING PVC,FITTING · DRESSER JOINT,3632,Export ERP master_product_updated.xlsx (diunduh 2026-10-06),,,,250 mm,,,,,,,,,
product.0_S_06_010_315000_00,Dresser Joint - W 315mm,FITTING PVC,FITTING · DRESSER JOINT,3633,Export ERP master_product_updated.xlsx (diunduh 2026-10-06),,,,315 mm,,,,,,,,,
product.0_S_06_010_355000_00,Dresser Joint - W 355mm,FITTING PVC,FITTING · DRESSER JOINT,3634,Export ERP master_product_updated.xlsx (diunduh 2026-10-06),,,,355 mm,,,,,,,,,
__export__.product_product_18310,Dresser Joint - W 355mm Coklat,FITTING PVC,FITTING · DRESSER JOINT,3635,Export ERP master_product_updated.xlsx (diunduh 2026-10-06),Warna: Coklat,,,355 mm,,,,,,,,,
product.0_S_06_010_400000_00,Dresser Joint - W 400mm,FITTING PVC,FITTING · DRESSER JOINT,3636,Export ERP master_product_updated.xlsx (diunduh 2026-10-06),,,,400 mm,,,,,,,,,
__export__.product_product_18383,Dresser Joint - W 400mm Coklat,FITTING PVC,FITTING · DRESSER JOINT,3637,Export ERP master_product_updated.xlsx (diunduh 2026-10-06),Warna: Coklat,,,400 mm,,,,,,,,,
product.0_S_06_010_450000_00,Dresser Joint - W 450mm,FITTING PVC,FITTING · DRESSER JOINT,3638,Export ERP master_product_updated.xlsx (diunduh 2026-10-06),,,,450 mm,,,,,,,,,
product.0_S_06_010_500000_00,Dresser Joint - W 500mm,FITTING PVC,FITTING · DRESSER JOINT,3639,Export ERP master_product_updated.xlsx (diunduh 2026-10-06),,,,500 mm,,,,,,,,,
product.0_S_06_010_630000_00,Dresser Joint - W 630mm,FITTING PVC,FITTING · DRESSER JOINT,3640,Export ERP master_product_updated.xlsx (diunduh 2026-10-06),,,,630 mm,,,,,,,,,
__export__.product_product_15048,Bell VA Socket 63mm,FITTING PVC,FITTING · BELL VA SOCKET,3641,Export ERP master_product_updated.xlsx (diunduh 2026-10-06),,,,63 mm,,,,,,,,,
__export__.product_product_15049,Bell VC Socket 63mm,FITTING PVC,FITTING · BELL VC SOCKET,3642,Export ERP master_product_updated.xlsx (diunduh 2026-10-06),,,,63 mm,,,,,,,,,
product.0_S_06_014_020000_00,Socket - W 20 mm,FITTING PVC,FITTING · SOCKET,3658,Export ERP master_product_updated.xlsx (diunduh 2026-10-06),,,,20 mm,,,,,,,,,
product.0_S_06_014_025000_00,Socket - W 25 mm,FITTING PVC,FITTING · SOCKET,3660,Export ERP master_product_updated.xlsx (diunduh 2026-10-06),,,,25 mm,,,,,,,,,
product.0_S_06_014_032000_00,Socket - W 32 mm,FITTING PVC,FITTING · SOCKET,3661,Export ERP master_product_updated.xlsx (diunduh 2026-10-06),,,,32 mm,,,,,,,,,
product.0_S_06_014_040000_00,Socket - W 40 mm,FITTING PVC,FITTING · SOCKET,3663,Export ERP master_product_updated.xlsx (diunduh 2026-10-06),,,,40 mm,,,,,,,,,
product.0_S_06_014_050000_00,Socket - W 50 mm,FITTING PVC,FITTING · SOCKET,3665,Export ERP master_product_updated.xlsx (diunduh 2026-10-06),,,,50 mm,,,,,,,,,
product.0_S_06_014_063000_00,Socket - W 63 mm,FITTING PVC,FITTING · SOCKET,3667,Export ERP master_product_updated.xlsx (diunduh 2026-10-06),,,,63 mm,,,,,,,,,
product.0_S_06_014_075000_00,Socket - W 75 mm,FITTING PVC,FITTING · SOCKET,3669,Export ERP master_product_updated.xlsx (diunduh 2026-10-06),,,,75 mm,,,,,,,,,
product.0_S_06_014_090000_00,Socket - W 90 mm,FITTING PVC,FITTING · SOCKET,3671,Export ERP master_product_updated.xlsx (diunduh 2026-10-06),,,,90 mm,,,,,,,,,
product.0_S_06_014_110000_00,Socket - W 110 mm,FITTING PVC,FITTING · SOCKET,3673,Export ERP master_product_updated.xlsx (diunduh 2026-10-06),,,,110 mm,,,,,,,,,
product.0_S_06_014_140000_00,Socket - W 140 mm,FITTING PVC,FITTING · SOCKET,3675,Export ERP master_product_updated.xlsx (diunduh 2026-10-06),,,,140 mm,,,,,,,,,
product.0_S_06_014_160000_00,Socket - W 160 mm,FITTING PVC,FITTING · SOCKET,3677,Export ERP master_product_updated.xlsx (diunduh 2026-10-06),,,,160 mm,,,,,,,,,
product.0_S_06_014_200000_00,Socket - W 200 mm,FITTING PVC,FITTING · SOCKET,3678,Export ERP master_product_updated.xlsx (diunduh 2026-10-06),,,,200 mm,,,,,,,,,
product.0_S_06_014_250000_00,Socket - W 250 mm,FITTING PVC,FITTING · SOCKET,3679,Export ERP master_product_updated.xlsx (diunduh 2026-10-06),,,,250 mm,,,,,,,,,
product.0_S_06_014_315000_00,Socket - W 315 mm,FITTING PVC,FITTING · SOCKET,3680,Export ERP master_product_updated.xlsx (diunduh 2026-10-06),,,,315 mm,,,,,,,,,
product.0_S_06_014_355000_00,Socket - W 355 mm,FITTING PVC,FITTING · SOCKET,3681,Export ERP master_product_updated.xlsx (diunduh 2026-10-06),,,,355 mm,,,,,,,,,
product.0_S_06_014_400000_00,Socket - W 400 mm,FITTING PVC,FITTING · SOCKET,3682,Export ERP master_product_updated.xlsx (diunduh 2026-10-06),,,,400 mm,,,,,,,,,
product.0_S_06_014_450000_00,Socket - W 450 mm,FITTING PVC,FITTING · SOCKET,3683,Export ERP master_product_updated.xlsx (diunduh 2026-10-06),,,,450 mm,,,,,,,,,
product.0_S_06_014_500000_00,Socket - W 500 mm,FITTING PVC,FITTING · SOCKET,3684,Export ERP master_product_updated.xlsx (diunduh 2026-10-06),,,,500 mm,,,,,,,,,
product.0_S_06_014_630000_00,Socket - W 630 mm,FITTING PVC,FITTING · SOCKET,3685,Export ERP master_product_updated.xlsx (diunduh 2026-10-06),,,,630 mm,,,,,,,,,
product.0_S_06_016_040000_00,Socket - D 40 mm,FITTING PVC,FITTING · SOCKET,3698,Export ERP master_product_updated.xlsx (diunduh 2026-10-06),,,,40 mm,,,,,,D,,,
product.0_S_06_016_050000_00,Socket - D 50 mm,FITTING PVC,FITTING · SOCKET,3699,Export ERP master_product_updated.xlsx (diunduh 2026-10-06),,,,50 mm,,,,,,D,,,
product.0_S_06_016_063000_00,Socket - D 63 mm,FITTING PVC,FITTING · SOCKET,3700,Export ERP master_product_updated.xlsx (diunduh 2026-10-06),,,,63 mm,,,,,,D,,,
product.0_S_06_016_075000_00,Socket - D 75 mm,FITTING PVC,FITTING · SOCKET,3701,Export ERP master_product_updated.xlsx (diunduh 2026-10-06),,,,75 mm,,,,,,D,,,
product.0_S_06_016_090000_00,Socket - D 90 mm,FITTING PVC,FITTING · SOCKET,3702,Export ERP master_product_updated.xlsx (diunduh 2026-10-06),,,,90 mm,,,,,,D,,,
product.0_S_06_016_110000_00,Socket - D 110 mm,FITTING PVC,FITTING · SOCKET,3703,Export ERP master_product_updated.xlsx (diunduh 2026-10-06),,,,110 mm,,,,,,D,,,
__export__.product_product_16697,Socket - D 110 mm Coklat,FITTING PVC,FITTING · SOCKET,3704,Export ERP master_product_updated.xlsx (diunduh 2026-10-06),Warna: Coklat,,,110 mm,,,,,,D,,,
product.0_S_06_016_140000_00,Socket - D 140 mm,FITTING PVC,FITTING · SOCKET,3705,Export ERP master_product_updated.xlsx (diunduh 2026-10-06),,,,140 mm,,,,,,D,,,
product.0_S_06_016_160000_00,Socket - D 160 mm,FITTING PVC,FITTING · SOCKET,3706,Export ERP master_product_updated.xlsx (diunduh 2026-10-06),,,,160 mm,,,,,,D,,,
__export__.product_product_16832,Socket - D 160 mm Coklat,FITTING PVC,FITTING · SOCKET,3707,Export ERP master_product_updated.xlsx (diunduh 2026-10-06),Warna: Coklat,,,160 mm,,,,,,D,,,
product.0_S_06_016_200000_00,Socket - D 200 mm,FITTING PVC,FITTING · SOCKET,3708,Export ERP master_product_updated.xlsx (diunduh 2026-10-06),,,,200 mm,,,,,,D,,,
__export__.product_product_16831,Socket - D 200 mm Coklat,FITTING PVC,FITTING · SOCKET,3709,Export ERP master_product_updated.xlsx (diunduh 2026-10-06),Warna: Coklat,,,200 mm,,,,,,D,,,
product.0_S_06_016_250000_00,Socket - D 250 mm,FITTING PVC,FITTING · SOCKET,3710,Export ERP master_product_updated.xlsx (diunduh 2026-10-06),,,,250 mm,,,,,,D,,,
product.0_S_06_016_315000_00,Socket - D 315 mm,FITTING PVC,FITTING · SOCKET,3711,Export ERP master_product_updated.xlsx (diunduh 2026-10-06),,,,315 mm,,,,,,D,,,
product.0_S_06_016_355000_00,Socket - D 355 mm,FITTING PVC,FITTING · SOCKET,3712,Export ERP master_product_updated.xlsx (diunduh 2026-10-06),,,,355 mm,,,,,,D,,,
product.0_S_06_016_400000_00,Socket - D 400 mm,FITTING PVC,FITTING · SOCKET,3713,Export ERP master_product_updated.xlsx (diunduh 2026-10-06),,,,400 mm,,,,,,D,,,
product.0_S_06_016_450000_00,Socket - D 450 mm,FITTING PVC,FITTING · SOCKET,3714,Export ERP master_product_updated.xlsx (diunduh 2026-10-06),,,,450 mm,,,,,,D,,,
product.0_S_06_016_500000_00,Socket - D 500 mm,FITTING PVC,FITTING · SOCKET,3715,Export ERP master_product_updated.xlsx (diunduh 2026-10-06),,,,500 mm,,,,,,D,,,
product.0_S_06_016_630000_00,Socket - D 630 mm,FITTING PVC,FITTING · SOCKET,3716,Export ERP master_product_updated.xlsx (diunduh 2026-10-06),,,,630 mm,,,,,,D,,,
product.0_S_06_018_025020_00,Red Socket - W 25 x 20 mm,FITTING PVC,FITTING · RED SOCKET,3760,Export ERP master_product_updated.xlsx (diunduh 2026-10-06),,,,20 mm; 25 mm,,,,,,,,,
product.0_S_06_018_032020_00,Red Socket - W 32 x 20 mm,FITTING PVC,FITTING · RED SOCKET,3761,Export ERP master_product_updated.xlsx (diunduh 2026-10-06),,,,20 mm; 32 mm,,,,,,,,,
product.0_S_06_018_032025_00,Red Socket - W 32 x 25 mm,FITTING PVC,FITTING · RED SOCKET,3762,Export ERP master_product_updated.xlsx (diunduh 2026-10-06),,,,25 mm; 32 mm,,,,,,,,,
product.0_S_06_018_040020_00,Red Socket - W 40 x 20 mm,FITTING PVC,FITTING · RED SOCKET,3763,Export ERP master_product_updated.xlsx (diunduh 2026-10-06),,,,20 mm; 40 mm,,,,,,,,,
product.0_S_06_018_040025_00,Red Socket - W 40 x 25 mm,FITTING PVC,FITTING · RED SOCKET,3764,Export ERP master_product_updated.xlsx (diunduh 2026-10-06),,,,25 mm; 40 mm,,,,,,,,,
product.0_S_06_018_040032_00,Red Socket - W 40 x 32 mm,FITTING PVC,FITTING · RED SOCKET,3765,Export ERP master_product_updated.xlsx (diunduh 2026-10-06),,,,32 mm; 40 mm,,,,,,,,,
product.0_S_06_018_050020_00,Red Socket - W 50 x 20 mm,FITTING PVC,FITTING · RED SOCKET,3766,Export ERP master_product_updated.xlsx (diunduh 2026-10-06),,,,20 mm; 50 mm,,,,,,,,,
product.0_S_06_018_050025_00,Red Socket - W 50 x 25 mm,FITTING PVC,FITTING · RED SOCKET,3767,Export ERP master_product_updated.xlsx (diunduh 2026-10-06),,,,25 mm; 50 mm,,,,,,,,,
product.0_S_06_018_050032_00,Red Socket - W 50 x 32 mm,FITTING PVC,FITTING · RED SOCKET,3768,Export ERP master_product_updated.xlsx (diunduh 2026-10-06),,,,32 mm; 50 mm,,,,,,,,,
product.0_S_06_018_050040_00,Red Socket - W 50 x 40 mm,FITTING PVC,FITTING · RED SOCKET,3769,Export ERP master_product_updated.xlsx (diunduh 2026-10-06),,,,40 mm; 50 mm,,,,,,,,,
product.0_S_06_018_063020_00,Red Socket - W 63 x 20 mm,FITTING PVC,FITTING · RED SOCKET,3770,Export ERP master_product_updated.xlsx (diunduh 2026-10-06),,,,20 mm; 63 mm,,,,,,,,,
product.0_S_06_018_063025_00,Red Socket - W 63 x 25 mm,FITTING PVC,FITTING · RED SOCKET,3771,Export ERP master_product_updated.xlsx (diunduh 2026-10-06),,,,25 mm; 63 mm,,,,,,,,,
product.0_S_06_018_063032_00,Red Socket - W 63 x 32 mm,FITTING PVC,FITTING · RED SOCKET,3772,Export ERP master_product_updated.xlsx (diunduh 2026-10-06),,,,32 mm; 63 mm,,,,,,,,,
product.0_S_06_018_063040_00,Red Socket - W 63 x 40 mm,FITTING PVC,FITTING · RED SOCKET,3773,Export ERP master_product_updated.xlsx (diunduh 2026-10-06),,,,40 mm; 63 mm,,,,,,,,,
product.0_S_06_018_063050_00,Red Socket - W 63 x 50 mm,FITTING PVC,FITTING · RED SOCKET,3774,Export ERP master_product_updated.xlsx (diunduh 2026-10-06),,,,50 mm; 63 mm,,,,,,,,,
__export__.product_product_15308,Red Socket - W 63 x 75 mm,FITTING PVC,FITTING · RED SOCKET,3775,Export ERP master_product_updated.xlsx (diunduh 2026-10-06),,,,63 mm; 75 mm,,,,,,,,,
product.0_S_06_018_075020_00,Red Socket - W 75 x 20 mm,FITTING PVC,FITTING · RED SOCKET,3776,Export ERP master_product_updated.xlsx (diunduh 2026-10-06),,,,20 mm; 75 mm,,,,,,,,,
product.0_S_06_018_075025_00,Red Socket - W 75 x 25mm,FITTING PVC,FITTING · RED SOCKET,3777,Export ERP master_product_updated.xlsx (diunduh 2026-10-06),,,,25 mm; 75 mm,,,,,,,,,
__export__.product_product_14475,Red Socket - W 75 x 32 mm,FITTING PVC,FITTING · RED SOCKET,3778,Export ERP master_product_updated.xlsx (diunduh 2026-10-06),,,,32 mm; 75 mm,,,,,,,,,
product.0_S_06_018_075040_00,Red Socket - W 75 x 40 mm,FITTING PVC,FITTING · RED SOCKET,3779,Export ERP master_product_updated.xlsx (diunduh 2026-10-06),,,,40 mm; 75 mm,,,,,,,,,
product.0_S_06_018_075050_00,Red Socket - W 75 x 50 mm,FITTING PVC,FITTING · RED SOCKET,3780,Export ERP master_product_updated.xlsx (diunduh 2026-10-06),,,,50 mm; 75 mm,,,,,,,,,
product.0_S_06_018_075063_00,Red Socket - W 75 x 63 mm,FITTING PVC,FITTING · RED SOCKET,3781,Export ERP master_product_updated.xlsx (diunduh 2026-10-06),,,,63 mm; 75 mm,,,,,,,,,
product.0_S_06_018_090020_00,Red Socket - W 90 x 20 mm,FITTING PVC,FITTING · RED SOCKET,3782,Export ERP master_product_updated.xlsx (diunduh 2026-10-06),,,,20 mm; 90 mm,,,,,,,,,
product.0_S_06_018_090025_00,Red Socket - W 90 x 25 mm,FITTING PVC,FITTING · RED SOCKET,3783,Export ERP master_product_updated.xlsx (diunduh 2026-10-06),,,,25 mm; 90 mm,,,,,,,,,
__export__.product_product_11549,Red Socket - W 90 x 32 mm,FITTING PVC,FITTING · RED SOCKET,3784,Export ERP master_product_updated.xlsx (diunduh 2026-10-06),,,,32 mm; 90 mm,,,,,,,,,
product.0_S_06_018_090040_00,Red Socket - W 90 x 40 mm,FITTING PVC,FITTING · RED SOCKET,3785,Export ERP master_product_updated.xlsx (diunduh 2026-10-06),,,,40 mm; 90 mm,,,,,,,,,
product.0_S_06_018_090050_00,Red Socket - W 90 x 50 mm,FITTING PVC,FITTING · RED SOCKET,3786,Export ERP master_product_updated.xlsx (diunduh 2026-10-06),,,,50 mm; 90 mm,,,,,,,,,
product.0_S_06_018_090063_00,Red Socket - W 90 x 63 mm,FITTING PVC,FITTING · RED SOCKET,3787,Export ERP master_product_updated.xlsx (diunduh 2026-10-06),,,,63 mm; 90 mm,,,,,,,,,
product.0_S_06_018_090075_00,Red Socket - W 90 x 75 mm,FITTING PVC,FITTING · RED SOCKET,3788,Export ERP master_product_updated.xlsx (diunduh 2026-10-06),,,,75 mm; 90 mm,,,,,,,,,
product.0_S_06_018_110020_00,Red Socket - W 110 x 20 mm,FITTING PVC,FITTING · RED SOCKET,3789,Export ERP master_product_updated.xlsx (diunduh 2026-10-06),,,,20 mm; 110 mm,,,,,,,,,
product.0_S_06_018_110025_00,Red Socket - W 110 x 25 mm,FITTING PVC,FITTING · RED SOCKET,3790,Export ERP master_product_updated.xlsx (diunduh 2026-10-06),,,,25 mm; 110 mm,,,,,,,,,
product.0_S_06_018_110032_00,Red Socket - W 110 x 32 mm,FITTING PVC,FITTING · RED SOCKET,3791,Export ERP master_product_updated.xlsx (diunduh 2026-10-06),,,,32 mm; 110 mm,,,,,,,,,
product.0_S_06_018_110040_00,Red Socket - W 110 x 40 mm,FITTING PVC,FITTING · RED SOCKET,3792,Export ERP master_product_updated.xlsx (diunduh 2026-10-06),,,,40 mm; 110 mm,,,,,,,,,
product.0_S_06_018_110050_00,Red Socket - W 110 x 50 mm,FITTING PVC,FITTING · RED SOCKET,3793,Export ERP master_product_updated.xlsx (diunduh 2026-10-06),,,,50 mm; 110 mm,,,,,,,,,
product.0_S_06_018_110063_00,Red Socket - W 110 x 63 mm,FITTING PVC,FITTING · RED SOCKET,3794,Export ERP master_product_updated.xlsx (diunduh 2026-10-06),,,,63 mm; 110 mm,,,,,,,,,
product.0_S_06_018_110075_00,Red Socket - W 110 x 75 mm,FITTING PVC,FITTING · RED SOCKET,3795,Export ERP master_product_updated.xlsx (diunduh 2026-10-06),,,,75 mm; 110 mm,,,,,,,,,
product.0_S_06_018_110090_00,Red Socket - W 110 x 90 mm,FITTING PVC,FITTING · RED SOCKET,3796,Export ERP master_product_updated.xlsx (diunduh 2026-10-06),,,,90 mm; 110 mm,,,,,,,,,
product.0_S_06_018_140110_00,Red Socket - W 140 x 110 mm,FITTING PVC,FITTING · RED SOCKET,3797,Export ERP master_product_updated.xlsx (diunduh 2026-10-06),,,,110 mm; 140 mm,,,,,,,,,
__export__.product_product_14907,Red Socket - W 160 x 40 mm,FITTING PVC,FITTING · RED SOCKET,3798,Export ERP master_product_updated.xlsx (diunduh 2026-10-06),,,,40 mm; 160 mm,,,,,,,,,
__export__.product_product_14730,Red Socket - W 160 x 50 mm,FITTING PVC,FITTING · RED SOCKET,3799,Export ERP master_product_updated.xlsx (diunduh 2026-10-06),,,,50 mm; 160 mm,,,,,,,,,
product.0_S_06_018_160063_00,Red Socket - W 160 x 63 mm,FITTING PVC,FITTING · RED SOCKET,3800,Export ERP master_product_updated.xlsx (diunduh 2026-10-06),,,,63 mm; 160 mm,,,,,,,,,
__export__.product_product_16037,Red Socket - W 160 x 75 mm,FITTING PVC,FITTING · RED SOCKET,3801,Export ERP master_product_updated.xlsx (diunduh 2026-10-06),,,,75 mm; 160 mm,,,,,,,,,
product.0_S_06_018_160090_00,Red Socket - W 160 x 90 mm,FITTING PVC,FITTING · RED SOCKET,3802,Export ERP master_product_updated.xlsx (diunduh 2026-10-06),,,,90 mm; 160 mm,,,,,,,,,
product.0_S_06_018_160110_00,Red Socket - W 160 x 110 mm,FITTING PVC,FITTING · RED SOCKET,3803,Export ERP master_product_updated.xlsx (diunduh 2026-10-06),,,,110 mm; 160 mm,,,,,,,,,
product.0_S_06_018_160140_00,Red Socket - W 160 x 140 mm,FITTING PVC,FITTING · RED SOCKET,3804,Export ERP master_product_updated.xlsx (diunduh 2026-10-06),,,,140 mm; 160 mm,,,,,,,,,
product.0_S_06_018_200063_00,Red Socket - W 200 x 63 mm,FITTING PVC,FITTING · RED SOCKET,3805,Export ERP master_product_updated.xlsx (diunduh 2026-10-06),,,,63 mm; 200 mm,,,,,,,,,
product.0_S_06_018_200090_00,Red Socket - W 200 x 90 mm,FITTING PVC,FITTING · RED SOCKET,3806,Export ERP master_product_updated.xlsx (diunduh 2026-10-06),,,,90 mm; 200 mm,,,,,,,,,
product.0_S_06_018_200110_00,Red Socket - W 200 x 110 mm,FITTING PVC,FITTING · RED SOCKET,3807,Export ERP master_product_updated.xlsx (diunduh 2026-10-06),,,,110 mm; 200 mm,,,,,,,,,
product.0_S_06_018_200160_00,Red Socket - W 200 x 160 mm,FITTING PVC,FITTING · RED SOCKET,3808,Export ERP master_product_updated.xlsx (diunduh 2026-10-06),,,,160 mm; 200 mm,,,,,,,,,
product.0_S_06_018_225200_00,Red Socket - W 225 x 200 mm,FITTING PVC,FITTING · RED SOCKET,3809,Export ERP master_product_updated.xlsx (diunduh 2026-10-06),,,,200 mm; 225 mm,,,,,,,,,
product.0_S_06_018_225216_00,Red Socket - W 225 x 216 mm,FITTING PVC,FITTING · RED SOCKET,3810,Export ERP master_product_updated.xlsx (diunduh 2026-10-06),,,,216 mm; 225 mm,,,,,,,,,
product.0_S_06_018_250160_00,Red Socket - W 250 x 160 mm,FITTING PVC,FITTING · RED SOCKET,3811,Export ERP master_product_updated.xlsx (diunduh 2026-10-06),,,,160 mm; 250 mm,,,,,,,,,
product.0_S_06_018_250200_00,Red Socket - W 250 x 200 mm,FITTING PVC,FITTING · RED SOCKET,3812,Export ERP master_product_updated.xlsx (diunduh 2026-10-06),,,,200 mm; 250 mm,,,,,,,,,
product.0_S_06_018_315110_00,Red Socket - W 315 x 110 mm,FITTING PVC,FITTING · RED SOCKET,3813,Export ERP master_product_updated.xlsx (diunduh 2026-10-06),,,,110 mm; 315 mm,,,,,,,,,
product.0_S_06_018_315140_00,Red Socket - W 315 x 140 mm,FITTING PVC,FITTING · RED SOCKET,3814,Export ERP master_product_updated.xlsx (diunduh 2026-10-06),,,,140 mm; 315 mm,,,,,,,,,
product.0_S_06_018_315160_00,Red Socket - W 315 x 160 mm,FITTING PVC,FITTING · RED SOCKET,3815,Export ERP master_product_updated.xlsx (diunduh 2026-10-06),,,,160 mm; 315 mm,,,,,,,,,
__export__.product_product_14692,Red Socket - W 315 x 200 mm,FITTING PVC,FITTING · RED SOCKET,3816,Export ERP master_product_updated.xlsx (diunduh 2026-10-06),,,,200 mm; 315 mm,,,,,,,,,
product.0_S_06_018_315250_00,Red Socket - W 315 x 250 mm,FITTING PVC,FITTING · RED SOCKET,3817,Export ERP master_product_updated.xlsx (diunduh 2026-10-06),,,,250 mm; 315 mm,,,,,,,,,
product.0_S_06_018_355315_00,Red Socket - W 355 x 315 mm,FITTING PVC,FITTING · RED SOCKET,3818,Export ERP master_product_updated.xlsx (diunduh 2026-10-06),,,,315 mm; 355 mm,,,,,,,,,
product.0_S_06_018_400315_00,Red Socket - W 400 x 315 mm,FITTING PVC,FITTING · RED SOCKET,3820,Export ERP master_product_updated.xlsx (diunduh 2026-10-06),,,,315 mm; 400 mm,,,,,,,,,
product.0_S_06_018_400355_00,Red Socket - W 400 x 355 mm,FITTING PVC,FITTING · RED SOCKET,3821,Export ERP master_product_updated.xlsx (diunduh 2026-10-06),,,,355 mm; 400 mm,,,,,,,,,
product.0_S_06_018_450400_00,Red Socket - W 450 x 400 mm,FITTING PVC,FITTING · RED SOCKET,3822,Export ERP master_product_updated.xlsx (diunduh 2026-10-06),,,,400 mm; 450 mm,,,,,,,,,
product.0_S_06_018_500315_00,Red Socket - W 500 x 315 mm,FITTING PVC,FITTING · RED SOCKET,3823,Export ERP master_product_updated.xlsx (diunduh 2026-10-06),,,,315 mm; 500 mm,,,,,,,,,
product.0_S_06_018_500400_00,Red Socket - W 500 x 400 mm,FITTING PVC,FITTING · RED SOCKET,3824,Export ERP master_product_updated.xlsx (diunduh 2026-10-06),,,,400 mm; 500 mm,,,,,,,,,
product.0_S_06_018_630450_00,Red Socket - W 630 x 450 mm,FITTING PVC,FITTING · RED SOCKET,3825,Export ERP master_product_updated.xlsx (diunduh 2026-10-06),,,,450 mm; 630 mm,,,,,,,,,
product.0_S_06_018_630500_00,Red Socket - W 630 x 500 mm,FITTING PVC,FITTING · RED SOCKET,3826,Export ERP master_product_updated.xlsx (diunduh 2026-10-06),,,,500 mm; 630 mm,,,,,,,,,
product.0_S_06_020_025020_00,Red Socket - D 25 x 20 mm,FITTING PVC,FITTING · RED SOCKET,3859,Export ERP master_product_updated.xlsx (diunduh 2026-10-06),,,,20 mm; 25 mm,,,,,,D,,,
product.0_S_06_020_032020_00,Red Socket - D 32 x 20 mm,FITTING PVC,FITTING · RED SOCKET,3860,Export ERP master_product_updated.xlsx (diunduh 2026-10-06),,,,20 mm; 32 mm,,,,,,D,,,
product.0_S_06_020_032025_00,Red Socket - D 32 x 25 mm,FITTING PVC,FITTING · RED SOCKET,3861,Export ERP master_product_updated.xlsx (diunduh 2026-10-06),,,,25 mm; 32 mm,,,,,,D,,,
product.0_S_06_020_040020_00,Red Socket - D 40 x 20 mm,FITTING PVC,FITTING · RED SOCKET,3862,Export ERP master_product_updated.xlsx (diunduh 2026-10-06),,,,20 mm; 40 mm,,,,,,D,,,
product.0_S_06_020_040025_00,Red Socket - D 40 x 25 mm,FITTING PVC,FITTING · RED SOCKET,3863,Export ERP master_product_updated.xlsx (diunduh 2026-10-06),,,,25 mm; 40 mm,,,,,,D,,,
product.0_S_06_020_040032_00,Red Socket - D 40 x 32 mm,FITTING PVC,FITTING · RED SOCKET,3864,Export ERP master_product_updated.xlsx (diunduh 2026-10-06),,,,32 mm; 40 mm,,,,,,D,,,
product.0_S_06_020_050025_00,Red Socket - D 50 x 25 mm,FITTING PVC,FITTING · RED SOCKET,3865,Export ERP master_product_updated.xlsx (diunduh 2026-10-06),,,,25 mm; 50 mm,,,,,,D,,,
product.0_S_06_020_050032_00,Red Socket - D 50 x 32 mm,FITTING PVC,FITTING · RED SOCKET,3866,Export ERP master_product_updated.xlsx (diunduh 2026-10-06),,,,32 mm; 50 mm,,,,,,D,,,
product.0_S_06_020_050040_00,Red Socket - D 50 x 40 mm,FITTING PVC,FITTING · RED SOCKET,3867,Export ERP master_product_updated.xlsx (diunduh 2026-10-06),,,,40 mm; 50 mm,,,,,,D,,,
product.0_S_06_020_063020_00,Red Socket - D 63 x 20 mm,FITTING PVC,FITTING · RED SOCKET,3868,Export ERP master_product_updated.xlsx (diunduh 2026-10-06),,,,20 mm; 63 mm,,,,,,D,,,
product.0_S_06_020_063032_00,Red Socket - D 63 x 32 mm,FITTING PVC,FITTING · RED SOCKET,3869,Export ERP master_product_updated.xlsx (diunduh 2026-10-06),,,,32 mm; 63 mm,,,,,,D,,,
product.0_S_06_020_063040_00,Red Socket - D 63 x 40 mm,FITTING PVC,FITTING · RED SOCKET,3870,Export ERP master_product_updated.xlsx (diunduh 2026-10-06),,,,40 mm; 63 mm,,,,,,D,,,
product.0_S_06_020_063050_00,Red Socket - D 63 x 50 mm,FITTING PVC,FITTING · RED SOCKET,3871,Export ERP master_product_updated.xlsx (diunduh 2026-10-06),,,,50 mm; 63 mm,,,,,,D,,,
product.0_S_06_020_075050_00,Red Socket - D 75 x 50 mm,FITTING PVC,FITTING · RED SOCKET,3872,Export ERP master_product_updated.xlsx (diunduh 2026-10-06),,,,50 mm; 75 mm,,,,,,D,,,
product.0_S_06_020_075063_00,Red Socket - D 75 x 63 mm,FITTING PVC,FITTING · RED SOCKET,3873,Export ERP master_product_updated.xlsx (diunduh 2026-10-06),,,,63 mm; 75 mm,,,,,,D,,,
product.0_S_06_020_090025_00,Red Socket - D 90 x 25 mm,FITTING PVC,FITTING · RED SOCKET,3874,Export ERP master_product_updated.xlsx (diunduh 2026-10-06),,,,25 mm; 90 mm,,,,,,D,,,
product.0_S_06_020_090040_00,Red Socket - D 90 x 40 mm,FITTING PVC,FITTING · RED SOCKET,3875,Export ERP master_product_updated.xlsx (diunduh 2026-10-06),,,,40 mm; 90 mm,,,,,,D,,,
product.0_S_06_020_090063_00,Red Socket - D 90 x 63 mm,FITTING PVC,FITTING · RED SOCKET,3876,Export ERP master_product_updated.xlsx (diunduh 2026-10-06),,,,63 mm; 90 mm,,,,,,D,,,
product.0_S_06_020_090075_00,Red Socket - D 90 x 75 mm,FITTING PVC,FITTING · RED SOCKET,3877,Export ERP master_product_updated.xlsx (diunduh 2026-10-06),,,,75 mm; 90 mm,,,,,,D,,,
product.0_S_06_020_110040_00,Red Socket - D 110 x 40 mm,FITTING PVC,FITTING · RED SOCKET,3878,Export ERP master_product_updated.xlsx (diunduh 2026-10-06),,,,40 mm; 110 mm,,,,,,D,,,
product.0_S_06_020_110063_00,Red Socket - D 110 x 63 mm,FITTING PVC,FITTING · RED SOCKET,3879,Export ERP master_product_updated.xlsx (diunduh 2026-10-06),,,,63 mm; 110 mm,,,,,,D,,,
product.0_S_06_020_110090_00,Red Socket - D 110 x 90 mm,FITTING PVC,FITTING · RED SOCKET,3880,Export ERP master_product_updated.xlsx (diunduh 2026-10-06),,,,90 mm; 110 mm,,,,,,D,,,
__export__.product_product_17221,Red Socket - D 110 x 90 mm Coklat,FITTING PVC,FITTING · RED SOCKET,3881,Export ERP master_product_updated.xlsx (diunduh 2026-10-06),Warna: Coklat,,,90 mm; 110 mm,,,,,,D,,,
product.0_S_06_020_140110_00,Red Socket - D 140 x 110 mm,FITTING PVC,FITTING · RED SOCKET,3882,Export ERP master_product_updated.xlsx (diunduh 2026-10-06),,,,110 mm; 140 mm,,,,,,D,,,
product.0_S_06_020_160063_00,Red Socket - D 160 x 63 mm,FITTING PVC,FITTING · RED SOCKET,3883,Export ERP master_product_updated.xlsx (diunduh 2026-10-06),,,,63 mm; 160 mm,,,,,,D,,,
product.0_S_06_020_160090_00,Red Socket - D 160 x 90 mm,FITTING PVC,FITTING · RED SOCKET,3884,Export ERP master_product_updated.xlsx (diunduh 2026-10-06),,,,90 mm; 160 mm,,,,,,D,,,
__export__.product_product_17215,Red Socket - D 160 x 90 mm Coklat,FITTING PVC,FITTING · RED SOCKET,3885,Export ERP master_product_updated.xlsx (diunduh 2026-10-06),Warna: Coklat,,,90 mm; 160 mm,,,,,,D,,,
product.0_S_06_020_160110_00,Red Socket - D 160 x 110 mm,FITTING PVC,FITTING · RED SOCKET,3886,Export ERP master_product_updated.xlsx (diunduh 2026-10-06),,,,110 mm; 160 mm,,,,,,D,,,
__export__.product_product_16844,Red Socket - D 160 x 110 mm Coklat,FITTING PVC,FITTING · RED SOCKET,3887,Export ERP master_product_updated.xlsx (diunduh 2026-10-06),Warna: Coklat,,,110 mm; 160 mm,,,,,,D,,,
product.0_S_06_020_160140_00,Red Socket - D 160 x 140 mm,FITTING PVC,FITTING · RED SOCKET,3888,Export ERP master_product_updated.xlsx (diunduh 2026-10-06),,,,140 mm; 160 mm,,,,,,D,,,
__export__.product_product_18633,Red Socket - D 200 x 110 mm Coklat,FITTING PVC,FITTING · RED SOCKET,3889,Export ERP master_product_updated.xlsx (diunduh 2026-10-06),Warna: Coklat,,,110 mm; 200 mm,,,,,,D,,,
product.0_S_06_020_200160_00,Red Socket - D 200 x 160 mm,FITTING PVC,FITTING · RED SOCKET,3890,Export ERP master_product_updated.xlsx (diunduh 2026-10-06),,,,160 mm; 200 mm,,,,,,D,,,
product.0_S_06_020_225216_00,Red Socket - D 225 x 216 mm,FITTING PVC,FITTING · RED SOCKET,3891,Export ERP master_product_updated.xlsx (diunduh 2026-10-06),,,,216 mm; 225 mm,,,,,,D,,,
product.0_S_06_020_250160_00,Red Socket - D 250 x 160 mm,FITTING PVC,FITTING · RED SOCKET,3892,Export ERP master_product_updated.xlsx (diunduh 2026-10-06),,,,160 mm; 250 mm,,,,,,D,,,
product.0_S_06_020_250200_00,Red Socket - D 250 x 200 mm,FITTING PVC,FITTING · RED SOCKET,3893,Export ERP master_product_updated.xlsx (diunduh 2026-10-06),,,,200 mm; 250 mm,,,,,,D,,,
product.0_S_06_020_315110_00,Red Socket - D 315 x 110 mm,FITTING PVC,FITTING · RED SOCKET,3894,Export ERP master_product_updated.xlsx (diunduh 2026-10-06),,,,110 mm; 315 mm,,,,,,D,,,
product.0_S_06_020_315140_00,Red Socket - D 315 x 140 mm,FITTING PVC,FITTING · RED SOCKET,3895,Export ERP master_product_updated.xlsx (diunduh 2026-10-06),,,,140 mm; 315 mm,,,,,,D,,,
product.0_S_06_020_315160_00,Red Socket - D 315 x 160 mm,FITTING PVC,FITTING · RED SOCKET,3896,Export ERP master_product_updated.xlsx (diunduh 2026-10-06),,,,160 mm; 315 mm,,,,,,D,,,
product.0_S_06_020_315250_00,Red Socket - D 315 x 250 mm,FITTING PVC,FITTING · RED SOCKET,3897,Export ERP master_product_updated.xlsx (diunduh 2026-10-06),,,,250 mm; 315 mm,,,,,,D,,,
product.0_S_06_020_400315_00,Red Socket - D 400 x 315 mm,FITTING PVC,FITTING · RED SOCKET,3898,Export ERP master_product_updated.xlsx (diunduh 2026-10-06),,,,315 mm; 400 mm,,,,,,D,,,
product.0_S_06_020_450400_00,Red Socket - D 450 x 400 mm,FITTING PVC,FITTING · RED SOCKET,3899,Export ERP master_product_updated.xlsx (diunduh 2026-10-06),,,,400 mm; 450 mm,,,,,,D,,,
product.0_S_06_020_500315_00,Red Socket - D 500 x 315 mm,FITTING PVC,FITTING · RED SOCKET,3900,Export ERP master_product_updated.xlsx (diunduh 2026-10-06),,,,315 mm; 500 mm,,,,,,D,,,
product.0_S_06_020_500400_00,Red Socket - D 500 x 400 mm,FITTING PVC,FITTING · RED SOCKET,3901,Export ERP master_product_updated.xlsx (diunduh 2026-10-06),,,,400 mm; 500 mm,,,,,,D,,,
product.0_S_06_020_630450_00,Red Socket - D 630 x 450 mm,FITTING PVC,FITTING · RED SOCKET,3902,Export ERP master_product_updated.xlsx (diunduh 2026-10-06),,,,450 mm; 630 mm,,,,,,D,,,
product.0_S_06_020_630500_00,Red Socket - D 630 x 500 mm,FITTING PVC,FITTING · RED SOCKET,3903,Export ERP master_product_updated.xlsx (diunduh 2026-10-06),,,,500 mm; 630 mm,,,,,,D,,,
product.0_S_06_022_063000_00,Bell Socket - W 63 mm,FITTING PVC,FITTING · BELL SOCKET,3913,Export ERP master_product_updated.xlsx (diunduh 2026-10-06),,,,63 mm,,,,,,,,,
product.0_S_06_022_075000_00,Bell Socket - W 75 mm,FITTING PVC,FITTING · BELL SOCKET,3915,Export ERP master_product_updated.xlsx (diunduh 2026-10-06),,,,75 mm,,,,,,,,,
product.0_S_06_022_090000_00,Bell Socket - W 90 mm,FITTING PVC,FITTING · BELL SOCKET,3916,Export ERP master_product_updated.xlsx (diunduh 2026-10-06),,,,90 mm,,,,,,,,,
product.0_S_06_022_110000_00,Bell Socket - W 110 mm,FITTING PVC,FITTING · BELL SOCKET,3918,Export ERP master_product_updated.xlsx (diunduh 2026-10-06),,,,110 mm,,,,,,,,,
product.0_S_06_022_140000_00,Bell Socket - W 140 mm,FITTING PVC,FITTING · BELL SOCKET,3920,Export ERP master_product_updated.xlsx (diunduh 2026-10-06),,,,140 mm,,,,,,,,,
product.0_S_06_022_160000_00,Bell Socket - W 160 mm,FITTING PVC,FITTING · BELL SOCKET,3921,Export ERP master_product_updated.xlsx (diunduh 2026-10-06),,,,160 mm,,,,,,,,,
product.0_S_06_022_200000_00,Bell Socket - W 200 mm,FITTING PVC,FITTING · BELL SOCKET,3923,Export ERP master_product_updated.xlsx (diunduh 2026-10-06),,,,200 mm,,,,,,,,,
__export__.product_product_18320,Bell Socket - W 200 mm Coklat,FITTING PVC,FITTING · BELL SOCKET,3924,Export ERP master_product_updated.xlsx (diunduh 2026-10-06),Warna: Coklat,,,200 mm,,,,,,,,,
__export__.product_product_18133,Bell Socket - W 200 x 225 mm,FITTING PVC,FITTING · BELL SOCKET,3926,Export ERP master_product_updated.xlsx (diunduh 2026-10-06),,,,200 mm; 225 mm,,,,,,,,,
__export__.product_product_18134,Bell Socket - W 225 mm,FITTING PVC,FITTING · BELL SOCKET,3927,Export ERP master_product_updated.xlsx (diunduh 2026-10-06),,,,225 mm,,,,,,,,,
product.0_S_06_022_250000_00,Bell Socket - W 250 mm,FITTING PVC,FITTING · BELL SOCKET,3928,Export ERP master_product_updated.xlsx (diunduh 2026-10-06),,,,250 mm,,,,,,,,,
product.0_S_06_022_315000_00,Bell Socket - W 315 mm,FITTING PVC,FITTING · BELL SOCKET,3929,Export ERP master_product_updated.xlsx (diunduh 2026-10-06),,,,315 mm,,,,,,,,,
product.0_S_06_022_355000_00,Bell Socket - W 355 mm,FITTING PVC,FITTING · BELL SOCKET,3930,Export ERP master_product_updated.xlsx (diunduh 2026-10-06),,,,355 mm,,,,,,,,,
product.0_S_06_022_400000_00,Bell Socket - W 400 mm,FITTING PVC,FITTING · BELL SOCKET,3931,Export ERP master_product_updated.xlsx (diunduh 2026-10-06),,,,400 mm,,,,,,,,,
product.0_S_06_022_450000_00,Bell Socket - W 450 mm,FITTING PVC,FITTING · BELL SOCKET,3932,Export ERP master_product_updated.xlsx (diunduh 2026-10-06),,,,450 mm,,,,,,,,,
product.0_S_06_022_500000_00,Bell Socket - W 500 mm,FITTING PVC,FITTING · BELL SOCKET,3933,Export ERP master_product_updated.xlsx (diunduh 2026-10-06),,,,500 mm,,,,,,,,,
__export__.product_product_19420,Bell Socket - W 500 mm Coklat,FITTING PVC,FITTING · BELL SOCKET,3934,Export ERP master_product_updated.xlsx (diunduh 2026-10-06),Warna: Coklat,,,500 mm,,,,,,,,,
product.0_S_06_022_630000_00,Bell Socket - W 630 mm,FITTING PVC,FITTING · BELL SOCKET,3935,Export ERP master_product_updated.xlsx (diunduh 2026-10-06),,,,630 mm,,,,,,,,,
product.0_S_06_024_063000_00,Bell Socket - D 63 mm,FITTING PVC,FITTING · BELL SOCKET,3945,Export ERP master_product_updated.xlsx (diunduh 2026-10-06),,,,63 mm,,,,,,D,,,
product.0_S_06_024_075000_00,Bell Socket - D 75 mm,FITTING PVC,FITTING · BELL SOCKET,3946,Export ERP master_product_updated.xlsx (diunduh 2026-10-06),,,,75 mm,,,,,,D,,,
product.0_S_06_024_090000_00,Bell Socket - D 90 mm,FITTING PVC,FITTING · BELL SOCKET,3947,Export ERP master_product_updated.xlsx (diunduh 2026-10-06),,,,90 mm,,,,,,D,,,
__export__.product_product_17991,Bell Socket - D 90 mm Coklat,FITTING PVC,FITTING · BELL SOCKET,3948,Export ERP master_product_updated.xlsx (diunduh 2026-10-06),Warna: Coklat,,,90 mm,,,,,,D,,,
product.0_S_06_024_110000_00,Bell Socket - D 110 mm,FITTING PVC,FITTING · BELL SOCKET,3949,Export ERP master_product_updated.xlsx (diunduh 2026-10-06),,,,110 mm,,,,,,D,,,
__export__.product_product_16865,Bell Socket - D 110 mm Coklat,FITTING PVC,FITTING · BELL SOCKET,3950,Export ERP master_product_updated.xlsx (diunduh 2026-10-06),Warna: Coklat,,,110 mm,,,,,,D,,,
__export__.product_product_17745,Bell Socket - D 110 x 90 mm Coklat,FITTING PVC,FITTING · BELL SOCKET,3951,Export ERP master_product_updated.xlsx (diunduh 2026-10-06),Warna: Coklat,,,90 mm; 110 mm,,,,,,D,,,
product.0_S_06_024_140000_00,Bell Socket - D 140 mm,FITTING PVC,FITTING · BELL SOCKET,3953,Export ERP master_product_updated.xlsx (diunduh 2026-10-06),,,,140 mm,,,,,,D,,,
product.0_S_06_024_160000_00,Bell Socket - D 160 mm,FITTING PVC,FITTING · BELL SOCKET,3954,Export ERP master_product_updated.xlsx (diunduh 2026-10-06),,,,160 mm,,,,,,D,,,
__export__.product_product_16822,Bell Socket - D 160 mm Coklat,FITTING PVC,FITTING · BELL SOCKET,3955,Export ERP master_product_updated.xlsx (diunduh 2026-10-06),Warna: Coklat,,,160 mm,,,,,,D,,,
product.0_S_06_024_200000_00,Bell Socket - D 200 mm,FITTING PVC,FITTING · BELL SOCKET,3956,Export ERP master_product_updated.xlsx (diunduh 2026-10-06),,,,200 mm,,,,,,D,,,
__export__.product_product_16820,Bell Socket - D 200 mm Coklat,FITTING PVC,FITTING · BELL SOCKET,3957,Export ERP master_product_updated.xlsx (diunduh 2026-10-06),Warna: Coklat,,,200 mm,,,,,,D,,,
product.0_S_06_024_250000_00,Bell Socket - D 250 mm,FITTING PVC,FITTING · BELL SOCKET,3958,Export ERP master_product_updated.xlsx (diunduh 2026-10-06),,,,250 mm,,,,,,D,,,
__export__.product_product_17391,Bell Socket - D 250 mm Coklat,FITTING PVC,FITTING · BELL SOCKET,3959,Export ERP master_product_updated.xlsx (diunduh 2026-10-06),Warna: Coklat,,,250 mm,,,,,,D,,,
product.0_S_06_024_315000_00,Bell Socket - D 315 mm,FITTING PVC,FITTING · BELL SOCKET,3961,Export ERP master_product_updated.xlsx (diunduh 2026-10-06),,,,315 mm,,,,,,D,,,
__export__.product_product_17392,Bell Socket - D 315 mm Coklat,FITTING PVC,FITTING · BELL SOCKET,3962,Export ERP master_product_updated.xlsx (diunduh 2026-10-06),Warna: Coklat,,,315 mm,,,,,,D,,,
product.0_S_06_024_355000_00,Bell Socket - D 355 mm,FITTING PVC,FITTING · BELL SOCKET,3963,Export ERP master_product_updated.xlsx (diunduh 2026-10-06),,,,355 mm,,,,,,D,,,
product.0_S_06_024_400000_00,Bell Socket - D 400 mm,FITTING PVC,FITTING · BELL SOCKET,3964,Export ERP master_product_updated.xlsx (diunduh 2026-10-06),,,,400 mm,,,,,,D,,,
__export__.product_product_17310,Bell Socket - D 400 mm Coklat,FITTING PVC,FITTING · BELL SOCKET,3965,Export ERP master_product_updated.xlsx (diunduh 2026-10-06),Warna: Coklat,,,400 mm,,,,,,D,,,
product.0_S_06_024_450000_00,Bell Socket - D 450 mm,FITTING PVC,FITTING · BELL SOCKET,3966,Export ERP master_product_updated.xlsx (diunduh 2026-10-06),,,,450 mm,,,,,,D,,,
product.0_S_06_024_500000_00,Bell Socket - D 500 mm,FITTING PVC,FITTING · BELL SOCKET,3967,Export ERP master_product_updated.xlsx (diunduh 2026-10-06),,,,500 mm,,,,,,D,,,
product.0_S_06_024_630000_00,Bell Socket - D 630 mm,FITTING PVC,FITTING · BELL SOCKET,3968,Export ERP master_product_updated.xlsx (diunduh 2026-10-06),,,,630 mm,,,,,,D,,,
__export__.product_product_12412,Bell Reducer - W 63 x 20 mm,FITTING PVC,FITTING · BELL REDUCER,3979,Export ERP master_product_updated.xlsx (diunduh 2026-10-06),,,,20 mm; 63 mm,,,,,,,,,
__export__.product_product_14841,Bell Reducer - W 63 x 25 mm,FITTING PVC,FITTING · BELL REDUCER,3980,Export ERP master_product_updated.xlsx (diunduh 2026-10-06),,,,25 mm; 63 mm,,,,,,,,,
product.0_S_06_026_063032_00,Bell Reducer - W 63 x 32 mm,FITTING PVC,FITTING · BELL REDUCER,3981,Export ERP master_product_updated.xlsx (diunduh 2026-10-06),,,,32 mm; 63 mm,,,,,,,,,
product.0_S_06_026_063040_00,Bell Reducer - W 63 x 40 mm,FITTING PVC,FITTING · BELL REDUCER,3982,Export ERP master_product_updated.xlsx (diunduh 2026-10-06),,,,40 mm; 63 mm,,,,,,,,,
product.0_S_06_026_063050_00,Bell Reducer - W 63 x 50 mm,FITTING PVC,FITTING · BELL REDUCER,3983,Export ERP master_product_updated.xlsx (diunduh 2026-10-06),,,,50 mm; 63 mm,,,,,,,,,
product.0_S_06_026_075063_00,Bell Reducer - W 75 x 63 mm,FITTING PVC,FITTING · BELL REDUCER,3984,Export ERP master_product_updated.xlsx (diunduh 2026-10-06),,,,63 mm; 75 mm,,,,,,,,,
__export__.product_product_15569,Bell Reducer - W 90 x 25 mm,FITTING PVC,FITTING · BELL REDUCER,3985,Export ERP master_product_updated.xlsx (diunduh 2026-10-06),,,,25 mm; 90 mm,,,,,,,,,
product.0_S_06_026_090032_00,Bell Reducer - W 90 x 32 mm,FITTING PVC,FITTING · BELL REDUCER,3986,Export ERP master_product_updated.xlsx (diunduh 2026-10-06),,,,32 mm; 90 mm,,,,,,,,,
product.0_S_06_026_090050_00,Bell Reducer - W 90 x 50 mm,FITTING PVC,FITTING · BELL REDUCER,3987,Export ERP master_product_updated.xlsx (diunduh 2026-10-06),,,,50 mm; 90 mm,,,,,,,,,
product.0_S_06_026_090063_00,Bell Reducer - W 90 x 63 mm,FITTING PVC,FITTING · BELL REDUCER,3988,Export ERP master_product_updated.xlsx (diunduh 2026-10-06),,,,63 mm; 90 mm,,,,,,,,,
product.0_S_06_026_090075_00,Bell Reducer - W 90 x 75 mm,FITTING PVC,FITTING · BELL REDUCER,3989,Export ERP master_product_updated.xlsx (diunduh 2026-10-06),,,,75 mm; 90 mm,,,,,,,,,
product.0_S_06_026_110032_00,Bell Reducer - W 110 x 32 mm,FITTING PVC,FITTING · BELL REDUCER,3990,Export ERP master_product_updated.xlsx (diunduh 2026-10-06),,,,32 mm; 110 mm,,,,,,,,,
product.0_S_06_026_110050_00,Bell Reducer - W 110 x 50 mm,FITTING PVC,FITTING · BELL REDUCER,3991,Export ERP master_product_updated.xlsx (diunduh 2026-10-06),,,,50 mm; 110 mm,,,,,,,,,
product.0_S_06_026_110063_00,Bell Reducer - W 110 x 63 mm,FITTING PVC,FITTING · BELL REDUCER,3992,Export ERP master_product_updated.xlsx (diunduh 2026-10-06),,,,63 mm; 110 mm,,,,,,,,,
product.0_S_06_026_110090_00,Bell Reducer - W 110 x 90mm,FITTING PVC,FITTING · BELL REDUCER,3993,Export ERP master_product_updated.xlsx (diunduh 2026-10-06),,,,90 mm; 110 mm,,,,,,,,,
__export__.product_product_17746,Bell Reducer - W 110 x 90mm Coklat,FITTING PVC,FITTING · BELL REDUCER,3994,Export ERP master_product_updated.xlsx (diunduh 2026-10-06),Warna: Coklat,,,90 mm; 110 mm,,,,,,,,,
__export__.product_product_15441,Bell Reducer - W 140 x 90 mm,FITTING PVC,FITTING · BELL REDUCER,3995,Export ERP master_product_updated.xlsx (diunduh 2026-10-06),,,,90 mm; 140 mm,,,,,,,,,
product.0_S_06_026_140110_00,Bell Reducer - W 140 x 110 mm,FITTING PVC,FITTING · BELL REDUCER,3996,Export ERP master_product_updated.xlsx (diunduh 2026-10-06),,,,110 mm; 140 mm,,,,,,,,,
product.0_S_06_026_160063_00,Bell Reducer - W 160 x 63 mm,FITTING PVC,FITTING · BELL REDUCER,3997,Export ERP master_product_updated.xlsx (diunduh 2026-10-06),,,,63 mm; 160 mm,,,,,,,,,
product.0_S_06_026_160090_00,Bell Reducer - W 160 x 90 mm,FITTING PVC,FITTING · BELL REDUCER,3998,Export ERP master_product_updated.xlsx (diunduh 2026-10-06),,,,90 mm; 160 mm,,,,,,,,,
product.0_S_06_026_160110_00,Bell Reducer - W 160 x 110 mm,FITTING PVC,FITTING · BELL REDUCER,4000,Export ERP master_product_updated.xlsx (diunduh 2026-10-06),,,,110 mm; 160 mm,,,,,,,,,
product.0_S_06_026_160140_00,Bell Reducer - W 160 x 140 mm,FITTING PVC,FITTING · BELL REDUCER,4001,Export ERP master_product_updated.xlsx (diunduh 2026-10-06),,,,140 mm; 160 mm,,,,,,,,,
product.0_S_06_026_160160_00,Bell Reducer - W 160 x 160 mm,FITTING PVC,FITTING · BELL REDUCER,4002,Export ERP master_product_updated.xlsx (diunduh 2026-10-06),,,,160 mm,,,,,,,,,
product.0_S_06_026_200063_00,Bell Reducer - W 200 x 63 mm,FITTING PVC,FITTING · BELL REDUCER,4003,Export ERP master_product_updated.xlsx (diunduh 2026-10-06),,,,63 mm; 200 mm,,,,,,,,,
product.0_S_06_026_200090_00,Bell Reducer - W 200 x 90 mm,FITTING PVC,FITTING · BELL REDUCER,4004,Export ERP master_product_updated.xlsx (diunduh 2026-10-06),,,,90 mm; 200 mm,,,,,,,,,
product.0_S_06_026_200110_00,Bell Reducer - W 200 x 110 mm,FITTING PVC,FITTING · BELL REDUCER,4005,Export ERP master_product_updated.xlsx (diunduh 2026-10-06),,,,110 mm; 200 mm,,,,,,,,,
__export__.product_product_16995,Bell Reducer - W 200 x 110 mm Socket Coklat,FITTING PVC,FITTING · BELL REDUCER SOCKET,4006,Export ERP master_product_updated.xlsx (diunduh 2026-10-06),Warna: Coklat,,,110 mm; 200 mm,,,,,,,,,
__export__.product_product_15440,Bell Reducer - W 200 x 140 mm,FITTING PVC,FITTING · BELL REDUCER,4007,Export ERP master_product_updated.xlsx (diunduh 2026-10-06),,,,140 mm; 200 mm,,,,,,,,,
product.0_S_06_026_200160_00,Bell Reducer - W 200 x 160 mm,FITTING PVC,FITTING · BELL REDUCER,4008,Export ERP master_product_updated.xlsx (diunduh 2026-10-06),,,,160 mm; 200 mm,,,,,,,,,
__export__.product_product_16996,Bell Reducer - W 200 x 160 mm Socket Coklat,FITTING PVC,FITTING · BELL REDUCER SOCKET,4009,Export ERP master_product_updated.xlsx (diunduh 2026-10-06),Warna: Coklat,,,160 mm; 200 mm,,,,,,,,,
__export__.product_product_15439,Bell Reducer - W 225 x 200 mm,FITTING PVC,FITTING · BELL REDUCER,4010,Export ERP master_product_updated.xlsx (diunduh 2026-10-06),,,,200 mm; 225 mm,,,,,,,,,
__export__.product_product_14658,Bell Reducer - W 250 x 90 mm,FITTING PVC,FITTING · BELL REDUCER,4011,Export ERP master_product_updated.xlsx (diunduh 2026-10-06),,,,90 mm; 250 mm,,,,,,,,,
__export__.product_product_14657,Bell Reducer - W 250 x 110 mm,FITTING PVC,FITTING · BELL REDUCER,4012,Export ERP master_product_updated.xlsx (diunduh 2026-10-06),,,,110 mm; 250 mm,,,,,,,,,
product.0_S_06_026_250160_00,Bell Reducer - W 250 x 160 mm,FITTING PVC,FITTING · BELL REDUCER,4013,Export ERP master_product_updated.xlsx (diunduh 2026-10-06),,,,160 mm; 250 mm,,,,,,,,,
product.0_S_06_026_250200_00,Bell Reducer - W 250 x 200 mm,FITTING PVC,FITTING · BELL REDUCER,4014,Export ERP master_product_updated.xlsx (diunduh 2026-10-06),,,,200 mm; 250 mm,,,,,,,,,
__export__.product_product_16997,Bell Reducer - W 250 x 200 mm Socket Coklat,FITTING PVC,FITTING · BELL REDUCER SOCKET,4015,Export ERP master_product_updated.xlsx (diunduh 2026-10-06),Warna: Coklat,,,200 mm; 250 mm,,,,,,,,,
product.0_S_06_026_315090_00,Bell Reducer - W 315 x 90 mm,FITTING PVC,FITTING · BELL REDUCER,4016,Export ERP master_product_updated.xlsx (diunduh 2026-10-06),,,,90 mm; 315 mm,,,,,,,,,
product.0_S_06_026_315110_00,Bell Reducer - W 315 x 110 mm,FITTING PVC,FITTING · BELL REDUCER,4017,Export ERP master_product_updated.xlsx (diunduh 2026-10-06),,,,110 mm; 315 mm,,,,,,,,,
product.0_S_06_026_315160_00,Bell Reducer - W 315 x 160 mm,FITTING PVC,FITTING · BELL REDUCER,4018,Export ERP master_product_updated.xlsx (diunduh 2026-10-06),,,,160 mm; 315 mm,,,,,,,,,
product.0_S_06_026_315200_00,Bell Reducer - W 315 x 200 mm,FITTING PVC,FITTING · BELL REDUCER,4019,Export ERP master_product_updated.xlsx (diunduh 2026-10-06),,,,200 mm; 315 mm,,,,,,,,,
product.0_S_06_026_315250_00,Bell Reducer - W 315 x 250 mm,FITTING PVC,FITTING · BELL REDUCER,4020,Export ERP master_product_updated.xlsx (diunduh 2026-10-06),,,,250 mm; 315 mm,,,,,,,,,
__export__.product_product_14439,Bell Reducer - W 355 x 200 mm,FITTING PVC,FITTING · BELL REDUCER,4021,Export ERP master_product_updated.xlsx (diunduh 2026-10-06),,,,200 mm; 355 mm,,,,,,,,,
product.0_S_06_026_355250_00,Bell Reducer - W 355 x 250 mm,FITTING PVC,FITTING · BELL REDUCER,4022,Export ERP master_product_updated.xlsx (diunduh 2026-10-06),,,,250 mm; 355 mm,,,,,,,,,
product.0_S_06_026_355315_00,Bell Reducer - W 355 x 315 mm,FITTING PVC,FITTING · BELL REDUCER,4023,Export ERP master_product_updated.xlsx (diunduh 2026-10-06),,,,315 mm; 355 mm,,,,,,,,,
product.0_S_06_026_400110_00,Bell Reducer - W 400 x 110 mm,FITTING PVC,FITTING · BELL REDUCER,4024,Export ERP master_product_updated.xlsx (diunduh 2026-10-06),,,,110 mm; 400 mm,,,,,,,,,
__export__.product_product_9448,Bell Reducer - W 400 x 200 mm,FITTING PVC,FITTING · BELL REDUCER,4025,Export ERP master_product_updated.xlsx (diunduh 2026-10-06),,,,200 mm; 400 mm,,,,,,,,,
__export__.product_product_17301,Bell Reducer - W 400 x 250 mm,FITTING PVC,FITTING · BELL REDUCER,4026,Export ERP master_product_updated.xlsx (diunduh 2026-10-06),,,,250 mm; 400 mm,,,,,,,,,
product.0_S_06_026_400315_00,Bell Reducer - W 400 x 315 mm,FITTING PVC,FITTING · BELL REDUCER,4027,Export ERP master_product_updated.xlsx (diunduh 2026-10-06),,,,315 mm; 400 mm,,,,,,,,,
product.0_S_06_026_400355_00,Bell Reducer - W 400 x 355 mm,FITTING PVC,FITTING · BELL REDUCER,4028,Export ERP master_product_updated.xlsx (diunduh 2026-10-06),,,,355 mm; 400 mm,,,,,,,,,
product.0_S_06_026_450400_00,Bell Reducer - W 450 x 400 mm,FITTING PVC,FITTING · BELL REDUCER,4029,Export ERP master_product_updated.xlsx (diunduh 2026-10-06),,,,400 mm; 450 mm,,,,,,,,,
product.0_S_06_026_500315_00,Bell Reducer - W 500 x 315 mm,FITTING PVC,FITTING · BELL REDUCER,4030,Export ERP master_product_updated.xlsx (diunduh 2026-10-06),,,,315 mm; 500 mm,,,,,,,,,
product.0_S_06_026_500350_00,Bell Reducer - W 500 x 350 mm,FITTING PVC,FITTING · BELL REDUCER,4031,Export ERP master_product_updated.xlsx (diunduh 2026-10-06),,,,350 mm; 500 mm,,,,,,,,,
product.0_S_06_026_500400_00,Bell Reducer - W 500 x 400 mm,FITTING PVC,FITTING · BELL REDUCER,4032,Export ERP master_product_updated.xlsx (diunduh 2026-10-06),,,,400 mm; 500 mm,,,,,,,,,
__export__.product_product_12731,Bell Reducer - W 630 x 200 mm,FITTING PVC,FITTING · BELL REDUCER,4033,Export ERP master_product_updated.xlsx (diunduh 2026-10-06),,,,200 mm; 630 mm,,,,,,,,,
product.0_S_06_026_630400_00,Bell Reducer - W 630 x 400 mm,FITTING PVC,FITTING · BELL REDUCER,4034,Export ERP master_product_updated.xlsx (diunduh 2026-10-06),,,,400 mm; 630 mm,,,,,,,,,
product.0_S_06_026_630450_00,Bell Reducer - W 630 x 450 mm,FITTING PVC,FITTING · BELL REDUCER,4035,Export ERP master_product_updated.xlsx (diunduh 2026-10-06),,,,450 mm; 630 mm,,,,,,,,,
product.0_S_06_028_063032_00,Bell Reducer - D 63 x 32 mm,FITTING PVC,FITTING · BELL REDUCER,4045,Export ERP master_product_updated.xlsx (diunduh 2026-10-06),,,,32 mm; 63 mm,,,,,,D,,,
product.0_S_06_028_063040_00,Bell Reducer - D 63 x 40 mm,FITTING PVC,FITTING · BELL REDUCER,4046,Export ERP master_product_updated.xlsx (diunduh 2026-10-06),,,,40 mm; 63 mm,,,,,,D,,,
product.0_S_06_028_063050_00,Bell Reducer - D 63 x 50 mm,FITTING PVC,FITTING · BELL REDUCER,4047,Export ERP master_product_updated.xlsx (diunduh 2026-10-06),,,,50 mm; 63 mm,,,,,,D,,,
product.0_S_06_028_075063_00,Bell Reducer - D 75 x 63 mm,FITTING PVC,FITTING · BELL REDUCER,4048,Export ERP master_product_updated.xlsx (diunduh 2026-10-06),,,,63 mm; 75 mm,,,,,,D,,,
product.0_S_06_028_090032_00,Bell Reducer - D 90 x 32 mm,FITTING PVC,FITTING · BELL REDUCER,4049,Export ERP master_product_updated.xlsx (diunduh 2026-10-06),,,,32 mm; 90 mm,,,,,,D,,,
product.0_S_06_028_090050_00,Bell Reducer - D 90 x 50 mm,FITTING PVC,FITTING · BELL REDUCER,4050,Export ERP master_product_updated.xlsx (diunduh 2026-10-06),,,,50 mm; 90 mm,,,,,,D,,,
product.0_S_06_028_090063_00,Bell Reducer - D 90 x 63 mm,FITTING PVC,FITTING · BELL REDUCER,4051,Export ERP master_product_updated.xlsx (diunduh 2026-10-06),,,,63 mm; 90 mm,,,,,,D,,,
product.0_S_06_028_090075_00,Bell Reducer - D 90 x 75 mm,FITTING PVC,FITTING · BELL REDUCER,4052,Export ERP master_product_updated.xlsx (diunduh 2026-10-06),,,,75 mm; 90 mm,,,,,,D,,,
product.0_S_06_028_110032_00,Bell Reducer - D 110 x 32 mm,FITTING PVC,FITTING · BELL REDUCER,4053,Export ERP master_product_updated.xlsx (diunduh 2026-10-06),,,,32 mm; 110 mm,,,,,,D,,,
product.0_S_06_028_110050_00,Bell Reducer - D 110 x 50 mm,FITTING PVC,FITTING · BELL REDUCER,4054,Export ERP master_product_updated.xlsx (diunduh 2026-10-06),,,,50 mm; 110 mm,,,,,,D,,,
product.0_S_06_028_110063_00,Bell Reducer - D 110 x 63 mm,FITTING PVC,FITTING · BELL REDUCER,4055,Export ERP master_product_updated.xlsx (diunduh 2026-10-06),,,,63 mm; 110 mm,,,,,,D,,,
product.0_S_06_028_110090_00,Bell Reducer - D 110 x 90 mm,FITTING PVC,FITTING · BELL REDUCER,4056,Export ERP master_product_updated.xlsx (diunduh 2026-10-06),,,,90 mm; 110 mm,,,,,,D,,,
__export__.product_product_17747,Bell Reducer - D 110 x 90 mm Coklat,FITTING PVC,FITTING · BELL REDUCER,4057,Export ERP master_product_updated.xlsx (diunduh 2026-10-06),Warna: Coklat,,,90 mm; 110 mm,,,,,,D,,,
product.0_S_06_028_140110_00,Bell Reducer - D 140 x 110 mm,FITTING PVC,FITTING · BELL REDUCER,4058,Export ERP master_product_updated.xlsx (diunduh 2026-10-06),,,,110 mm; 140 mm,,,,,,D,,,
product.0_S_06_028_160063_00,Bell Reducer - D 160 x 63 mm,FITTING PVC,FITTING · BELL REDUCER,4059,Export ERP master_product_updated.xlsx (diunduh 2026-10-06),,,,63 mm; 160 mm,,,,,,D,,,
product.0_S_06_028_160090_00,Bell Reducer - D 160 x 90 mm,FITTING PVC,FITTING · BELL REDUCER,4060,Export ERP master_product_updated.xlsx (diunduh 2026-10-06),,,,90 mm; 160 mm,,,,,,D,,,
product.0_S_06_028_160110_00,Bell Reducer - D 160 x 110 mm,FITTING PVC,FITTING · BELL REDUCER,4061,Export ERP master_product_updated.xlsx (diunduh 2026-10-06),,,,110 mm; 160 mm,,,,,,D,,,
__export__.product_product_17532,Bell Reducer - D 160 x 110 mm Coklat,FITTING PVC,FITTING · BELL REDUCER,4062,Export ERP master_product_updated.xlsx (diunduh 2026-10-06),Warna: Coklat,,,110 mm; 160 mm,,,,,,D,,,
product.0_S_06_028_160160_00,Bell Reducer - D 160 x 160 mm,FITTING PVC,FITTING · BELL REDUCER,4063,Export ERP master_product_updated.xlsx (diunduh 2026-10-06),,,,160 mm,,,,,,D,,,
product.0_S_06_028_200090_00,Bell Reducer - D 200 x 90 mm,FITTING PVC,FITTING · BELL REDUCER,4064,Export ERP master_product_updated.xlsx (diunduh 2026-10-06),,,,90 mm; 200 mm,,,,,,D,,,
product.0_S_06_028_200110_00,Bell Reducer - D 200 x 110 mm,FITTING PVC,FITTING · BELL REDUCER,4065,Export ERP master_product_updated.xlsx (diunduh 2026-10-06),,,,110 mm; 200 mm,,,,,,D,,,
__export__.product_product_17289,Bell Reducer - D 200 x 110 mm Coklat,FITTING PVC,FITTING · BELL REDUCER,4066,Export ERP master_product_updated.xlsx (diunduh 2026-10-06),Warna: Coklat,,,110 mm; 200 mm,,,,,,D,,,
product.0_S_06_028_200160_00,Bell Reducer - D 200 x 160 mm,FITTING PVC,FITTING · BELL REDUCER,4067,Export ERP master_product_updated.xlsx (diunduh 2026-10-06),,,,160 mm; 200 mm,,,,,,D,,,
product.0_S_06_028_250160_00,Bell Reducer - D 250 x 160 mm,FITTING PVC,FITTING · BELL REDUCER,4068,Export ERP master_product_updated.xlsx (diunduh 2026-10-06),,,,160 mm; 250 mm,,,,,,D,,,
product.0_S_06_028_250200_00,Bell Reducer - D 250 x 200 mm,FITTING PVC,FITTING · BELL REDUCER,4069,Export ERP master_product_updated.xlsx (diunduh 2026-10-06),,,,200 mm; 250 mm,,,,,,D,,,
product.0_S_06_028_315090_00,Bell Reducer - D 315 x 90 mm,FITTING PVC,FITTING · BELL REDUCER,4070,Export ERP master_product_updated.xlsx (diunduh 2026-10-06),,,,90 mm; 315 mm,,,,,,D,,,
product.0_S_06_028_315110_00,Bell Reducer - D 315 x 110 mm,FITTING PVC,FITTING · BELL REDUCER,4071,Export ERP master_product_updated.xlsx (diunduh 2026-10-06),,,,110 mm; 315 mm,,,,,,D,,,
product.0_S_06_028_315160_00,Bell Reducer - D 315 x 160 mm,FITTING PVC,FITTING · BELL REDUCER,4072,Export ERP master_product_updated.xlsx (diunduh 2026-10-06),,,,160 mm; 315 mm,,,,,,D,,,
__export__.product_product_17338,Bell Reducer - D 315 x 160 mm Coklat,FITTING PVC,FITTING · BELL REDUCER,4073,Export ERP master_product_updated.xlsx (diunduh 2026-10-06),Warna: Coklat,,,160 mm; 315 mm,,,,,,D,,,
product.0_S_06_028_315200_00,Bell Reducer - D 315 x 200 mm,FITTING PVC,FITTING · BELL REDUCER,4074,Export ERP master_product_updated.xlsx (diunduh 2026-10-06),,,,200 mm; 315 mm,,,,,,D,,,
product.0_S_06_028_315250_00,Bell Reducer - D 315 x 250 mm,FITTING PVC,FITTING · BELL REDUCER,4075,Export ERP master_product_updated.xlsx (diunduh 2026-10-06),,,,250 mm; 315 mm,,,,,,D,,,
product.0_S_06_028_355250_00,Bell Reducer - D 355 x 250 mm,FITTING PVC,FITTING · BELL REDUCER,4076,Export ERP master_product_updated.xlsx (diunduh 2026-10-06),,,,250 mm; 355 mm,,,,,,D,,,
product.0_S_06_028_355315_00,Bell Reducer - D 355 x 315 mm,FITTING PVC,FITTING · BELL REDUCER,4077,Export ERP master_product_updated.xlsx (diunduh 2026-10-06),,,,315 mm; 355 mm,,,,,,D,,,
__export__.product_product_17897,Bell Reducer - D 400 x 160 mm,FITTING PVC,FITTING · BELL REDUCER,4078,Export ERP master_product_updated.xlsx (diunduh 2026-10-06),,,,160 mm; 400 mm,,,,,,D,,,
__export__.product_product_17345,Bell Reducer - D 400 x 160 mm Coklat,FITTING PVC,FITTING · BELL REDUCER,4079,Export ERP master_product_updated.xlsx (diunduh 2026-10-06),Warna: Coklat,,,160 mm; 400 mm,,,,,,D,,,
product.0_S_06_028_400315_00,Bell Reducer - D 400 x 315 mm,FITTING PVC,FITTING · BELL REDUCER,4080,Export ERP master_product_updated.xlsx (diunduh 2026-10-06),,,,315 mm; 400 mm,,,,,,D,,,
__export__.product_product_17344,Bell Reducer - D 400 x 315 mm Coklat,FITTING PVC,FITTING · BELL REDUCER,4081,Export ERP master_product_updated.xlsx (diunduh 2026-10-06),Warna: Coklat,,,315 mm; 400 mm,,,,,,D,,,
product.0_S_06_028_400355_00,Bell Reducer - D 400 x 355 mm,FITTING PVC,FITTING · BELL REDUCER,4082,Export ERP master_product_updated.xlsx (diunduh 2026-10-06),,,,355 mm; 400 mm,,,,,,D,,,
product.0_S_06_028_450400_00,Bell Reducer - D 450 x 400 mm,FITTING PVC,FITTING · BELL REDUCER,4083,Export ERP master_product_updated.xlsx (diunduh 2026-10-06),,,,400 mm; 450 mm,,,,,,D,,,
product.0_S_06_028_500315_00,Bell Reducer - D 500 x 315 mm,FITTING PVC,FITTING · BELL REDUCER,4084,Export ERP master_product_updated.xlsx (diunduh 2026-10-06),,,,315 mm; 500 mm,,,,,,D,,,
product.0_S_06_028_630450_00,Bell Reducer - D 630 x 450 mm,FITTING PVC,FITTING · BELL REDUCER,4085,Export ERP master_product_updated.xlsx (diunduh 2026-10-06),,,,450 mm; 630 mm,,,,,,D,,,
__export__.product_product_13508,Tee Reducer All Falnge - W 90 x 63 mm,FITTING PVC,FITTING · TEE REDUCER ALL FALNGE,4098,Export ERP master_product_updated.xlsx (diunduh 2026-10-06),,,,63 mm; 90 mm,,,,,,,,,
__export__.product_product_13585,Tee Flange Bell Branch - W 225 x 160 mm,FITTING PVC,FITTING · TEE FLANGE BELL BRANCH,4099,Export ERP master_product_updated.xlsx (diunduh 2026-10-06),,,,160 mm; 225 mm,,,,,,,,,
__export__.product_product_16144,Long Dresser Joint - W 63 mm,FITTING PVC,FITTING · LONG DRESSER JOINT,4100,Export ERP master_product_updated.xlsx (diunduh 2026-10-06),,,,63 mm,,,,,,,,,
__export__.product_product_16146,Long Dresser Joint - W 90 mm,FITTING PVC,FITTING · LONG DRESSER JOINT,4101,Export ERP master_product_updated.xlsx (diunduh 2026-10-06),,,,90 mm,,,,,,,,,
__export__.product_product_16145,Long Dresser Joint - W 110 mm,FITTING PVC,FITTING · LONG DRESSER JOINT,4102,Export ERP master_product_updated.xlsx (diunduh 2026-10-06),,,,110 mm,,,,,,,,,
__export__.product_product_16147,Long Dresser Joint - W 160 mm,FITTING PVC,FITTING · LONG DRESSER JOINT,4103,Export ERP master_product_updated.xlsx (diunduh 2026-10-06),,,,160 mm,,,,,,,,,
__export__.product_product_16148,Long Dresser Joint - W 200 mm,FITTING PVC,FITTING · LONG DRESSER JOINT,4104,Export ERP master_product_updated.xlsx (diunduh 2026-10-06),,,,200 mm,,,,,,,,,
product.0_S_06_046_063000_00,Bell Spigot - W 63 mm,FITTING PVC,FITTING · BELL SPIGOT,4120,Export ERP master_product_updated.xlsx (diunduh 2026-10-06),,,,63 mm,,,,,,,,,
product.0_S_06_046_075000_00,Bell Spigot - W 75 mm,FITTING PVC,FITTING · BELL SPIGOT,4121,Export ERP master_product_updated.xlsx (diunduh 2026-10-06),,,,75 mm,,,,,,,,,
product.0_S_06_046_090000_00,Bell Spigot - W 90 mm,FITTING PVC,FITTING · BELL SPIGOT,4122,Export ERP master_product_updated.xlsx (diunduh 2026-10-06),,,,90 mm,,,,,,,,,
product.0_S_06_046_110000_00,Bell Spigot - W 110 mm,FITTING PVC,FITTING · BELL SPIGOT,4123,Export ERP master_product_updated.xlsx (diunduh 2026-10-06),,,,110 mm,,,,,,,,,
product.0_S_06_046_140000_00,Bell Spigot - W 140 mm,FITTING PVC,FITTING · BELL SPIGOT,4124,Export ERP master_product_updated.xlsx (diunduh 2026-10-06),,,,140 mm,,,,,,,,,
product.0_S_06_046_160000_00,Bell Spigot - W 160 mm,FITTING PVC,FITTING · BELL SPIGOT,4125,Export ERP master_product_updated.xlsx (diunduh 2026-10-06),,,,160 mm,,,,,,,,,
product.0_S_06_046_200000_00,Bell Spigot - W 200 mm,FITTING PVC,FITTING · BELL SPIGOT,4126,Export ERP master_product_updated.xlsx (diunduh 2026-10-06),,,,200 mm,,,,,,,,,
product.0_S_06_046_250000_00,Bell Spigot - W 250 mm,FITTING PVC,FITTING · BELL SPIGOT,4127,Export ERP master_product_updated.xlsx (diunduh 2026-10-06),,,,250 mm,,,,,,,,,
product.0_S_06_046_315000_00,Bell Spigot - W 315 mm,FITTING PVC,FITTING · BELL SPIGOT,4128,Export ERP master_product_updated.xlsx (diunduh 2026-10-06),,,,315 mm,,,,,,,,,
product.0_S_06_046_355000_00,Bell Spigot - W 355 mm,FITTING PVC,FITTING · BELL SPIGOT,4129,Export ERP master_product_updated.xlsx (diunduh 2026-10-06),,,,355 mm,,,,,,,,,
product.0_S_06_046_400000_00,Bell Spigot - W 400 mm,FITTING PVC,FITTING · BELL SPIGOT,4130,Export ERP master_product_updated.xlsx (diunduh 2026-10-06),,,,400 mm,,,,,,,,,
product.0_S_06_046_450000_00,Bell Spigot - W 450 mm,FITTING PVC,FITTING · BELL SPIGOT,4131,Export ERP master_product_updated.xlsx (diunduh 2026-10-06),,,,450 mm,,,,,,,,,
product.0_S_06_046_500000_00,Bell Spigot - W 500 mm,FITTING PVC,FITTING · BELL SPIGOT,4132,Export ERP master_product_updated.xlsx (diunduh 2026-10-06),,,,500 mm,,,,,,,,,
product.0_S_06_046_630000_00,Bell Spigot - W 630 mm,FITTING PVC,FITTING · BELL SPIGOT,4133,Export ERP master_product_updated.xlsx (diunduh 2026-10-06),,,,630 mm,,,,,,,,,
product.0_S_06_048_063000_00,Bell Spigot - D 63 mm,FITTING PVC,FITTING · BELL SPIGOT,4149,Export ERP master_product_updated.xlsx (diunduh 2026-10-06),,,,63 mm,,,,,,D,,,
product.0_S_06_048_075000_00,Bell Spigot - D 75 mm,FITTING PVC,FITTING · BELL SPIGOT,4150,Export ERP master_product_updated.xlsx (diunduh 2026-10-06),,,,75 mm,,,,,,D,,,
product.0_S_06_048_090000_00,Bell Spigot - D 90 mm,FITTING PVC,FITTING · BELL SPIGOT,4151,Export ERP master_product_updated.xlsx (diunduh 2026-10-06),,,,90 mm,,,,,,D,,,
product.0_S_06_048_110000_00,Bell Spigot - D 110 mm,FITTING PVC,FITTING · BELL SPIGOT,4152,Export ERP master_product_updated.xlsx (diunduh 2026-10-06),,,,110 mm,,,,,,D,,,
product.0_S_06_048_140000_00,Bell Spigot - D 140 mm,FITTING PVC,FITTING · BELL SPIGOT,4153,Export ERP master_product_updated.xlsx (diunduh 2026-10-06),,,,140 mm,,,,,,D,,,
product.0_S_06_048_160000_00,Bell Spigot - D 160 mm,FITTING PVC,FITTING · BELL SPIGOT,4154,Export ERP master_product_updated.xlsx (diunduh 2026-10-06),,,,160 mm,,,,,,D,,,
product.0_S_06_048_200000_00,Bell Spigot - D 200 mm,FITTING PVC,FITTING · BELL SPIGOT,4155,Export ERP master_product_updated.xlsx (diunduh 2026-10-06),,,,200 mm,,,,,,D,,,
product.0_S_06_048_250000_00,Bell Spigot - D 250 mm,FITTING PVC,FITTING · BELL SPIGOT,4156,Export ERP master_product_updated.xlsx (diunduh 2026-10-06),,,,250 mm,,,,,,D,,,
product.0_S_06_048_315000_00,Bell Spigot - D 315 mm,FITTING PVC,FITTING · BELL SPIGOT,4157,Export ERP master_product_updated.xlsx (diunduh 2026-10-06),,,,315 mm,,,,,,D,,,
product.0_S_06_048_355000_00,Bell Spigot - D 355 mm,FITTING PVC,FITTING · BELL SPIGOT,4158,Export ERP master_product_updated.xlsx (diunduh 2026-10-06),,,,355 mm,,,,,,D,,,
product.0_S_06_048_400000_00,Bell Spigot - D 400 mm,FITTING PVC,FITTING · BELL SPIGOT,4159,Export ERP master_product_updated.xlsx (diunduh 2026-10-06),,,,400 mm,,,,,,D,,,
product.0_S_06_048_450000_00,Bell Spigot - D 450 mm,FITTING PVC,FITTING · BELL SPIGOT,4160,Export ERP master_product_updated.xlsx (diunduh 2026-10-06),,,,450 mm,,,,,,D,,,
product.0_S_06_048_500000_00,Bell Spigot - D 500 mm,FITTING PVC,FITTING · BELL SPIGOT,4161,Export ERP master_product_updated.xlsx (diunduh 2026-10-06),,,,500 mm,,,,,,D,,,
product.0_S_06_048_630000_00,Bell Spigot - D 630 mm,FITTING PVC,FITTING · BELL SPIGOT,4162,Export ERP master_product_updated.xlsx (diunduh 2026-10-06),,,,630 mm,,,,,,D,,,
product.0_S_06_050_050000_00,Flange Spigot - W 50 mm,FITTING PVC,FITTING · FLANGE SPIGOT,4177,Export ERP master_product_updated.xlsx (diunduh 2026-10-06),,,,50 mm,,,,,,,,,
product.0_S_06_050_063000_00,Flange Spigot - W 63 mm,FITTING PVC,FITTING · FLANGE SPIGOT,4178,Export ERP master_product_updated.xlsx (diunduh 2026-10-06),,,,63 mm,,,,,,,,,
product.0_S_06_050_075000_00,Flange Spigot - W 75 mm,FITTING PVC,FITTING · FLANGE SPIGOT,4179,Export ERP master_product_updated.xlsx (diunduh 2026-10-06),,,,75 mm,,,,,,,,,
product.0_S_06_050_090000_00,Flange Spigot - W 90 mm,FITTING PVC,FITTING · FLANGE SPIGOT,4180,Export ERP master_product_updated.xlsx (diunduh 2026-10-06),,,,90 mm,,,,,,,,,
product.0_S_06_050_110000_00,Flange Spigot - W 110 mm,FITTING PVC,FITTING · FLANGE SPIGOT,4181,Export ERP master_product_updated.xlsx (diunduh 2026-10-06),,,,110 mm,,,,,,,,,
product.0_S_06_050_140000_00,Flange Spigot - W 140 mm,FITTING PVC,FITTING · FLANGE SPIGOT,4182,Export ERP master_product_updated.xlsx (diunduh 2026-10-06),,,,140 mm,,,,,,,,,
product.0_S_06_050_160000_00,Flange Spigot - W 160 mm,FITTING PVC,FITTING · FLANGE SPIGOT,4183,Export ERP master_product_updated.xlsx (diunduh 2026-10-06),,,,160 mm,,,,,,,,,
product.0_S_06_050_200000_00,Flange Spigot - W 200 mm,FITTING PVC,FITTING · FLANGE SPIGOT,4184,Export ERP master_product_updated.xlsx (diunduh 2026-10-06),,,,200 mm,,,,,,,,,
__export__.product_product_13586,Flange Spigot - W 225 mm,FITTING PVC,FITTING · FLANGE SPIGOT,4185,Export ERP master_product_updated.xlsx (diunduh 2026-10-06),,,,225 mm,,,,,,,,,
product.0_S_06_050_250000_00,Flange Spigot - W 250 mm,FITTING PVC,FITTING · FLANGE SPIGOT,4186,Export ERP master_product_updated.xlsx (diunduh 2026-10-06),,,,250 mm,,,,,,,,,
__export__.product_product_15888,Flange Spigot - W 250 mm ( Tanpa Flange ),FITTING PVC,FITTING · FLANGE SPIGOT,4187,Export ERP master_product_updated.xlsx (diunduh 2026-10-06),,,,250 mm,,,,,,,,,
product.0_S_06_050_315000_00,Flange Spigot - W 315 mm,FITTING PVC,FITTING · FLANGE SPIGOT,4188,Export ERP master_product_updated.xlsx (diunduh 2026-10-06),,,,315 mm,,,,,,,,,
__export__.product_product_15887,Flange Spigot - W 315 mm ( Tanpa Flange ),FITTING PVC,FITTING · FLANGE SPIGOT,4189,Export ERP master_product_updated.xlsx (diunduh 2026-10-06),,,,315 mm,,,,,,,,,
product.0_S_06_050_355000_00,Flange Spigot - W 355 mm,FITTING PVC,FITTING · FLANGE SPIGOT,4190,Export ERP master_product_updated.xlsx (diunduh 2026-10-06),,,,355 mm,,,,,,,,,
product.0_S_06_050_400000_00,Flange Spigot - W 400 mm,FITTING PVC,FITTING · FLANGE SPIGOT,4191,Export ERP master_product_updated.xlsx (diunduh 2026-10-06),,,,400 mm,,,,,,,,,
__export__.product_product_15886,Flange Spigot - W 400 mm ( Tanpa Flange ),FITTING PVC,FITTING · FLANGE SPIGOT,4192,Export ERP master_product_updated.xlsx (diunduh 2026-10-06),,,,400 mm,,,,,,,,,
product.0_S_06_050_450000_00,Flange Spigot - W 450 mm,FITTING PVC,FITTING · FLANGE SPIGOT,4193,Export ERP master_product_updated.xlsx (diunduh 2026-10-06),,,,450 mm,,,,,,,,,
product.0_S_06_050_500000_00,Flange Spigot - W 500 mm,FITTING PVC,FITTING · FLANGE SPIGOT,4194,Export ERP master_product_updated.xlsx (diunduh 2026-10-06),,,,500 mm,,,,,,,,,
__export__.product_product_15883,Flange Spigot - W 500 mm ( Tanpa Flange ),FITTING PVC,FITTING · FLANGE SPIGOT,4195,Export ERP master_product_updated.xlsx (diunduh 2026-10-06),,,,500 mm,,,,,,,,,
product.0_S_06_050_630000_00,Flange Spigot - W 630 mm,FITTING PVC,FITTING · FLANGE SPIGOT,4196,Export ERP master_product_updated.xlsx (diunduh 2026-10-06),,,,630 mm,,,,,,,,,
product.0_S_06_052_050000_00,Flange Spigot - D 50 mm,FITTING PVC,FITTING · FLANGE SPIGOT,4211,Export ERP master_product_updated.xlsx (diunduh 2026-10-06),,,,50 mm,,,,,,D,,,
product.0_S_06_052_063000_00,Flange Spigot - D 63 mm,FITTING PVC,FITTING · FLANGE SPIGOT,4212,Export ERP master_product_updated.xlsx (diunduh 2026-10-06),,,,63 mm,,,,,,D,,,
product.0_S_06_052_075000_00,Flange Spigot - D 75 mm,FITTING PVC,FITTING · FLANGE SPIGOT,4213,Export ERP master_product_updated.xlsx (diunduh 2026-10-06),,,,75 mm,,,,,,D,,,
product.0_S_06_052_090000_00,Flange Spigot - D 90 mm,FITTING PVC,FITTING · FLANGE SPIGOT,4214,Export ERP master_product_updated.xlsx (diunduh 2026-10-06),,,,90 mm,,,,,,D,,,
product.0_S_06_052_110000_00,Flange Spigot - D 110 mm,FITTING PVC,FITTING · FLANGE SPIGOT,4215,Export ERP master_product_updated.xlsx (diunduh 2026-10-06),,,,110 mm,,,,,,D,,,
product.0_S_06_052_140000_00,Flange Spigot - D 140 mm,FITTING PVC,FITTING · FLANGE SPIGOT,4216,Export ERP master_product_updated.xlsx (diunduh 2026-10-06),,,,140 mm,,,,,,D,,,
product.0_S_06_052_160000_00,Flange Spigot - D 160 mm,FITTING PVC,FITTING · FLANGE SPIGOT,4217,Export ERP master_product_updated.xlsx (diunduh 2026-10-06),,,,160 mm,,,,,,D,,,
__export__.product_product_15224,Flange Spigot Coklat - D 160 mm,FITTING PVC,FITTING · FLANGE SPIGOT,4218,Export ERP master_product_updated.xlsx (diunduh 2026-10-06),Warna: Coklat,,,160 mm,,,,,,D,,,
product.0_S_06_052_200000_00,Flange Spigot - D 200 mm,FITTING PVC,FITTING · FLANGE SPIGOT,4219,Export ERP master_product_updated.xlsx (diunduh 2026-10-06),,,,200 mm,,,,,,D,,,
product.0_S_06_052_250000_00,Flange Spigot - D 250 mm,FITTING PVC,FITTING · FLANGE SPIGOT,4220,Export ERP master_product_updated.xlsx (diunduh 2026-10-06),,,,250 mm,,,,,,D,,,
product.0_S_06_052_315000_00,Flange Spigot - D 315 mm,FITTING PVC,FITTING · FLANGE SPIGOT,4221,Export ERP master_product_updated.xlsx (diunduh 2026-10-06),,,,315 mm,,,,,,D,,,
product.0_S_06_052_355000_00,Flange Spigot - D 355 mm,FITTING PVC,FITTING · FLANGE SPIGOT,4222,Export ERP master_product_updated.xlsx (diunduh 2026-10-06),,,,355 mm,,,,,,D,,,
product.0_S_06_052_400000_00,Flange Spigot - D 400 mm,FITTING PVC,FITTING · FLANGE SPIGOT,4223,Export ERP master_product_updated.xlsx (diunduh 2026-10-06),,,,400 mm,,,,,,D,,,
product.0_S_06_052_450000_00,Flange Spigot - D 450 mm,FITTING PVC,FITTING · FLANGE SPIGOT,4224,Export ERP master_product_updated.xlsx (diunduh 2026-10-06),,,,450 mm,,,,,,D,,,
product.0_S_06_052_500000_00,Flange Spigot - D 500 mm,FITTING PVC,FITTING · FLANGE SPIGOT,4225,Export ERP master_product_updated.xlsx (diunduh 2026-10-06),,,,500 mm,,,,,,D,,,
product.0_S_06_052_630000_00,Flange Spigot - D 630 mm,FITTING PVC,FITTING · FLANGE SPIGOT,4226,Export ERP master_product_updated.xlsx (diunduh 2026-10-06),,,,630 mm,,,,,,D,,,
product.0_S_06_054_063000_00,Flange Bell End - W 63 mm,FITTING PVC,FITTING · FLANGE BELL END,4238,Export ERP master_product_updated.xlsx (diunduh 2026-10-06),,,,63 mm,,,,,,,,,
product.0_S_06_054_075000_00,Flange Bell End - W 75 mm,FITTING PVC,FITTING · FLANGE BELL END,4239,Export ERP master_product_updated.xlsx (diunduh 2026-10-06),,,,75 mm,,,,,,,,,
product.0_S_06_054_090000_00,Flange Bell End - W 90 mm,FITTING PVC,FITTING · FLANGE BELL END,4240,Export ERP master_product_updated.xlsx (diunduh 2026-10-06),,,,90 mm,,,,,,,,,
product.0_S_06_054_110000_00,Flange Bell End - W 110 mm,FITTING PVC,FITTING · FLANGE BELL END,4241,Export ERP master_product_updated.xlsx (diunduh 2026-10-06),,,,110 mm,,,,,,,,,
product.0_S_06_054_140000_00,Flange Bell End - W 140 mm,FITTING PVC,FITTING · FLANGE BELL END,4242,Export ERP master_product_updated.xlsx (diunduh 2026-10-06),,,,140 mm,,,,,,,,,
product.0_S_06_054_160000_00,Flange Bell End - W 160 mm,FITTING PVC,FITTING · FLANGE BELL END,4243,Export ERP master_product_updated.xlsx (diunduh 2026-10-06),,,,160 mm,,,,,,,,,
product.0_S_06_054_200000_00,Flange Bell End - W 200 mm,FITTING PVC,FITTING · FLANGE BELL END,4244,Export ERP master_product_updated.xlsx (diunduh 2026-10-06),,,,200 mm,,,,,,,,,
product.0_S_06_054_250000_00,Flange Bell End - W 250 mm,FITTING PVC,FITTING · FLANGE BELL END,4245,Export ERP master_product_updated.xlsx (diunduh 2026-10-06),,,,250 mm,,,,,,,,,
product.0_S_06_054_315000_00,Flange Bell End - W 315 mm,FITTING PVC,FITTING · FLANGE BELL END,4246,Export ERP master_product_updated.xlsx (diunduh 2026-10-06),,,,315 mm,,,,,,,,,
product.0_S_06_054_355000_00,Flange Bell End - W 355 mm,FITTING PVC,FITTING · FLANGE BELL END,4247,Export ERP master_product_updated.xlsx (diunduh 2026-10-06),,,,355 mm,,,,,,,,,
product.0_S_06_054_400000_00,Flange Bell End - W 400 mm,FITTING PVC,FITTING · FLANGE BELL END,4248,Export ERP master_product_updated.xlsx (diunduh 2026-10-06),,,,400 mm,,,,,,,,,
__export__.product_product_19427,Flange Bell End - W 400 mm Coklat,FITTING PVC,FITTING · FLANGE BELL END,4249,Export ERP master_product_updated.xlsx (diunduh 2026-10-06),Warna: Coklat,,,400 mm,,,,,,,,,
product.0_S_06_054_450000_00,Flange Bell End - W 450 mm,FITTING PVC,FITTING · FLANGE BELL END,4250,Export ERP master_product_updated.xlsx (diunduh 2026-10-06),,,,450 mm,,,,,,,,,
product.0_S_06_054_500000_00,Flange Bell End - W 500 mm,FITTING PVC,FITTING · FLANGE BELL END,4251,Export ERP master_product_updated.xlsx (diunduh 2026-10-06),,,,500 mm,,,,,,,,,
product.0_S_06_054_630000_00,Flange Bell End - W 630 mm,FITTING PVC,FITTING · FLANGE BELL END,4252,Export ERP master_product_updated.xlsx (diunduh 2026-10-06),,,,630 mm,,,,,,,,,
__export__.product_product_12247,Flange Bell End - W 63 mm ( Flange Standard JIS ),FITTING PVC,FITTING · FLANGE BELL END,4253,Export ERP master_product_updated.xlsx (diunduh 2026-10-06),,,,63 mm,,,,,,,,,
__export__.product_product_12248,Flange Bell End - W 90 mm ( Flange Standard JIS ),FITTING PVC,FITTING · FLANGE BELL END,4254,Export ERP master_product_updated.xlsx (diunduh 2026-10-06),,,,90 mm,,,,,,,,,
__export__.product_product_12249,Flange Bell End - W 110 mm ( Flange Standard JIS ),FITTING PVC,FITTING · FLANGE BELL END,4255,Export ERP master_product_updated.xlsx (diunduh 2026-10-06),,,,110 mm,,,,,,,,,
__export__.product_product_12250,Flange Bell End - W 160 mm ( Flange Standard JIS ),FITTING PVC,FITTING · FLANGE BELL END,4256,Export ERP master_product_updated.xlsx (diunduh 2026-10-06),,,,160 mm,,,,,,,,,
__export__.product_product_12251,Flange Bell End - W 200 mm ( Flange Standard JIS ),FITTING PVC,FITTING · FLANGE BELL END,4257,Export ERP master_product_updated.xlsx (diunduh 2026-10-06),,,,200 mm,,,,,,,,,
__export__.product_product_12252,Flange Bell End - W 250 mm ( Flange Standard JIS ),FITTING PVC,FITTING · FLANGE BELL END,4258,Export ERP master_product_updated.xlsx (diunduh 2026-10-06),,,,250 mm,,,,,,,,,
__export__.product_product_12253,Flange Bell End - W 315 mm ( Flange Standard JIS ),FITTING PVC,FITTING · FLANGE BELL END,4259,Export ERP master_product_updated.xlsx (diunduh 2026-10-06),,,,315 mm,,,,,,,,,
__export__.product_product_16289,Flange Bell End - W 400 mm ( Flange Standard JIS ),FITTING PVC,FITTING · FLANGE BELL END,4260,Export ERP master_product_updated.xlsx (diunduh 2026-10-06),,,,400 mm,,,,,,,,,
__export__.product_product_16290,Flange Bell End - W 500 mm ( Flange Standard JIS ),FITTING PVC,FITTING · FLANGE BELL END,4261,Export ERP master_product_updated.xlsx (diunduh 2026-10-06),,,,500 mm,,,,,,,,,
__export__.product_product_12254,Flange Spigot - W 63 mm ( Flange Standard JIS ),FITTING PVC,FITTING · FLANGE SPIGOT,4262,Export ERP master_product_updated.xlsx (diunduh 2026-10-06),,,,63 mm,,,,,,,,,
__export__.product_product_12255,Flange Spigot - W 90 mm ( Flange Standard JIS ),FITTING PVC,FITTING · FLANGE SPIGOT,4263,Export ERP master_product_updated.xlsx (diunduh 2026-10-06),,,,90 mm,,,,,,,,,
__export__.product_product_12256,Flange Spigot - W 110 mm ( Flange Standard JIS ),FITTING PVC,FITTING · FLANGE SPIGOT,4264,Export ERP master_product_updated.xlsx (diunduh 2026-10-06),,,,110 mm,,,,,,,,,
__export__.product_product_12257,Flange Spigot - W 160 mm ( Flange Standard JIS ),FITTING PVC,FITTING · FLANGE SPIGOT,4265,Export ERP master_product_updated.xlsx (diunduh 2026-10-06),,,,160 mm,,,,,,,,,
__export__.product_product_12258,Flange Spigot - W 200 mm ( Flange Standard JIS ),FITTING PVC,FITTING · FLANGE SPIGOT,4266,Export ERP master_product_updated.xlsx (diunduh 2026-10-06),,,,200 mm,,,,,,,,,
__export__.product_product_12259,Flange Spigot - W 250 mm ( Flange Standard JIS ),FITTING PVC,FITTING · FLANGE SPIGOT,4267,Export ERP master_product_updated.xlsx (diunduh 2026-10-06),,,,250 mm,,,,,,,,,
__export__.product_product_12260,Flange Spigot - W 315 mm ( Flange Standard JIS ),FITTING PVC,FITTING · FLANGE SPIGOT,4268,Export ERP master_product_updated.xlsx (diunduh 2026-10-06),,,,315 mm,,,,,,,,,
product.0_S_06_058_063020_00,Bell Tee TS Branch - W 63 x 20 mm,FITTING PVC,FITTING · BELL TEE BRANCH,4283,Export ERP master_product_updated.xlsx (diunduh 2026-10-06),,,,20 mm; 63 mm,,,,,,,,,
product.0_S_06_058_063025_00,Bell Tee TS Branch - W 63 x 25 mm,FITTING PVC,FITTING · BELL TEE BRANCH,4284,Export ERP master_product_updated.xlsx (diunduh 2026-10-06),,,,25 mm; 63 mm,,,,,,,,,
product.0_S_06_058_063032_00,Bell Tee TS Branch - W 63 x 32 mm,FITTING PVC,FITTING · BELL TEE BRANCH,4285,Export ERP master_product_updated.xlsx (diunduh 2026-10-06),,,,32 mm; 63 mm,,,,,,,,,
product.0_S_06_058_063040_00,Bell Tee TS Branch - W 63 x 40 mm,FITTING PVC,FITTING · BELL TEE BRANCH,4286,Export ERP master_product_updated.xlsx (diunduh 2026-10-06),,,,40 mm; 63 mm,,,,,,,,,
product.0_S_06_058_063050_00,Bell Tee TS Branch - W 63 x 50 mm,FITTING PVC,FITTING · BELL TEE BRANCH,4287,Export ERP master_product_updated.xlsx (diunduh 2026-10-06),,,,50 mm; 63 mm,,,,,,,,,
product.0_S_06_058_063063_00,Bell Tee TS Branch - W 63 x 63 mm,FITTING PVC,FITTING · BELL TEE BRANCH,4288,Export ERP master_product_updated.xlsx (diunduh 2026-10-06),,,,63 mm,,,,,,,,,
__export__.product_product_16329,Bell Tee TS Branch - W 75 x 32 mm,FITTING PVC,FITTING · BELL TEE BRANCH,4289,Export ERP master_product_updated.xlsx (diunduh 2026-10-06),,,,32 mm; 75 mm,,,,,,,,,
product.0_S_06_058_090020_00,Bell Tee TS Branch - W 90 x 20 mm,FITTING PVC,FITTING · BELL TEE BRANCH,4290,Export ERP master_product_updated.xlsx (diunduh 2026-10-06),,,,20 mm; 90 mm,,,,,,,,,
product.0_S_06_058_090032_00,Bell Tee TS Branch - W 90 x 32 mm,FITTING PVC,FITTING · BELL TEE BRANCH,4291,Export ERP master_product_updated.xlsx (diunduh 2026-10-06),,,,32 mm; 90 mm,,,,,,,,,
product.0_S_06_058_090040_00,Bell Tee TS Branch - W 90 x 40 mm,FITTING PVC,FITTING · BELL TEE BRANCH,4292,Export ERP master_product_updated.xlsx (diunduh 2026-10-06),,,,40 mm; 90 mm,,,,,,,,,
product.0_S_06_058_090050_00,Bell Tee TS Branch - W 90 x 50 mm,FITTING PVC,FITTING · BELL TEE BRANCH,4293,Export ERP master_product_updated.xlsx (diunduh 2026-10-06),,,,50 mm; 90 mm,,,,,,,,,
product.0_S_06_058_090063_00,Bell Tee TS Branch - W 90 x 63 mm,FITTING PVC,FITTING · BELL TEE BRANCH,4294,Export ERP master_product_updated.xlsx (diunduh 2026-10-06),,,,63 mm; 90 mm,,,,,,,,,
product.0_S_06_058_090090_00,Bell Tee TS Branch - W 90 x 90 mm,FITTING PVC,FITTING · BELL TEE BRANCH,4295,Export ERP master_product_updated.xlsx (diunduh 2026-10-06),,,,90 mm,,,,,,,,,
__export__.product_product_19429,Bell Tee TS Branch - W 110 x 20 mm,FITTING PVC,FITTING · BELL TEE BRANCH,4296,Export ERP master_product_updated.xlsx (diunduh 2026-10-06),,,,20 mm; 110 mm,,,,,,,,,
product.0_S_06_058_110032_00,Bell Tee TS Branch - W 110 x 32 mm,FITTING PVC,FITTING · BELL TEE BRANCH,4297,Export ERP master_product_updated.xlsx (diunduh 2026-10-06),,,,32 mm; 110 mm,,,,,,,,,
product.0_S_06_058_110050_00,Bell Tee TS Branch - W 110 x 50 mm,FITTING PVC,FITTING · BELL TEE BRANCH,4298,Export ERP master_product_updated.xlsx (diunduh 2026-10-06),,,,50 mm; 110 mm,,,,,,,,,
product.0_S_06_058_110063_00,Bell Tee TS Branch - W 110 x 63 mm,FITTING PVC,FITTING · BELL TEE BRANCH,4299,Export ERP master_product_updated.xlsx (diunduh 2026-10-06),,,,63 mm; 110 mm,,,,,,,,,
product.0_S_06_058_110090_00,Bell Tee TS Branch - W 110 x 90 mm,FITTING PVC,FITTING · BELL TEE BRANCH,4300,Export ERP master_product_updated.xlsx (diunduh 2026-10-06),,,,90 mm; 110 mm,,,,,,,,,
product.0_S_06_058_110110_00,Bell Tee TS Branch - W 110 x 110 mm,FITTING PVC,FITTING · BELL TEE BRANCH,4301,Export ERP master_product_updated.xlsx (diunduh 2026-10-06),,,,110 mm,,,,,,,,,
product.0_S_06_058_160040_00,Bell Tee TS Branch - W 160 x 40 mm,FITTING PVC,FITTING · BELL TEE BRANCH,4302,Export ERP master_product_updated.xlsx (diunduh 2026-10-06),,,,40 mm; 160 mm,,,,,,,,,
__export__.product_product_15677,Bell Tee TS Branch - W 160 x 50 mm,FITTING PVC,FITTING · BELL TEE BRANCH,4303,Export ERP master_product_updated.xlsx (diunduh 2026-10-06),,,,50 mm; 160 mm,,,,,,,,,
product.0_S_06_058_160063_00,Bell Tee TS Branch - W 160 x 63 mm,FITTING PVC,FITTING · BELL TEE BRANCH,4305,Export ERP master_product_updated.xlsx (diunduh 2026-10-06),,,,63 mm; 160 mm,,,,,,,,,
product.0_S_06_058_160110_00,Bell Tee TS Branch - W 160 x 110 mm,FITTING PVC,FITTING · BELL TEE BRANCH,4306,Export ERP master_product_updated.xlsx (diunduh 2026-10-06),,,,110 mm; 160 mm,,,,,,,,,
product.0_S_06_058_160160_00,Bell Tee TS Branch - W 160 x 160 mm,FITTING PVC,FITTING · BELL TEE BRANCH,4307,Export ERP master_product_updated.xlsx (diunduh 2026-10-06),,,,160 mm,,,,,,,,,
product.0_S_06_058_200090_00,Bell Tee TS Branch (FRP) - W 200 x 90 mm,FITTING FRP,FITTING · BELL TEE BRANCH,4308,Export ERP master_product_updated.xlsx (diunduh 2026-10-06),,,,90 mm; 200 mm,,,,,,,,,
product.0_S_06_058_200110_00,Bell Tee TS Branch (FRP) - W 200 x 110 mm,FITTING FRP,FITTING · BELL TEE BRANCH,4309,Export ERP master_product_updated.xlsx (diunduh 2026-10-06),,,,110 mm; 200 mm,,,,,,,,,
product.0_S_06_058_200160_00,Bell Tee TS Branch (FRP) - W 200 x 160 mm,FITTING FRP,FITTING · BELL TEE BRANCH,4310,Export ERP master_product_updated.xlsx (diunduh 2026-10-06),,,,160 mm; 200 mm,,,,,,,,,
product.0_S_06_058_250160_00,Bell Tee TS Branch (FRP) - W 250 x 160 mm,FITTING FRP,FITTING · BELL TEE BRANCH,4311,Export ERP master_product_updated.xlsx (diunduh 2026-10-06),,,,160 mm; 250 mm,,,,,,,,,
product.0_S_06_058_250200_00,Bell Tee TS Branch (FRP) - W 250 x 200 mm,FITTING FRP,FITTING · BELL TEE BRANCH,4312,Export ERP master_product_updated.xlsx (diunduh 2026-10-06),,,,200 mm; 250 mm,,,,,,,,,
__export__.product_product_12221,Bell Tee TS Branch (FRP) - W 315 x 200 mm,FITTING FRP,FITTING · BELL TEE BRANCH,4313,Export ERP master_product_updated.xlsx (diunduh 2026-10-06),,,,200 mm; 315 mm,,,,,,,,,
product.0_S_06_058_315250_00,Bell Tee TS Branch (FRP) - W 315 x 250 mm,FITTING FRP,FITTING · BELL TEE BRANCH,4314,Export ERP master_product_updated.xlsx (diunduh 2026-10-06),,,,250 mm; 315 mm,,,,,,,,,
product.0_S_06_058_400315_00,Bell Tee TS Branch (FRP) - W 400 x 315 mm,FITTING FRP,FITTING · BELL TEE BRANCH,4315,Export ERP master_product_updated.xlsx (diunduh 2026-10-06),,,,315 mm; 400 mm,,,,,,,,,
product.0_S_06_058_450400_00,Bell Tee TS Branch (FRP) - W 450 x 400 mm,FITTING FRP,FITTING · BELL TEE BRANCH,4316,Export ERP master_product_updated.xlsx (diunduh 2026-10-06),,,,400 mm; 450 mm,,,,,,,,,
product.0_S_06_058_630450_00,Bell Tee TS Branch (FRP) - W 630 x 450 mm,FITTING FRP,FITTING · BELL TEE BRANCH,4317,Export ERP master_product_updated.xlsx (diunduh 2026-10-06),,,,450 mm; 630 mm,,,,,,,,,
product.0_S_06_060_063020_00,Bell Tee TS Branch - D 63 x 20 mm,FITTING PVC,FITTING · BELL TEE BRANCH,4334,Export ERP master_product_updated.xlsx (diunduh 2026-10-06),,,,20 mm; 63 mm,,,,,,D,,,
product.0_S_06_060_063025_00,Bell Tee TS Branch - D 63 x 25 mm,FITTING PVC,FITTING · BELL TEE BRANCH,4335,Export ERP master_product_updated.xlsx (diunduh 2026-10-06),,,,25 mm; 63 mm,,,,,,D,,,
product.0_S_06_060_063032_00,Bell Tee TS Branch - D 63 x 32 mm,FITTING PVC,FITTING · BELL TEE BRANCH,4336,Export ERP master_product_updated.xlsx (diunduh 2026-10-06),,,,32 mm; 63 mm,,,,,,D,,,
product.0_S_06_060_063040_00,Bell Tee TS Branch - D 63 x 40 mm,FITTING PVC,FITTING · BELL TEE BRANCH,4337,Export ERP master_product_updated.xlsx (diunduh 2026-10-06),,,,40 mm; 63 mm,,,,,,D,,,
product.0_S_06_060_063050_00,Bell Tee TS Branch - D 63 x 50 mm,FITTING PVC,FITTING · BELL TEE BRANCH,4338,Export ERP master_product_updated.xlsx (diunduh 2026-10-06),,,,50 mm; 63 mm,,,,,,D,,,
product.0_S_06_060_063063_00,Bell Tee TS Branch - D 63 x 63 mm,FITTING PVC,FITTING · BELL TEE BRANCH,4339,Export ERP master_product_updated.xlsx (diunduh 2026-10-06),,,,63 mm,,,,,,D,,,
product.0_S_06_060_090020_00,Bell Tee TS Branch - D 90 x 20 mm,FITTING PVC,FITTING · BELL TEE BRANCH,4340,Export ERP master_product_updated.xlsx (diunduh 2026-10-06),,,,20 mm; 90 mm,,,,,,D,,,
product.0_S_06_060_090032_00,Bell Tee TS Branch - D 90 x 32 mm,FITTING PVC,FITTING · BELL TEE BRANCH,4341,Export ERP master_product_updated.xlsx (diunduh 2026-10-06),,,,32 mm; 90 mm,,,,,,D,,,
product.0_S_06_060_090040_00,Bell Tee TS Branch - D 90 x 40 mm,FITTING PVC,FITTING · BELL TEE BRANCH,4342,Export ERP master_product_updated.xlsx (diunduh 2026-10-06),,,,40 mm; 90 mm,,,,,,D,,,
product.0_S_06_060_090050_00,Bell Tee TS Branch - D 90 x 50 mm,FITTING PVC,FITTING · BELL TEE BRANCH,4343,Export ERP master_product_updated.xlsx (diunduh 2026-10-06),,,,50 mm; 90 mm,,,,,,D,,,
product.0_S_06_060_090063_00,Bell Tee TS Branch - D 90 x 63 mm,FITTING PVC,FITTING · BELL TEE BRANCH,4344,Export ERP master_product_updated.xlsx (diunduh 2026-10-06),,,,63 mm; 90 mm,,,,,,D,,,
product.0_S_06_060_090090_00,Bell Tee TS Branch - D 90 x 90 mm,FITTING PVC,FITTING · BELL TEE BRANCH,4345,Export ERP master_product_updated.xlsx (diunduh 2026-10-06),,,,90 mm,,,,,,D,,,
product.0_S_06_060_110032_00,Bell Tee TS Branch - D 110 x 32 mm,FITTING PVC,FITTING · BELL TEE BRANCH,4346,Export ERP master_product_updated.xlsx (diunduh 2026-10-06),,,,32 mm; 110 mm,,,,,,D,,,
product.0_S_06_060_110050_00,Bell Tee TS Branch - D 110 x 50 mm,FITTING PVC,FITTING · BELL TEE BRANCH,4347,Export ERP master_product_updated.xlsx (diunduh 2026-10-06),,,,50 mm; 110 mm,,,,,,D,,,
product.0_S_06_060_110063_00,Bell Tee TS Branch - D 110 x 63 mm,FITTING PVC,FITTING · BELL TEE BRANCH,4348,Export ERP master_product_updated.xlsx (diunduh 2026-10-06),,,,63 mm; 110 mm,,,,,,D,,,
product.0_S_06_060_110090_00,Bell Tee TS Branch - D 110 x 90 mm,FITTING PVC,FITTING · BELL TEE BRANCH,4349,Export ERP master_product_updated.xlsx (diunduh 2026-10-06),,,,90 mm; 110 mm,,,,,,D,,,
product.0_S_06_060_110110_00,Bell Tee TS Branch - D 110 x 110 mm,FITTING PVC,FITTING · BELL TEE BRANCH,4350,Export ERP master_product_updated.xlsx (diunduh 2026-10-06),,,,110 mm,,,,,,D,,,
product.0_S_06_060_160063_00,Bell Tee TS Branch - D 160 x 63 mm,FITTING PVC,FITTING · BELL TEE BRANCH,4351,Export ERP master_product_updated.xlsx (diunduh 2026-10-06),,,,63 mm; 160 mm,,,,,,D,,,
product.0_S_06_060_160110_00,Bell Tee TS Branch - D 160 x 110 mm,FITTING PVC,FITTING · BELL TEE BRANCH,4352,Export ERP master_product_updated.xlsx (diunduh 2026-10-06),,,,110 mm; 160 mm,,,,,,D,,,
__export__.product_product_16589,Bell Tee TS Branch - D 160 x 110 mm Coklat,FITTING PVC,FITTING · BELL TEE BRANCH,4353,Export ERP master_product_updated.xlsx (diunduh 2026-10-06),Warna: Coklat,,,110 mm; 160 mm,,,,,,D,,,
product.0_S_06_060_160160_00,Bell Tee TS Branch - D 160 x 160 mm,FITTING PVC,FITTING · BELL TEE BRANCH,4354,Export ERP master_product_updated.xlsx (diunduh 2026-10-06),,,,160 mm,,,,,,D,,,
__export__.product_product_16530,Bell Tee TS Branch - D 160 x 160 mm Coklat,FITTING PVC,FITTING · BELL TEE BRANCH,4355,Export ERP master_product_updated.xlsx (diunduh 2026-10-06),Warna: Coklat,,,160 mm,,,,,,D,,,
product.0_S_06_060_200090_00,Bell Tee TS Branc (FRP) - D 200 x 90 mm,FITTING FRP,FITTING · BELL TEE BRANC,4356,Export ERP master_product_updated.xlsx (diunduh 2026-10-06),,,,90 mm; 200 mm,,,,,,D,,,
product.0_S_06_060_200110_00,Bell Tee TS Branc (FRP) - D 200 x 110 mm,FITTING FRP,FITTING · BELL TEE BRANC,4357,Export ERP master_product_updated.xlsx (diunduh 2026-10-06),,,,110 mm; 200 mm,,,,,,D,,,
__export__.product_product_16533,Bell Tee TS Branch - D 200 x 110 mm Coklat,FITTING PVC,FITTING · BELL TEE BRANCH,4358,Export ERP master_product_updated.xlsx (diunduh 2026-10-06),Warna: Coklat,,,110 mm; 200 mm,,,,,,D,,,
product.0_S_06_060_200160_00,Bell Tee TS Branc (FRP) - D 200 x 160 mm,FITTING FRP,FITTING · BELL TEE BRANC,4359,Export ERP master_product_updated.xlsx (diunduh 2026-10-06),,,,160 mm; 200 mm,,,,,,D,,,
__export__.product_product_16531,Bell Tee TS Branch - D 200 x 200 mm Coklat,FITTING PVC,FITTING · BELL TEE BRANCH,4360,Export ERP master_product_updated.xlsx (diunduh 2026-10-06),Warna: Coklat,,,200 mm,,,,,,D,,,
product.0_S_06_060_250160_00,Bell Tee TS Branc (FRP) - D 250 x 160 mm,FITTING FRP,FITTING · BELL TEE BRANC,4361,Export ERP master_product_updated.xlsx (diunduh 2026-10-06),,,,160 mm; 250 mm,,,,,,D,,,
product.0_S_06_060_250200_00,Bell Tee TS Branc (FRP) - D 250 x 200 mm,FITTING FRP,FITTING · BELL TEE BRANC,4362,Export ERP master_product_updated.xlsx (diunduh 2026-10-06),,,,200 mm; 250 mm,,,,,,D,,,
__export__.product_product_16532,Bell Tee TS Branch - D 250 x 250 mm Coklat,FITTING PVC,FITTING · BELL TEE BRANCH,4363,Export ERP master_product_updated.xlsx (diunduh 2026-10-06),Warna: Coklat,,,250 mm,,,,,,D,,,
product.0_S_06_060_315250_00,Bell Tee TS Branc (FRP) - D 315 x 250 mm,FITTING FRP,FITTING · BELL TEE BRANC,4364,Export ERP master_product_updated.xlsx (diunduh 2026-10-06),,,,250 mm; 315 mm,,,,,,D,,,
product.0_S_06_060_400315_00,Bell Tee TS Branc (FRP) - D 400 x 315 mm,FITTING FRP,FITTING · BELL TEE BRANC,4365,Export ERP master_product_updated.xlsx (diunduh 2026-10-06),,,,315 mm; 400 mm,,,,,,D,,,
product.0_S_06_060_450400_00,Bell Tee TS Branc (FRP) - D 450 x 400 mm,FITTING FRP,FITTING · BELL TEE BRANC,4366,Export ERP master_product_updated.xlsx (diunduh 2026-10-06),,,,400 mm; 450 mm,,,,,,D,,,
product.0_S_06_060_630450_00,Bell Tee TS Branc (FRP) - D 630 x 450 mm,FITTING FRP,FITTING · BELL TEE BRANC,4367,Export ERP master_product_updated.xlsx (diunduh 2026-10-06),,,,450 mm; 630 mm,,,,,,D,,,
product.0_S_06_062_063063_00,Bell Tee Bell Branch - W 63 x 63 mm,FITTING PVC,FITTING · BELL TEE BELL BRANCH,4388,Export ERP master_product_updated.xlsx (diunduh 2026-10-06),,,,63 mm,,,,,,,,,
__export__.product_product_10267,Bell Tee Bell Branch - W 75 x 63 mm,FITTING PVC,FITTING · BELL TEE BELL BRANCH,4389,Export ERP master_product_updated.xlsx (diunduh 2026-10-06),,,,63 mm; 75 mm,,,,,,,,,
product.0_S_06_062_075075_00,Bell Tee Bell Branch - W 75 x 75 mm,FITTING PVC,FITTING · BELL TEE BELL BRANCH,4390,Export ERP master_product_updated.xlsx (diunduh 2026-10-06),,,,75 mm,,,,,,,,,
product.0_S_06_062_090063_00,Bell Tee Bell Branch - W 90 x 63 mm,FITTING PVC,FITTING · BELL TEE BELL BRANCH,4391,Export ERP master_product_updated.xlsx (diunduh 2026-10-06),,,,63 mm; 90 mm,,,,,,,,,
product.0_S_06_062_090075_00,Bell Tee Bell Branch - W 90 x 75 mm,FITTING PVC,FITTING · BELL TEE BELL BRANCH,4392,Export ERP master_product_updated.xlsx (diunduh 2026-10-06),,,,75 mm; 90 mm,,,,,,,,,
product.0_S_06_062_090090_00,Bell Tee Bell Branch - W 90 x 90 mm,FITTING PVC,FITTING · BELL TEE BELL BRANCH,4393,Export ERP master_product_updated.xlsx (diunduh 2026-10-06),,,,90 mm,,,,,,,,,
product.0_S_06_062_110063_00,Bell Tee Bell Branch - W 110 x 63 mm,FITTING PVC,FITTING · BELL TEE BELL BRANCH,4394,Export ERP master_product_updated.xlsx (diunduh 2026-10-06),,,,63 mm; 110 mm,,,,,,,,,
__export__.product_product_15645,Bell Tee Bell Branch - W 110 x 75 mm,FITTING PVC,FITTING · BELL TEE BELL BRANCH,4395,Export ERP master_product_updated.xlsx (diunduh 2026-10-06),,,,75 mm; 110 mm,,,,,,,,,
product.0_S_06_062_110090_00,Bell Tee Bell Branch - W 110 x 90 mm,FITTING PVC,FITTING · BELL TEE BELL BRANCH,4396,Export ERP master_product_updated.xlsx (diunduh 2026-10-06),,,,90 mm; 110 mm,,,,,,,,,
product.0_S_06_062_110110_00,Bell Tee Bell Branch - W 110 x 110 mm,FITTING PVC,FITTING · BELL TEE BELL BRANCH,4397,Export ERP master_product_updated.xlsx (diunduh 2026-10-06),,,,110 mm,,,,,,,,,
product.0_S_06_062_140090_00,Bell Tee Bell Branch - W 140 x 90 mm,FITTING PVC,FITTING · BELL TEE BELL BRANCH,4398,Export ERP master_product_updated.xlsx (diunduh 2026-10-06),,,,90 mm; 140 mm,,,,,,,,,
product.0_S_06_062_140110_00,Bell Tee Bell Branch - W 140 x 110 mm,FITTING PVC,FITTING · BELL TEE BELL BRANCH,4399,Export ERP master_product_updated.xlsx (diunduh 2026-10-06),,,,110 mm; 140 mm,,,,,,,,,
product.0_S_06_062_140140_00,Bell Tee Bell Branch - W 140 x 140 mm,FITTING PVC,FITTING · BELL TEE BELL BRANCH,4400,Export ERP master_product_updated.xlsx (diunduh 2026-10-06),,,,140 mm,,,,,,,,,
product.0_S_06_062_160063_00,Bell Tee Bell Branch - W 160 x 63 mm,FITTING PVC,FITTING · BELL TEE BELL BRANCH,4401,Export ERP master_product_updated.xlsx (diunduh 2026-10-06),,,,63 mm; 160 mm,,,,,,,,,
product.0_S_06_062_160090_00,Bell Tee Bell Branch - W 160 x 90 mm,FITTING PVC,FITTING · BELL TEE BELL BRANCH,4402,Export ERP master_product_updated.xlsx (diunduh 2026-10-06),,,,90 mm; 160 mm,,,,,,,,,
product.0_S_06_062_160110_00,Bell Tee Bell Branch - W 160 x 110 mm,FITTING PVC,FITTING · BELL TEE BELL BRANCH,4403,Export ERP master_product_updated.xlsx (diunduh 2026-10-06),,,,110 mm; 160 mm,,,,,,,,,
product.0_S_06_062_160140_00,Bell Tee Bell Branch - W 160 x 140 mm,FITTING PVC,FITTING · BELL TEE BELL BRANCH,4404,Export ERP master_product_updated.xlsx (diunduh 2026-10-06),,,,140 mm; 160 mm,,,,,,,,,
product.0_S_06_062_160160_00,Bell Tee Bell Branch - W 160 x 160 mm,FITTING PVC,FITTING · BELL TEE BELL BRANCH,4405,Export ERP master_product_updated.xlsx (diunduh 2026-10-06),,,,160 mm,,,,,,,,,
__export__.product_product_17829,Bell Tee Bell Branch - W 160 x 160 mm Coklat,FITTING PVC,FITTING · BELL TEE BELL BRANCH,4406,Export ERP master_product_updated.xlsx (diunduh 2026-10-06),Warna: Coklat,,,160 mm,,,,,,,,,
product.0_S_06_062_200063_00,Bell Tee Bell Branch (FRP) - W 200 x 63 mm,FITTING FRP,FITTING · BELL TEE BELL BRANCH,4407,Export ERP master_product_updated.xlsx (diunduh 2026-10-06),,,,63 mm; 200 mm,,,,,,,,,
product.0_S_06_062_200090_00,Bell Tee Bell Branch (FRP) - W 200 x 90 mm,FITTING FRP,FITTING · BELL TEE BELL BRANCH,4408,Export ERP master_product_updated.xlsx (diunduh 2026-10-06),,,,90 mm; 200 mm,,,,,,,,,
product.0_S_06_062_200110_00,Bell Tee Bell Branch (FRP) - W 200 x 110 mm,FITTING FRP,FITTING · BELL TEE BELL BRANCH,4409,Export ERP master_product_updated.xlsx (diunduh 2026-10-06),,,,110 mm; 200 mm,,,,,,,,,
__export__.product_product_15839,Bell Tee Bell Branch - W 200 x 110 mm,FITTING PVC,FITTING · BELL TEE BELL BRANCH,4410,Export ERP master_product_updated.xlsx (diunduh 2026-10-06),,,,110 mm; 200 mm,,,,,,,,,
product.0_S_06_062_200160_00,Bell Tee Bell Branch (FRP) - W 200 x 160 mm,FITTING FRP,FITTING · BELL TEE BELL BRANCH,4411,Export ERP master_product_updated.xlsx (diunduh 2026-10-06),,,,160 mm; 200 mm,,,,,,,,,
product.0_S_06_062_200200_00,Bell Tee Bell Branch (FRP) - W 200 x 200 mm,FITTING FRP,FITTING · BELL TEE BELL BRANCH,4412,Export ERP master_product_updated.xlsx (diunduh 2026-10-06),,,,200 mm,,,,,,,,,
__export__.product_product_10111,Bell Tee Bell Branch (FRP) - W 250 x 63 mm,FITTING FRP,FITTING · BELL TEE BELL BRANCH,4413,Export ERP master_product_updated.xlsx (diunduh 2026-10-06),,,,63 mm; 250 mm,,,,,,,,,
product.0_S_06_062_250090_00,Bell Tee Bell Branch (FRP) - W 250 x 90 mm,FITTING FRP,FITTING · BELL TEE BELL BRANCH,4414,Export ERP master_product_updated.xlsx (diunduh 2026-10-06),,,,90 mm; 250 mm,,,,,,,,,
product.0_S_06_062_250110_00,Bell Tee Bell Branch (FRP) - W 250 x 110 mm,FITTING FRP,FITTING · BELL TEE BELL BRANCH,4415,Export ERP master_product_updated.xlsx (diunduh 2026-10-06),,,,110 mm; 250 mm,,,,,,,,,
product.0_S_06_062_250160_00,Bell Tee Bell Branch (FRP) - W 250 x 160 mm,FITTING FRP,FITTING · BELL TEE BELL BRANCH,4416,Export ERP master_product_updated.xlsx (diunduh 2026-10-06),,,,160 mm; 250 mm,,,,,,,,,
product.0_S_06_062_250200_00,Bell Tee Bell Branch (FRP) - W 250 x 200 mm,FITTING FRP,FITTING · BELL TEE BELL BRANCH,4417,Export ERP master_product_updated.xlsx (diunduh 2026-10-06),,,,200 mm; 250 mm,,,,,,,,,
product.0_S_06_062_250250_00,Bell Tee Bell Branch (FRP) - W 250 x 250 mm,FITTING FRP,FITTING · BELL TEE BELL BRANCH,4418,Export ERP master_product_updated.xlsx (diunduh 2026-10-06),,,,250 mm,,,,,,,,,
__export__.product_product_15819,Bell Tee Bell Branch (FRP) - W 315 x 110 mm,FITTING FRP,FITTING · BELL TEE BELL BRANCH,4419,Export ERP master_product_updated.xlsx (diunduh 2026-10-06),,,,110 mm; 315 mm,,,,,,,,,
product.0_S_06_062_315160_00,Bell Tee Bell Branch (FRP) - W 315 x 160 mm,FITTING FRP,FITTING · BELL TEE BELL BRANCH,4420,Export ERP master_product_updated.xlsx (diunduh 2026-10-06),,,,160 mm; 315 mm,,,,,,,,,
product.0_S_06_062_315200_00,Bell Tee Bell Branch (FRP) - W 315 x 200 mm,FITTING FRP,FITTING · BELL TEE BELL BRANCH,4421,Export ERP master_product_updated.xlsx (diunduh 2026-10-06),,,,200 mm; 315 mm,,,,,,,,,
product.0_S_06_062_315250_00,Bell Tee Bell Branch (FRP) - W 315 x 250 mm,FITTING FRP,FITTING · BELL TEE BELL BRANCH,4422,Export ERP master_product_updated.xlsx (diunduh 2026-10-06),,,,250 mm; 315 mm,,,,,,,,,
product.0_S_06_062_315315_00,Bell Tee Bell Branch (FRP) - W 315 x 315 mm,FITTING FRP,FITTING · BELL TEE BELL BRANCH,4423,Export ERP master_product_updated.xlsx (diunduh 2026-10-06),,,,315 mm,,,,,,,,,
__export__.product_product_11228,Bell Tee Bell Branch (FRP) - W 355 x 355 mm,FITTING FRP,FITTING · BELL TEE BELL BRANCH,4424,Export ERP master_product_updated.xlsx (diunduh 2026-10-06),,,,355 mm,,,,,,,,,
__export__.product_product_18410,Bell Tee Bell Branch - W 355 x 110 mm,FITTING PVC,FITTING · BELL TEE BELL BRANCH,4425,Export ERP master_product_updated.xlsx (diunduh 2026-10-06),,,,110 mm; 355 mm,,,,,,,,,
__export__.product_product_18409,Bell Tee Bell Branch - W 355 x 160 mm,FITTING PVC,FITTING · BELL TEE BELL BRANCH,4426,Export ERP master_product_updated.xlsx (diunduh 2026-10-06),,,,160 mm; 355 mm,,,,,,,,,
product.0_S_06_062_400200_00,Bell Tee Bell Branch (FRP) - W 400 x 200 mm,FITTING FRP,FITTING · BELL TEE BELL BRANCH,4427,Export ERP master_product_updated.xlsx (diunduh 2026-10-06),,,,200 mm; 400 mm,,,,,,,,,
product.0_S_06_062_400315_00,Bell Tee Bell Branch (FRP) - W 400 x 315 mm,FITTING FRP,FITTING · BELL TEE BELL BRANCH,4428,Export ERP master_product_updated.xlsx (diunduh 2026-10-06),,,,315 mm; 400 mm,,,,,,,,,
product.0_S_06_062_400400_00,Bell Tee Bell Branch (FRP) - W 400 x 400 mm,FITTING FRP,FITTING · BELL TEE BELL BRANCH,4429,Export ERP master_product_updated.xlsx (diunduh 2026-10-06),,,,400 mm,,,,,,,,,
product.0_S_06_062_450400_00,Bell Tee Bell Branch (FRP) - W 450 x 400 mm,FITTING FRP,FITTING · BELL TEE BELL BRANCH,4430,Export ERP master_product_updated.xlsx (diunduh 2026-10-06),,,,400 mm; 450 mm,,,,,,,,,
product.0_S_06_062_630450_00,Bell Tee Bell Branch (FRP) - W 630 x 450 mm,FITTING FRP,FITTING · BELL TEE BELL BRANCH,4431,Export ERP master_product_updated.xlsx (diunduh 2026-10-06),,,,450 mm; 630 mm,,,,,,,,,
product.0_S_06_064_063063_00,Bell Tee Bell Branch - D 63 x 63 mm,FITTING PVC,FITTING · BELL TEE BELL BRANCH,4456,Export ERP master_product_updated.xlsx (diunduh 2026-10-06),,,,63 mm,,,,,,D,,,
__export__.product_product_15650,Bell Tee Bell Branch - D 75 x 75 mm,FITTING PVC,FITTING · BELL TEE BELL BRANCH,4457,Export ERP master_product_updated.xlsx (diunduh 2026-10-06),,,,75 mm,,,,,,D,,,
product.0_S_06_064_090063_00,Bell Tee Bell Branch - D 90 x 63 mm,FITTING PVC,FITTING · BELL TEE BELL BRANCH,4458,Export ERP master_product_updated.xlsx (diunduh 2026-10-06),,,,63 mm; 90 mm,,,,,,D,,,
product.0_S_06_064_090090_00,Bell Tee Bell Branch - D 90 x 90 mm,FITTING PVC,FITTING · BELL TEE BELL BRANCH,4459,Export ERP master_product_updated.xlsx (diunduh 2026-10-06),,,,90 mm,,,,,,D,,,
__export__.product_product_19289,Bell Tee Bell Branch - D 90 x 90 mm Coklat,FITTING PVC,FITTING · BELL TEE BELL BRANCH,4460,Export ERP master_product_updated.xlsx (diunduh 2026-10-06),Warna: Coklat,,,90 mm,,,,,,D,,,
product.0_S_06_064_110063_00,Bell Tee Bell Branch - D 110 x 63 mm,FITTING PVC,FITTING · BELL TEE BELL BRANCH,4461,Export ERP master_product_updated.xlsx (diunduh 2026-10-06),,,,63 mm; 110 mm,,,,,,D,,,
__export__.product_product_15649,Bell Tee Bell Branch - D 110 x 75 mm,FITTING PVC,FITTING · BELL TEE BELL BRANCH,4462,Export ERP master_product_updated.xlsx (diunduh 2026-10-06),,,,75 mm; 110 mm,,,,,,D,,,
product.0_S_06_064_110090_00,Bell Tee Bell Branch - D 110 x 90 mm,FITTING PVC,FITTING · BELL TEE BELL BRANCH,4463,Export ERP master_product_updated.xlsx (diunduh 2026-10-06),,,,90 mm; 110 mm,,,,,,D,,,
product.0_S_06_064_110110_00,Bell Tee Bell Branch - D 110 x 110 mm,FITTING PVC,FITTING · BELL TEE BELL BRANCH,4464,Export ERP master_product_updated.xlsx (diunduh 2026-10-06),,,,110 mm,,,,,,D,,,
product.0_S_06_064_140090_00,Bell Tee Bell Branch - D 140 x 90 mm,FITTING PVC,FITTING · BELL TEE BELL BRANCH,4465,Export ERP master_product_updated.xlsx (diunduh 2026-10-06),,,,90 mm; 140 mm,,,,,,D,,,
product.0_S_06_064_140110_00,Bell Tee Bell Branch - D 140 x 110 mm,FITTING PVC,FITTING · BELL TEE BELL BRANCH,4466,Export ERP master_product_updated.xlsx (diunduh 2026-10-06),,,,110 mm; 140 mm,,,,,,D,,,
product.0_S_06_064_140140_00,Bell Tee Bell Branch - D 140 x 140 mm,FITTING PVC,FITTING · BELL TEE BELL BRANCH,4467,Export ERP master_product_updated.xlsx (diunduh 2026-10-06),,,,140 mm,,,,,,D,,,
product.0_S_06_064_160063_00,Bell Tee Bell Branch - D 160 x 63 mm,FITTING PVC,FITTING · BELL TEE BELL BRANCH,4468,Export ERP master_product_updated.xlsx (diunduh 2026-10-06),,,,63 mm; 160 mm,,,,,,D,,,
product.0_S_06_064_160090_00,Bell Tee Bell Branch - D 160 x 90 mm,FITTING PVC,FITTING · BELL TEE BELL BRANCH,4469,Export ERP master_product_updated.xlsx (diunduh 2026-10-06),,,,90 mm; 160 mm,,,,,,D,,,
product.0_S_06_064_160110_00,Bell Tee Bell Branch - D 160 x 110 mm,FITTING PVC,FITTING · BELL TEE BELL BRANCH,4470,Export ERP master_product_updated.xlsx (diunduh 2026-10-06),,,,110 mm; 160 mm,,,,,,D,,,
product.0_S_06_064_160140_00,Bell Tee Bell Branch - D 160 x 140 mm,FITTING PVC,FITTING · BELL TEE BELL BRANCH,4471,Export ERP master_product_updated.xlsx (diunduh 2026-10-06),,,,140 mm; 160 mm,,,,,,D,,,
product.0_S_06_064_160160_00,Bell Tee Bell Branch - D 160 x 160 mm,FITTING PVC,FITTING · BELL TEE BELL BRANCH,4472,Export ERP master_product_updated.xlsx (diunduh 2026-10-06),,,,160 mm,,,,,,D,,,
product.0_S_06_064_200200_00,Bell Tee Bell Branch (FRP) - D 200 x 200 mm,FITTING FRP,FITTING · BELL TEE BELL BRANCH,4473,Export ERP master_product_updated.xlsx (diunduh 2026-10-06),,,,200 mm,,,,,,D,,,
product.0_S_06_064_250250_00,Bell Tee Bell Branch (FRP) - D 250 x 250 mm,FITTING FRP,FITTING · BELL TEE BELL BRANCH,4474,Export ERP master_product_updated.xlsx (diunduh 2026-10-06),,,,250 mm,,,,,,D,,,
product.0_S_06_064_315250_00,Bell Tee Bell Branch (FRP) - D 315 x 250 mm,FITTING FRP,FITTING · BELL TEE BELL BRANCH,4475,Export ERP master_product_updated.xlsx (diunduh 2026-10-06),,,,250 mm; 315 mm,,,,,,D,,,
product.0_S_06_064_400315_00,Bell Tee Bell Branch (FRP) - D 400 x 315 mm,FITTING FRP,FITTING · BELL TEE BELL BRANCH,4476,Export ERP master_product_updated.xlsx (diunduh 2026-10-06),,,,315 mm; 400 mm,,,,,,D,,,
product.0_S_06_064_450400_00,Bell Tee Bell Branch (FRP) - D 450 x 400 mm,FITTING FRP,FITTING · BELL TEE BELL BRANCH,4477,Export ERP master_product_updated.xlsx (diunduh 2026-10-06),,,,400 mm; 450 mm,,,,,,D,,,
product.0_S_06_064_630450_00,Bell Tee Bell Branch (FRP) - D 630 x 450 mm,FITTING FRP,FITTING · BELL TEE BELL BRANCH,4478,Export ERP master_product_updated.xlsx (diunduh 2026-10-06),,,,450 mm; 630 mm,,,,,,D,,,
product.0_S_06_066_063063_00,Bell Tee Flange Branch - W 63 x 63 mm,FITTING PVC,FITTING · BELL TEE FLANGE BRANCH,4500,Export ERP master_product_updated.xlsx (diunduh 2026-10-06),,,,63 mm,,,,,,,,,
product.0_S_06_066_090063_00,Bell Tee Flange Branch - W 90 x 63 mm,FITTING PVC,FITTING · BELL TEE FLANGE BRANCH,4501,Export ERP master_product_updated.xlsx (diunduh 2026-10-06),,,,63 mm; 90 mm,,,,,,,,,
product.0_S_06_066_090090_00,Bell Tee Flange Branch - W 90 x 90 mm,FITTING PVC,FITTING · BELL TEE FLANGE BRANCH,4502,Export ERP master_product_updated.xlsx (diunduh 2026-10-06),,,,90 mm,,,,,,,,,
product.0_S_06_066_110063_00,Bell Tee Flange Branch - W 110 x 63 mm,FITTING PVC,FITTING · BELL TEE FLANGE BRANCH,4503,Export ERP master_product_updated.xlsx (diunduh 2026-10-06),,,,63 mm; 110 mm,,,,,,,,,
product.0_S_06_066_110090_00,Bell Tee Flange Branch - W 110 x 90 mm,FITTING PVC,FITTING · BELL TEE FLANGE BRANCH,4504,Export ERP master_product_updated.xlsx (diunduh 2026-10-06),,,,90 mm; 110 mm,,,,,,,,,
product.0_S_06_066_110110_00,Bell Tee Flange Branch - W 110 x 110 mm,FITTING PVC,FITTING · BELL TEE FLANGE BRANCH,4505,Export ERP master_product_updated.xlsx (diunduh 2026-10-06),,,,110 mm,,,,,,,,,
product.0_S_06_066_160063_00,Bell Tee Flange Branch - W 160 x 63 mm,FITTING PVC,FITTING · BELL TEE FLANGE BRANCH,4506,Export ERP master_product_updated.xlsx (diunduh 2026-10-06),,,,63 mm; 160 mm,,,,,,,,,
product.0_S_06_066_160090_00,Bell Tee Flange Branch - W 160 x 90 mm,FITTING PVC,FITTING · BELL TEE FLANGE BRANCH,4507,Export ERP master_product_updated.xlsx (diunduh 2026-10-06),,,,90 mm; 160 mm,,,,,,,,,
product.0_S_06_066_160110_00,Bell Tee Flange Branch - W 160 x 110 mm,FITTING PVC,FITTING · BELL TEE FLANGE BRANCH,4508,Export ERP master_product_updated.xlsx (diunduh 2026-10-06),,,,110 mm; 160 mm,,,,,,,,,
product.0_S_06_066_160160_00,Bell Tee Flange Branch - W 160 x 160 mm,FITTING PVC,FITTING · BELL TEE FLANGE BRANCH,4509,Export ERP master_product_updated.xlsx (diunduh 2026-10-06),,,,160 mm,,,,,,,,,
product.0_S_06_066_200090_00,Bell Tee Flange Branch (FRP) - W 200 x 90 mm,FITTING FRP,FITTING · BELL TEE FLANGE BRANCH,4510,Export ERP master_product_updated.xlsx (diunduh 2026-10-06),,,,90 mm; 200 mm,,,,,,,,,
product.0_S_06_066_200110_00,Bell Tee Flange Branch (FRP) - W 200 x 110 mm,FITTING FRP,FITTING · BELL TEE FLANGE BRANCH,4511,Export ERP master_product_updated.xlsx (diunduh 2026-10-06),,,,110 mm; 200 mm,,,,,,,,,
product.0_S_06_066_200160_00,Bell Tee Flange Branch (FRP) - W 200 x 160 mm,FITTING FRP,FITTING · BELL TEE FLANGE BRANCH,4512,Export ERP master_product_updated.xlsx (diunduh 2026-10-06),,,,160 mm; 200 mm,,,,,,,,,
product.0_S_06_066_250160_00,Bell Tee Flange Branch (FRP) - W 250 x 160 mm,FITTING FRP,FITTING · BELL TEE FLANGE BRANCH,4513,Export ERP master_product_updated.xlsx (diunduh 2026-10-06),,,,160 mm; 250 mm,,,,,,,,,
product.0_S_06_066_250200_00,Bell Tee Flange Branch (FRP) - W 250 x 200 mm,FITTING FRP,FITTING · BELL TEE FLANGE BRANCH,4514,Export ERP master_product_updated.xlsx (diunduh 2026-10-06),,,,200 mm; 250 mm,,,,,,,,,
product.0_S_06_066_315250_00,Bell Tee Flange Branch (FRP) - W 315 x 250 mm,FITTING FRP,FITTING · BELL TEE FLANGE BRANCH,4515,Export ERP master_product_updated.xlsx (diunduh 2026-10-06),,,,250 mm; 315 mm,,,,,,,,,
product.0_S_06_066_400315_00,Bell Tee Flange Branch (FRP) - W 400 x 315 mm,FITTING FRP,FITTING · BELL TEE FLANGE BRANCH,4516,Export ERP master_product_updated.xlsx (diunduh 2026-10-06),,,,315 mm; 400 mm,,,,,,,,,
product.0_S_06_066_450400_00,Bell Tee Flange Branch (FRP) - W 450 x 400 mm,FITTING FRP,FITTING · BELL TEE FLANGE BRANCH,4517,Export ERP master_product_updated.xlsx (diunduh 2026-10-06),,,,400 mm; 450 mm,,,,,,,,,
product.0_S_06_066_630450_00,Bell Tee Flange Branch (FRP) - W 630 x 450 mm,FITTING FRP,FITTING · BELL TEE FLANGE BRANCH,4518,Export ERP master_product_updated.xlsx (diunduh 2026-10-06),,,,450 mm; 630 mm,,,,,,,,,
product.0_S_06_068_063063_00,Bell Tee Flange Branch - D 63 x 63 mm,FITTING PVC,FITTING · BELL TEE FLANGE BRANCH,4540,Export ERP master_product_updated.xlsx (diunduh 2026-10-06),,,,63 mm,,,,,,D,,,
product.0_S_06_068_090063_00,Bell Tee Flange Branch - D 90 x 63 mm,FITTING PVC,FITTING · BELL TEE FLANGE BRANCH,4541,Export ERP master_product_updated.xlsx (diunduh 2026-10-06),,,,63 mm; 90 mm,,,,,,D,,,
product.0_S_06_068_090090_00,Bell Tee Flange Branch - D 90 x 90 mm,FITTING PVC,FITTING · BELL TEE FLANGE BRANCH,4542,Export ERP master_product_updated.xlsx (diunduh 2026-10-06),,,,90 mm,,,,,,D,,,
product.0_S_06_068_110063_00,Bell Tee Flange Branch - D 110 x 63 mm,FITTING PVC,FITTING · BELL TEE FLANGE BRANCH,4543,Export ERP master_product_updated.xlsx (diunduh 2026-10-06),,,,63 mm; 110 mm,,,,,,D,,,
product.0_S_06_068_110090_00,Bell Tee Flange Branch - D 110 x 90 mm,FITTING PVC,FITTING · BELL TEE FLANGE BRANCH,4544,Export ERP master_product_updated.xlsx (diunduh 2026-10-06),,,,90 mm; 110 mm,,,,,,D,,,
product.0_S_06_068_110110_00,Bell Tee Flange Branch - D 110 x 110 mm,FITTING PVC,FITTING · BELL TEE FLANGE BRANCH,4545,Export ERP master_product_updated.xlsx (diunduh 2026-10-06),,,,110 mm,,,,,,D,,,
product.0_S_06_068_160090_00,Bell Tee Flange Branch - D 160 x 90 mm,FITTING PVC,FITTING · BELL TEE FLANGE BRANCH,4546,Export ERP master_product_updated.xlsx (diunduh 2026-10-06),,,,90 mm; 160 mm,,,,,,D,,,
product.0_S_06_068_160110_00,Bell Tee Flange Branch - D 160 x 110 mm,FITTING PVC,FITTING · BELL TEE FLANGE BRANCH,4547,Export ERP master_product_updated.xlsx (diunduh 2026-10-06),,,,110 mm; 160 mm,,,,,,D,,,
product.0_S_06_068_160160_00,Bell Tee Flange Branch - D 160 x 160 mm,FITTING PVC,FITTING · BELL TEE FLANGE BRANCH,4548,Export ERP master_product_updated.xlsx (diunduh 2026-10-06),,,,160 mm,,,,,,D,,,
product.0_S_06_068_200090_00,Bell Tee Flange Branch (FRP) - D 200 x 90 mm,FITTING FRP,FITTING · BELL TEE FLANGE BRANCH,4549,Export ERP master_product_updated.xlsx (diunduh 2026-10-06),,,,90 mm; 200 mm,,,,,,D,,,
product.0_S_06_068_200110_00,Bell Tee Flange Branch (FRP) - D 200 x 110 mm,FITTING FRP,FITTING · BELL TEE FLANGE BRANCH,4550,Export ERP master_product_updated.xlsx (diunduh 2026-10-06),,,,110 mm; 200 mm,,,,,,D,,,
product.0_S_06_068_200160_00,Bell Tee Flange Branch (FRP) - D 200 x 160 mm,FITTING FRP,FITTING · BELL TEE FLANGE BRANCH,4551,Export ERP master_product_updated.xlsx (diunduh 2026-10-06),,,,160 mm; 200 mm,,,,,,D,,,
product.0_S_06_068_250160_00,Bell Tee Flange Branch (FRP) - D 250 x 160 mm,FITTING FRP,FITTING · BELL TEE FLANGE BRANCH,4552,Export ERP master_product_updated.xlsx (diunduh 2026-10-06),,,,160 mm; 250 mm,,,,,,D,,,
product.0_S_06_068_250200_00,Bell Tee Flange Branch (FRP) - D 250 x 200 mm,FITTING FRP,FITTING · BELL TEE FLANGE BRANCH,4553,Export ERP master_product_updated.xlsx (diunduh 2026-10-06),,,,200 mm; 250 mm,,,,,,D,,,
product.0_S_06_068_315250_00,Bell Tee Flange Branch (FRP) - D 315 x 250 mm,FITTING FRP,FITTING · BELL TEE FLANGE BRANCH,4554,Export ERP master_product_updated.xlsx (diunduh 2026-10-06),,,,250 mm; 315 mm,,,,,,D,,,
product.0_S_06_068_400315_00,Bell Tee Flange Branch (FRP) - D 400 x 315 mm,FITTING FRP,FITTING · BELL TEE FLANGE BRANCH,4555,Export ERP master_product_updated.xlsx (diunduh 2026-10-06),,,,315 mm; 400 mm,,,,,,D,,,
product.0_S_06_068_450400_00,Bell Tee Flange Branch (FRP) - D 450 x 400 mm,FITTING FRP,FITTING · BELL TEE FLANGE BRANCH,4556,Export ERP master_product_updated.xlsx (diunduh 2026-10-06),,,,400 mm; 450 mm,,,,,,D,,,
product.0_S_06_068_630450_00,Bell Tee Flange Branch (FRP) - D 630 x 450 mm,FITTING FRP,FITTING · BELL TEE FLANGE BRANCH,4557,Export ERP master_product_updated.xlsx (diunduh 2026-10-06),,,,450 mm; 630 mm,,,,,,D,,,
product.0_S_06_070_032032_00,All Bell Tee TS - W 32 x 32 mm,FITTING PVC,FITTING · ALL BELL TEE,4565,Export ERP master_product_updated.xlsx (diunduh 2026-10-06),,,,32 mm,,,,,,,,,
product.0_S_06_070_050032_00,All Bell Tee TS - W 50 x 32 mm,FITTING PVC,FITTING · ALL BELL TEE,4566,Export ERP master_product_updated.xlsx (diunduh 2026-10-06),,,,32 mm; 50 mm,,,,,,,,,
product.0_S_06_070_050050_00,All Bell Tee TS - W 50 x 50 mm,FITTING PVC,FITTING · ALL BELL TEE,4567,Export ERP master_product_updated.xlsx (diunduh 2026-10-06),,,,50 mm,,,,,,,,,
product.0_S_06_070_063032_00,All Bell Tee TS - W 63 x 32 mm,FITTING PVC,FITTING · ALL BELL TEE,4568,Export ERP master_product_updated.xlsx (diunduh 2026-10-06),,,,32 mm; 63 mm,,,,,,,,,
product.0_S_06_070_063050_00,All Bell Tee TS - W 63 x 50 mm,FITTING PVC,FITTING · ALL BELL TEE,4569,Export ERP master_product_updated.xlsx (diunduh 2026-10-06),,,,50 mm; 63 mm,,,,,,,,,
__export__.product_product_16569,All Bell Tee TS - W 90 x 32 mm,FITTING PVC,FITTING · ALL BELL TEE,4570,Export ERP master_product_updated.xlsx (diunduh 2026-10-06),,,,32 mm; 90 mm,,,,,,,,,
product.0_S_06_070_090050_00,All Bell Tee TS - W 90 x 50 mm,FITTING PVC,FITTING · ALL BELL TEE,4571,Export ERP master_product_updated.xlsx (diunduh 2026-10-06),,,,50 mm; 90 mm,,,,,,,,,
__export__.product_product_15253,All Bell Tee TS - W 110 x 32 mm,FITTING PVC,FITTING · ALL BELL TEE,4572,Export ERP master_product_updated.xlsx (diunduh 2026-10-06),,,,32 mm; 110 mm,,,,,,,,,
product.0_S_06_070_110050_00,All Bell Tee TS - W 110 x 50 mm,FITTING PVC,FITTING · ALL BELL TEE,4573,Export ERP master_product_updated.xlsx (diunduh 2026-10-06),,,,50 mm; 110 mm,,,,,,,,,
__export__.product_product_13759,All Bell Tee TS - W 160 x 20 mm,FITTING PVC,FITTING · ALL BELL TEE,4574,Export ERP master_product_updated.xlsx (diunduh 2026-10-06),,,,20 mm; 160 mm,,,,,,,,,
product.0_S_06_070_160050_00,All Bell Tee TS - W 160 x 50 mm,FITTING PVC,FITTING · ALL BELL TEE,4575,Export ERP master_product_updated.xlsx (diunduh 2026-10-06),,,,50 mm; 160 mm,,,,,,,,,
__export__.product_product_17047,All Bell Tee TS - W 160 x 110 mm,FITTING PVC,FITTING · ALL BELL TEE,4576,Export ERP master_product_updated.xlsx (diunduh 2026-10-06),,,,110 mm; 160 mm,,,,,,,,,
__export__.product_product_17274,All Bell Tee TS (FRP) - W 200 x 50 mm,FITTING FRP,FITTING · ALL BELL TEE,4577,Export ERP master_product_updated.xlsx (diunduh 2026-10-06),,,,50 mm; 200 mm,,,,,,,,,
__export__.product_product_13730,All Bell Tee TS (FRP) - W 250 x 32 mm,FITTING FRP,FITTING · ALL BELL TEE,4579,Export ERP master_product_updated.xlsx (diunduh 2026-10-06),,,,32 mm; 250 mm,,,,,,,,,
__export__.product_product_13732,All Bell Tee TS (FRP) - W 250 x 160 mm,FITTING FRP,FITTING · ALL BELL TEE,4580,Export ERP master_product_updated.xlsx (diunduh 2026-10-06),,,,160 mm; 250 mm,,,,,,,,,
__export__.product_product_13731,All Bell Tee TS (FRP) - W 315 x 32 mm,FITTING FRP,FITTING · ALL BELL TEE,4581,Export ERP master_product_updated.xlsx (diunduh 2026-10-06),,,,32 mm; 315 mm,,,,,,,,,
__export__.product_product_12281,All Bell Tee TS (FRP) - W 315 x 200 mm,FITTING FRP,FITTING · ALL BELL TEE,4582,Export ERP master_product_updated.xlsx (diunduh 2026-10-06),,,,200 mm; 315 mm,,,,,,,,,
__export__.product_product_18659,All Bell Tee TS (FRP) - W 400 x 200 mm,FITTING FRP,FITTING · ALL BELL TEE,4584,Export ERP master_product_updated.xlsx (diunduh 2026-10-06),,,,200 mm; 400 mm,,,,,,,,,
__export__.product_product_16164,Bell Tee Thread Branch - W 160 x 63 mm,FITTING PVC,FITTING · BELL TEE THREAD BRANCH,4602,Export ERP master_product_updated.xlsx (diunduh 2026-10-06),,,,63 mm; 160 mm,,,,,,,,,
product.0_S_06_074_063063_00,All Bell Tee - W 63 x 63 mm,FITTING PVC,FITTING · ALL BELL TEE,4628,Export ERP master_product_updated.xlsx (diunduh 2026-10-06),,,,63 mm,,,,,,,,,
product.0_S_06_074_075063_00,All Bell Tee - W 75 x 63 mm,FITTING PVC,FITTING · ALL BELL TEE,4629,Export ERP master_product_updated.xlsx (diunduh 2026-10-06),,,,63 mm; 75 mm,,,,,,,,,
product.0_S_06_074_090063_00,All Bell Tee - W 90 x 63 mm,FITTING PVC,FITTING · ALL BELL TEE,4630,Export ERP master_product_updated.xlsx (diunduh 2026-10-06),,,,63 mm; 90 mm,,,,,,,,,
product.0_S_06_074_090090_00,All Bell Tee - W 90 x 90 mm,FITTING PVC,FITTING · ALL BELL TEE,4631,Export ERP master_product_updated.xlsx (diunduh 2026-10-06),,,,90 mm,,,,,,,,,
__export__.product_product_14770,All Bell Tee - W 90 x 160 x 90 mm,FITTING PVC,FITTING · ALL BELL TEE,4632,Export ERP master_product_updated.xlsx (diunduh 2026-10-06),,,,90 mm; 160 mm,,,,,,,,,
product.0_S_06_074_110063_00,All Bell Tee - W 110 x 63 mm,FITTING PVC,FITTING · ALL BELL TEE,4633,Export ERP master_product_updated.xlsx (diunduh 2026-10-06),,,,63 mm; 110 mm,,,,,,,,,
product.0_S_06_074_110090_00,All Bell Tee - W 110 x 90 mm,FITTING PVC,FITTING · ALL BELL TEE,4634,Export ERP master_product_updated.xlsx (diunduh 2026-10-06),,,,90 mm; 110 mm,,,,,,,,,
product.0_S_06_074_110110_00,All Bell Tee - W 110 x 110 mm,FITTING PVC,FITTING · ALL BELL TEE,4635,Export ERP master_product_updated.xlsx (diunduh 2026-10-06),,,,110 mm,,,,,,,,,
__export__.product_product_15442,All Bell Tee - W 140 x 140 mm,FITTING PVC,FITTING · ALL BELL TEE,4636,Export ERP master_product_updated.xlsx (diunduh 2026-10-06),,,,140 mm,,,,,,,,,
product.0_S_06_074_160063_00,All Bell Tee - W 160 x 63 mm,FITTING PVC,FITTING · ALL BELL TEE,4637,Export ERP master_product_updated.xlsx (diunduh 2026-10-06),,,,63 mm; 160 mm,,,,,,,,,
product.0_S_06_074_160090_00,All Bell Tee - W 160 x 90 mm,FITTING PVC,FITTING · ALL BELL TEE,4638,Export ERP master_product_updated.xlsx (diunduh 2026-10-06),,,,90 mm; 160 mm,,,,,,,,,
product.0_S_06_074_160110_00,All Bell Tee - W 160 x 110 mm,FITTING PVC,FITTING · ALL BELL TEE,4639,Export ERP master_product_updated.xlsx (diunduh 2026-10-06),,,,110 mm; 160 mm,,,,,,,,,
__export__.product_product_17929,All Bell Tee - W 160 x 110 mm Coklat,FITTING PVC,FITTING · ALL BELL TEE,4640,Export ERP master_product_updated.xlsx (diunduh 2026-10-06),Warna: Coklat,,,110 mm; 160 mm,,,,,,,,,
product.0_S_06_074_160160_00,All Bell Tee - W 160 x 160 mm,FITTING PVC,FITTING · ALL BELL TEE,4641,Export ERP master_product_updated.xlsx (diunduh 2026-10-06),,,,160 mm,,,,,,,,,
__export__.product_product_17273,All Bell Tee (FRP) - W 200 x 50 mm,FITTING FRP,FITTING · ALL BELL TEE,4642,Export ERP master_product_updated.xlsx (diunduh 2026-10-06),,,,50 mm; 200 mm,,,,,,,,,
product.0_S_06_074_200063_00,All Bell Tee (FRP) - W 200 x 63 mm,FITTING FRP,FITTING · ALL BELL TEE,4643,Export ERP master_product_updated.xlsx (diunduh 2026-10-06),,,,63 mm; 200 mm,,,,,,,,,
product.0_S_06_074_200090_00,All Bell Tee (FRP) - W 200 x 90 mm,FITTING FRP,FITTING · ALL BELL TEE,4644,Export ERP master_product_updated.xlsx (diunduh 2026-10-06),,,,90 mm; 200 mm,,,,,,,,,
product.0_S_06_074_200110_00,All Bell Tee (FRP) - W 200 x 110 mm,FITTING FRP,FITTING · ALL BELL TEE,4645,Export ERP master_product_updated.xlsx (diunduh 2026-10-06),,,,110 mm; 200 mm,,,,,,,,,
product.0_S_06_074_200160_00,All Bell Tee (FRP) - W 200 x 160 mm,FITTING FRP,FITTING · ALL BELL TEE,4646,Export ERP master_product_updated.xlsx (diunduh 2026-10-06),,,,160 mm; 200 mm,,,,,,,,,
product.0_S_06_074_200200_00,All Bell Tee (FRP) - W 200 x 200 mm,FITTING FRP,FITTING · ALL BELL TEE,4647,Export ERP master_product_updated.xlsx (diunduh 2026-10-06),,,,200 mm,,,,,,,,,
product.0_S_06_074_225110_00,All Bell Tee (FRP) - W 225 x 110 mm,FITTING FRP,FITTING · ALL BELL TEE,4648,Export ERP master_product_updated.xlsx (diunduh 2026-10-06),,,,110 mm; 225 mm,,,,,,,,,
product.0_S_06_074_225160_00,All Bell Tee (FRP) - W 225 x 160 mm,FITTING FRP,FITTING · ALL BELL TEE,4649,Export ERP master_product_updated.xlsx (diunduh 2026-10-06),,,,160 mm; 225 mm,,,,,,,,,
__export__.product_product_13026,All Bell Tee (FRP) - W 250 x 63 mm,FITTING FRP,FITTING · ALL BELL TEE,4650,Export ERP master_product_updated.xlsx (diunduh 2026-10-06),,,,63 mm; 250 mm,,,,,,,,,
__export__.product_product_19536,All Bell Tee - W 250 x 63 mm,FITTING PVC,FITTING · ALL BELL TEE,4651,Export ERP master_product_updated.xlsx (diunduh 2026-10-06),,,,63 mm; 250 mm,,,,,,,,,
__export__.product_product_12545,All Bell Tee (FRP) - W 250 x 75 mm,FITTING FRP,FITTING · ALL BELL TEE,4652,Export ERP master_product_updated.xlsx (diunduh 2026-10-06),,,,75 mm; 250 mm,,,,,,,,,
product.0_S_06_074_250090_00,All Bell Tee (FRP) - W 250 x 90 mm,FITTING FRP,FITTING · ALL BELL TEE,4653,Export ERP master_product_updated.xlsx (diunduh 2026-10-06),,,,90 mm; 250 mm,,,,,,,,,
product.0_S_06_074_250110_00,All Bell Tee (FRP) - W 250 x 110 mm,FITTING FRP,FITTING · ALL BELL TEE,4654,Export ERP master_product_updated.xlsx (diunduh 2026-10-06),,,,110 mm; 250 mm,,,,,,,,,
product.0_S_06_074_250160_00,All Bell Tee (FRP) - W 250 x 160 mm,FITTING FRP,FITTING · ALL BELL TEE,4655,Export ERP master_product_updated.xlsx (diunduh 2026-10-06),,,,160 mm; 250 mm,,,,,,,,,
product.0_S_06_074_250200_00,All Bell Tee (FRP) - W 250 x 200 mm,FITTING FRP,FITTING · ALL BELL TEE,4656,Export ERP master_product_updated.xlsx (diunduh 2026-10-06),,,,200 mm; 250 mm,,,,,,,,,
product.0_S_06_074_250250_00,All Bell Tee (FRP) - W 250 x 250 mm,FITTING FRP,FITTING · ALL BELL TEE,4657,Export ERP master_product_updated.xlsx (diunduh 2026-10-06),,,,250 mm,,,,,,,,,
__export__.product_product_17412,All Bell Tee - W 250 x 250 mm,FITTING PVC,FITTING · ALL BELL TEE,4658,Export ERP master_product_updated.xlsx (diunduh 2026-10-06),,,,250 mm,,,,,,,,,
product.0_S_06_074_250315_00,All Bell Tee (FRP) - W 250 x 315 mm,FITTING FRP,FITTING · ALL BELL TEE,4659,Export ERP master_product_updated.xlsx (diunduh 2026-10-06),,,,250 mm; 315 mm,,,,,,,,,
product.0_S_06_074_300100_00,All Bell Tee (FRP) - W 300 x 100 mm,FITTING FRP,FITTING · ALL BELL TEE,4660,Export ERP master_product_updated.xlsx (diunduh 2026-10-06),,,,100 mm; 300 mm,,,,,,,,,
product.0_S_06_074_300150_00,All Bell Tee (FRP) - W 300 x 150 mm,FITTING FRP,FITTING · ALL BELL TEE,4661,Export ERP master_product_updated.xlsx (diunduh 2026-10-06),,,,150 mm; 300 mm,,,,,,,,,
product.0_S_06_074_300200_00,All Bell Tee (FRP) - W 300 x 200 mm,FITTING FRP,FITTING · ALL BELL TEE,4662,Export ERP master_product_updated.xlsx (diunduh 2026-10-06),,,,200 mm; 300 mm,,,,,,,,,
product.0_S_06_074_300250_00,All Bell Tee (FRP) - W 300 x 250 mm,FITTING FRP,FITTING · ALL BELL TEE,4663,Export ERP master_product_updated.xlsx (diunduh 2026-10-06),,,,250 mm; 300 mm,,,,,,,,,
product.0_S_06_074_300300_00,All Bell Tee (FRP) - W 300 x 300 mm,FITTING FRP,FITTING · ALL BELL TEE,4664,Export ERP master_product_updated.xlsx (diunduh 2026-10-06),,,,300 mm,,,,,,,,,
__export__.product_product_13449,All Bell Tee (FRP) - W 315 x 63 mm,FITTING FRP,FITTING · ALL BELL TEE,4665,Export ERP master_product_updated.xlsx (diunduh 2026-10-06),,,,63 mm; 315 mm,,,,,,,,,
__export__.product_product_13314,All Bell Tee (FRP) - W 315 x 75 mm,FITTING FRP,FITTING · ALL BELL TEE,4666,Export ERP master_product_updated.xlsx (diunduh 2026-10-06),,,,75 mm; 315 mm,,,,,,,,,
product.0_S_06_074_315090_00,All Bell Tee (FRP) - W 315 x 90 mm,FITTING FRP,FITTING · ALL BELL TEE,4667,Export ERP master_product_updated.xlsx (diunduh 2026-10-06),,,,90 mm; 315 mm,,,,,,,,,
product.0_S_06_074_315110_00,All Bell Tee (FRP) - W 315 x 110 mm,FITTING FRP,FITTING · ALL BELL TEE,4668,Export ERP master_product_updated.xlsx (diunduh 2026-10-06),,,,110 mm; 315 mm,,,,,,,,,
product.0_S_06_074_315160_00,All Bell Tee ( FRP) - W 315 x 160 mm,FITTING FRP,FITTING · ALL BELL TEE,4669,Export ERP master_product_updated.xlsx (diunduh 2026-10-06),,,,160 mm; 315 mm,,,,,,,,,
__export__.product_product_18404,All Bell Tee - W 315 x 160 mm,FITTING PVC,FITTING · ALL BELL TEE,4670,Export ERP master_product_updated.xlsx (diunduh 2026-10-06),,,,160 mm; 315 mm,,,,,,,,,
product.0_S_06_074_315200_00,All Bell Tee ( FRP) - W 315 x 200 mm,FITTING FRP,FITTING · ALL BELL TEE,4671,Export ERP master_product_updated.xlsx (diunduh 2026-10-06),,,,200 mm; 315 mm,,,,,,,,,
product.0_S_06_074_315250_00,All Bell Tee ( FRP) - W 315 x 250 mm,FITTING FRP,FITTING · ALL BELL TEE,4672,Export ERP master_product_updated.xlsx (diunduh 2026-10-06),,,,250 mm; 315 mm,,,,,,,,,
product.0_S_06_074_315315_00,All Bell Tee ( FRP) - W 315 x 315 mm,FITTING FRP,FITTING · ALL BELL TEE,4673,Export ERP master_product_updated.xlsx (diunduh 2026-10-06),,,,315 mm,,,,,,,,,
__export__.product_product_14502,All Bell Tee ( FRP) - W 355 x 90 mm,FITTING FRP,FITTING · ALL BELL TEE,4674,Export ERP master_product_updated.xlsx (diunduh 2026-10-06),,,,90 mm; 355 mm,,,,,,,,,
__export__.product_product_14501,All Bell Tee ( FRP) - W 355 x 110 mm,FITTING FRP,FITTING · ALL BELL TEE,4675,Export ERP master_product_updated.xlsx (diunduh 2026-10-06),,,,110 mm; 355 mm,,,,,,,,,
product.0_S_06_074_355160_00,All Bell Tee ( FRP) - W 355 x 160 mm,FITTING FRP,FITTING · ALL BELL TEE,4676,Export ERP master_product_updated.xlsx (diunduh 2026-10-06),,,,160 mm; 355 mm,,,,,,,,,
product.0_S_06_074_355200_00,All Bell Tee ( FRP) - W 355 x 200 mm,FITTING FRP,FITTING · ALL BELL TEE,4677,Export ERP master_product_updated.xlsx (diunduh 2026-10-06),,,,200 mm; 355 mm,,,,,,,,,
product.0_S_06_074_355250_00,All Bell Tee ( FRP) - W 355 x 250 mm,FITTING FRP,FITTING · ALL BELL TEE,4678,Export ERP master_product_updated.xlsx (diunduh 2026-10-06),,,,250 mm; 355 mm,,,,,,,,,
product.0_S_06_074_355315_00,All Bell Tee ( FRP) - W 355 x 315 mm,FITTING FRP,FITTING · ALL BELL TEE,4679,Export ERP master_product_updated.xlsx (diunduh 2026-10-06),,,,315 mm; 355 mm,,,,,,,,,
product.0_S_06_074_355355_00,All Bell Tee ( FRP) - W 355 x 355 mm,FITTING FRP,FITTING · ALL BELL TEE,4680,Export ERP master_product_updated.xlsx (diunduh 2026-10-06),,,,355 mm,,,,,,,,,
product.0_S_06_074_400090_00,All Bell Tee ( FRP) - W 400 x 90 mm,FITTING FRP,FITTING · ALL BELL TEE,4681,Export ERP master_product_updated.xlsx (diunduh 2026-10-06),,,,90 mm; 400 mm,,,,,,,,,
product.0_S_06_074_400110_00,All Bell Tee ( FRP) - W 400 x 110 mm,FITTING FRP,FITTING · ALL BELL TEE,4682,Export ERP master_product_updated.xlsx (diunduh 2026-10-06),,,,110 mm; 400 mm,,,,,,,,,
__export__.product_product_18368,All Bell Tee ( FRP) - W 400 x 110 mm Coklat,FITTING FRP,FITTING · ALL BELL TEE,4683,Export ERP master_product_updated.xlsx (diunduh 2026-10-06),Warna: Coklat,,,110 mm; 400 mm,,,,,,,,,
product.0_S_06_074_400160_00,All Bell Tee ( FRP) - W 400 x 160 mm,FITTING FRP,FITTING · ALL BELL TEE,4684,Export ERP master_product_updated.xlsx (diunduh 2026-10-06),,,,160 mm; 400 mm,,,,,,,,,
product.0_S_06_074_400200_00,All Bell Tee ( FRP) - W 400 x 200 mm,FITTING FRP,FITTING · ALL BELL TEE,4685,Export ERP master_product_updated.xlsx (diunduh 2026-10-06),,,,200 mm; 400 mm,,,,,,,,,
product.0_S_06_074_400250_00,All Bell Tee ( FRP) - W 400 x 250 mm,FITTING FRP,FITTING · ALL BELL TEE,4686,Export ERP master_product_updated.xlsx (diunduh 2026-10-06),,,,250 mm; 400 mm,,,,,,,,,
product.0_S_06_074_400315_00,All Bell Tee ( FRP) - W 400 x 315 mm,FITTING FRP,FITTING · ALL BELL TEE,4687,Export ERP master_product_updated.xlsx (diunduh 2026-10-06),,,,315 mm; 400 mm,,,,,,,,,
product.0_S_06_074_400355_00,All Bell Tee ( FRP) - W 400 x 355 mm,FITTING FRP,FITTING · ALL BELL TEE,4688,Export ERP master_product_updated.xlsx (diunduh 2026-10-06),,,,355 mm; 400 mm,,,,,,,,,
product.0_S_06_074_400400_00,All Bell Tee ( FRP) - W 400 x 400 mm,FITTING FRP,FITTING · ALL BELL TEE,4689,Export ERP master_product_updated.xlsx (diunduh 2026-10-06),,,,400 mm,,,,,,,,,
__export__.product_product_14895,All Bell Tee ( FRP) - W 500 x 200 mm,FITTING FRP,FITTING · ALL BELL TEE,4690,Export ERP master_product_updated.xlsx (diunduh 2026-10-06),,,,200 mm; 500 mm,,,,,,,,,
product.0_S_06_074_500250_00,All Bell Tee ( FRP) - W 500 x 250 mm,FITTING FRP,FITTING · ALL BELL TEE,4691,Export ERP master_product_updated.xlsx (diunduh 2026-10-06),,,,250 mm; 500 mm,,,,,,,,,
product.0_S_06_074_500315_00,All Bell Tee ( FRP) - W 500 x 315 mm,FITTING FRP,FITTING · ALL BELL TEE,4692,Export ERP master_product_updated.xlsx (diunduh 2026-10-06),,,,315 mm; 500 mm,,,,,,,,,
product.0_S_06_074_500355_00,All Bell Tee ( FRP) - W 500 x 355 mm,FITTING FRP,FITTING · ALL BELL TEE,4693,Export ERP master_product_updated.xlsx (diunduh 2026-10-06),,,,355 mm; 500 mm,,,,,,,,,
product.0_S_06_074_500400_00,All Bell Tee ( FRP) - W 500 x 400 mm,FITTING FRP,FITTING · ALL BELL TEE,4694,Export ERP master_product_updated.xlsx (diunduh 2026-10-06),,,,400 mm; 500 mm,,,,,,,,,
product.0_S_06_074_500500_00,All Bell Tee ( FRP) - W 500 x 500 mm,FITTING FRP,FITTING · ALL BELL TEE,4695,Export ERP master_product_updated.xlsx (diunduh 2026-10-06),,,,500 mm,,,,,,,,,
__export__.product_product_12735,All Bell Tee ( FRP) - W 630 x 200 mm,FITTING FRP,FITTING · ALL BELL TEE,4696,Export ERP master_product_updated.xlsx (diunduh 2026-10-06),,,,200 mm; 630 mm,,,,,,,,,
product.0_S_06_074_630400_00,All Bell Tee ( FRP) - W 630 x 400 mm,FITTING FRP,FITTING · ALL BELL TEE,4697,Export ERP master_product_updated.xlsx (diunduh 2026-10-06),,,,400 mm; 630 mm,,,,,,,,,
product.0_S_06_074_630500_00,All Bell Tee ( FRP) - W 630 x 500 mm,FITTING FRP,FITTING · ALL BELL TEE,4698,Export ERP master_product_updated.xlsx (diunduh 2026-10-06),,,,500 mm; 630 mm,,,,,,,,,
product.0_S_06_074_630630_00,All Bell Tee ( FRP) - W 630 x 630 mm,FITTING FRP,FITTING · ALL BELL TEE,4699,Export ERP master_product_updated.xlsx (diunduh 2026-10-06),,,,630 mm,,,,,,,,,
product.0_S_06_076_020000_00,Bend 90° - W 20 mm,FITTING PVC,FITTING · BEND 90°,4714,Export ERP master_product_updated.xlsx (diunduh 2026-10-06),,,,20 mm,,,,,,,,,
product.0_S_06_076_025000_00,Bend 90° - W 25 mm,FITTING PVC,FITTING · BEND 90°,4715,Export ERP master_product_updated.xlsx (diunduh 2026-10-06),,,,25 mm,,,,,,,,,
product.0_S_06_076_032000_00,Bend 90° - W 32 mm,FITTING PVC,FITTING · BEND 90°,4716,Export ERP master_product_updated.xlsx (diunduh 2026-10-06),,,,32 mm,,,,,,,,,
product.0_S_06_076_040000_00,Bend 90° - W 40 mm,FITTING PVC,FITTING · BEND 90°,4717,Export ERP master_product_updated.xlsx (diunduh 2026-10-06),,,,40 mm,,,,,,,,,
product.0_S_06_076_050000_00,Bend 90° - W 50 mm,FITTING PVC,FITTING · BEND 90°,4718,Export ERP master_product_updated.xlsx (diunduh 2026-10-06),,,,50 mm,,,,,,,,,
product.0_S_06_076_063000_00,Bend 90° - W 63 mm,FITTING PVC,FITTING · BEND 90°,4719,Export ERP master_product_updated.xlsx (diunduh 2026-10-06),,,,63 mm,,,,,,,,,
product.0_S_06_076_075000_00,Bend 90° - W 75 mm,FITTING PVC,FITTING · BEND 90°,4720,Export ERP master_product_updated.xlsx (diunduh 2026-10-06),,,,75 mm,,,,,,,,,
product.0_S_06_076_090000_00,Bend 90° - W 90 mm,FITTING PVC,FITTING · BEND 90°,4721,Export ERP master_product_updated.xlsx (diunduh 2026-10-06),,,,90 mm,,,,,,,,,
product.0_S_06_076_110000_00,Bend 90° - W 110 mm,FITTING PVC,FITTING · BEND 90°,4722,Export ERP master_product_updated.xlsx (diunduh 2026-10-06),,,,110 mm,,,,,,,,,
product.0_S_06_076_140000_00,Bend 90° - W 140 mm,FITTING PVC,FITTING · BEND 90°,4723,Export ERP master_product_updated.xlsx (diunduh 2026-10-06),,,,140 mm,,,,,,,,,
product.0_S_06_076_160000_00,Bend 90° - W 160 mm,FITTING PVC,FITTING · BEND 90°,4724,Export ERP master_product_updated.xlsx (diunduh 2026-10-06),,,,160 mm,,,,,,,,,
product.0_S_06_076_200000_00,Bend 90° - W 200 mm,FITTING PVC,FITTING · BEND 90°,4725,Export ERP master_product_updated.xlsx (diunduh 2026-10-06),,,,200 mm,,,,,,,,,
product.0_S_06_076_250000_00,Bend 90° - W 250 mm,FITTING PVC,FITTING · BEND 90°,4726,Export ERP master_product_updated.xlsx (diunduh 2026-10-06),,,,250 mm,,,,,,,,,
product.0_S_06_076_315000_00,Bend 90° - W 315 mm,FITTING PVC,FITTING · BEND 90°,4727,Export ERP master_product_updated.xlsx (diunduh 2026-10-06),,,,315 mm,,,,,,,,,
product.0_S_06_076_355000_00,Bend 90° - W 355 mm,FITTING PVC,FITTING · BEND 90°,4728,Export ERP master_product_updated.xlsx (diunduh 2026-10-06),,,,355 mm,,,,,,,,,
product.0_S_06_076_400000_00,Bend 90° - W 400 mm,FITTING PVC,FITTING · BEND 90°,4729,Export ERP master_product_updated.xlsx (diunduh 2026-10-06),,,,400 mm,,,,,,,,,
product.0_S_06_076_450000_00,Bend 90° - W 450 mm,FITTING PVC,FITTING · BEND 90°,4730,Export ERP master_product_updated.xlsx (diunduh 2026-10-06),,,,450 mm,,,,,,,,,
product.0_S_06_076_500000_00,Bend 90° - W 500 mm,FITTING PVC,FITTING · BEND 90°,4731,Export ERP master_product_updated.xlsx (diunduh 2026-10-06),,,,500 mm,,,,,,,,,
product.0_S_06_076_630000_00,Bend 90° - W 630 mm,FITTING PVC,FITTING · BEND 90°,4732,Export ERP master_product_updated.xlsx (diunduh 2026-10-06),,,,630 mm,,,,,,,,,
product.0_S_06_078_020000_00,Bend 45° - W 20 mm,FITTING PVC,FITTING · BEND 45°,4747,Export ERP master_product_updated.xlsx (diunduh 2026-10-06),,,,20 mm,,,,,,,,,
product.0_S_06_078_025000_00,Bend 45° - W 25 mm,FITTING PVC,FITTING · BEND 45°,4748,Export ERP master_product_updated.xlsx (diunduh 2026-10-06),,,,25 mm,,,,,,,,,
product.0_S_06_078_032000_00,Bend 45° - W 32 mm,FITTING PVC,FITTING · BEND 45°,4749,Export ERP master_product_updated.xlsx (diunduh 2026-10-06),,,,32 mm,,,,,,,,,
product.0_S_06_078_040000_00,Bend 45° - W 40 mm,FITTING PVC,FITTING · BEND 45°,4750,Export ERP master_product_updated.xlsx (diunduh 2026-10-06),,,,40 mm,,,,,,,,,
product.0_S_06_078_050000_00,Bend 45° - W 50 mm,FITTING PVC,FITTING · BEND 45°,4751,Export ERP master_product_updated.xlsx (diunduh 2026-10-06),,,,50 mm,,,,,,,,,
product.0_S_06_078_063000_00,Bend 45° - W 63 mm,FITTING PVC,FITTING · BEND 45°,4752,Export ERP master_product_updated.xlsx (diunduh 2026-10-06),,,,63 mm,,,,,,,,,
product.0_S_06_078_075000_00,Bend 45° - W 75 mm,FITTING PVC,FITTING · BEND 45°,4753,Export ERP master_product_updated.xlsx (diunduh 2026-10-06),,,,75 mm,,,,,,,,,
product.0_S_06_078_090000_00,Bend 45° - W 90 mm,FITTING PVC,FITTING · BEND 45°,4754,Export ERP master_product_updated.xlsx (diunduh 2026-10-06),,,,90 mm,,,,,,,,,
product.0_S_06_078_110000_00,Bend 45° - W 110 mm,FITTING PVC,FITTING · BEND 45°,4755,Export ERP master_product_updated.xlsx (diunduh 2026-10-06),,,,110 mm,,,,,,,,,
product.0_S_06_078_140000_00,Bend 45° - W 140 mm,FITTING PVC,FITTING · BEND 45°,4756,Export ERP master_product_updated.xlsx (diunduh 2026-10-06),,,,140 mm,,,,,,,,,
product.0_S_06_078_160000_00,Bend 45° - W 160 mm,FITTING PVC,FITTING · BEND 45°,4757,Export ERP master_product_updated.xlsx (diunduh 2026-10-06),,,,160 mm,,,,,,,,,
__export__.product_product_17857,Bend 45° - W 160 mm Coklat,FITTING PVC,FITTING · BEND 45°,4758,Export ERP master_product_updated.xlsx (diunduh 2026-10-06),Warna: Coklat,,,160 mm,,,,,,,,,
product.0_S_06_078_200000_00,Bend 45° - W 200 mm,FITTING PVC,FITTING · BEND 45°,4759,Export ERP master_product_updated.xlsx (diunduh 2026-10-06),,,,200 mm,,,,,,,,,
product.0_S_06_078_250000_00,Bend 45° - W 250 mm,FITTING PVC,FITTING · BEND 45°,4760,Export ERP master_product_updated.xlsx (diunduh 2026-10-06),,,,250 mm,,,,,,,,,
product.0_S_06_078_315000_00,Bend 45° - W 315 mm,FITTING PVC,FITTING · BEND 45°,4761,Export ERP master_product_updated.xlsx (diunduh 2026-10-06),,,,315 mm,,,,,,,,,
product.0_S_06_078_355000_00,Bend 45° - W 355 mm,FITTING PVC,FITTING · BEND 45°,4762,Export ERP master_product_updated.xlsx (diunduh 2026-10-06),,,,355 mm,,,,,,,,,
product.0_S_06_078_400000_00,Bend 45° - W 400 mm,FITTING PVC,FITTING · BEND 45°,4763,Export ERP master_product_updated.xlsx (diunduh 2026-10-06),,,,400 mm,,,,,,,,,
product.0_S_06_078_450000_00,Bend 45° - W 450 mm,FITTING PVC,FITTING · BEND 45°,4764,Export ERP master_product_updated.xlsx (diunduh 2026-10-06),,,,450 mm,,,,,,,,,
product.0_S_06_078_500000_00,Bend 45° - W 500 mm,FITTING PVC,FITTING · BEND 45°,4765,Export ERP master_product_updated.xlsx (diunduh 2026-10-06),,,,500 mm,,,,,,,,,
product.0_S_06_078_630000_00,Bend 45° - W 630 mm,FITTING PVC,FITTING · BEND 45°,4766,Export ERP master_product_updated.xlsx (diunduh 2026-10-06),,,,630 mm,,,,,,,,,
product.0_S_06_080_020000_00,Bend 22 1/2° - W 20 mm,FITTING PVC,FITTING · BEND 22 1/2°,4781,Export ERP master_product_updated.xlsx (diunduh 2026-10-06),,,,20 mm,,,,,,,,,
product.0_S_06_080_025000_00,Bend 22 1/2° - W 25 mm,FITTING PVC,FITTING · BEND 22 1/2°,4782,Export ERP master_product_updated.xlsx (diunduh 2026-10-06),,,,25 mm,,,,,,,,,
product.0_S_06_080_032000_00,Bend 22 1/2° - W 32 mm,FITTING PVC,FITTING · BEND 22 1/2°,4783,Export ERP master_product_updated.xlsx (diunduh 2026-10-06),,,,32 mm,,,,,,,,,
product.0_S_06_080_040000_00,Bend 22 1/2° - W 40 mm,FITTING PVC,FITTING · BEND 22 1/2°,4784,Export ERP master_product_updated.xlsx (diunduh 2026-10-06),,,,40 mm,,,,,,,,,
product.0_S_06_080_050000_00,Bend 22 1/2° - W 50 mm,FITTING PVC,FITTING · BEND 22 1/2°,4785,Export ERP master_product_updated.xlsx (diunduh 2026-10-06),,,,50 mm,,,,,,,,,
product.0_S_06_080_063000_00,Bend 22 1/2° - W 63 mm,FITTING PVC,FITTING · BEND 22 1/2°,4786,Export ERP master_product_updated.xlsx (diunduh 2026-10-06),,,,63 mm,,,,,,,,,
product.0_S_06_080_075000_00,Bend 22 1/2° - W 75 mm,FITTING PVC,FITTING · BEND 22 1/2°,4787,Export ERP master_product_updated.xlsx (diunduh 2026-10-06),,,,75 mm,,,,,,,,,
product.0_S_06_080_090000_00,Bend 22 1/2° - W 90 mm,FITTING PVC,FITTING · BEND 22 1/2°,4788,Export ERP master_product_updated.xlsx (diunduh 2026-10-06),,,,90 mm,,,,,,,,,
product.0_S_06_080_110000_00,Bend 22 1/2° - W 110 mm,FITTING PVC,FITTING · BEND 22 1/2°,4789,Export ERP master_product_updated.xlsx (diunduh 2026-10-06),,,,110 mm,,,,,,,,,
product.0_S_06_080_140000_00,Bend 22 1/2° - W 140 mm,FITTING PVC,FITTING · BEND 22 1/2°,4790,Export ERP master_product_updated.xlsx (diunduh 2026-10-06),,,,140 mm,,,,,,,,,
product.0_S_06_080_160000_00,Bend 22 1/2° - W 160 mm,FITTING PVC,FITTING · BEND 22 1/2°,4791,Export ERP master_product_updated.xlsx (diunduh 2026-10-06),,,,160 mm,,,,,,,,,
product.0_S_06_080_200000_00,Bend 22 1/2° - W 200 mm,FITTING PVC,FITTING · BEND 22 1/2°,4792,Export ERP master_product_updated.xlsx (diunduh 2026-10-06),,,,200 mm,,,,,,,,,
product.0_S_06_080_250000_00,Bend 22 1/2° - W 250 mm,FITTING PVC,FITTING · BEND 22 1/2°,4793,Export ERP master_product_updated.xlsx (diunduh 2026-10-06),,,,250 mm,,,,,,,,,
product.0_S_06_080_315000_00,Bend 22 1/2° - W 315 mm,FITTING PVC,FITTING · BEND 22 1/2°,4794,Export ERP master_product_updated.xlsx (diunduh 2026-10-06),,,,315 mm,,,,,,,,,
product.0_S_06_080_355000_00,Bend 22 1/2° - W 355 mm,FITTING PVC,FITTING · BEND 22 1/2°,4795,Export ERP master_product_updated.xlsx (diunduh 2026-10-06),,,,355 mm,,,,,,,,,
product.0_S_06_080_400000_00,Bend 22 1/2° - W 400 mm,FITTING PVC,FITTING · BEND 22 1/2°,4796,Export ERP master_product_updated.xlsx (diunduh 2026-10-06),,,,400 mm,,,,,,,,,
product.0_S_06_080_450000_00,Bend 22 1/2° - W 450 mm,FITTING PVC,FITTING · BEND 22 1/2°,4797,Export ERP master_product_updated.xlsx (diunduh 2026-10-06),,,,450 mm,,,,,,,,,
product.0_S_06_080_500000_00,Bend 22 1/2° - W 500 mm,FITTING PVC,FITTING · BEND 22 1/2°,4798,Export ERP master_product_updated.xlsx (diunduh 2026-10-06),,,,500 mm,,,,,,,,,
product.0_S_06_080_630000_00,Bend 22 1/2° - W 630 mm,FITTING PVC,FITTING · BEND 22 1/2°,4799,Export ERP master_product_updated.xlsx (diunduh 2026-10-06),,,,630 mm,,,,,,,,,
product.0_S_06_082_020000_00,Bend 11 1/4° - W 20 mm,FITTING PVC,FITTING · BEND 11 1/4°,4814,Export ERP master_product_updated.xlsx (diunduh 2026-10-06),,,,20 mm,,,,,,,,,
product.0_S_06_082_025000_00,Bend 11 1/4° - W 25 mm,FITTING PVC,FITTING · BEND 11 1/4°,4815,Export ERP master_product_updated.xlsx (diunduh 2026-10-06),,,,25 mm,,,,,,,,,
product.0_S_06_082_032000_00,Bend 11 1/4° - W 32 mm,FITTING PVC,FITTING · BEND 11 1/4°,4816,Export ERP master_product_updated.xlsx (diunduh 2026-10-06),,,,32 mm,,,,,,,,,
product.0_S_06_082_040000_00,Bend 11 1/4° - W 40 mm,FITTING PVC,FITTING · BEND 11 1/4°,4817,Export ERP master_product_updated.xlsx (diunduh 2026-10-06),,,,40 mm,,,,,,,,,
product.0_S_06_082_050000_00,Bend 11 1/4° - W 50 mm,FITTING PVC,FITTING · BEND 11 1/4°,4818,Export ERP master_product_updated.xlsx (diunduh 2026-10-06),,,,50 mm,,,,,,,,,
product.0_S_06_082_063000_00,Bend 11 1/4° - W 63 mm,FITTING PVC,FITTING · BEND 11 1/4°,4819,Export ERP master_product_updated.xlsx (diunduh 2026-10-06),,,,63 mm,,,,,,,,,
product.0_S_06_082_075000_00,Bend 11 1/4° - W 75 mm,FITTING PVC,FITTING · BEND 11 1/4°,4820,Export ERP master_product_updated.xlsx (diunduh 2026-10-06),,,,75 mm,,,,,,,,,
product.0_S_06_082_090000_00,Bend 11 1/4° - W 90 mm,FITTING PVC,FITTING · BEND 11 1/4°,4821,Export ERP master_product_updated.xlsx (diunduh 2026-10-06),,,,90 mm,,,,,,,,,
product.0_S_06_082_110000_00,Bend 11 1/4° - W 110 mm,FITTING PVC,FITTING · BEND 11 1/4°,4822,Export ERP master_product_updated.xlsx (diunduh 2026-10-06),,,,110 mm,,,,,,,,,
product.0_S_06_082_140000_00,Bend 11 1/4° - W 140 mm,FITTING PVC,FITTING · BEND 11 1/4°,4823,Export ERP master_product_updated.xlsx (diunduh 2026-10-06),,,,140 mm,,,,,,,,,
product.0_S_06_082_160000_00,Bend 11 1/4° - W 160 mm,FITTING PVC,FITTING · BEND 11 1/4°,4824,Export ERP master_product_updated.xlsx (diunduh 2026-10-06),,,,160 mm,,,,,,,,,
product.0_S_06_082_200000_00,Bend 11 1/4° - W 200 mm,FITTING PVC,FITTING · BEND 11 1/4°,4825,Export ERP master_product_updated.xlsx (diunduh 2026-10-06),,,,200 mm,,,,,,,,,
product.0_S_06_082_250000_00,Bend 11 1/4° - W 250 mm,FITTING PVC,FITTING · BEND 11 1/4°,4826,Export ERP master_product_updated.xlsx (diunduh 2026-10-06),,,,250 mm,,,,,,,,,
product.0_S_06_082_315000_00,Bend 11 1/4° - W 315 mm,FITTING PVC,FITTING · BEND 11 1/4°,4827,Export ERP master_product_updated.xlsx (diunduh 2026-10-06),,,,315 mm,,,,,,,,,
product.0_S_06_082_355000_00,Bend 11 1/4° - W 355 mm,FITTING PVC,FITTING · BEND 11 1/4°,4828,Export ERP master_product_updated.xlsx (diunduh 2026-10-06),,,,355 mm,,,,,,,,,
product.0_S_06_082_400000_00,Bend 11 1/4° - W 400 mm,FITTING PVC,FITTING · BEND 11 1/4°,4829,Export ERP master_product_updated.xlsx (diunduh 2026-10-06),,,,400 mm,,,,,,,,,
product.0_S_06_082_450000_00,Bend 11 1/4° - W 450 mm,FITTING PVC,FITTING · BEND 11 1/4°,4830,Export ERP master_product_updated.xlsx (diunduh 2026-10-06),,,,450 mm,,,,,,,,,
product.0_S_06_082_500000_00,Bend 11 1/4° - W 500 mm,FITTING PVC,FITTING · BEND 11 1/4°,4831,Export ERP master_product_updated.xlsx (diunduh 2026-10-06),,,,500 mm,,,,,,,,,
product.0_S_06_082_630000_00,Bend 11 1/4° - W 630 mm,FITTING PVC,FITTING · BEND 11 1/4°,4832,Export ERP master_product_updated.xlsx (diunduh 2026-10-06),,,,630 mm,,,,,,,,,
product.0_S_06_084_050000_00,Bend 90° - D 50 mm,FITTING PVC,FITTING · BEND 90°,4847,Export ERP master_product_updated.xlsx (diunduh 2026-10-06),,,,50 mm,,,,,,D,,,
product.0_S_06_084_063000_00,Bend 90° - D 63 mm,FITTING PVC,FITTING · BEND 90°,4848,Export ERP master_product_updated.xlsx (diunduh 2026-10-06),,,,63 mm,,,,,,D,,,
product.0_S_06_084_075000_00,Bend 90° - D 75 mm,FITTING PVC,FITTING · BEND 90°,4849,Export ERP master_product_updated.xlsx (diunduh 2026-10-06),,,,75 mm,,,,,,D,,,
product.0_S_06_084_090000_00,Bend 90° - D 90 mm,FITTING PVC,FITTING · BEND 90°,4850,Export ERP master_product_updated.xlsx (diunduh 2026-10-06),,,,90 mm,,,,,,D,,,
product.0_S_06_084_110000_00,Bend 90° - D 110 mm,FITTING PVC,FITTING · BEND 90°,4851,Export ERP master_product_updated.xlsx (diunduh 2026-10-06),,,,110 mm,,,,,,D,,,
product.0_S_06_084_140000_00,Bend 90° - D 140 mm,FITTING PVC,FITTING · BEND 90°,4852,Export ERP master_product_updated.xlsx (diunduh 2026-10-06),,,,140 mm,,,,,,D,,,
product.0_S_06_084_160000_00,Bend 90° - D 160 mm,FITTING PVC,FITTING · BEND 90°,4853,Export ERP master_product_updated.xlsx (diunduh 2026-10-06),,,,160 mm,,,,,,D,,,
__export__.product_product_16853,Bend 90° - D 160 mm Coklat,FITTING PVC,FITTING · BEND 90°,4854,Export ERP master_product_updated.xlsx (diunduh 2026-10-06),Warna: Coklat,,,160 mm,,,,,,D,,,
product.0_S_06_084_200000_00,Bend 90° - D 200 mm,FITTING PVC,FITTING · BEND 90°,4855,Export ERP master_product_updated.xlsx (diunduh 2026-10-06),,,,200 mm,,,,,,D,,,
product.0_S_06_084_250000_00,Bend 90° - D 250 mm,FITTING PVC,FITTING · BEND 90°,4856,Export ERP master_product_updated.xlsx (diunduh 2026-10-06),,,,250 mm,,,,,,D,,,
product.0_S_06_084_315000_00,Bend 90° - D 315 mm,FITTING PVC,FITTING · BEND 90°,4857,Export ERP master_product_updated.xlsx (diunduh 2026-10-06),,,,315 mm,,,,,,D,,,
product.0_S_06_084_355000_00,Bend 90° - D 355 mm,FITTING PVC,FITTING · BEND 90°,4858,Export ERP master_product_updated.xlsx (diunduh 2026-10-06),,,,355 mm,,,,,,D,,,
product.0_S_06_084_400000_00,Bend 90° - D 400 mm,FITTING PVC,FITTING · BEND 90°,4859,Export ERP master_product_updated.xlsx (diunduh 2026-10-06),,,,400 mm,,,,,,D,,,
product.0_S_06_084_450000_00,Bend 90° - D 450 mm,FITTING PVC,FITTING · BEND 90°,4860,Export ERP master_product_updated.xlsx (diunduh 2026-10-06),,,,450 mm,,,,,,D,,,
product.0_S_06_084_500000_00,Bend 90° - D 500 mm,FITTING PVC,FITTING · BEND 90°,4861,Export ERP master_product_updated.xlsx (diunduh 2026-10-06),,,,500 mm,,,,,,D,,,
product.0_S_06_084_630000_00,Bend 90° - D 630 mm,FITTING PVC,FITTING · BEND 90°,4862,Export ERP master_product_updated.xlsx (diunduh 2026-10-06),,,,630 mm,,,,,,D,,,
product.0_S_06_086_050000_00,Bend 45° - D 50 mm,FITTING PVC,FITTING · BEND 45°,4878,Export ERP master_product_updated.xlsx (diunduh 2026-10-06),,,,50 mm,,,,,,D,,,
product.0_S_06_086_063000_00,Bend 45° - D 63 mm,FITTING PVC,FITTING · BEND 45°,4879,Export ERP master_product_updated.xlsx (diunduh 2026-10-06),,,,63 mm,,,,,,D,,,
product.0_S_06_086_075000_00,Bend 45° - D 75 mm,FITTING PVC,FITTING · BEND 45°,4880,Export ERP master_product_updated.xlsx (diunduh 2026-10-06),,,,75 mm,,,,,,D,,,
product.0_S_06_086_090000_00,Bend 45° - D 90 mm,FITTING PVC,FITTING · BEND 45°,4881,Export ERP master_product_updated.xlsx (diunduh 2026-10-06),,,,90 mm,,,,,,D,,,
product.0_S_06_086_110000_00,Bend 45° - D 110 mm,FITTING PVC,FITTING · BEND 45°,4882,Export ERP master_product_updated.xlsx (diunduh 2026-10-06),,,,110 mm,,,,,,D,,,
__export__.product_product_16855,Bend 45° - D 110 mm Coklat,FITTING PVC,FITTING · BEND 45°,4883,Export ERP master_product_updated.xlsx (diunduh 2026-10-06),Warna: Coklat,,,110 mm,,,,,,D,,,
product.0_S_06_086_140000_00,Bend 45° - D 140 mm,FITTING PVC,FITTING · BEND 45°,4884,Export ERP master_product_updated.xlsx (diunduh 2026-10-06),,,,140 mm,,,,,,D,,,
product.0_S_06_086_160000_00,Bend 45° - D 160 mm,FITTING PVC,FITTING · BEND 45°,4885,Export ERP master_product_updated.xlsx (diunduh 2026-10-06),,,,160 mm,,,,,,D,,,
__export__.product_product_16854,Bend 45° - D 160 mm Coklat,FITTING PVC,FITTING · BEND 45°,4886,Export ERP master_product_updated.xlsx (diunduh 2026-10-06),Warna: Coklat,,,160 mm,,,,,,D,,,
product.0_S_06_086_200000_00,Bend 45° - D 200 mm,FITTING PVC,FITTING · BEND 45°,4887,Export ERP master_product_updated.xlsx (diunduh 2026-10-06),,,,200 mm,,,,,,D,,,
__export__.product_product_18184,Bend 45° - D 200 mm Coklat,FITTING PVC,FITTING · BEND 45°,4888,Export ERP master_product_updated.xlsx (diunduh 2026-10-06),Warna: Coklat,,,200 mm,,,,,,D,,,
product.0_S_06_086_250000_00,Bend 45° - D 250 mm,FITTING PVC,FITTING · BEND 45°,4889,Export ERP master_product_updated.xlsx (diunduh 2026-10-06),,,,250 mm,,,,,,D,,,
product.0_S_06_086_315000_00,Bend 45° - D 315 mm,FITTING PVC,FITTING · BEND 45°,4890,Export ERP master_product_updated.xlsx (diunduh 2026-10-06),,,,315 mm,,,,,,D,,,
product.0_S_06_086_355000_00,Bend 45° - D 355 mm,FITTING PVC,FITTING · BEND 45°,4891,Export ERP master_product_updated.xlsx (diunduh 2026-10-06),,,,355 mm,,,,,,D,,,
product.0_S_06_086_400000_00,Bend 45° - D 400 mm,FITTING PVC,FITTING · BEND 45°,4892,Export ERP master_product_updated.xlsx (diunduh 2026-10-06),,,,400 mm,,,,,,D,,,
product.0_S_06_086_450000_00,Bend 45° - D 450 mm,FITTING PVC,FITTING · BEND 45°,4893,Export ERP master_product_updated.xlsx (diunduh 2026-10-06),,,,450 mm,,,,,,D,,,
product.0_S_06_086_500000_00,Bend 45° - D 500 mm,FITTING PVC,FITTING · BEND 45°,4894,Export ERP master_product_updated.xlsx (diunduh 2026-10-06),,,,500 mm,,,,,,D,,,
product.0_S_06_086_630000_00,Bend 45° - D 630 mm,FITTING PVC,FITTING · BEND 45°,4895,Export ERP master_product_updated.xlsx (diunduh 2026-10-06),,,,630 mm,,,,,,D,,,
product.0_S_06_088_050000_00,Bend 22 1/2° - D 50 mm,FITTING PVC,FITTING · BEND 22 1/2°,4910,Export ERP master_product_updated.xlsx (diunduh 2026-10-06),,,,50 mm,,,,,,D,,,
product.0_S_06_088_063000_00,Bend 22 1/2° - D 63 mm,FITTING PVC,FITTING · BEND 22 1/2°,4911,Export ERP master_product_updated.xlsx (diunduh 2026-10-06),,,,63 mm,,,,,,D,,,
product.0_S_06_088_075000_00,Bend 22 1/2° - D 75 mm,FITTING PVC,FITTING · BEND 22 1/2°,4912,Export ERP master_product_updated.xlsx (diunduh 2026-10-06),,,,75 mm,,,,,,D,,,
product.0_S_06_088_090000_00,Bend 22 1/2° - D 90 mm,FITTING PVC,FITTING · BEND 22 1/2°,4913,Export ERP master_product_updated.xlsx (diunduh 2026-10-06),,,,90 mm,,,,,,D,,,
product.0_S_06_088_110000_00,Bend 22 1/2° - D 110 mm,FITTING PVC,FITTING · BEND 22 1/2°,4914,Export ERP master_product_updated.xlsx (diunduh 2026-10-06),,,,110 mm,,,,,,D,,,
__export__.product_product_16828,Bend 22 1/2° - D 110 mm Coklat,FITTING PVC,FITTING · BEND 22 1/2°,4915,Export ERP master_product_updated.xlsx (diunduh 2026-10-06),Warna: Coklat,,,110 mm,,,,,,D,,,
product.0_S_06_088_140000_00,Bend 22 1/2° - D 140 mm,FITTING PVC,FITTING · BEND 22 1/2°,4916,Export ERP master_product_updated.xlsx (diunduh 2026-10-06),,,,140 mm,,,,,,D,,,
product.0_S_06_088_160000_00,Bend 22 1/2° - D 160 mm,FITTING PVC,FITTING · BEND 22 1/2°,4917,Export ERP master_product_updated.xlsx (diunduh 2026-10-06),,,,160 mm,,,,,,D,,,
product.0_S_06_088_200000_00,Bend 22 1/2° - D 200 mm,FITTING PVC,FITTING · BEND 22 1/2°,4918,Export ERP master_product_updated.xlsx (diunduh 2026-10-06),,,,200 mm,,,,,,D,,,
product.0_S_06_088_250000_00,Bend 22 1/2° - D 250 mm,FITTING PVC,FITTING · BEND 22 1/2°,4919,Export ERP master_product_updated.xlsx (diunduh 2026-10-06),,,,250 mm,,,,,,D,,,
product.0_S_06_088_315000_00,Bend 22 1/2° - D 315 mm,FITTING PVC,FITTING · BEND 22 1/2°,4920,Export ERP master_product_updated.xlsx (diunduh 2026-10-06),,,,315 mm,,,,,,D,,,
product.0_S_06_088_355000_00,Bend 22 1/2° - D 355 mm,FITTING PVC,FITTING · BEND 22 1/2°,4921,Export ERP master_product_updated.xlsx (diunduh 2026-10-06),,,,355 mm,,,,,,D,,,
product.0_S_06_088_400000_00,Bend 22 1/2° - D 400 mm,FITTING PVC,FITTING · BEND 22 1/2°,4922,Export ERP master_product_updated.xlsx (diunduh 2026-10-06),,,,400 mm,,,,,,D,,,
product.0_S_06_088_450000_00,Bend 22 1/2° - D 450 mm,FITTING PVC,FITTING · BEND 22 1/2°,4923,Export ERP master_product_updated.xlsx (diunduh 2026-10-06),,,,450 mm,,,,,,D,,,
product.0_S_06_088_500000_00,Bend 22 1/2° - D 500 mm,FITTING PVC,FITTING · BEND 22 1/2°,4924,Export ERP master_product_updated.xlsx (diunduh 2026-10-06),,,,500 mm,,,,,,D,,,
product.0_S_06_088_630000_00,Bend 22 1/2° - D 630 mm,FITTING PVC,FITTING · BEND 22 1/2°,4925,Export ERP master_product_updated.xlsx (diunduh 2026-10-06),,,,630 mm,,,,,,D,,,
product.0_S_06_090_050000_00,Bend 11 1/4° - D 50 mm,FITTING PVC,FITTING · BEND 11 1/4°,4940,Export ERP master_product_updated.xlsx (diunduh 2026-10-06),,,,50 mm,,,,,,D,,,
product.0_S_06_090_063000_00,Bend 11 1/4° - D 63 mm,FITTING PVC,FITTING · BEND 11 1/4°,4941,Export ERP master_product_updated.xlsx (diunduh 2026-10-06),,,,63 mm,,,,,,D,,,
product.0_S_06_090_075000_00,Bend 11 1/4° - D 75 mm,FITTING PVC,FITTING · BEND 11 1/4°,4942,Export ERP master_product_updated.xlsx (diunduh 2026-10-06),,,,75 mm,,,,,,D,,,
product.0_S_06_090_090000_00,Bend 11 1/4° - D 90 mm,FITTING PVC,FITTING · BEND 11 1/4°,4943,Export ERP master_product_updated.xlsx (diunduh 2026-10-06),,,,90 mm,,,,,,D,,,
product.0_S_06_090_110000_00,Bend 11 1/4° - D 110 mm,FITTING PVC,FITTING · BEND 11 1/4°,4944,Export ERP master_product_updated.xlsx (diunduh 2026-10-06),,,,110 mm,,,,,,D,,,
__export__.product_product_16826,Bend 11 1/4° - D 110 mm Coklat,FITTING PVC,FITTING · BEND 11 1/4°,4945,Export ERP master_product_updated.xlsx (diunduh 2026-10-06),Warna: Coklat,,,110 mm,,,,,,D,,,
product.0_S_06_090_140000_00,Bend 11 1/4° - D 140 mm,FITTING PVC,FITTING · BEND 11 1/4°,4946,Export ERP master_product_updated.xlsx (diunduh 2026-10-06),,,,140 mm,,,,,,D,,,
product.0_S_06_090_160000_00,Bend 11 1/4° - D 160 mm,FITTING PVC,FITTING · BEND 11 1/4°,4947,Export ERP master_product_updated.xlsx (diunduh 2026-10-06),,,,160 mm,,,,,,D,,,
product.0_S_06_090_200000_00,Bend 11 1/4° - D 200 mm,FITTING PVC,FITTING · BEND 11 1/4°,4948,Export ERP master_product_updated.xlsx (diunduh 2026-10-06),,,,200 mm,,,,,,D,,,
product.0_S_06_090_250000_00,Bend 11 1/4° - D 250 mm,FITTING PVC,FITTING · BEND 11 1/4°,4949,Export ERP master_product_updated.xlsx (diunduh 2026-10-06),,,,250 mm,,,,,,D,,,
product.0_S_06_090_315000_00,Bend 11 1/4° - D 315 mm,FITTING PVC,FITTING · BEND 11 1/4°,4950,Export ERP master_product_updated.xlsx (diunduh 2026-10-06),,,,315 mm,,,,,,D,,,
product.0_S_06_090_355000_00,Bend 11 1/4° - D 355 mm,FITTING PVC,FITTING · BEND 11 1/4°,4951,Export ERP master_product_updated.xlsx (diunduh 2026-10-06),,,,355 mm,,,,,,D,,,
product.0_S_06_090_400000_00,Bend 11 1/4° - D 400 mm,FITTING PVC,FITTING · BEND 11 1/4°,4952,Export ERP master_product_updated.xlsx (diunduh 2026-10-06),,,,400 mm,,,,,,D,,,
product.0_S_06_090_450000_00,Bend 11 1/4° - D 450 mm,FITTING PVC,FITTING · BEND 11 1/4°,4953,Export ERP master_product_updated.xlsx (diunduh 2026-10-06),,,,450 mm,,,,,,D,,,
product.0_S_06_090_500000_00,Bend 11 1/4° - D 500 mm,FITTING PVC,FITTING · BEND 11 1/4°,4954,Export ERP master_product_updated.xlsx (diunduh 2026-10-06),,,,500 mm,,,,,,D,,,
product.0_S_06_090_630000_00,Bend 11 1/4° - D 630 mm,FITTING PVC,FITTING · BEND 11 1/4°,4955,Export ERP master_product_updated.xlsx (diunduh 2026-10-06),,,,630 mm,,,,,,D,,,
product.0_S_06_092_063000_00,Bell Bend 11 1/4° - W 63 mm,FITTING PVC,FITTING · BELL BEND 11 1/4°,4965,Export ERP master_product_updated.xlsx (diunduh 2026-10-06),,,,63 mm,,,,,,,,,
product.0_S_06_092_075000_00,Bell Bend 11 1/4° - W 75 mm,FITTING PVC,FITTING · BELL BEND 11 1/4°,4966,Export ERP master_product_updated.xlsx (diunduh 2026-10-06),,,,75 mm,,,,,,,,,
product.0_S_06_092_090000_00,Bell Bend 11 1/4° - W 90 mm,FITTING PVC,FITTING · BELL BEND 11 1/4°,4967,Export ERP master_product_updated.xlsx (diunduh 2026-10-06),,,,90 mm,,,,,,,,,
product.0_S_06_092_110000_00,Bell Bend 11 1/4° - W 110 mm,FITTING PVC,FITTING · BELL BEND 11 1/4°,4968,Export ERP master_product_updated.xlsx (diunduh 2026-10-06),,,,110 mm,,,,,,,,,
product.0_S_06_092_140000_00,Bell Bend 11 1/4° - W 140 mm,FITTING PVC,FITTING · BELL BEND 11 1/4°,4969,Export ERP master_product_updated.xlsx (diunduh 2026-10-06),,,,140 mm,,,,,,,,,
product.0_S_06_092_160000_00,Bell Bend 11 1/4° - W 160 mm,FITTING PVC,FITTING · BELL BEND 11 1/4°,4970,Export ERP master_product_updated.xlsx (diunduh 2026-10-06),,,,160 mm,,,,,,,,,
product.0_S_06_092_200000_00,Bell Bend 11 1/4° - W 200 mm,FITTING PVC,FITTING · BELL BEND 11 1/4°,4971,Export ERP master_product_updated.xlsx (diunduh 2026-10-06),,,,200 mm,,,,,,,,,
product.0_S_06_092_250000_00,Bell Bend 11 1/4° - W 250 mm,FITTING PVC,FITTING · BELL BEND 11 1/4°,4972,Export ERP master_product_updated.xlsx (diunduh 2026-10-06),,,,250 mm,,,,,,,,,
product.0_S_06_092_315000_00,Bell Bend 11 1/4° - W 315 mm,FITTING PVC,FITTING · BELL BEND 11 1/4°,4973,Export ERP master_product_updated.xlsx (diunduh 2026-10-06),,,,315 mm,,,,,,,,,
product.0_S_06_092_355000_00,Bell Bend 11 1/4° - W 355 mm,FITTING PVC,FITTING · BELL BEND 11 1/4°,4974,Export ERP master_product_updated.xlsx (diunduh 2026-10-06),,,,355 mm,,,,,,,,,
product.0_S_06_092_400000_00,Bell Bend 11 1/4° - W 400 mm,FITTING PVC,FITTING · BELL BEND 11 1/4°,4975,Export ERP master_product_updated.xlsx (diunduh 2026-10-06),,,,400 mm,,,,,,,,,
product.0_S_06_092_450000_00,Bell Bend 11 1/4° - W 450 mm,FITTING PVC,FITTING · BELL BEND 11 1/4°,4976,Export ERP master_product_updated.xlsx (diunduh 2026-10-06),,,,450 mm,,,,,,,,,
product.0_S_06_092_500000_00,Bell Bend 11 1/4° - W 500 mm,FITTING PVC,FITTING · BELL BEND 11 1/4°,4977,Export ERP master_product_updated.xlsx (diunduh 2026-10-06),,,,500 mm,,,,,,,,,
product.0_S_06_092_630000_00,Bell Bend 11 1/4° - W 630 mm,FITTING PVC,FITTING · BELL BEND 11 1/4°,4978,Export ERP master_product_updated.xlsx (diunduh 2026-10-06),,,,630 mm,,,,,,,,,
__export__.product_product_12261,Flange Socket - W 63 mm ( Flange Standard JIS ),FITTING PVC,FITTING · FLANGE SOCKET,4979,Export ERP master_product_updated.xlsx (diunduh 2026-10-06),,,,63 mm,,,,,,,,,
__export__.product_product_12262,Flange Socket - W 90 mm ( Flange Standard JIS ),FITTING PVC,FITTING · FLANGE SOCKET,4980,Export ERP master_product_updated.xlsx (diunduh 2026-10-06),,,,90 mm,,,,,,,,,
__export__.product_product_12263,Flange Socket - W 110 mm ( Flange Standard JIS ),FITTING PVC,FITTING · FLANGE SOCKET,4981,Export ERP master_product_updated.xlsx (diunduh 2026-10-06),,,,110 mm,,,,,,,,,
__export__.product_product_12264,Flange Socket - W 160 mm ( Flange Standard JIS ),FITTING PVC,FITTING · FLANGE SOCKET,4982,Export ERP master_product_updated.xlsx (diunduh 2026-10-06),,,,160 mm,,,,,,,,,
__export__.product_product_12265,Flange Socket - W 200 mm ( Flange Standard JIS ),FITTING PVC,FITTING · FLANGE SOCKET,4983,Export ERP master_product_updated.xlsx (diunduh 2026-10-06),,,,200 mm,,,,,,,,,
__export__.product_product_12266,Flange Socket - W 250 mm ( Flange Standard JIS ),FITTING PVC,FITTING · FLANGE SOCKET,4984,Export ERP master_product_updated.xlsx (diunduh 2026-10-06),,,,250 mm,,,,,,,,,
__export__.product_product_12267,Flange Socket - W 315 mm ( Flange Standard JIS ),FITTING PVC,FITTING · FLANGE SOCKET,4985,Export ERP master_product_updated.xlsx (diunduh 2026-10-06),,,,315 mm,,,,,,,,,
product.0_S_06_097_050000_00,Flange Socket - D 50 mm,FITTING PVC,FITTING · FLANGE SOCKET,4991,Export ERP master_product_updated.xlsx (diunduh 2026-10-06),,,,50 mm,,,,,,D,,,
product.0_S_06_097_075000_00,Flange Socket - D 75 mm,FITTING PVC,FITTING · FLANGE SOCKET,4992,Export ERP master_product_updated.xlsx (diunduh 2026-10-06),,,,75 mm,,,,,,D,,,
product.0_S_06_097_090000_00,Flange Socket - D 90 mm,FITTING PVC,FITTING · FLANGE SOCKET,4993,Export ERP master_product_updated.xlsx (diunduh 2026-10-06),,,,90 mm,,,,,,D,,,
product.0_S_06_097_110000_00,Flange Socket - D 110 mm,FITTING PVC,FITTING · FLANGE SOCKET,4994,Export ERP master_product_updated.xlsx (diunduh 2026-10-06),,,,110 mm,,,,,,D,,,
product.0_S_06_097_140000_00,Flange Socket - D 140 mm,FITTING PVC,FITTING · FLANGE SOCKET,4995,Export ERP master_product_updated.xlsx (diunduh 2026-10-06),,,,140 mm,,,,,,D,,,
product.0_S_06_097_160000_00,Flange Socket - D 160 mm,FITTING PVC,FITTING · FLANGE SOCKET,4996,Export ERP master_product_updated.xlsx (diunduh 2026-10-06),,,,160 mm,,,,,,D,,,
product.0_S_06_097_200000_00,Flange Socket - D 200 mm,FITTING PVC,FITTING · FLANGE SOCKET,4997,Export ERP master_product_updated.xlsx (diunduh 2026-10-06),,,,200 mm,,,,,,D,,,
product.0_S_06_097_250000_00,Flange Socket - D 250 mm,FITTING PVC,FITTING · FLANGE SOCKET,4998,Export ERP master_product_updated.xlsx (diunduh 2026-10-06),,,,250 mm,,,,,,D,,,
product.0_S_06_097_315000_00,Flange Socket - D 315 mm,FITTING PVC,FITTING · FLANGE SOCKET,4999,Export ERP master_product_updated.xlsx (diunduh 2026-10-06),,,,315 mm,,,,,,D,,,
product.0_S_06_097_355000_00,Flange Socket - D 355 mm,FITTING PVC,FITTING · FLANGE SOCKET,5000,Export ERP master_product_updated.xlsx (diunduh 2026-10-06),,,,355 mm,,,,,,D,,,
product.0_S_06_097_400000_00,Flange Socket - D 400 mm,FITTING PVC,FITTING · FLANGE SOCKET,5001,Export ERP master_product_updated.xlsx (diunduh 2026-10-06),,,,400 mm,,,,,,D,,,
product.0_S_06_097_450000_00,Flange Socket - D 450 mm,FITTING PVC,FITTING · FLANGE SOCKET,5002,Export ERP master_product_updated.xlsx (diunduh 2026-10-06),,,,450 mm,,,,,,D,,,
product.0_S_06_097_500000_00,Flange Socket - D 500 mm,FITTING PVC,FITTING · FLANGE SOCKET,5003,Export ERP master_product_updated.xlsx (diunduh 2026-10-06),,,,500 mm,,,,,,D,,,
product.0_S_06_097_630000_00,Flange Socket - D 630 mm,FITTING PVC,FITTING · FLANGE SOCKET,5004,Export ERP master_product_updated.xlsx (diunduh 2026-10-06),,,,630 mm,,,,,,D,,,
product.0_S_06_098_063000_00,All Bell Bend 11 1/4° - W 63 mm,FITTING PVC,FITTING · ALL BELL BEND 11 1/4°,5005,Export ERP master_product_updated.xlsx (diunduh 2026-10-06),,,,63 mm,,,,,,,,,
product.0_S_06_098_075000_00,All Bell Bend 11 1/4° - W 75 mm,FITTING PVC,FITTING · ALL BELL BEND 11 1/4°,5006,Export ERP master_product_updated.xlsx (diunduh 2026-10-06),,,,75 mm,,,,,,,,,
product.0_S_06_098_090000_00,All Bell Bend 11 1/4° - W 90 mm,FITTING PVC,FITTING · ALL BELL BEND 11 1/4°,5007,Export ERP master_product_updated.xlsx (diunduh 2026-10-06),,,,90 mm,,,,,,,,,
product.0_S_06_098_110000_00,All Bell Bend 11 1/4° - W 110 mm,FITTING PVC,FITTING · ALL BELL BEND 11 1/4°,5008,Export ERP master_product_updated.xlsx (diunduh 2026-10-06),,,,110 mm,,,,,,,,,
product.0_S_06_098_140000_00,All Bell Bend 11 1/4° - W 140 mm,FITTING PVC,FITTING · ALL BELL BEND 11 1/4°,5009,Export ERP master_product_updated.xlsx (diunduh 2026-10-06),,,,140 mm,,,,,,,,,
product.0_S_06_098_160000_00,All Bell Bend 11 1/4° - W 160 mm,FITTING PVC,FITTING · ALL BELL BEND 11 1/4°,5010,Export ERP master_product_updated.xlsx (diunduh 2026-10-06),,,,160 mm,,,,,,,,,
product.0_S_06_098_200000_00,All Bell Bend 11 1/4° - W 200 mm,FITTING PVC,FITTING · ALL BELL BEND 11 1/4°,5011,Export ERP master_product_updated.xlsx (diunduh 2026-10-06),,,,200 mm,,,,,,,,,
product.0_S_06_098_250000_00,All Bell Bend 11 1/4° - W 250 mm,FITTING PVC,FITTING · ALL BELL BEND 11 1/4°,5012,Export ERP master_product_updated.xlsx (diunduh 2026-10-06),,,,250 mm,,,,,,,,,
product.0_S_06_098_315000_00,All Bell Bend 11 1/4° - W 315 mm,FITTING PVC,FITTING · ALL BELL BEND 11 1/4°,5013,Export ERP master_product_updated.xlsx (diunduh 2026-10-06),,,,315 mm,,,,,,,,,
product.0_S_06_098_355000_00,All Bell Bend 11 1/4° - W 355 mm,FITTING PVC,FITTING · ALL BELL BEND 11 1/4°,5014,Export ERP master_product_updated.xlsx (diunduh 2026-10-06),,,,355 mm,,,,,,,,,
product.0_S_06_098_400000_00,All Bell Bend 11 1/4° - W 400 mm,FITTING PVC,FITTING · ALL BELL BEND 11 1/4°,5015,Export ERP master_product_updated.xlsx (diunduh 2026-10-06),,,,400 mm,,,,,,,,,
product.0_S_06_098_450000_00,All Bell Bend 11 1/4° - W 450 mm,FITTING PVC,FITTING · ALL BELL BEND 11 1/4°,5016,Export ERP master_product_updated.xlsx (diunduh 2026-10-06),,,,450 mm,,,,,,,,,
product.0_S_06_098_500000_00,All Bell Bend 11 1/4° - W 500 mm,FITTING PVC,FITTING · ALL BELL BEND 11 1/4°,5017,Export ERP master_product_updated.xlsx (diunduh 2026-10-06),,,,500 mm,,,,,,,,,
product.0_S_06_098_630000_00,All Bell Bend 11 1/4° - W 630 mm,FITTING PVC,FITTING · ALL BELL BEND 11 1/4°,5018,Export ERP master_product_updated.xlsx (diunduh 2026-10-06),,,,630 mm,,,,,,,,,
product.0_S_06_099_063000_00,All Bell Bend 22 1/2° - D 63 mm,FITTING PVC,FITTING · ALL BELL BEND 22 1/2°,5019,Export ERP master_product_updated.xlsx (diunduh 2026-10-06),,,,63 mm,,,,,,D,,,
product.0_S_06_099_075000_00,All Bell Bend 22 1/2° - D 75 mm,FITTING PVC,FITTING · ALL BELL BEND 22 1/2°,5020,Export ERP master_product_updated.xlsx (diunduh 2026-10-06),,,,75 mm,,,,,,D,,,
product.0_S_06_099_090000_00,All Bell Bend 22 1/2° - D 90 mm,FITTING PVC,FITTING · ALL BELL BEND 22 1/2°,5021,Export ERP master_product_updated.xlsx (diunduh 2026-10-06),,,,90 mm,,,,,,D,,,
product.0_S_06_099_110000_00,All Bell Bend 22 1/2° - D 110 mm,FITTING PVC,FITTING · ALL BELL BEND 22 1/2°,5022,Export ERP master_product_updated.xlsx (diunduh 2026-10-06),,,,110 mm,,,,,,D,,,
product.0_S_06_099_140000_00,All Bell Bend 22 1/2° - D 140 mm,FITTING PVC,FITTING · ALL BELL BEND 22 1/2°,5023,Export ERP master_product_updated.xlsx (diunduh 2026-10-06),,,,140 mm,,,,,,D,,,
product.0_S_06_099_160000_00,All Bell Bend 22 1/2° - D 160 mm,FITTING PVC,FITTING · ALL BELL BEND 22 1/2°,5024,Export ERP master_product_updated.xlsx (diunduh 2026-10-06),,,,160 mm,,,,,,D,,,
product.0_S_06_099_200000_00,All Bell Bend 22 1/2° - D 200 mm,FITTING PVC,FITTING · ALL BELL BEND 22 1/2°,5025,Export ERP master_product_updated.xlsx (diunduh 2026-10-06),,,,200 mm,,,,,,D,,,
product.0_S_06_099_315000_00,All Bell Bend 22 1/2° - D 250 mm,FITTING PVC,FITTING · ALL BELL BEND 22 1/2°,5026,Export ERP master_product_updated.xlsx (diunduh 2026-10-06),,,,250 mm,,,,,,D,,,
product.0_S_06_099_355000_00,All Bell Bend 22 1/2° - D 355 mm,FITTING PVC,FITTING · ALL BELL BEND 22 1/2°,5027,Export ERP master_product_updated.xlsx (diunduh 2026-10-06),,,,355 mm,,,,,,D,,,
product.0_S_06_099_400000_00,All Bell Bend 22 1/2° - D 400 mm,FITTING PVC,FITTING · ALL BELL BEND 22 1/2°,5028,Export ERP master_product_updated.xlsx (diunduh 2026-10-06),,,,400 mm,,,,,,D,,,
product.0_S_06_099_450000_00,All Bell Bend 22 1/2° - D 450 mm,FITTING PVC,FITTING · ALL BELL BEND 22 1/2°,5029,Export ERP master_product_updated.xlsx (diunduh 2026-10-06),,,,450 mm,,,,,,D,,,
product.0_S_06_099_500000_00,All Bell Bend 22 1/2° - D 500 mm,FITTING PVC,FITTING · ALL BELL BEND 22 1/2°,5030,Export ERP master_product_updated.xlsx (diunduh 2026-10-06),,,,500 mm,,,,,,D,,,
product.0_S_06_099_630000_00,All Bell Bend 22 1/2° - D 630 mm,FITTING PVC,FITTING · ALL BELL BEND 22 1/2°,5031,Export ERP master_product_updated.xlsx (diunduh 2026-10-06),,,,630 mm,,,,,,D,,,
__export__.product_product_14497,Ts.Tee Bell Branch (FRP) - W 400 mm,FITTING FRP,FITTING · .TEE BELL BRANCH,5032,Export ERP master_product_updated.xlsx (diunduh 2026-10-06),,,,400 mm,,,,,,,,,
__export__.product_product_15900,Long TY - W 110 mm,FITTING PVC,FITTING · LONG TY,5033,Export ERP master_product_updated.xlsx (diunduh 2026-10-06),,,,110 mm,,,,,,,,,
__export__.product_product_14879,Long TY - W 200 mm,FITTING PVC,FITTING · LONG TY,5034,Export ERP master_product_updated.xlsx (diunduh 2026-10-06),,,,200 mm,,,,,,,,,
__export__.product_product_14878,Long TY - W 315 mm,FITTING PVC,FITTING · LONG TY,5035,Export ERP master_product_updated.xlsx (diunduh 2026-10-06),,,,315 mm,,,,,,,,,
product.0_S_06_102_020000_00,Valve Socket - W 20 mm,FITTING PVC,FITTING · VALVE SOCKET,5036,Export ERP master_product_updated.xlsx (diunduh 2026-10-06),,,,20 mm,,,,,,,,,
product.0_S_06_102_025000_00,Valve Socket - W 25 mm,FITTING PVC,FITTING · VALVE SOCKET,5037,Export ERP master_product_updated.xlsx (diunduh 2026-10-06),,,,25 mm,,,,,,,,,
product.0_S_06_102_032000_00,Valve Socket - W 32 mm,FITTING PVC,FITTING · VALVE SOCKET,5039,Export ERP master_product_updated.xlsx (diunduh 2026-10-06),,,,32 mm,,,,,,,,,
product.0_S_06_102_040000_00,Valve Socket - W 40 mm,FITTING PVC,FITTING · VALVE SOCKET,5040,Export ERP master_product_updated.xlsx (diunduh 2026-10-06),,,,40 mm,,,,,,,,,
product.0_S_06_102_050000_00,Valve Socket - W 50 mm,FITTING PVC,FITTING · VALVE SOCKET,5041,Export ERP master_product_updated.xlsx (diunduh 2026-10-06),,,,50 mm,,,,,,,,,
product.0_S_06_102_063000_00,Valve Socket - W 63 mm,FITTING PVC,FITTING · VALVE SOCKET,5042,Export ERP master_product_updated.xlsx (diunduh 2026-10-06),,,,63 mm,,,,,,,,,
product.0_S_06_102_075000_00,Valve Socket - W 75 mm,FITTING PVC,FITTING · VALVE SOCKET,5043,Export ERP master_product_updated.xlsx (diunduh 2026-10-06),,,,75 mm,,,,,,,,,
product.0_S_06_102_090000_00,Valve Socket - W 90 mm,FITTING PVC,FITTING · VALVE SOCKET,5044,Export ERP master_product_updated.xlsx (diunduh 2026-10-06),,,,90 mm,,,,,,,,,
product.0_S_06_102_110000_00,Valve Socket - W 110 mm,FITTING PVC,FITTING · VALVE SOCKET,5045,Export ERP master_product_updated.xlsx (diunduh 2026-10-06),,,,110 mm,,,,,,,,,
product.0_S_06_102_160000_00,Valve Socket - W 160 mm,FITTING PVC,FITTING · VALVE SOCKET,5046,Export ERP master_product_updated.xlsx (diunduh 2026-10-06),,,,160 mm,,,,,,,,,
product.0_S_06_102_200000_00,Valve Socket - W 200 mm,FITTING PVC,FITTING · VALVE SOCKET,5047,Export ERP master_product_updated.xlsx (diunduh 2026-10-06),,,,200 mm,,,,,,,,,
product.0_S_06_102_250000_00,Valve Socket - W 250 mm,FITTING PVC,FITTING · VALVE SOCKET,5048,Export ERP master_product_updated.xlsx (diunduh 2026-10-06),,,,250 mm,,,,,,,,,
product.0_S_06_107_063000_00,Repairing Bell Socket - W 63 mm,FITTING PVC,FITTING · REPAIRING BELL SOCKET,5074,Export ERP master_product_updated.xlsx (diunduh 2026-10-06),,,,63 mm,,,,,,,,,
__export__.product_product_13501,Repairing Bell Socket - W 75 mm,FITTING PVC,FITTING · REPAIRING BELL SOCKET,5075,Export ERP master_product_updated.xlsx (diunduh 2026-10-06),,,,75 mm,,,,,,,,,
product.0_S_06_107_090000_00,Repairing Bell Socket - W 90 mm,FITTING PVC,FITTING · REPAIRING BELL SOCKET,5076,Export ERP master_product_updated.xlsx (diunduh 2026-10-06),,,,90 mm,,,,,,,,,
product.0_S_06_107_110000_00,Repairing Bell Socket - W 110 mm,FITTING PVC,FITTING · REPAIRING BELL SOCKET,5077,Export ERP master_product_updated.xlsx (diunduh 2026-10-06),,,,110 mm,,,,,,,,,
__export__.product_product_17946,Repairing Bell Socket - W 110 mm Coklat,FITTING PVC,FITTING · REPAIRING BELL SOCKET,5078,Export ERP master_product_updated.xlsx (diunduh 2026-10-06),Warna: Coklat,,,110 mm,,,,,,,,,
product.0_S_06_107_140000_00,Repairing Bell Socket - W 140 mm,FITTING PVC,FITTING · REPAIRING BELL SOCKET,5079,Export ERP master_product_updated.xlsx (diunduh 2026-10-06),,,,140 mm,,,,,,,,,
product.0_S_06_107_160000_00,Repairing Bell Socket - W 160 mm,FITTING PVC,FITTING · REPAIRING BELL SOCKET,5080,Export ERP master_product_updated.xlsx (diunduh 2026-10-06),,,,160 mm,,,,,,,,,
__export__.product_product_17832,Repairing Bell Socket - W 160 mm Coklat,FITTING PVC,FITTING · REPAIRING BELL SOCKET,5081,Export ERP master_product_updated.xlsx (diunduh 2026-10-06),Warna: Coklat,,,160 mm,,,,,,,,,
product.0_S_06_107_200000_00,Repairing Bell Socket - W 200 mm,FITTING PVC,FITTING · REPAIRING BELL SOCKET,5082,Export ERP master_product_updated.xlsx (diunduh 2026-10-06),,,,200 mm,,,,,,,,,
__export__.product_product_18325,Repairing Bell Socket - W 200 mm Coklat,FITTING PVC,FITTING · REPAIRING BELL SOCKET,5083,Export ERP master_product_updated.xlsx (diunduh 2026-10-06),Warna: Coklat,,,200 mm,,,,,,,,,
product.0_S_06_107_250000_00,Repairing Bell Socket - W 250 mm,FITTING PVC,FITTING · REPAIRING BELL SOCKET,5084,Export ERP master_product_updated.xlsx (diunduh 2026-10-06),,,,250 mm,,,,,,,,,
__export__.product_product_18326,Repairing Bell Socket - W 250 mm Cokelat,FITTING PVC,FITTING · REPAIRING BELL SOCKET COKELAT,5085,Export ERP master_product_updated.xlsx (diunduh 2026-10-06),,,,250 mm,,,,,,,,,
product.0_S_06_107_315000_00,Repairing Bell Socket - W 315 mm,FITTING PVC,FITTING · REPAIRING BELL SOCKET,5086,Export ERP master_product_updated.xlsx (diunduh 2026-10-06),,,,315 mm,,,,,,,,,
product.0_S_06_107_355000_00,Repairing Bell Socket - W 355 mm,FITTING PVC,FITTING · REPAIRING BELL SOCKET,5087,Export ERP master_product_updated.xlsx (diunduh 2026-10-06),,,,355 mm,,,,,,,,,
product.0_S_06_107_400000_00,Repairing Bell Socket - W 400 mm,FITTING PVC,FITTING · REPAIRING BELL SOCKET,5088,Export ERP master_product_updated.xlsx (diunduh 2026-10-06),,,,400 mm,,,,,,,,,
product.0_S_06_107_450000_00,Repairing Bell Socket - W 450 mm,FITTING PVC,FITTING · REPAIRING BELL SOCKET,5089,Export ERP master_product_updated.xlsx (diunduh 2026-10-06),,,,450 mm,,,,,,,,,
product.0_S_06_107_500000_00,Repairing Bell Socket - W 500 mm,FITTING PVC,FITTING · REPAIRING BELL SOCKET,5090,Export ERP master_product_updated.xlsx (diunduh 2026-10-06),,,,500 mm,,,,,,,,,
__export__.product_product_18481,Repairing Bell Socket - W 500 mm Coklat,FITTING PVC,FITTING · REPAIRING BELL SOCKET,5091,Export ERP master_product_updated.xlsx (diunduh 2026-10-06),Warna: Coklat,,,500 mm,,,,,,,,,
product.0_S_06_107_630000_00,Repairing Bell Socket - W 630 mm,FITTING PVC,FITTING · REPAIRING BELL SOCKET,5092,Export ERP master_product_updated.xlsx (diunduh 2026-10-06),,,,630 mm,,,,,,,,,
__export__.product_product_16116,Repairing Socket - W 20 mm,FITTING PVC,FITTING · REPAIRING SOCKET,5093,Export ERP master_product_updated.xlsx (diunduh 2026-10-06),,,,20 mm,,,,,,,,,
__export__.product_product_16115,Repairing Socket - W 32 mm,FITTING PVC,FITTING · REPAIRING SOCKET,5094,Export ERP master_product_updated.xlsx (diunduh 2026-10-06),,,,32 mm,,,,,,,,,
product.0_S_06_108_050000_00,Repairing Socket - W 50 mm,FITTING PVC,FITTING · REPAIRING SOCKET,5095,Export ERP master_product_updated.xlsx (diunduh 2026-10-06),,,,50 mm,,,,,,,,,
product.0_S_06_108_063000_00,Repairing Socket - W 63 mm,FITTING PVC,FITTING · REPAIRING SOCKET,5096,Export ERP master_product_updated.xlsx (diunduh 2026-10-06),,,,63 mm,,,,,,,,,
product.0_S_06_108_075000_00,Repairing Socket - W 75 mm,FITTING PVC,FITTING · REPAIRING SOCKET,5097,Export ERP master_product_updated.xlsx (diunduh 2026-10-06),,,,75 mm,,,,,,,,,
product.0_S_06_108_090000_00,Repairing Socket - W 90 mm,FITTING PVC,FITTING · REPAIRING SOCKET,5098,Export ERP master_product_updated.xlsx (diunduh 2026-10-06),,,,90 mm,,,,,,,,,
product.0_S_06_108_110000_00,Repairing Socket - W 110 mm,FITTING PVC,FITTING · REPAIRING SOCKET,5099,Export ERP master_product_updated.xlsx (diunduh 2026-10-06),,,,110 mm,,,,,,,,,
product.0_S_06_108_140000_00,Repairing Socket - W 140 mm,FITTING PVC,FITTING · REPAIRING SOCKET,5100,Export ERP master_product_updated.xlsx (diunduh 2026-10-06),,,,140 mm,,,,,,,,,
product.0_S_06_108_160000_00,Repairing Socket - W 160 mm,FITTING PVC,FITTING · REPAIRING SOCKET,5101,Export ERP master_product_updated.xlsx (diunduh 2026-10-06),,,,160 mm,,,,,,,,,
product.0_S_06_108_200000_00,Repairing Socket - W 200 mm,FITTING PVC,FITTING · REPAIRING SOCKET,5102,Export ERP master_product_updated.xlsx (diunduh 2026-10-06),,,,200 mm,,,,,,,,,
product.0_S_06_108_250000_00,Repairing Socket - W 250 mm,FITTING PVC,FITTING · REPAIRING SOCKET,5103,Export ERP master_product_updated.xlsx (diunduh 2026-10-06),,,,250 mm,,,,,,,,,
product.0_S_06_108_315000_00,Repairing Socket - W 315 mm,FITTING PVC,FITTING · REPAIRING SOCKET,5104,Export ERP master_product_updated.xlsx (diunduh 2026-10-06),,,,315 mm,,,,,,,,,
product.0_S_06_108_355000_00,Repairing Socket - W 355 mm,FITTING PVC,FITTING · REPAIRING SOCKET,5105,Export ERP master_product_updated.xlsx (diunduh 2026-10-06),,,,355 mm,,,,,,,,,
product.0_S_06_108_400000_00,Repairing Socket - W 400 mm,FITTING PVC,FITTING · REPAIRING SOCKET,5106,Export ERP master_product_updated.xlsx (diunduh 2026-10-06),,,,400 mm,,,,,,,,,
product.0_S_06_108_450000_00,Repairing Socket - W 450 mm,FITTING PVC,FITTING · REPAIRING SOCKET,5107,Export ERP master_product_updated.xlsx (diunduh 2026-10-06),,,,450 mm,,,,,,,,,
product.0_S_06_108_500000_00,Repairing Socket - W 500 mm,FITTING PVC,FITTING · REPAIRING SOCKET,5108,Export ERP master_product_updated.xlsx (diunduh 2026-10-06),,,,500 mm,,,,,,,,,
product.0_S_06_108_630000_00,Repairing Socket - W 630 mm,FITTING PVC,FITTING · REPAIRING SOCKET,5109,Export ERP master_product_updated.xlsx (diunduh 2026-10-06),,,,630 mm,,,,,,,,,
__export__.product_product_11276,Faucet Socket - W 20 mm,FITTING PVC,FITTING · FAUCET SOCKET,5110,Export ERP master_product_updated.xlsx (diunduh 2026-10-06),,,,20 mm,,,,,,,,,
__export__.product_product_13051,Faucet Socket - W 25 mm,FITTING PVC,FITTING · FAUCET SOCKET,5111,Export ERP master_product_updated.xlsx (diunduh 2026-10-06),,,,25 mm,,,,,,,,,
product.0_S_06_109_032000_00,Faucet Socket - W 32 mm,FITTING PVC,FITTING · FAUCET SOCKET,5112,Export ERP master_product_updated.xlsx (diunduh 2026-10-06),,,,32 mm,,,,,,,,,
__export__.product_product_11585,Faucet Socket - W 40 mm,FITTING PVC,FITTING · FAUCET SOCKET,5113,Export ERP master_product_updated.xlsx (diunduh 2026-10-06),,,,40 mm,,,,,,,,,
product:811602cc-c82e-11e2-8866-e09153253776.product_product-foyqRQCEY-pX,Faucet Socket - W 50 mm,FITTING PVC,FITTING · FAUCET SOCKET,5114,Export ERP master_product_updated.xlsx (diunduh 2026-10-06),,,,50 mm,,,,,,,,,
product.0_S_06_109_050040_00,Faucet Socket - W 50 x 40 mm,FITTING PVC,FITTING · FAUCET SOCKET,5115,Export ERP master_product_updated.xlsx (diunduh 2026-10-06),,,,40 mm; 50 mm,,,,,,,,,
product.0_S_06_109_063000_00,Faucet Socket - W 63 mm,FITTING PVC,FITTING · FAUCET SOCKET,5117,Export ERP master_product_updated.xlsx (diunduh 2026-10-06),,,,63 mm,,,,,,,,,
product.0_S_06_109_063032_00,Faucet Socket - W 63 x 32 mm,FITTING PVC,FITTING · FAUCET SOCKET,5118,Export ERP master_product_updated.xlsx (diunduh 2026-10-06),,,,32 mm; 63 mm,,,,,,,,,
__export__.product_product_15530,Faucet Socket - W 63 x 50 mm,FITTING PVC,FITTING · FAUCET SOCKET,5120,Export ERP master_product_updated.xlsx (diunduh 2026-10-06),,,,50 mm; 63 mm,,,,,,,,,
product.0_S_06_109_090000_00,Faucet Socket - W 90 mm,FITTING PVC,FITTING · FAUCET SOCKET,5121,Export ERP master_product_updated.xlsx (diunduh 2026-10-06),,,,90 mm,,,,,,,,,
product.0_S_06_109_110000_00,Faucet Socket - W 110 mm,FITTING PVC,FITTING · FAUCET SOCKET,5122,Export ERP master_product_updated.xlsx (diunduh 2026-10-06),,,,110 mm,,,,,,,,,
product.0_S_06_111_020000_00,Faucet Tee - W 20 mm,FITTING PVC,FITTING · FAUCET TEE,5137,Export ERP master_product_updated.xlsx (diunduh 2026-10-06),,,,20 mm,,,,,,,,,
product.0_S_06_111_050000_00,Faucet Tee - W 50 mm,FITTING PVC,FITTING · FAUCET TEE,5139,Export ERP master_product_updated.xlsx (diunduh 2026-10-06),,,,50 mm,,,,,,,,,
product.0_S_06_111_063000_00,Faucet Tee - W 63 mm,FITTING PVC,FITTING · FAUCET TEE,5140,Export ERP master_product_updated.xlsx (diunduh 2026-10-06),,,,63 mm,,,,,,,,,
product.0_S_06_111_063032_00,Faucet Tee - W 63 mm x 32 mm,FITTING PVC,FITTING · FAUCET TEE,5142,Export ERP master_product_updated.xlsx (diunduh 2026-10-06),,,,32 mm; 63 mm,,,,,,,,,
product.0_S_06_111_063050_00,Faucet Tee - W 63 mm x 50 mm,FITTING PVC,FITTING · FAUCET TEE,5144,Export ERP master_product_updated.xlsx (diunduh 2026-10-06),,,,50 mm; 63 mm,,,,,,,,,
product.0_S_06_113_020000_00,Flange Socket - W 20 mm,FITTING PVC,FITTING · FLANGE SOCKET,5159,Export ERP master_product_updated.xlsx (diunduh 2026-10-06),,,,20 mm,,,,,,,,,
product.0_S_06_113_025000_00,Flange Socket - W 25 mm,FITTING PVC,FITTING · FLANGE SOCKET,5160,Export ERP master_product_updated.xlsx (diunduh 2026-10-06),,,,25 mm,,,,,,,,,
product.0_S_06_113_032000_00,Flange Socket - W 32 mm,FITTING PVC,FITTING · FLANGE SOCKET,5161,Export ERP master_product_updated.xlsx (diunduh 2026-10-06),,,,32 mm,,,,,,,,,
product.0_S_06_113_040000_00,Flange Socket - W 40 mm,FITTING PVC,FITTING · FLANGE SOCKET,5162,Export ERP master_product_updated.xlsx (diunduh 2026-10-06),,,,40 mm,,,,,,,,,
product.0_S_06_113_050000_00,Flange Socket - W 50 mm,FITTING PVC,FITTING · FLANGE SOCKET,5163,Export ERP master_product_updated.xlsx (diunduh 2026-10-06),,,,50 mm,,,,,,,,,
product.0_S_06_113_063000_00,Flange Socket - W 63 mm,FITTING PVC,FITTING · FLANGE SOCKET,5164,Export ERP master_product_updated.xlsx (diunduh 2026-10-06),,,,63 mm,,,,,,,,,
product.0_S_06_113_075000_00,Flange Socket - W 75 mm,FITTING PVC,FITTING · FLANGE SOCKET,5165,Export ERP master_product_updated.xlsx (diunduh 2026-10-06),,,,75 mm,,,,,,,,,
product.0_S_06_113_090000_00,Flange Socket - W 90 mm,FITTING PVC,FITTING · FLANGE SOCKET,5166,Export ERP master_product_updated.xlsx (diunduh 2026-10-06),,,,90 mm,,,,,,,,,
__export__.product_product_17643,Flange Socket - W 90 mm (Flange PN-16),FITTING PVC,FITTING · FLANGE SOCKET,5167,Export ERP master_product_updated.xlsx (diunduh 2026-10-06),,,,90 mm,,,,,,PN 16,,,
product.0_S_06_113_110000_00,Flange Socket - W 110 mm,FITTING PVC,FITTING · FLANGE SOCKET,5168,Export ERP master_product_updated.xlsx (diunduh 2026-10-06),,,,110 mm,,,,,,,,,
product.0_S_06_113_160000_00,Flange Socket - W 160 mm,FITTING PVC,FITTING · FLANGE SOCKET,5169,Export ERP master_product_updated.xlsx (diunduh 2026-10-06),,,,160 mm,,,,,,,,,
__export__.product_product_17642,Flange Socket - W 160 mm (Flange PN -16),FITTING PVC,FITTING · FLANGE SOCKET,5170,Export ERP master_product_updated.xlsx (diunduh 2026-10-06),,,,160 mm,,,,,,PN 16,,,
product.0_S_06_113_200000_00,Flange Socket - W 200 mm,FITTING PVC,FITTING · FLANGE SOCKET,5171,Export ERP master_product_updated.xlsx (diunduh 2026-10-06),,,,200 mm,,,,,,,,,
product.0_S_06_113_250000_00,Flange Socket - W 250 mm,FITTING PVC,FITTING · FLANGE SOCKET,5172,Export ERP master_product_updated.xlsx (diunduh 2026-10-06),,,,250 mm,,,,,,,,,
product.0_S_06_113_315000_00,Flange Socket - W 315 mm,FITTING PVC,FITTING · FLANGE SOCKET,5173,Export ERP master_product_updated.xlsx (diunduh 2026-10-06),,,,315 mm,,,,,,,,,
product.0_S_06_113_355000_00,Flange Socket - W 355 mm,FITTING PVC,FITTING · FLANGE SOCKET,5174,Export ERP master_product_updated.xlsx (diunduh 2026-10-06),,,,355 mm,,,,,,,,,
product.0_S_06_113_400000_00,Flange Socket - W 400 mm,FITTING PVC,FITTING · FLANGE SOCKET,5175,Export ERP master_product_updated.xlsx (diunduh 2026-10-06),,,,400 mm,,,,,,,,,
product.0_S_06_113_500000_00,Flange Socket - W 500 mm,FITTING PVC,FITTING · FLANGE SOCKET,5176,Export ERP master_product_updated.xlsx (diunduh 2026-10-06),,,,500 mm,,,,,,,,,
product.0_S_06_113_630000_00,Flange Socket - W 630 mm,FITTING PVC,FITTING · FLANGE SOCKET,5177,Export ERP master_product_updated.xlsx (diunduh 2026-10-06),,,,630 mm,,,,,,,,,
product.0_S_06_114_020000_00,Cap - D 20 mm,FITTING PVC,FITTING · CAP,5178,Export ERP master_product_updated.xlsx (diunduh 2026-10-06),,,,20 mm,,,,,,D,,,
product.0_S_06_114_025000_00,Cap - D 25 mm,FITTING PVC,FITTING · CAP,5179,Export ERP master_product_updated.xlsx (diunduh 2026-10-06),,,,25 mm,,,,,,D,,,
product.0_S_06_114_032000_00,Cap - D 32 mm,FITTING PVC,FITTING · CAP,5180,Export ERP master_product_updated.xlsx (diunduh 2026-10-06),,,,32 mm,,,,,,D,,,
product.0_S_06_114_040000_00,Cap - D 40 mm,FITTING PVC,FITTING · CAP,5181,Export ERP master_product_updated.xlsx (diunduh 2026-10-06),,,,40 mm,,,,,,D,,,
product.0_S_06_114_050000_00,Cap - D 50 mm,FITTING PVC,FITTING · CAP,5182,Export ERP master_product_updated.xlsx (diunduh 2026-10-06),,,,50 mm,,,,,,D,,,
product.0_S_06_114_063000_00,Cap - D 63 mm,FITTING PVC,FITTING · CAP,5183,Export ERP master_product_updated.xlsx (diunduh 2026-10-06),,,,63 mm,,,,,,D,,,
product.0_S_06_114_075000_00,Cap - D 75 mm,FITTING PVC,FITTING · CAP,5184,Export ERP master_product_updated.xlsx (diunduh 2026-10-06),,,,75 mm,,,,,,D,,,
product.0_S_06_114_090000_00,Cap - D 90 mm,FITTING PVC,FITTING · CAP,5185,Export ERP master_product_updated.xlsx (diunduh 2026-10-06),,,,90 mm,,,,,,D,,,
__export__.product_product_17988,Cap - D 90 mm Cokelat,FITTING PVC,FITTING · CAP COKELAT,5186,Export ERP master_product_updated.xlsx (diunduh 2026-10-06),,,,90 mm,,,,,,D,,,
product.0_S_06_114_110000_00,Cap - D 110 mm,FITTING PVC,FITTING · CAP,5187,Export ERP master_product_updated.xlsx (diunduh 2026-10-06),,,,110 mm,,,,,,D,,,
__export__.product_product_16426,Cap - D 110 mm Coklat,FITTING PVC,FITTING · CAP,5188,Export ERP master_product_updated.xlsx (diunduh 2026-10-06),Warna: Coklat,,,110 mm,,,,,,D,,,
product.0_S_06_114_140000_00,Cap - D 140 mm,FITTING PVC,FITTING · CAP,5189,Export ERP master_product_updated.xlsx (diunduh 2026-10-06),,,,140 mm,,,,,,D,,,
product.0_S_06_114_160000_00,Cap - D 160 mm,FITTING PVC,FITTING · CAP,5190,Export ERP master_product_updated.xlsx (diunduh 2026-10-06),,,,160 mm,,,,,,D,,,
__export__.product_product_16829,Cap - D 160 mm Coklat,FITTING PVC,FITTING · CAP,5191,Export ERP master_product_updated.xlsx (diunduh 2026-10-06),Warna: Coklat,,,160 mm,,,,,,D,,,
product.0_S_06_114_200000_00,Cap - D 200 mm,FITTING PVC,FITTING · CAP,5192,Export ERP master_product_updated.xlsx (diunduh 2026-10-06),,,,200 mm,,,,,,D,,,
__export__.product_product_16590,Cap - D 200 mm Coklat,FITTING PVC,FITTING · CAP,5193,Export ERP master_product_updated.xlsx (diunduh 2026-10-06),Warna: Coklat,,,200 mm,,,,,,D,,,
product.0_S_06_114_250000_00,Cap - D 250 mm,FITTING PVC,FITTING · CAP,5194,Export ERP master_product_updated.xlsx (diunduh 2026-10-06),,,,250 mm,,,,,,D,,,
__export__.product_product_17052,Cap - D 250 mm Coklat,FITTING PVC,FITTING · CAP,5195,Export ERP master_product_updated.xlsx (diunduh 2026-10-06),Warna: Coklat,,,250 mm,,,,,,D,,,
product.0_S_06_114_315000_00,Cap - D 315 mm,FITTING PVC,FITTING · CAP,5196,Export ERP master_product_updated.xlsx (diunduh 2026-10-06),,,,315 mm,,,,,,D,,,
__export__.product_product_18754,Cap - D 315 mm Coklat,FITTING PVC,FITTING · CAP,5197,Export ERP master_product_updated.xlsx (diunduh 2026-10-06),Warna: Coklat,,,315 mm,,,,,,D,,,
product.0_S_06_114_355000_00,Cap - D 355 mm,FITTING PVC,FITTING · CAP,5198,Export ERP master_product_updated.xlsx (diunduh 2026-10-06),,,,355 mm,,,,,,D,,,
product.0_S_06_114_400000_00,Cap - D 400 mm,FITTING PVC,FITTING · CAP,5199,Export ERP master_product_updated.xlsx (diunduh 2026-10-06),,,,400 mm,,,,,,D,,,
product.0_S_06_114_450000_00,Cap - D 450 mm,FITTING PVC,FITTING · CAP,5200,Export ERP master_product_updated.xlsx (diunduh 2026-10-06),,,,450 mm,,,,,,D,,,
product.0_S_06_114_500000_00,Cap - D 500 mm,FITTING PVC,FITTING · CAP,5201,Export ERP master_product_updated.xlsx (diunduh 2026-10-06),,,,500 mm,,,,,,D,,,
product.0_S_06_114_630000_00,Cap - D 630 mm,FITTING PVC,FITTING · CAP,5202,Export ERP master_product_updated.xlsx (diunduh 2026-10-06),,,,630 mm,,,,,,D,,,
product.0_S_06_117_063000_00,Bell Bend 11 1/4° - D 63 mm,FITTING PVC,FITTING · BELL BEND 11 1/4°,5213,Export ERP master_product_updated.xlsx (diunduh 2026-10-06),,,,63 mm,,,,,,D,,,
product.0_S_06_117_075000_00,Bell Bend 11 1/4° - D 75 mm,FITTING PVC,FITTING · BELL BEND 11 1/4°,5214,Export ERP master_product_updated.xlsx (diunduh 2026-10-06),,,,75 mm,,,,,,D,,,
product.0_S_06_117_090000_00,Bell Bend 11 1/4° - D 90 mm,FITTING PVC,FITTING · BELL BEND 11 1/4°,5215,Export ERP master_product_updated.xlsx (diunduh 2026-10-06),,,,90 mm,,,,,,D,,,
product.0_S_06_117_110000_00,Bell Bend 11 1/4° - D 110 mm,FITTING PVC,FITTING · BELL BEND 11 1/4°,5216,Export ERP master_product_updated.xlsx (diunduh 2026-10-06),,,,110 mm,,,,,,D,,,
__export__.product_product_16825,Bell Bend 11 1/4° - D 110 mm Coklat,FITTING PVC,FITTING · BELL BEND 11 1/4°,5217,Export ERP master_product_updated.xlsx (diunduh 2026-10-06),Warna: Coklat,,,110 mm,,,,,,D,,,
product.0_S_06_117_140000_00,Bell Bend 11 1/4° - D 140 mm,FITTING PVC,FITTING · BELL BEND 11 1/4°,5218,Export ERP master_product_updated.xlsx (diunduh 2026-10-06),,,,140 mm,,,,,,D,,,
product.0_S_06_117_160000_00,Bell Bend 11 1/4° - D 160 mm,FITTING PVC,FITTING · BELL BEND 11 1/4°,5219,Export ERP master_product_updated.xlsx (diunduh 2026-10-06),,,,160 mm,,,,,,D,,,
__export__.product_product_17533,Bell Bend 11 1/4° - D 160 mm Coklat,FITTING PVC,FITTING · BELL BEND 11 1/4°,5220,Export ERP master_product_updated.xlsx (diunduh 2026-10-06),Warna: Coklat,,,160 mm,,,,,,D,,,
product.0_S_06_117_200000_00,Bell Bend 11 1/4° - D 200 mm,FITTING PVC,FITTING · BELL BEND 11 1/4°,5221,Export ERP master_product_updated.xlsx (diunduh 2026-10-06),,,,200 mm,,,,,,D,,,
product.0_S_06_117_250000_00,Bell Bend 11 1/4° - D 250 mm,FITTING PVC,FITTING · BELL BEND 11 1/4°,5222,Export ERP master_product_updated.xlsx (diunduh 2026-10-06),,,,250 mm,,,,,,D,,,
product.0_S_06_117_315000_00,Bell Bend 11 1/4° - D 315 mm,FITTING PVC,FITTING · BELL BEND 11 1/4°,5223,Export ERP master_product_updated.xlsx (diunduh 2026-10-06),,,,315 mm,,,,,,D,,,
product.0_S_06_117_355000_00,Bell Bend 11 1/4° - D 355 mm,FITTING PVC,FITTING · BELL BEND 11 1/4°,5224,Export ERP master_product_updated.xlsx (diunduh 2026-10-06),,,,355 mm,,,,,,D,,,
product.0_S_06_117_400000_00,Bell Bend 11 1/4° - D 400 mm,FITTING PVC,FITTING · BELL BEND 11 1/4°,5225,Export ERP master_product_updated.xlsx (diunduh 2026-10-06),,,,400 mm,,,,,,D,,,
product.0_S_06_117_450000_00,Bell Bend 11 1/4° - D 450 mm,FITTING PVC,FITTING · BELL BEND 11 1/4°,5226,Export ERP master_product_updated.xlsx (diunduh 2026-10-06),,,,450 mm,,,,,,D,,,
product.0_S_06_117_500000_00,Bell Bend 11 1/4° - D 500 mm,FITTING PVC,FITTING · BELL BEND 11 1/4°,5227,Export ERP master_product_updated.xlsx (diunduh 2026-10-06),,,,500 mm,,,,,,D,,,
product.0_S_06_117_630000_00,Bell Bend 11 1/4° - D 630 mm,FITTING PVC,FITTING · BELL BEND 11 1/4°,5228,Export ERP master_product_updated.xlsx (diunduh 2026-10-06),,,,630 mm,,,,,,D,,,
__export__.product_product_14908,Straight Socket - W 225 mm,FITTING PVC,FITTING · STRAIGHT SOCKET,5229,Export ERP master_product_updated.xlsx (diunduh 2026-10-06),,,,225 mm,,,,,,,,,
__export__.product_product_15498,Bell Faucet Socket - W 63 mm,FITTING PVC,FITTING · BELL FAUCET SOCKET,5230,Export ERP master_product_updated.xlsx (diunduh 2026-10-06),,,,63 mm,,,,,,,,,
__export__.product_product_15916,VA Socket - W 63 mm,FITTING PVC,FITTING · VA SOCKET,5232,Export ERP master_product_updated.xlsx (diunduh 2026-10-06),,,,63 mm,,,,,,,,,
__export__.product_product_15132,Double Ts.Tee With Flange 355 x 315 x 200 mm,FITTING PVC,FITTING · DOUBLE .TEE WITH FLANGE,5233,Export ERP master_product_updated.xlsx (diunduh 2026-10-06),,,,200 mm; 315 mm; 355 mm,,,,,,,,,
product.0_S_06_123_020000_00,Ts Tee - W 20 mm,FITTING PVC,FITTING · TEE,5234,Export ERP master_product_updated.xlsx (diunduh 2026-10-06),,,,20 mm,,,,,,,,,
product.0_S_06_123_025000_00,Ts Tee - W 25 mm,FITTING PVC,FITTING · TEE,5235,Export ERP master_product_updated.xlsx (diunduh 2026-10-06),,,,25 mm,,,,,,,,,
product.0_S_06_123_025020_00,Ts Tee - W 25 x 20 mm,FITTING PVC,FITTING · TEE,5236,Export ERP master_product_updated.xlsx (diunduh 2026-10-06),,,,20 mm; 25 mm,,,,,,,,,
product.0_S_06_123_032000_00,Ts Tee - W 32 mm,FITTING PVC,FITTING · TEE,5237,Export ERP master_product_updated.xlsx (diunduh 2026-10-06),,,,32 mm,,,,,,,,,
product.0_S_06_123_032020_00,Ts Tee - W 32 x 20 mm,FITTING PVC,FITTING · TEE,5238,Export ERP master_product_updated.xlsx (diunduh 2026-10-06),,,,20 mm; 32 mm,,,,,,,,,
product.0_S_06_123_032025_00,Ts Tee - W 32 x 25 mm,FITTING PVC,FITTING · TEE,5239,Export ERP master_product_updated.xlsx (diunduh 2026-10-06),,,,25 mm; 32 mm,,,,,,,,,
product.0_S_06_123_040000_00,Ts Tee - W 40 mm,FITTING PVC,FITTING · TEE,5240,Export ERP master_product_updated.xlsx (diunduh 2026-10-06),,,,40 mm,,,,,,,,,
product.0_S_06_123_040020_00,Ts Tee - W 40 x 20 mm,FITTING PVC,FITTING · TEE,5241,Export ERP master_product_updated.xlsx (diunduh 2026-10-06),,,,20 mm; 40 mm,,,,,,,,,
product.0_S_06_123_040025_00,Ts Tee - W 40 x 25 mm,FITTING PVC,FITTING · TEE,5242,Export ERP master_product_updated.xlsx (diunduh 2026-10-06),,,,25 mm; 40 mm,,,,,,,,,
product.0_S_06_123_040032_00,Ts Tee - W 40 x 32 mm,FITTING PVC,FITTING · TEE,5243,Export ERP master_product_updated.xlsx (diunduh 2026-10-06),,,,32 mm; 40 mm,,,,,,,,,
product.0_S_06_123_050000_00,Ts Tee - W 50 mm,FITTING PVC,FITTING · TEE,5244,Export ERP master_product_updated.xlsx (diunduh 2026-10-06),,,,50 mm,,,,,,,,,
product.0_S_06_123_050020_00,Ts Tee - W 50 x 20 mm,FITTING PVC,FITTING · TEE,5245,Export ERP master_product_updated.xlsx (diunduh 2026-10-06),,,,20 mm; 50 mm,,,,,,,,,
product.0_S_06_123_050025_00,Ts Tee - W 50 x 25 mm,FITTING PVC,FITTING · TEE,5246,Export ERP master_product_updated.xlsx (diunduh 2026-10-06),,,,25 mm; 50 mm,,,,,,,,,
product.0_S_06_123_050032_00,Ts Tee - W 50 x 32 mm,FITTING PVC,FITTING · TEE,5247,Export ERP master_product_updated.xlsx (diunduh 2026-10-06),,,,32 mm; 50 mm,,,,,,,,,
product.0_S_06_123_050040_00,Ts Tee - W 50 x 40 mm,FITTING PVC,FITTING · TEE,5248,Export ERP master_product_updated.xlsx (diunduh 2026-10-06),,,,40 mm; 50 mm,,,,,,,,,
product.0_S_06_123_063000_00,Ts Tee - W 63 mm,FITTING PVC,FITTING · TEE,5249,Export ERP master_product_updated.xlsx (diunduh 2026-10-06),,,,63 mm,,,,,,,,,
__export__.product_product_13431,Ts Tee - W 63 x 20 mm,FITTING PVC,FITTING · TEE,5250,Export ERP master_product_updated.xlsx (diunduh 2026-10-06),,,,20 mm; 63 mm,,,,,,,,,
product.0_S_06_123_063025_00,Ts Tee - W 63 x 25 mm,FITTING PVC,FITTING · TEE,5252,Export ERP master_product_updated.xlsx (diunduh 2026-10-06),,,,25 mm; 63 mm,,,,,,,,,
product.0_S_06_123_063032_00,Ts Tee - W 63 x 32 mm,FITTING PVC,FITTING · TEE,5253,Export ERP master_product_updated.xlsx (diunduh 2026-10-06),,,,32 mm; 63 mm,,,,,,,,,
product.0_S_06_123_063040_00,Ts Tee - W 63 x 40 mm,FITTING PVC,FITTING · TEE,5254,Export ERP master_product_updated.xlsx (diunduh 2026-10-06),,,,40 mm; 63 mm,,,,,,,,,
product.0_S_06_123_063050_00,Ts Tee - W 63 x 50 mm,FITTING PVC,FITTING · TEE,5256,Export ERP master_product_updated.xlsx (diunduh 2026-10-06),,,,50 mm; 63 mm,,,,,,,,,
product.0_S_06_123_075000_00,Ts Tee - W 75 mm,FITTING PVC,FITTING · TEE,5257,Export ERP master_product_updated.xlsx (diunduh 2026-10-06),,,,75 mm,,,,,,,,,
__export__.product_product_16332,Ts Tee - W 75 x 32 mm,FITTING PVC,FITTING · TEE,5258,Export ERP master_product_updated.xlsx (diunduh 2026-10-06),,,,32 mm; 75 mm,,,,,,,,,
__export__.product_product_15326,Ts Tee - W 75 x 50 mm,FITTING PVC,FITTING · TEE,5259,Export ERP master_product_updated.xlsx (diunduh 2026-10-06),,,,50 mm; 75 mm,,,,,,,,,
product.0_S_06_123_075063_00,Ts Tee - W 75 x 63 mm,FITTING PVC,FITTING · TEE,5260,Export ERP master_product_updated.xlsx (diunduh 2026-10-06),,,,63 mm; 75 mm,,,,,,,,,
product.0_S_06_123_090000_00,Ts Tee - W 90 mm,FITTING PVC,FITTING · TEE,5261,Export ERP master_product_updated.xlsx (diunduh 2026-10-06),,,,90 mm,,,,,,,,,
__export__.product_product_15989,Ts Tee - W 90 x 25 mm,FITTING PVC,FITTING · TEE,5262,Export ERP master_product_updated.xlsx (diunduh 2026-10-06),,,,25 mm; 90 mm,,,,,,,,,
__export__.product_product_9399,Ts Tee - W 90 x 32 mm,FITTING PVC,FITTING · TEE,5263,Export ERP master_product_updated.xlsx (diunduh 2026-10-06),,,,32 mm; 90 mm,,,,,,,,,
__export__.product_product_13716,Ts Tee - W 90 x 40 mm,FITTING PVC,FITTING · TEE,5264,Export ERP master_product_updated.xlsx (diunduh 2026-10-06),,,,40 mm; 90 mm,,,,,,,,,
product.0_S_06_123_090050_00,Ts Tee - W 90 x 50 mm,FITTING PVC,FITTING · TEE,5265,Export ERP master_product_updated.xlsx (diunduh 2026-10-06),,,,50 mm; 90 mm,,,,,,,,,
product.0_S_06_123_090063_00,Ts Tee - W 90 x 63 mm,FITTING PVC,FITTING · TEE,5266,Export ERP master_product_updated.xlsx (diunduh 2026-10-06),,,,63 mm; 90 mm,,,,,,,,,
product.0_S_06_123_110000_00,Ts Tee - W 110 mm,FITTING PVC,FITTING · TEE,5267,Export ERP master_product_updated.xlsx (diunduh 2026-10-06),,,,110 mm,,,,,,,,,
__export__.product_product_16229,Ts Tee - W 110 x 25 mm,FITTING PVC,FITTING · TEE,5268,Export ERP master_product_updated.xlsx (diunduh 2026-10-06),,,,25 mm; 110 mm,,,,,,,,,
__export__.product_product_18103,Ts Tee - W 110 x 40 mm,FITTING PVC,FITTING · TEE,5269,Export ERP master_product_updated.xlsx (diunduh 2026-10-06),,,,40 mm; 110 mm,,,,,,,,,
__export__.product_product_13497,Ts Tee - W 110 x 50 mm,FITTING PVC,FITTING · TEE,5270,Export ERP master_product_updated.xlsx (diunduh 2026-10-06),,,,50 mm; 110 mm,,,,,,,,,
product.0_S_06_123_110063_00,Ts Tee - W 110 x 63 mm,FITTING PVC,FITTING · TEE,5271,Export ERP master_product_updated.xlsx (diunduh 2026-10-06),,,,63 mm; 110 mm,,,,,,,,,
product.0_S_06_123_110090_00,Ts Tee - W 110 x 90 mm,FITTING PVC,FITTING · TEE,5272,Export ERP master_product_updated.xlsx (diunduh 2026-10-06),,,,90 mm; 110 mm,,,,,,,,,
product.0_S_06_123_125000_00,Ts Tee - W 125 mm,FITTING PVC,FITTING · TEE,5273,Export ERP master_product_updated.xlsx (diunduh 2026-10-06),,,,125 mm,,,,,,,,,
product.0_S_06_123_140000_00,Ts Tee - W 140 mm,FITTING PVC,FITTING · TEE,5274,Export ERP master_product_updated.xlsx (diunduh 2026-10-06),,,,140 mm,,,,,,,,,
product.0_S_06_123_160000_00,Ts.Tee - W 160 mm,FITTING PVC,FITTING · .TEE,5275,Export ERP master_product_updated.xlsx (diunduh 2026-10-06),,,,160 mm,,,,,,,,,
__export__.product_product_15524,Ts.Tee - W 160 x 50 mm,FITTING PVC,FITTING · .TEE,5276,Export ERP master_product_updated.xlsx (diunduh 2026-10-06),,,,50 mm; 160 mm,,,,,,,,,
product.0_S_06_123_160063_00,Ts.Tee - W 160 x 63 mm,FITTING PVC,FITTING · .TEE,5277,Export ERP master_product_updated.xlsx (diunduh 2026-10-06),,,,63 mm; 160 mm,,,,,,,,,
product.0_S_06_123_160090_00,Ts.Tee - W 160 x 90 mm,FITTING PVC,FITTING · .TEE,5278,Export ERP master_product_updated.xlsx (diunduh 2026-10-06),,,,90 mm; 160 mm,,,,,,,,,
product.0_S_06_123_160110_00,Ts.Tee - W 160 x 110 mm,FITTING PVC,FITTING · .TEE,5279,Export ERP master_product_updated.xlsx (diunduh 2026-10-06),,,,110 mm; 160 mm,,,,,,,,,
__export__.product_product_19739,Ts.Tee - W 160 x 200 x 110 mm,FITTING PVC,FITTING · .TEE,5280,Export ERP master_product_updated.xlsx (diunduh 2026-10-06),,,,110 mm; 160 mm; 200 mm,,,,,,,,,
product.0_S_06_123_200000_00,Ts.Tee (FRP) - W 200 mm,FITTING FRP,FITTING · .TEE,5281,Export ERP master_product_updated.xlsx (diunduh 2026-10-06),,,,200 mm,,,,,,,,,
__export__.product_product_13028,Ts.Tee - W 200 mm,FITTING PVC,FITTING · .TEE,5282,Export ERP master_product_updated.xlsx (diunduh 2026-10-06),,,,200 mm,,,,,,,,,
product.0_S_06_123_200063_00,Ts.Tee (FRP) - W 200 x 63 mm,FITTING FRP,FITTING · .TEE,5283,Export ERP master_product_updated.xlsx (diunduh 2026-10-06),,,,63 mm; 200 mm,,,,,,,,,
product.0_S_06_123_200090_00,Ts.Tee (FRP) - W 200 x 90 mm,FITTING FRP,FITTING · .TEE,5284,Export ERP master_product_updated.xlsx (diunduh 2026-10-06),,,,90 mm; 200 mm,,,,,,,,,
__export__.product_product_15605,Ts.Tee - W 200 x 90 mm,FITTING PVC,FITTING · .TEE,5285,Export ERP master_product_updated.xlsx (diunduh 2026-10-06),,,,90 mm; 200 mm,,,,,,,,,
__export__.product_product_14430,Ts.Tee (FRP) - W 200 x 110 mm,FITTING FRP,FITTING · .TEE,5286,Export ERP master_product_updated.xlsx (diunduh 2026-10-06),,,,110 mm; 200 mm,,,,,,,,,
__export__.product_product_15606,Ts.Tee - W 200 x 110 mm,FITTING PVC,FITTING · .TEE,5287,Export ERP master_product_updated.xlsx (diunduh 2026-10-06),,,,110 mm; 200 mm,,,,,,,,,
product.0_S_06_123_200160_00,Ts.Tee (FRP) - W 200 x 160 mm,FITTING FRP,FITTING · .TEE,5288,Export ERP master_product_updated.xlsx (diunduh 2026-10-06),,,,160 mm; 200 mm,,,,,,,,,
__export__.product_product_15607,Ts.Tee - W 200 x 160 mm,FITTING PVC,FITTING · .TEE,5289,Export ERP master_product_updated.xlsx (diunduh 2026-10-06),,,,160 mm; 200 mm,,,,,,,,,
product.0_S_06_123_250000_00,Ts.Tee (FRP) - W 250 mm,FITTING FRP,FITTING · .TEE,5290,Export ERP master_product_updated.xlsx (diunduh 2026-10-06),,,,250 mm,,,,,,,,,
product.0_S_06_123_250063_00,Ts.Tee (FRP) - W 250 x 63 mm,FITTING FRP,FITTING · .TEE,5291,Export ERP master_product_updated.xlsx (diunduh 2026-10-06),,,,63 mm; 250 mm,,,,,,,,,
product.0_S_06_123_250075_00,Ts.Tee (FRP) - W 250 x 75 mm,FITTING FRP,FITTING · .TEE,5292,Export ERP master_product_updated.xlsx (diunduh 2026-10-06),,,,75 mm; 250 mm,,,,,,,,,
product.0_S_06_123_250090_00,Ts.Tee (FRP) - W 250 x 90 mm,FITTING FRP,FITTING · .TEE,5293,Export ERP master_product_updated.xlsx (diunduh 2026-10-06),,,,90 mm; 250 mm,,,,,,,,,
product.0_S_06_123_250110_00,Ts.Tee (FRP) - W 250 x 110 mm,FITTING FRP,FITTING · .TEE,5294,Export ERP master_product_updated.xlsx (diunduh 2026-10-06),,,,110 mm; 250 mm,,,,,,,,,
product.0_S_06_123_250160_00,Ts.Tee (FRP) - W 250 x 160 mm,FITTING FRP,FITTING · .TEE,5295,Export ERP master_product_updated.xlsx (diunduh 2026-10-06),,,,160 mm; 250 mm,,,,,,,,,
product.0_S_06_123_250200_00,Ts.Tee (FRP) - W 250 x 200 mm,FITTING FRP,FITTING · .TEE,5296,Export ERP master_product_updated.xlsx (diunduh 2026-10-06),,,,200 mm; 250 mm,,,,,,,,,
product.0_S_06_123_315000_00,Ts.Tee (FRP) - W 315 mm,FITTING FRP,FITTING · .TEE,5297,Export ERP master_product_updated.xlsx (diunduh 2026-10-06),,,,315 mm,,,,,,,,,
__export__.product_product_18362,Ts.Tee - W 315 mm,FITTING PVC,FITTING · .TEE,5298,Export ERP master_product_updated.xlsx (diunduh 2026-10-06),,,,315 mm,,,,,,,,,
product.0_S_06_123_315063_00,Ts.Tee (FRP) - W 315 x 63 mm,FITTING FRP,FITTING · .TEE,5299,Export ERP master_product_updated.xlsx (diunduh 2026-10-06),,,,63 mm; 315 mm,,,,,,,,,
__export__.product_product_13318,Ts.Tee (FRP) - W 315 x 75 mm,FITTING FRP,FITTING · .TEE,5300,Export ERP master_product_updated.xlsx (diunduh 2026-10-06),,,,75 mm; 315 mm,,,,,,,,,
product.0_S_06_123_315090_00,Ts.Tee (FRP) - W 315 x 90 mm,FITTING FRP,FITTING · .TEE,5301,Export ERP master_product_updated.xlsx (diunduh 2026-10-06),,,,90 mm; 315 mm,,,,,,,,,
product.0_S_06_123_315110_00,Ts.Tee (FRP) - W 315 x 110 mm,FITTING FRP,FITTING · .TEE,5302,Export ERP master_product_updated.xlsx (diunduh 2026-10-06),,,,110 mm; 315 mm,,,,,,,,,
product.0_S_06_123_315160_00,Ts.Tee (FRP) - W 315 x 160 mm,FITTING FRP,FITTING · .TEE,5303,Export ERP master_product_updated.xlsx (diunduh 2026-10-06),,,,160 mm; 315 mm,,,,,,,,,
__export__.product_product_17455,Ts.Tee (FRP) - W 315 x 200 mm,FITTING FRP,FITTING · .TEE,5304,Export ERP master_product_updated.xlsx (diunduh 2026-10-06),,,,200 mm; 315 mm,,,,,,,,,
__export__.product_product_15082,Ts.Tee (FRP) - W 355 x 200 mm,FITTING FRP,FITTING · .TEE,5305,Export ERP master_product_updated.xlsx (diunduh 2026-10-06),,,,200 mm; 355 mm,,,,,,,,,
__export__.product_product_14540,Ts.Tee (FRP) - W 355 x 250 mm,FITTING FRP,FITTING · .TEE,5306,Export ERP master_product_updated.xlsx (diunduh 2026-10-06),,,,250 mm; 355 mm,,,,,,,,,
__export__.product_product_15080,Ts.Tee (FRP) - W 355 x 315 mm,FITTING FRP,FITTING · .TEE,5307,Export ERP master_product_updated.xlsx (diunduh 2026-10-06),,,,315 mm; 355 mm,,,,,,,,,
__export__.product_product_13368,Ts.Tee (FRP) - W 400 x 160 mm,FITTING FRP,FITTING · .TEE,5308,Export ERP master_product_updated.xlsx (diunduh 2026-10-06),,,,160 mm; 400 mm,,,,,,,,,
__export__.product_product_15124,Ts.Tee (FRP) With Flange - W 355 x 200 mm,FITTING FRP,FITTING · .TEE WITH FLANGE,5326,Export ERP master_product_updated.xlsx (diunduh 2026-10-06),,,,200 mm; 355 mm,,,,,,,,,
__export__.product_product_16924,Ts Tee - D 63 mm,FITTING PVC,FITTING · TEE,5327,Export ERP master_product_updated.xlsx (diunduh 2026-10-06),,,,63 mm,,,,,,D,,,
product.0_S_06_127_020000_00,TS Elbow 90º - W 20 mm,FITTING PVC,FITTING · ELBOW 90º,5328,Export ERP master_product_updated.xlsx (diunduh 2026-10-06),,,,20 mm,,,,,,,,,
product.0_S_06_127_025000_00,TS Elbow 90º - W 25 mm,FITTING PVC,FITTING · ELBOW 90º,5329,Export ERP master_product_updated.xlsx (diunduh 2026-10-06),,,,25 mm,,,,,,,,,
product.0_S_06_127_032000_00,TS Elbow 90º - W 32 mm,FITTING PVC,FITTING · ELBOW 90º,5330,Export ERP master_product_updated.xlsx (diunduh 2026-10-06),,,,32 mm,,,,,,,,,
product.0_S_06_127_040000_00,TS Elbow 90º - W 40 mm,FITTING PVC,FITTING · ELBOW 90º,5331,Export ERP master_product_updated.xlsx (diunduh 2026-10-06),,,,40 mm,,,,,,,,,
product.0_S_06_127_050000_00,TS Elbow 90º - W 50 mm,FITTING PVC,FITTING · ELBOW 90º,5332,Export ERP master_product_updated.xlsx (diunduh 2026-10-06),,,,50 mm,,,,,,,,,
product.0_S_06_127_063000_00,TS Elbow 90º - W 63 mm,FITTING PVC,FITTING · ELBOW 90º,5333,Export ERP master_product_updated.xlsx (diunduh 2026-10-06),,,,63 mm,,,,,,,,,
product.0_S_06_127_075000_00,TS Elbow 90º - W 75 mm,FITTING PVC,FITTING · ELBOW 90º,5334,Export ERP master_product_updated.xlsx (diunduh 2026-10-06),,,,75 mm,,,,,,,,,
product.0_S_06_127_090000_00,TS Elbow 90º - W 90 mm,FITTING PVC,FITTING · ELBOW 90º,5335,Export ERP master_product_updated.xlsx (diunduh 2026-10-06),,,,90 mm,,,,,,,,,
product.0_S_06_127_110000_00,TS Elbow 90º - W 110 mm,FITTING PVC,FITTING · ELBOW 90º,5336,Export ERP master_product_updated.xlsx (diunduh 2026-10-06),,,,110 mm,,,,,,,,,
product.0_S_06_127_140000_00,TS Elbow 90º - W 140 mm,FITTING PVC,FITTING · ELBOW 90º,5337,Export ERP master_product_updated.xlsx (diunduh 2026-10-06),,,,140 mm,,,,,,,,,
product.0_S_06_127_160000_00,TS Elbow 90º - W 160 mm,FITTING PVC,FITTING · ELBOW 90º,5338,Export ERP master_product_updated.xlsx (diunduh 2026-10-06),,,,160 mm,,,,,,,,,
product.0_S_06_127_200000_00,TS Elbow 90º - W 200 mm,FITTING PVC,FITTING · ELBOW 90º,5339,Export ERP master_product_updated.xlsx (diunduh 2026-10-06),,,,200 mm,,,,,,,,,
product.0_S_06_127_250000_00,TS Elbow 90º - W 250 mm,FITTING PVC,FITTING · ELBOW 90º,5340,Export ERP master_product_updated.xlsx (diunduh 2026-10-06),,,,250 mm,,,,,,,,,
product.0_S_06_127_315000_00,TS Elbow 90º - W 315 mm,FITTING PVC,FITTING · ELBOW 90º,5341,Export ERP master_product_updated.xlsx (diunduh 2026-10-06),,,,315 mm,,,,,,,,,
product.0_S_06_127_355000_00,TS Elbow 90º - W 355 mm,FITTING PVC,FITTING · ELBOW 90º,5342,Export ERP master_product_updated.xlsx (diunduh 2026-10-06),,,,355 mm,,,,,,,,,
product.0_S_06_127_400000_00,TS Elbow 90º - W 400 mm,FITTING PVC,FITTING · ELBOW 90º,5343,Export ERP master_product_updated.xlsx (diunduh 2026-10-06),,,,400 mm,,,,,,,,,
product.0_S_06_127_450000_00,TS Elbow 90º - W 450 mm,FITTING PVC,FITTING · ELBOW 90º,5344,Export ERP master_product_updated.xlsx (diunduh 2026-10-06),,,,450 mm,,,,,,,,,
product.0_S_06_127_500000_00,TS Elbow 90º - W 500 mm,FITTING PVC,FITTING · ELBOW 90º,5345,Export ERP master_product_updated.xlsx (diunduh 2026-10-06),,,,500 mm,,,,,,,,,
product.0_S_06_127_630000_00,TS Elbow 90º - W 630 mm,FITTING PVC,FITTING · ELBOW 90º,5346,Export ERP master_product_updated.xlsx (diunduh 2026-10-06),,,,630 mm,,,,,,,,,
product.0_S_06_128_050000_00,TS Elbow 45° - W 50 mm,FITTING PVC,FITTING · ELBOW 45°,5347,Export ERP master_product_updated.xlsx (diunduh 2026-10-06),,,,50 mm,,,,,,,,,
product.0_S_06_128_063000_00,TS Elbow 45° - W 63 mm,FITTING PVC,FITTING · ELBOW 45°,5348,Export ERP master_product_updated.xlsx (diunduh 2026-10-06),,,,63 mm,,,,,,,,,
product.0_S_06_128_075000_00,TS Elbow 45° - W 75 mm,FITTING PVC,FITTING · ELBOW 45°,5349,Export ERP master_product_updated.xlsx (diunduh 2026-10-06),,,,75 mm,,,,,,,,,
product.0_S_06_128_090000_00,TS Elbow 45° - W 90 mm,FITTING PVC,FITTING · ELBOW 45°,5350,Export ERP master_product_updated.xlsx (diunduh 2026-10-06),,,,90 mm,,,,,,,,,
product.0_S_06_128_110000_00,TS Elbow 45° - W 110 mm,FITTING PVC,FITTING · ELBOW 45°,5351,Export ERP master_product_updated.xlsx (diunduh 2026-10-06),,,,110 mm,,,,,,,,,
product.0_S_06_128_140000_00,TS Elbow 45° - W 140 mm,FITTING PVC,FITTING · ELBOW 45°,5352,Export ERP master_product_updated.xlsx (diunduh 2026-10-06),,,,140 mm,,,,,,,,,
product.0_S_06_128_160000_00,TS Elbow 45° - W 160 mm,FITTING PVC,FITTING · ELBOW 45°,5353,Export ERP master_product_updated.xlsx (diunduh 2026-10-06),,,,160 mm,,,,,,,,,
product.0_S_06_128_200000_00,TS Elbow 45° - W 200 mm,FITTING PVC,FITTING · ELBOW 45°,5354,Export ERP master_product_updated.xlsx (diunduh 2026-10-06),,,,200 mm,,,,,,,,,
product.0_S_06_128_250000_00,TS Elbow 45° - W 250 mm,FITTING PVC,FITTING · ELBOW 45°,5355,Export ERP master_product_updated.xlsx (diunduh 2026-10-06),,,,250 mm,,,,,,,,,
product.0_S_06_128_315000_00,TS Elbow 45° - W 315 mm,FITTING PVC,FITTING · ELBOW 45°,5356,Export ERP master_product_updated.xlsx (diunduh 2026-10-06),,,,315 mm,,,,,,,,,
product.0_S_06_128_355000_00,TS Elbow 45° - W 355 mm,FITTING PVC,FITTING · ELBOW 45°,5357,Export ERP master_product_updated.xlsx (diunduh 2026-10-06),,,,355 mm,,,,,,,,,
product.0_S_06_128_400000_00,TS Elbow 45° - W 400 mm,FITTING PVC,FITTING · ELBOW 45°,5358,Export ERP master_product_updated.xlsx (diunduh 2026-10-06),,,,400 mm,,,,,,,,,
product.0_S_06_128_450000_00,TS Elbow 45° - W 450 mm,FITTING PVC,FITTING · ELBOW 45°,5359,Export ERP master_product_updated.xlsx (diunduh 2026-10-06),,,,450 mm,,,,,,,,,
product.0_S_06_128_500000_00,TS Elbow 45° - W 500 mm,FITTING PVC,FITTING · ELBOW 45°,5360,Export ERP master_product_updated.xlsx (diunduh 2026-10-06),,,,500 mm,,,,,,,,,
product.0_S_06_128_630000_00,TS Elbow 45° - W 630 mm,FITTING PVC,FITTING · ELBOW 45°,5361,Export ERP master_product_updated.xlsx (diunduh 2026-10-06),,,,630 mm,,,,,,,,,
product.0_S_06_129_063020_00,Elbow Reducer - W 63 x 20 mm,FITTING PVC,FITTING · ELBOW REDUCER,5362,Export ERP master_product_updated.xlsx (diunduh 2026-10-06),,,,20 mm; 63 mm,,,,,,,,,
product.0_S_06_129_063032_00,Elbow Reducer - W 63 x 32 mm,FITTING PVC,FITTING · ELBOW REDUCER,5363,Export ERP master_product_updated.xlsx (diunduh 2026-10-06),,,,32 mm; 63 mm,,,,,,,,,
product.0_S_06_129_063040_00,Elbow Reducer - W 63 x 40 mm,FITTING PVC,FITTING · ELBOW REDUCER,5364,Export ERP master_product_updated.xlsx (diunduh 2026-10-06),,,,40 mm; 63 mm,,,,,,,,,
product.0_S_06_129_063050_00,Elbow Reducer - W 63 x 50 mm,FITTING PVC,FITTING · ELBOW REDUCER,5365,Export ERP master_product_updated.xlsx (diunduh 2026-10-06),,,,50 mm; 63 mm,,,,,,,,,
product.0_S_06_129_090050_00,Elbow Reducer - W 90 x 50 mm,FITTING PVC,FITTING · ELBOW REDUCER,5366,Export ERP master_product_updated.xlsx (diunduh 2026-10-06),,,,50 mm; 90 mm,,,,,,,,,
product.0_S_06_129_090063_00,Elbow Reducer - W 90 x 63 mm,FITTING PVC,FITTING · ELBOW REDUCER,5367,Export ERP master_product_updated.xlsx (diunduh 2026-10-06),,,,63 mm; 90 mm,,,,,,,,,
product.0_S_06_129_110063_00,Elbow Reducer - W 110 x 63 mm,FITTING PVC,FITTING · ELBOW REDUCER,5368,Export ERP master_product_updated.xlsx (diunduh 2026-10-06),,,,63 mm; 110 mm,,,,,,,,,
product.0_S_06_129_110075_00,Elbow Reducer - W 110 x 75 mm,FITTING PVC,FITTING · ELBOW REDUCER,5369,Export ERP master_product_updated.xlsx (diunduh 2026-10-06),,,,75 mm; 110 mm,,,,,,,,,
product.0_S_06_129_110090_00,Elbow Reducer - W 110 x 90 mm,FITTING PVC,FITTING · ELBOW REDUCER,5370,Export ERP master_product_updated.xlsx (diunduh 2026-10-06),,,,90 mm; 110 mm,,,,,,,,,
product.0_S_06_129_160063_00,Elbow Reducer - W 160 x 63 mm,FITTING PVC,FITTING · ELBOW REDUCER,5371,Export ERP master_product_updated.xlsx (diunduh 2026-10-06),,,,63 mm; 160 mm,,,,,,,,,
product.0_S_06_129_160090_00,Elbow Reducer - W 160 x 90 mm,FITTING PVC,FITTING · ELBOW REDUCER,5372,Export ERP master_product_updated.xlsx (diunduh 2026-10-06),,,,90 mm; 160 mm,,,,,,,,,
product.0_S_06_129_200090_00,Elbow Reducer - W 200 x 90 mm,FITTING PVC,FITTING · ELBOW REDUCER,5373,Export ERP master_product_updated.xlsx (diunduh 2026-10-06),,,,90 mm; 200 mm,,,,,,,,,
product.0_S_06_129_200110_00,Elbow Reducer - W 200 x 110 mm,FITTING PVC,FITTING · ELBOW REDUCER,5374,Export ERP master_product_updated.xlsx (diunduh 2026-10-06),,,,110 mm; 200 mm,,,,,,,,,
product.0_S_06_129_200160_00,Elbow Reducer - W 200 x 160 mm,FITTING PVC,FITTING · ELBOW REDUCER,5375,Export ERP master_product_updated.xlsx (diunduh 2026-10-06),,,,160 mm; 200 mm,,,,,,,,,
product.0_S_06_129_250160_00,Elbow Reducer - W 250 x 160 mm,FITTING PVC,FITTING · ELBOW REDUCER,5376,Export ERP master_product_updated.xlsx (diunduh 2026-10-06),,,,160 mm; 250 mm,,,,,,,,,
product.0_S_06_129_250200_00,Elbow Reducer - W 250 x 200 mm,FITTING PVC,FITTING · ELBOW REDUCER,5377,Export ERP master_product_updated.xlsx (diunduh 2026-10-06),,,,200 mm; 250 mm,,,,,,,,,
product.0_S_06_129_315250_00,Elbow Reducer - W 315 x 250 mm,FITTING PVC,FITTING · ELBOW REDUCER,5378,Export ERP master_product_updated.xlsx (diunduh 2026-10-06),,,,250 mm; 315 mm,,,,,,,,,
product.0_S_06_129_400315_00,Elbow Reducer - W 400 x 315 mm,FITTING PVC,FITTING · ELBOW REDUCER,5379,Export ERP master_product_updated.xlsx (diunduh 2026-10-06),,,,315 mm; 400 mm,,,,,,,,,
product.0_S_06_129_450400_00,Elbow Reducer - W 450 x 400 mm,FITTING PVC,FITTING · ELBOW REDUCER,5380,Export ERP master_product_updated.xlsx (diunduh 2026-10-06),,,,400 mm; 450 mm,,,,,,,,,
product.0_S_06_129_630450_00,Elbow Reducer - W 630 x 450 mm,FITTING PVC,FITTING · ELBOW REDUCER,5381,Export ERP master_product_updated.xlsx (diunduh 2026-10-06),,,,450 mm; 630 mm,,,,,,,,,
product.0_S_06_133_063000_00,P - Trap 63 mm,FITTING PVC,FITTING · P - TRAP,5396,Export ERP master_product_updated.xlsx (diunduh 2026-10-06),,,,63 mm,,,,,,,,,
product.0_S_06_134_063000_00,S - Trap 63 mm,FITTING PVC,FITTING · S - TRAP,5397,Export ERP master_product_updated.xlsx (diunduh 2026-10-06),,,,63 mm,,,,,,,,,
product.0_S_06_136_063063_00,Bell Y - D 63 x 63 mm,FITTING PVC,FITTING · BELL Y,5406,Export ERP master_product_updated.xlsx (diunduh 2026-10-06),,,,63 mm,,,,,,D,,,
product.0_S_06_136_090063_00,Bell Y - D 90 x 63 mm,FITTING PVC,FITTING · BELL Y,5407,Export ERP master_product_updated.xlsx (diunduh 2026-10-06),,,,63 mm; 90 mm,,,,,,D,,,
product.0_S_06_136_110063_00,Bell Y - D 110 x 63 mm,FITTING PVC,FITTING · BELL Y,5408,Export ERP master_product_updated.xlsx (diunduh 2026-10-06),,,,63 mm; 110 mm,,,,,,D,,,
product.0_S_06_136_110090_00,Bell Y - D 110 x 90 mm,FITTING PVC,FITTING · BELL Y,5409,Export ERP master_product_updated.xlsx (diunduh 2026-10-06),,,,90 mm; 110 mm,,,,,,D,,,
__export__.product_product_16534,Bell Y - D 110 x 110 mm Coklat,FITTING PVC,FITTING · BELL Y,5410,Export ERP master_product_updated.xlsx (diunduh 2026-10-06),Warna: Coklat,,,110 mm,,,,,,D,,,
product.0_S_06_136_160063_00,Bell Y - D 160 x 63 mm,FITTING PVC,FITTING · BELL Y,5411,Export ERP master_product_updated.xlsx (diunduh 2026-10-06),,,,63 mm; 160 mm,,,,,,D,,,
product.0_S_06_136_160090_00,Bell Y - D 160 x 90 mm,FITTING PVC,FITTING · BELL Y,5412,Export ERP master_product_updated.xlsx (diunduh 2026-10-06),,,,90 mm; 160 mm,,,,,,D,,,
product.0_S_06_136_160110_00,Bell Y - D 160 x 110 mm,FITTING PVC,FITTING · BELL Y,5413,Export ERP master_product_updated.xlsx (diunduh 2026-10-06),,,,110 mm; 160 mm,,,,,,D,,,
__export__.product_product_16990,Bell Y - D 160 x 110 mm Bell Branch Coklat,FITTING PVC,FITTING · BELL Y BELL BRANCH,5414,Export ERP master_product_updated.xlsx (diunduh 2026-10-06),Warna: Coklat,,,110 mm; 160 mm,,,,,,D,,,
__export__.product_product_16992,Bell Y - D 160 x 160 mm Bell Branch Coklat,FITTING PVC,FITTING · BELL Y BELL BRANCH,5415,Export ERP master_product_updated.xlsx (diunduh 2026-10-06),Warna: Coklat,,,160 mm,,,,,,D,,,
product.0_S_06_136_200110_00,Bell Y - D 200 x 110 mm,FITTING PVC,FITTING · BELL Y,5416,Export ERP master_product_updated.xlsx (diunduh 2026-10-06),,,,110 mm; 200 mm,,,,,,D,,,
__export__.product_product_16991,Bell Y - D 200 x 110 mm Bell Branch Coklat,FITTING PVC,FITTING · BELL Y BELL BRANCH,5417,Export ERP master_product_updated.xlsx (diunduh 2026-10-06),Warna: Coklat,,,110 mm; 200 mm,,,,,,D,,,
product.0_S_06_136_200160_00,Bell Y - D 200 x 160 mm,FITTING PVC,FITTING · BELL Y,5418,Export ERP master_product_updated.xlsx (diunduh 2026-10-06),,,,160 mm; 200 mm,,,,,,D,,,
__export__.product_product_17474,Bell Y - D 200 x 160 mm Bell Branch Coklat,FITTING PVC,FITTING · BELL Y BELL BRANCH,5419,Export ERP master_product_updated.xlsx (diunduh 2026-10-06),Warna: Coklat,,,160 mm; 200 mm,,,,,,D,,,
__export__.product_product_16993,Bell Y - D 200 x 200 mm Bell Branch Coklat,FITTING PVC,FITTING · BELL Y BELL BRANCH,5420,Export ERP master_product_updated.xlsx (diunduh 2026-10-06),Warna: Coklat,,,200 mm,,,,,,D,,,
__export__.product_product_10391,Bell Y - D 250 x 110 mm,FITTING PVC,FITTING · BELL Y,5421,Export ERP master_product_updated.xlsx (diunduh 2026-10-06),,,,110 mm; 250 mm,,,,,,D,,,
product.0_S_06_136_250200_00,Bell Y - D 250 x 200 mm,FITTING PVC,FITTING · BELL Y,5422,Export ERP master_product_updated.xlsx (diunduh 2026-10-06),,,,200 mm; 250 mm,,,,,,D,,,
__export__.product_product_16994,Bell Y - D 250 x 250 mm Bell Branch Coklat,FITTING PVC,FITTING · BELL Y BELL BRANCH,5423,Export ERP master_product_updated.xlsx (diunduh 2026-10-06),Warna: Coklat,,,250 mm,,,,,,D,,,
product.0_S_06_136_315110_00,Bell Y - D 315 x 110 mm,FITTING PVC,FITTING · BELL Y,5424,Export ERP master_product_updated.xlsx (diunduh 2026-10-06),,,,110 mm; 315 mm,,,,,,D,,,
product.0_S_06_136_400315_00,Bell Y - D 400 x 315 mm,FITTING PVC,FITTING · BELL Y,5425,Export ERP master_product_updated.xlsx (diunduh 2026-10-06),,,,315 mm; 400 mm,,,,,,D,,,
product.0_S_06_136_630450_00,Bell Y - D 630 x 450 mm,FITTING PVC,FITTING · BELL Y,5426,Export ERP master_product_updated.xlsx (diunduh 2026-10-06),,,,450 mm; 630 mm,,,,,,D,,,
product.0_S_06_138_063063_00,All Bell Tee With Flange - W 63 x 63 mm,FITTING PVC,FITTING · ALL BELL TEE WITH FLANGE,5450,Export ERP master_product_updated.xlsx (diunduh 2026-10-06),,,,63 mm,,,,,,,,,
product.0_S_06_138_090063_00,All Bell Tee With Flange - W 90 x 63 mm,FITTING PVC,FITTING · ALL BELL TEE WITH FLANGE,5451,Export ERP master_product_updated.xlsx (diunduh 2026-10-06),,,,63 mm; 90 mm,,,,,,,,,
product.0_S_06_138_090090_00,All Bell Tee With Flange - W 90 x 90 mm,FITTING PVC,FITTING · ALL BELL TEE WITH FLANGE,5452,Export ERP master_product_updated.xlsx (diunduh 2026-10-06),,,,90 mm,,,,,,,,,
product.0_S_06_138_110063_00,All Bell Tee With Flange - W 110 x 63 mm,FITTING PVC,FITTING · ALL BELL TEE WITH FLANGE,5453,Export ERP master_product_updated.xlsx (diunduh 2026-10-06),,,,63 mm; 110 mm,,,,,,,,,
product.0_S_06_138_110090_00,All Bell Tee With Flange - W 110 x 90 mm,FITTING PVC,FITTING · ALL BELL TEE WITH FLANGE,5454,Export ERP master_product_updated.xlsx (diunduh 2026-10-06),,,,90 mm; 110 mm,,,,,,,,,
product.0_S_06_138_110110_00,All Bell Tee With Flange - W 110 x 110 mm,FITTING PVC,FITTING · ALL BELL TEE WITH FLANGE,5455,Export ERP master_product_updated.xlsx (diunduh 2026-10-06),,,,110 mm,,,,,,,,,
product.0_S_06_138_160063_00,All Bell Tee With Flange - W 160 x 63 mm,FITTING PVC,FITTING · ALL BELL TEE WITH FLANGE,5456,Export ERP master_product_updated.xlsx (diunduh 2026-10-06),,,,63 mm; 160 mm,,,,,,,,,
product.0_S_06_138_160090_00,All Bell Tee With Flange - W 160 x 90 mm,FITTING PVC,FITTING · ALL BELL TEE WITH FLANGE,5457,Export ERP master_product_updated.xlsx (diunduh 2026-10-06),,,,90 mm; 160 mm,,,,,,,,,
product.0_S_06_138_160110_00,All Bell Tee With Flange - W 160 x 110 mm,FITTING PVC,FITTING · ALL BELL TEE WITH FLANGE,5458,Export ERP master_product_updated.xlsx (diunduh 2026-10-06),,,,110 mm; 160 mm,,,,,,,,,
product.0_S_06_138_160160_00,All Bell Tee With Flange - W 160 x 160 mm,FITTING PVC,FITTING · ALL BELL TEE WITH FLANGE,5459,Export ERP master_product_updated.xlsx (diunduh 2026-10-06),,,,160 mm,,,,,,,,,
product.0_S_06_138_200090_00,All Bell Tee With Flange - W 200 x 90 mm,FITTING PVC,FITTING · ALL BELL TEE WITH FLANGE,5460,Export ERP master_product_updated.xlsx (diunduh 2026-10-06),,,,90 mm; 200 mm,,,,,,,,,
product.0_S_06_138_200110_00,All Bell Tee With Flange - W 200 x 110 mm,FITTING PVC,FITTING · ALL BELL TEE WITH FLANGE,5461,Export ERP master_product_updated.xlsx (diunduh 2026-10-06),,,,110 mm; 200 mm,,,,,,,,,
product.0_S_06_138_200160_00,All Bell Tee With Flange - W 200 x 160 mm,FITTING PVC,FITTING · ALL BELL TEE WITH FLANGE,5462,Export ERP master_product_updated.xlsx (diunduh 2026-10-06),,,,160 mm; 200 mm,,,,,,,,,
product.0_S_06_138_250160_00,All Bell Tee With Flange - W 250 x 160 mm,FITTING PVC,FITTING · ALL BELL TEE WITH FLANGE,5463,Export ERP master_product_updated.xlsx (diunduh 2026-10-06),,,,160 mm; 250 mm,,,,,,,,,
product.0_S_06_138_250200_00,All Bell Tee With Flange - W 250 x 200 mm,FITTING PVC,FITTING · ALL BELL TEE WITH FLANGE,5464,Export ERP master_product_updated.xlsx (diunduh 2026-10-06),,,,200 mm; 250 mm,,,,,,,,,
product.0_S_06_138_315250_00,All Bell Tee With Flange - W 315 x 250 mm,FITTING PVC,FITTING · ALL BELL TEE WITH FLANGE,5465,Export ERP master_product_updated.xlsx (diunduh 2026-10-06),,,,250 mm; 315 mm,,,,,,,,,
product.0_S_06_138_400315_00,All Bell Tee With Flange - W 400 x 315 mm,FITTING PVC,FITTING · ALL BELL TEE WITH FLANGE,5466,Export ERP master_product_updated.xlsx (diunduh 2026-10-06),,,,315 mm; 400 mm,,,,,,,,,
product.0_S_06_138_630450_00,All Bell Tee With Flange - W 630 x 450 mm,FITTING PVC,FITTING · ALL BELL TEE WITH FLANGE,5467,Export ERP master_product_updated.xlsx (diunduh 2026-10-06),,,,450 mm; 630 mm,,,,,,,,,
product.0_S_06_139_063063_00,Tee All Flange - W 63 x 63 mm,FITTING PVC,FITTING · TEE ALL FLANGE,5468,Export ERP master_product_updated.xlsx (diunduh 2026-10-06),,,,63 mm,,,,,,,,,
product.0_S_06_139_090063_00,Tee All Flange - W 90 x 63 mm,FITTING PVC,FITTING · TEE ALL FLANGE,5469,Export ERP master_product_updated.xlsx (diunduh 2026-10-06),,,,63 mm; 90 mm,,,,,,,,,
product.0_S_06_139_090090_00,Tee All Flange - W 90 x 90 mm,FITTING PVC,FITTING · TEE ALL FLANGE,5470,Export ERP master_product_updated.xlsx (diunduh 2026-10-06),,,,90 mm,,,,,,,,,
product.0_S_06_139_110063_00,Tee All Flange - W 110 x 63 mm,FITTING PVC,FITTING · TEE ALL FLANGE,5471,Export ERP master_product_updated.xlsx (diunduh 2026-10-06),,,,63 mm; 110 mm,,,,,,,,,
product.0_S_06_139_110090_00,Tee All Flange - W 110 x 90 mm,FITTING PVC,FITTING · TEE ALL FLANGE,5472,Export ERP master_product_updated.xlsx (diunduh 2026-10-06),,,,90 mm; 110 mm,,,,,,,,,
product.0_S_06_139_110110_00,Tee All Flange - W 110 x 110 mm,FITTING PVC,FITTING · TEE ALL FLANGE,5473,Export ERP master_product_updated.xlsx (diunduh 2026-10-06),,,,110 mm,,,,,,,,,
product.0_S_06_139_160063_00,Tee All Flange - W 160 x 63 mm,FITTING PVC,FITTING · TEE ALL FLANGE,5474,Export ERP master_product_updated.xlsx (diunduh 2026-10-06),,,,63 mm; 160 mm,,,,,,,,,
product.0_S_06_139_160090_00,Tee All Flange - W 160 x 90 mm,FITTING PVC,FITTING · TEE ALL FLANGE,5475,Export ERP master_product_updated.xlsx (diunduh 2026-10-06),,,,90 mm; 160 mm,,,,,,,,,
__export__.product_product_17644,Tee All Flange - W 160 x 90 mm (Flange PN-16),FITTING PVC,FITTING · TEE ALL FLANGE,5476,Export ERP master_product_updated.xlsx (diunduh 2026-10-06),,,,90 mm; 160 mm,,,,,,PN 16,,,
product.0_S_06_139_160110_00,Tee All Flange - W 160 x 110 mm,FITTING PVC,FITTING · TEE ALL FLANGE,5477,Export ERP master_product_updated.xlsx (diunduh 2026-10-06),,,,110 mm; 160 mm,,,,,,,,,
product.0_S_06_139_160160_00,Tee All Flange - W 160 x 160 mm,FITTING PVC,FITTING · TEE ALL FLANGE,5478,Export ERP master_product_updated.xlsx (diunduh 2026-10-06),,,,160 mm,,,,,,,,,
product.0_S_06_139_200063_00,Tee All Flange - W 200 x 63 mm,FITTING PVC,FITTING · TEE ALL FLANGE,5479,Export ERP master_product_updated.xlsx (diunduh 2026-10-06),,,,63 mm; 200 mm,,,,,,,,,
product.0_S_06_139_200090_00,Tee All Flange - W 200 x 90 mm,FITTING PVC,FITTING · TEE ALL FLANGE,5480,Export ERP master_product_updated.xlsx (diunduh 2026-10-06),,,,90 mm; 200 mm,,,,,,,,,
product.0_S_06_139_200110_00,Tee All Flange - W 200 x 110 mm,FITTING PVC,FITTING · TEE ALL FLANGE,5481,Export ERP master_product_updated.xlsx (diunduh 2026-10-06),,,,110 mm; 200 mm,,,,,,,,,
product.0_S_06_139_200160_00,Tee All Flange - W 200 x 160 mm,FITTING PVC,FITTING · TEE ALL FLANGE,5482,Export ERP master_product_updated.xlsx (diunduh 2026-10-06),,,,160 mm; 200 mm,,,,,,,,,
product.0_S_06_139_200200_00,Tee All Flange - W 200 x 200 mm,FITTING PVC,FITTING · TEE ALL FLANGE,5483,Export ERP master_product_updated.xlsx (diunduh 2026-10-06),,,,200 mm,,,,,,,,,
product.0_S_06_139_250090_00,Tee All Flange - W 250 x 90 mm,FITTING PVC,FITTING · TEE ALL FLANGE,5484,Export ERP master_product_updated.xlsx (diunduh 2026-10-06),,,,90 mm; 250 mm,,,,,,,,,
product.0_S_06_139_250110_00,Tee All Flange - W 250 x 110 mm,FITTING PVC,FITTING · TEE ALL FLANGE,5485,Export ERP master_product_updated.xlsx (diunduh 2026-10-06),,,,110 mm; 250 mm,,,,,,,,,
product.0_S_06_139_250250_00,Tee All Flange - W 250 x 250 mm,FITTING PVC,FITTING · TEE ALL FLANGE,5486,Export ERP master_product_updated.xlsx (diunduh 2026-10-06),,,,250 mm,,,,,,,,,
product.0_S_06_139_315090_00,Tee All Flange - W 315 x 90 mm,FITTING PVC,FITTING · TEE ALL FLANGE,5487,Export ERP master_product_updated.xlsx (diunduh 2026-10-06),,,,90 mm; 315 mm,,,,,,,,,
product.0_S_06_139_315110_00,Tee All Flange - W 315 x 110 mm,FITTING PVC,FITTING · TEE ALL FLANGE,5488,Export ERP master_product_updated.xlsx (diunduh 2026-10-06),,,,110 mm; 315 mm,,,,,,,,,
__export__.product_product_13482,Tee All Flange - W 315 x 160 mm,FITTING PVC,FITTING · TEE ALL FLANGE,5489,Export ERP master_product_updated.xlsx (diunduh 2026-10-06),,,,160 mm; 315 mm,,,,,,,,,
__export__.product_product_12485,Tee All Flange - W 315 x 200 mm,FITTING PVC,FITTING · TEE ALL FLANGE,5490,Export ERP master_product_updated.xlsx (diunduh 2026-10-06),,,,200 mm; 315 mm,,,,,,,,,
product.0_S_06_139_315315_00,Tee All Flange - W 315 x 315 mm,FITTING PVC,FITTING · TEE ALL FLANGE,5491,Export ERP master_product_updated.xlsx (diunduh 2026-10-06),,,,315 mm,,,,,,,,,
product.0_S_06_139_355110_00,Tee All Flange - W 355 x 110 mm,FITTING PVC,FITTING · TEE ALL FLANGE,5492,Export ERP master_product_updated.xlsx (diunduh 2026-10-06),,,,110 mm; 355 mm,,,,,,,,,
__export__.product_product_13509,Bend All Flange 45° - 63 mm,FITTING PVC,FITTING · BEND ALL FLANGE 45°,5493,Export ERP master_product_updated.xlsx (diunduh 2026-10-06),,,,63 mm,,,,,,,,,
__export__.product_product_13455,Bend All Flange 45° - 315 mm,FITTING PVC,FITTING · BEND ALL FLANGE 45°,5494,Export ERP master_product_updated.xlsx (diunduh 2026-10-06),,,,315 mm,,,,,,,,,
product.0_S_06_142_063000_00,Bend All Flange 90° - W 63 mm,FITTING PVC,FITTING · BEND ALL FLANGE 90°,5495,Export ERP master_product_updated.xlsx (diunduh 2026-10-06),,,,63 mm,,,,,,,,,
product.0_S_06_142_075000_00,Bend All Flange 90° - W 75 mm,FITTING PVC,FITTING · BEND ALL FLANGE 90°,5496,Export ERP master_product_updated.xlsx (diunduh 2026-10-06),,,,75 mm,,,,,,,,,
product.0_S_06_142_090000_00,Bend All Flange 90° - W 90 mm,FITTING PVC,FITTING · BEND ALL FLANGE 90°,5497,Export ERP master_product_updated.xlsx (diunduh 2026-10-06),,,,90 mm,,,,,,,,,
product.0_S_06_142_110000_00,Bend All Flange 90° - W 110 mm,FITTING PVC,FITTING · BEND ALL FLANGE 90°,5498,Export ERP master_product_updated.xlsx (diunduh 2026-10-06),,,,110 mm,,,,,,,,,
product.0_S_06_142_140000_00,Bend All Flange 90° - W 140 mm,FITTING PVC,FITTING · BEND ALL FLANGE 90°,5499,Export ERP master_product_updated.xlsx (diunduh 2026-10-06),,,,140 mm,,,,,,,,,
product.0_S_06_142_160000_00,Bend All Flange 90° - W 160 mm,FITTING PVC,FITTING · BEND ALL FLANGE 90°,5500,Export ERP master_product_updated.xlsx (diunduh 2026-10-06),,,,160 mm,,,,,,,,,
product.0_S_06_142_200000_00,Bend All Flange 90° - W 200 mm,FITTING PVC,FITTING · BEND ALL FLANGE 90°,5501,Export ERP master_product_updated.xlsx (diunduh 2026-10-06),,,,200 mm,,,,,,,,,
product.0_S_06_142_250000_00,Bend All Flange 90° - W 250 mm,FITTING PVC,FITTING · BEND ALL FLANGE 90°,5502,Export ERP master_product_updated.xlsx (diunduh 2026-10-06),,,,250 mm,,,,,,,,,
product.0_S_06_142_315000_00,Bend All Flange 90° - W 315 mm,FITTING PVC,FITTING · BEND ALL FLANGE 90°,5503,Export ERP master_product_updated.xlsx (diunduh 2026-10-06),,,,315 mm,,,,,,,,,
product.0_S_06_142_355000_00,Bend All Flange 90° - W 355 mm,FITTING PVC,FITTING · BEND ALL FLANGE 90°,5504,Export ERP master_product_updated.xlsx (diunduh 2026-10-06),,,,355 mm,,,,,,,,,
product.0_S_06_142_400000_00,Bend All Flange 90° - W 400 mm,FITTING PVC,FITTING · BEND ALL FLANGE 90°,5505,Export ERP master_product_updated.xlsx (diunduh 2026-10-06),,,,400 mm,,,,,,,,,
product.0_S_06_142_450000_00,Bend All Flange 90° - W 450 mm,FITTING PVC,FITTING · BEND ALL FLANGE 90°,5506,Export ERP master_product_updated.xlsx (diunduh 2026-10-06),,,,450 mm,,,,,,,,,
product.0_S_06_142_500000_00,Bend All Flange 90° - W 500 mm,FITTING PVC,FITTING · BEND ALL FLANGE 90°,5507,Export ERP master_product_updated.xlsx (diunduh 2026-10-06),,,,500 mm,,,,,,,,,
product.0_S_06_142_630000_00,Bend All Flange 90° - W 630 mm,FITTING PVC,FITTING · BEND ALL FLANGE 90°,5508,Export ERP master_product_updated.xlsx (diunduh 2026-10-06),,,,630 mm,,,,,,,,,
product.0_S_06_146_063000_00,Bell Bend 22 1/2° - W 63 mm,FITTING PVC,FITTING · BELL BEND 22 1/2°,5539,Export ERP master_product_updated.xlsx (diunduh 2026-10-06),,,,63 mm,,,,,,,,,
product.0_S_06_146_075000_00,Bell Bend 22 1/2° - W 75 mm,FITTING PVC,FITTING · BELL BEND 22 1/2°,5540,Export ERP master_product_updated.xlsx (diunduh 2026-10-06),,,,75 mm,,,,,,,,,
product.0_S_06_146_090000_00,Bell Bend 22 1/2° - W 90 mm,FITTING PVC,FITTING · BELL BEND 22 1/2°,5541,Export ERP master_product_updated.xlsx (diunduh 2026-10-06),,,,90 mm,,,,,,,,,
product.0_S_06_146_110000_00,Bell Bend 22 1/2° - W 110 mm,FITTING PVC,FITTING · BELL BEND 22 1/2°,5542,Export ERP master_product_updated.xlsx (diunduh 2026-10-06),,,,110 mm,,,,,,,,,
product.0_S_06_146_140000_00,Bell Bend 22 1/2° - W 140 mm,FITTING PVC,FITTING · BELL BEND 22 1/2°,5543,Export ERP master_product_updated.xlsx (diunduh 2026-10-06),,,,140 mm,,,,,,,,,
product.0_S_06_146_160000_00,Bell Bend 22 1/2° - W 160 mm,FITTING PVC,FITTING · BELL BEND 22 1/2°,5544,Export ERP master_product_updated.xlsx (diunduh 2026-10-06),,,,160 mm,,,,,,,,,
product.0_S_06_146_200000_00,Bell Bend 22 1/2° - W 200 mm,FITTING PVC,FITTING · BELL BEND 22 1/2°,5545,Export ERP master_product_updated.xlsx (diunduh 2026-10-06),,,,200 mm,,,,,,,,,
product.0_S_06_146_250000_00,Bell Bend 22 1/2° - W 250 mm,FITTING PVC,FITTING · BELL BEND 22 1/2°,5546,Export ERP master_product_updated.xlsx (diunduh 2026-10-06),,,,250 mm,,,,,,,,,
__export__.product_product_16038,Bell Bend 22 1/2° - W 280 mm,FITTING PVC,FITTING · BELL BEND 22 1/2°,5547,Export ERP master_product_updated.xlsx (diunduh 2026-10-06),,,,280 mm,,,,,,,,,
product.0_S_06_146_315000_00,Bell Bend 22 1/2° - W 315 mm,FITTING PVC,FITTING · BELL BEND 22 1/2°,5548,Export ERP master_product_updated.xlsx (diunduh 2026-10-06),,,,315 mm,,,,,,,,,
product.0_S_06_146_355000_00,Bell Bend 22 1/2° - W 355 mm,FITTING PVC,FITTING · BELL BEND 22 1/2°,5549,Export ERP master_product_updated.xlsx (diunduh 2026-10-06),,,,355 mm,,,,,,,,,
product.0_S_06_146_400000_00,Bell Bend 22 1/2° - W 400 mm,FITTING PVC,FITTING · BELL BEND 22 1/2°,5550,Export ERP master_product_updated.xlsx (diunduh 2026-10-06),,,,400 mm,,,,,,,,,
product.0_S_06_146_450000_00,Bell Bend 22 1/2° - W 450 mm,FITTING PVC,FITTING · BELL BEND 22 1/2°,5551,Export ERP master_product_updated.xlsx (diunduh 2026-10-06),,,,450 mm,,,,,,,,,
product.0_S_06_146_500000_00,Bell Bend 22 1/2° - W 500 mm,FITTING PVC,FITTING · BELL BEND 22 1/2°,5552,Export ERP master_product_updated.xlsx (diunduh 2026-10-06),,,,500 mm,,,,,,,,,
product.0_S_06_146_630000_00,Bell Bend 22 1/2° - W 630 mm,FITTING PVC,FITTING · BELL BEND 22 1/2°,5553,Export ERP master_product_updated.xlsx (diunduh 2026-10-06),,,,630 mm,,,,,,,,,
product.0_S_06_147_063000_00,Bell Bend 45° - W 63 mm,FITTING PVC,FITTING · BELL BEND 45°,5554,Export ERP master_product_updated.xlsx (diunduh 2026-10-06),,,,63 mm,,,,,,,,,
product.0_S_06_147_075000_00,Bell Bend 45° - W 75 mm,FITTING PVC,FITTING · BELL BEND 45°,5555,Export ERP master_product_updated.xlsx (diunduh 2026-10-06),,,,75 mm,,,,,,,,,
product.0_S_06_147_090000_00,Bell Bend 45° - W 90 mm,FITTING PVC,FITTING · BELL BEND 45°,5556,Export ERP master_product_updated.xlsx (diunduh 2026-10-06),,,,90 mm,,,,,,,,,
product.0_S_06_147_110000_00,Bell Bend 45° - W 110 mm,FITTING PVC,FITTING · BELL BEND 45°,5557,Export ERP master_product_updated.xlsx (diunduh 2026-10-06),,,,110 mm,,,,,,,,,
__export__.product_product_17831,Bell Bend 45° - W 110 mm Coklat,FITTING PVC,FITTING · BELL BEND 45°,5558,Export ERP master_product_updated.xlsx (diunduh 2026-10-06),Warna: Coklat,,,110 mm,,,,,,,,,
product.0_S_06_147_140000_00,Bell Bend 45° - W 140 mm,FITTING PVC,FITTING · BELL BEND 45°,5559,Export ERP master_product_updated.xlsx (diunduh 2026-10-06),,,,140 mm,,,,,,,,,
product.0_S_06_147_160000_00,Bell Bend 45° - W 160 mm,FITTING PVC,FITTING · BELL BEND 45°,5560,Export ERP master_product_updated.xlsx (diunduh 2026-10-06),,,,160 mm,,,,,,,,,
__export__.product_product_17828,Bell Bend 45° - W 160 mm Coklat,FITTING PVC,FITTING · BELL BEND 45°,5561,Export ERP master_product_updated.xlsx (diunduh 2026-10-06),Warna: Coklat,,,160 mm,,,,,,,,,
product.0_S_06_147_200000_00,Bell Bend 45° - W 200 mm,FITTING PVC,FITTING · BELL BEND 45°,5562,Export ERP master_product_updated.xlsx (diunduh 2026-10-06),,,,200 mm,,,,,,,,,
__export__.product_product_15437,Bell Bend 45° - W 225 mm,FITTING PVC,FITTING · BELL BEND 45°,5563,Export ERP master_product_updated.xlsx (diunduh 2026-10-06),,,,225 mm,,,,,,,,,
product.0_S_06_147_250000_00,Bell Bend 45° - W 250 mm,FITTING PVC,FITTING · BELL BEND 45°,5564,Export ERP master_product_updated.xlsx (diunduh 2026-10-06),,,,250 mm,,,,,,,,,
__export__.product_product_16039,Bell Bend 45° - W 280 mm,FITTING PVC,FITTING · BELL BEND 45°,5565,Export ERP master_product_updated.xlsx (diunduh 2026-10-06),,,,280 mm,,,,,,,,,
product.0_S_06_147_315000_00,Bell Bend 45° - W 315 mm,FITTING PVC,FITTING · BELL BEND 45°,5566,Export ERP master_product_updated.xlsx (diunduh 2026-10-06),,,,315 mm,,,,,,,,,
__export__.product_product_18025,Bell Bend 45° - W 315 mm Coklat,FITTING PVC,FITTING · BELL BEND 45°,5567,Export ERP master_product_updated.xlsx (diunduh 2026-10-06),Warna: Coklat,,,315 mm,,,,,,,,,
product.0_S_06_147_355000_00,Bell Bend 45° - W 355 mm,FITTING PVC,FITTING · BELL BEND 45°,5568,Export ERP master_product_updated.xlsx (diunduh 2026-10-06),,,,355 mm,,,,,,,,,
product.0_S_06_147_400000_00,Bell Bend 45° - W 400 mm,FITTING PVC,FITTING · BELL BEND 45°,5569,Export ERP master_product_updated.xlsx (diunduh 2026-10-06),,,,400 mm,,,,,,,,,
__export__.product_product_18024,Bell Bend 45° - W 400 mm Coklat,FITTING PVC,FITTING · BELL BEND 45°,5570,Export ERP master_product_updated.xlsx (diunduh 2026-10-06),Warna: Coklat,,,400 mm,,,,,,,,,
product.0_S_06_147_450000_00,Bell Bend 45° - W 450 mm,FITTING PVC,FITTING · BELL BEND 45°,5571,Export ERP master_product_updated.xlsx (diunduh 2026-10-06),,,,450 mm,,,,,,,,,
product.0_S_06_147_500000_00,Bell Bend 45° - W 500 mm,FITTING PVC,FITTING · BELL BEND 45°,5572,Export ERP master_product_updated.xlsx (diunduh 2026-10-06),,,,500 mm,,,,,,,,,
__export__.product_product_19418,Bell Bend 45° - W 500 mm Coklat,FITTING PVC,FITTING · BELL BEND 45°,5573,Export ERP master_product_updated.xlsx (diunduh 2026-10-06),Warna: Coklat,,,500 mm,,,,,,,,,
product.0_S_06_147_630000_00,Bell Bend 45° - W 630 mm,FITTING PVC,FITTING · BELL BEND 45°,5574,Export ERP master_product_updated.xlsx (diunduh 2026-10-06),,,,630 mm,,,,,,,,,
product.0_S_06_148_063000_00,Bell Bend 90° - W 63 mm,FITTING PVC,FITTING · BELL BEND 90°,5575,Export ERP master_product_updated.xlsx (diunduh 2026-10-06),,,,63 mm,,,,,,,,,
product.0_S_06_148_075000_00,Bell Bend 90° - W 75 mm,FITTING PVC,FITTING · BELL BEND 90°,5576,Export ERP master_product_updated.xlsx (diunduh 2026-10-06),,,,75 mm,,,,,,,,,
product.0_S_06_148_090000_00,Bell Bend 90° - W 90 mm,FITTING PVC,FITTING · BELL BEND 90°,5577,Export ERP master_product_updated.xlsx (diunduh 2026-10-06),,,,90 mm,,,,,,,,,
product.0_S_06_148_110000_00,Bell Bend 90° - W 110 mm,FITTING PVC,FITTING · BELL BEND 90°,5578,Export ERP master_product_updated.xlsx (diunduh 2026-10-06),,,,110 mm,,,,,,,,,
__export__.product_product_17830,Bell Bend 90° - W 110 mm Coklat,FITTING PVC,FITTING · BELL BEND 90°,5579,Export ERP master_product_updated.xlsx (diunduh 2026-10-06),Warna: Coklat,,,110 mm,,,,,,,,,
product.0_S_06_148_140000_00,Bell Bend 90° - W 140 mm,FITTING PVC,FITTING · BELL BEND 90°,5580,Export ERP master_product_updated.xlsx (diunduh 2026-10-06),,,,140 mm,,,,,,,,,
product.0_S_06_148_160000_00,Bell Bend 90° - W 160 mm,FITTING PVC,FITTING · BELL BEND 90°,5581,Export ERP master_product_updated.xlsx (diunduh 2026-10-06),,,,160 mm,,,,,,,,,
product.0_S_06_148_200000_00,Bell Bend 90° - W 200 mm,FITTING PVC,FITTING · BELL BEND 90°,5582,Export ERP master_product_updated.xlsx (diunduh 2026-10-06),,,,200 mm,,,,,,,,,
__export__.product_product_15438,Bell Bend 90° - W 225 mm,FITTING PVC,FITTING · BELL BEND 90°,5583,Export ERP master_product_updated.xlsx (diunduh 2026-10-06),,,,225 mm,,,,,,,,,
product.0_S_06_148_250000_00,Bell Bend 90° - W 250 mm,FITTING PVC,FITTING · BELL BEND 90°,5584,Export ERP master_product_updated.xlsx (diunduh 2026-10-06),,,,250 mm,,,,,,,,,
__export__.product_product_16040,Bell Bend 90° - W 280 mm,FITTING PVC,FITTING · BELL BEND 90°,5585,Export ERP master_product_updated.xlsx (diunduh 2026-10-06),,,,280 mm,,,,,,,,,
product.0_S_06_148_315000_00,Bell Bend 90° - W 315 mm,FITTING PVC,FITTING · BELL BEND 90°,5586,Export ERP master_product_updated.xlsx (diunduh 2026-10-06),,,,315 mm,,,,,,,,,
product.0_S_06_148_355000_00,Bell Bend 90° - W 355 mm,FITTING PVC,FITTING · BELL BEND 90°,5587,Export ERP master_product_updated.xlsx (diunduh 2026-10-06),,,,355 mm,,,,,,,,,
product.0_S_06_148_400000_00,Bell Bend 90° - W 400 mm,FITTING PVC,FITTING · BELL BEND 90°,5588,Export ERP master_product_updated.xlsx (diunduh 2026-10-06),,,,400 mm,,,,,,,,,
product.0_S_06_148_450000_00,Bell Bend 90° - W 450 mm,FITTING PVC,FITTING · BELL BEND 90°,5589,Export ERP master_product_updated.xlsx (diunduh 2026-10-06),,,,450 mm,,,,,,,,,
product.0_S_06_148_500000_00,Bell Bend 90° - W 500 mm,FITTING PVC,FITTING · BELL BEND 90°,5590,Export ERP master_product_updated.xlsx (diunduh 2026-10-06),,,,500 mm,,,,,,,,,
__export__.product_product_19419,Bell Bend 90° - W 500 mm Coklat,FITTING PVC,FITTING · BELL BEND 90°,5591,Export ERP master_product_updated.xlsx (diunduh 2026-10-06),Warna: Coklat,,,500 mm,,,,,,,,,
product.0_S_06_148_630000_00,Bell Bend 90° - W 630 mm,FITTING PVC,FITTING · BELL BEND 90°,5592,Export ERP master_product_updated.xlsx (diunduh 2026-10-06),,,,630 mm,,,,,,,,,
product.0_S_06_159_063063_00,All Bell Tee - D 63 x 63 mm,FITTING PVC,FITTING · ALL BELL TEE,5692,Export ERP master_product_updated.xlsx (diunduh 2026-10-06),,,,63 mm,,,,,,D,,,
product.0_S_06_159_090063_00,All Bell Tee - D 90 x 63 mm,FITTING PVC,FITTING · ALL BELL TEE,5693,Export ERP master_product_updated.xlsx (diunduh 2026-10-06),,,,63 mm; 90 mm,,,,,,D,,,
product.0_S_06_159_090090_00,All Bell Tee - D 90 x 90 mm,FITTING PVC,FITTING · ALL BELL TEE,5694,Export ERP master_product_updated.xlsx (diunduh 2026-10-06),,,,90 mm,,,,,,D,,,
product.0_S_06_159_110063_00,All Bell Tee - D 110 x 63 mm,FITTING PVC,FITTING · ALL BELL TEE,5695,Export ERP master_product_updated.xlsx (diunduh 2026-10-06),,,,63 mm; 110 mm,,,,,,D,,,
product.0_S_06_159_110090_00,All Bell Tee - D 110 x 90 mm,FITTING PVC,FITTING · ALL BELL TEE,5696,Export ERP master_product_updated.xlsx (diunduh 2026-10-06),,,,90 mm; 110 mm,,,,,,D,,,
product.0_S_06_159_110110_00,All Bell Tee - D 110 x 110 mm,FITTING PVC,FITTING · ALL BELL TEE,5697,Export ERP master_product_updated.xlsx (diunduh 2026-10-06),,,,110 mm,,,,,,D,,,
__export__.product_product_17570,All Bell Tee - D 110 x 110 mm Coklat,FITTING PVC,FITTING · ALL BELL TEE,5698,Export ERP master_product_updated.xlsx (diunduh 2026-10-06),Warna: Coklat,,,110 mm,,,,,,D,,,
product.0_S_06_159_160063_00,All Bell Tee - D 160 x 63 mm,FITTING PVC,FITTING · ALL BELL TEE,5699,Export ERP master_product_updated.xlsx (diunduh 2026-10-06),,,,63 mm; 160 mm,,,,,,D,,,
product.0_S_06_159_160090_00,All Bell Tee - D 160 x 90 mm,FITTING PVC,FITTING · ALL BELL TEE,5700,Export ERP master_product_updated.xlsx (diunduh 2026-10-06),,,,90 mm; 160 mm,,,,,,D,,,
product.0_S_06_159_160110_00,All Bell Tee - D 160 x 110 mm,FITTING PVC,FITTING · ALL BELL TEE,5701,Export ERP master_product_updated.xlsx (diunduh 2026-10-06),,,,110 mm; 160 mm,,,,,,D,,,
__export__.product_product_17495,All Bell Tee - D 160 x 110 mm Coklat,FITTING PVC,FITTING · ALL BELL TEE,5702,Export ERP master_product_updated.xlsx (diunduh 2026-10-06),Warna: Coklat,,,110 mm; 160 mm,,,,,,D,,,
product.0_S_06_159_160160_00,All Bell Tee - D 160 x 160 mm,FITTING PVC,FITTING · ALL BELL TEE,5703,Export ERP master_product_updated.xlsx (diunduh 2026-10-06),,,,160 mm,,,,,,D,,,
__export__.product_product_16561,All Bell Tee - D 160 x 160 mm Coklat,FITTING PVC,FITTING · ALL BELL TEE,5704,Export ERP master_product_updated.xlsx (diunduh 2026-10-06),Warna: Coklat,,,160 mm,,,,,,D,,,
product.0_S_06_159_200090_00,All Bell Tee - D 200 x 90 mm,FITTING PVC,FITTING · ALL BELL TEE,5705,Export ERP master_product_updated.xlsx (diunduh 2026-10-06),,,,90 mm; 200 mm,,,,,,D,,,
product.0_S_06_159_200110_00,All Bell Tee - D 200 x 110 mm,FITTING PVC,FITTING · ALL BELL TEE,5706,Export ERP master_product_updated.xlsx (diunduh 2026-10-06),,,,110 mm; 200 mm,,,,,,D,,,
__export__.product_product_17580,All Bell Tee - D 200 x 110 mm Coklat,FITTING PVC,FITTING · ALL BELL TEE,5707,Export ERP master_product_updated.xlsx (diunduh 2026-10-06),Warna: Coklat,,,110 mm; 200 mm,,,,,,D,,,
product.0_S_06_159_200160_00,All Bell Tee - D 200 x 160 mm,FITTING PVC,FITTING · ALL BELL TEE,5708,Export ERP master_product_updated.xlsx (diunduh 2026-10-06),,,,160 mm; 200 mm,,,,,,D,,,
__export__.product_product_18350,All Bell Tee - D 200 x 160 mm Coklat,FITTING PVC,FITTING · ALL BELL TEE,5709,Export ERP master_product_updated.xlsx (diunduh 2026-10-06),Warna: Coklat,,,160 mm; 200 mm,,,,,,D,,,
product.0_S_06_159_200200_00,All Bell Tee - D 200 x 200 mm,FITTING PVC,FITTING · ALL BELL TEE,5710,Export ERP master_product_updated.xlsx (diunduh 2026-10-06),,,,200 mm,,,,,,D,,,
__export__.product_product_16562,All Bell Tee - D 200 x 200 mm Coklat,FITTING PVC,FITTING · ALL BELL TEE,5711,Export ERP master_product_updated.xlsx (diunduh 2026-10-06),Warna: Coklat,,,200 mm,,,,,,D,,,
product.0_S_06_159_250090_00,All Bell Tee - D 250 x 90 mm,FITTING PVC,FITTING · ALL BELL TEE,5712,Export ERP master_product_updated.xlsx (diunduh 2026-10-06),,,,90 mm; 250 mm,,,,,,D,,,
product.0_S_06_159_250110_00,All Bell Tee - D 250 x 110 mm,FITTING PVC,FITTING · ALL BELL TEE,5713,Export ERP master_product_updated.xlsx (diunduh 2026-10-06),,,,110 mm; 250 mm,,,,,,D,,,
product.0_S_06_159_250160_00,All Bell Tee - D 250 x 160 mm,FITTING PVC,FITTING · ALL BELL TEE,5714,Export ERP master_product_updated.xlsx (diunduh 2026-10-06),,,,160 mm; 250 mm,,,,,,D,,,
product.0_S_06_159_250200_00,All Bell Tee - D 250 x 200 mm,FITTING PVC,FITTING · ALL BELL TEE,5715,Export ERP master_product_updated.xlsx (diunduh 2026-10-06),,,,200 mm; 250 mm,,,,,,D,,,
product.0_S_06_159_250250_00,All Bell Tee - D 250 x 250 mm,FITTING PVC,FITTING · ALL BELL TEE,5716,Export ERP master_product_updated.xlsx (diunduh 2026-10-06),,,,250 mm,,,,,,D,,,
__export__.product_product_16422,All Bell Tee - D 250 x 250 mm Coklat,FITTING PVC,FITTING · ALL BELL TEE,5717,Export ERP master_product_updated.xlsx (diunduh 2026-10-06),Warna: Coklat,,,250 mm,,,,,,D,,,
product.0_S_06_159_315110_00,All Bell Tee - D 315 x 110 mm,FITTING PVC,FITTING · ALL BELL TEE,5718,Export ERP master_product_updated.xlsx (diunduh 2026-10-06),,,,110 mm; 315 mm,,,,,,D,,,
product.0_S_06_159_315160_00,All Bell Tee - D 315 x 160 mm,FITTING PVC,FITTING · ALL BELL TEE,5719,Export ERP master_product_updated.xlsx (diunduh 2026-10-06),,,,160 mm; 315 mm,,,,,,D,,,
__export__.product_product_17340,All Bell Tee - D 315 x 160 mm Coklat,FITTING PVC,FITTING · ALL BELL TEE,5720,Export ERP master_product_updated.xlsx (diunduh 2026-10-06),Warna: Coklat,,,160 mm; 315 mm,,,,,,D,,,
product.0_S_06_159_315200_00,All Bell Tee - D 315 x 200 mm,FITTING PVC,FITTING · ALL BELL TEE,5721,Export ERP master_product_updated.xlsx (diunduh 2026-10-06),,,,200 mm; 315 mm,,,,,,D,,,
__export__.product_product_18351,All Bell Tee - D 315 x 200 mm Coklat,FITTING PVC,FITTING · ALL BELL TEE,5722,Export ERP master_product_updated.xlsx (diunduh 2026-10-06),Warna: Coklat,,,200 mm; 315 mm,,,,,,D,,,
product.0_S_06_159_315250_00,All Bell Tee - D 315 x 250 mm,FITTING PVC,FITTING · ALL BELL TEE,5723,Export ERP master_product_updated.xlsx (diunduh 2026-10-06),,,,250 mm; 315 mm,,,,,,D,,,
product.0_S_06_159_315315_00,All Bell Tee - D 315 x 315 mm,FITTING PVC,FITTING · ALL BELL TEE,5724,Export ERP master_product_updated.xlsx (diunduh 2026-10-06),,,,315 mm,,,,,,D,,,
__export__.product_product_16845,All Bell Tee - D 315 x 315 mm Coklat,FITTING PVC,FITTING · ALL BELL TEE,5725,Export ERP master_product_updated.xlsx (diunduh 2026-10-06),Warna: Coklat,,,315 mm,,,,,,D,,,
product.0_S_06_159_355160_00,All Bell Tee - D 355 x 160 mm,FITTING PVC,FITTING · ALL BELL TEE,5726,Export ERP master_product_updated.xlsx (diunduh 2026-10-06),,,,160 mm; 355 mm,,,,,,D,,,
product.0_S_06_159_355200_00,All Bell Tee - D 355 x 200 mm,FITTING PVC,FITTING · ALL BELL TEE,5727,Export ERP master_product_updated.xlsx (diunduh 2026-10-06),,,,200 mm; 355 mm,,,,,,D,,,
product.0_S_06_159_355250_00,All Bell Tee - D 355 x 250 mm,FITTING PVC,FITTING · ALL BELL TEE,5728,Export ERP master_product_updated.xlsx (diunduh 2026-10-06),,,,250 mm; 355 mm,,,,,,D,,,
product.0_S_06_159_355315_00,All Bell Tee - D 355 x 315 mm,FITTING PVC,FITTING · ALL BELL TEE,5729,Export ERP master_product_updated.xlsx (diunduh 2026-10-06),,,,315 mm; 355 mm,,,,,,D,,,
product.0_S_06_159_355355_00,All Bell Tee - D 355 x 355 mm,FITTING PVC,FITTING · ALL BELL TEE,5730,Export ERP master_product_updated.xlsx (diunduh 2026-10-06),,,,355 mm,,,,,,D,,,
product.0_S_06_159_400110_00,All Bell Tee - D 400 x 110 mm,FITTING PVC,FITTING · ALL BELL TEE,5731,Export ERP master_product_updated.xlsx (diunduh 2026-10-06),,,,110 mm; 400 mm,,,,,,D,,,
product.0_S_06_159_400160_00,All Bell Tee - D 400 x 160 mm,FITTING PVC,FITTING · ALL BELL TEE,5732,Export ERP master_product_updated.xlsx (diunduh 2026-10-06),,,,160 mm; 400 mm,,,,,,D,,,
__export__.product_product_17339,All Bell Tee - D 400 x 160 mm Coklat,FITTING PVC,FITTING · ALL BELL TEE,5733,Export ERP master_product_updated.xlsx (diunduh 2026-10-06),Warna: Coklat,,,160 mm; 400 mm,,,,,,D,,,
product.0_S_06_159_400200_00,All Bell Tee - D 400 x 200 mm,FITTING PVC,FITTING · ALL BELL TEE,5734,Export ERP master_product_updated.xlsx (diunduh 2026-10-06),,,,200 mm; 400 mm,,,,,,D,,,
product.0_S_06_159_400250_00,All Bell Tee - D 400 x 250 mm,FITTING PVC,FITTING · ALL BELL TEE,5735,Export ERP master_product_updated.xlsx (diunduh 2026-10-06),,,,250 mm; 400 mm,,,,,,D,,,
product.0_S_06_159_400315_00,All Bell Tee - D 400 x 315 mm,FITTING PVC,FITTING · ALL BELL TEE,5736,Export ERP master_product_updated.xlsx (diunduh 2026-10-06),,,,315 mm; 400 mm,,,,,,D,,,
product.0_S_06_159_400355_00,All Bell Tee - D 400 x 355 mm,FITTING PVC,FITTING · ALL BELL TEE,5737,Export ERP master_product_updated.xlsx (diunduh 2026-10-06),,,,355 mm; 400 mm,,,,,,D,,,
product.0_S_06_159_400400_00,All Bell Tee - D 400 x 400 mm,FITTING PVC,FITTING · ALL BELL TEE,5738,Export ERP master_product_updated.xlsx (diunduh 2026-10-06),,,,400 mm,,,,,,D,,,
__export__.product_product_16846,All Bell Tee - D 400 x 400 mm Coklat,FITTING PVC,FITTING · ALL BELL TEE,5739,Export ERP master_product_updated.xlsx (diunduh 2026-10-06),Warna: Coklat,,,400 mm,,,,,,D,,,
product.0_S_06_159_500250_00,All Bell Tee - D 500 x 250 mm,FITTING PVC,FITTING · ALL BELL TEE,5740,Export ERP master_product_updated.xlsx (diunduh 2026-10-06),,,,250 mm; 500 mm,,,,,,D,,,
product.0_S_06_159_500315_00,All Bell Tee - D 500 x 315 mm,FITTING PVC,FITTING · ALL BELL TEE,5741,Export ERP master_product_updated.xlsx (diunduh 2026-10-06),,,,315 mm; 500 mm,,,,,,D,,,
product.0_S_06_159_500355_00,All Bell Tee - D 500 x 355 mm,FITTING PVC,FITTING · ALL BELL TEE,5742,Export ERP master_product_updated.xlsx (diunduh 2026-10-06),,,,355 mm; 500 mm,,,,,,D,,,
product.0_S_06_159_500400_00,All Bell Tee - D 500 x 400 mm,FITTING PVC,FITTING · ALL BELL TEE,5743,Export ERP master_product_updated.xlsx (diunduh 2026-10-06),,,,400 mm; 500 mm,,,,,,D,,,
product.0_S_06_159_500500_00,All Bell Tee - D 500 x 500 mm,FITTING PVC,FITTING · ALL BELL TEE,5744,Export ERP master_product_updated.xlsx (diunduh 2026-10-06),,,,500 mm,,,,,,D,,,
product.0_S_06_159_630400_00,All Bell Tee - D 630 x 400 mm,FITTING PVC,FITTING · ALL BELL TEE,5745,Export ERP master_product_updated.xlsx (diunduh 2026-10-06),,,,400 mm; 630 mm,,,,,,D,,,
product.0_S_06_159_630500_00,All Bell Tee - D 630 x 500 mm,FITTING PVC,FITTING · ALL BELL TEE,5746,Export ERP master_product_updated.xlsx (diunduh 2026-10-06),,,,500 mm; 630 mm,,,,,,D,,,
product.0_S_06_159_630630_00,All Bell Tee - D 630 x 630 mm,FITTING PVC,FITTING · ALL BELL TEE,5747,Export ERP master_product_updated.xlsx (diunduh 2026-10-06),,,,630 mm,,,,,,D,,,
__export__.product_product_15662,Bell Y Bell Branch - D 110 x 110 mm,FITTING PVC,FITTING · BELL Y BELL BRANCH,5748,Export ERP master_product_updated.xlsx (diunduh 2026-10-06),,,,110 mm,,,,,,D,,,
__export__.product_product_18577,Bell Y Bell Branch - D 160 x 110 mm,FITTING PVC,FITTING · BELL Y BELL BRANCH,5749,Export ERP master_product_updated.xlsx (diunduh 2026-10-06),,,,110 mm; 160 mm,,,,,,D,,,
product.0_S_06_161_063000_00,Bell Bend 22 1/2° - D 63 mm,FITTING PVC,FITTING · BELL BEND 22 1/2°,5750,Export ERP master_product_updated.xlsx (diunduh 2026-10-06),,,,63 mm,,,,,,D,,,
product.0_S_06_161_075000_00,Bell Bend 22 1/2° - D 75 mm,FITTING PVC,FITTING · BELL BEND 22 1/2°,5751,Export ERP master_product_updated.xlsx (diunduh 2026-10-06),,,,75 mm,,,,,,D,,,
product.0_S_06_161_090000_00,Bell Bend 22 1/2° - D 90 mm,FITTING PVC,FITTING · BELL BEND 22 1/2°,5752,Export ERP master_product_updated.xlsx (diunduh 2026-10-06),,,,90 mm,,,,,,D,,,
product.0_S_06_161_110000_00,Bell Bend 22 1/2° - D 110 mm,FITTING PVC,FITTING · BELL BEND 22 1/2°,5753,Export ERP master_product_updated.xlsx (diunduh 2026-10-06),,,,110 mm,,,,,,D,,,
__export__.product_product_16827,Bell Bend 22 1/2° - D 110 mm Coklat,FITTING PVC,FITTING · BELL BEND 22 1/2°,5754,Export ERP master_product_updated.xlsx (diunduh 2026-10-06),Warna: Coklat,,,110 mm,,,,,,D,,,
product.0_S_06_161_140000_00,Bell Bend 22 1/2° - D 140 mm,FITTING PVC,FITTING · BELL BEND 22 1/2°,5755,Export ERP master_product_updated.xlsx (diunduh 2026-10-06),,,,140 mm,,,,,,D,,,
product.0_S_06_161_160000_00,Bell Bend 22 1/2° - D 160 mm,FITTING PVC,FITTING · BELL BEND 22 1/2°,5756,Export ERP master_product_updated.xlsx (diunduh 2026-10-06),,,,160 mm,,,,,,D,,,
__export__.product_product_17337,Bell Bend 22 1/2° - D 160 mm Coklat,FITTING PVC,FITTING · BELL BEND 22 1/2°,5757,Export ERP master_product_updated.xlsx (diunduh 2026-10-06),Warna: Coklat,,,160 mm,,,,,,D,,,
product.0_S_06_161_200000_00,Bell Bend 22 1/2° - D 200 mm,FITTING PVC,FITTING · BELL BEND 22 1/2°,5758,Export ERP master_product_updated.xlsx (diunduh 2026-10-06),,,,200 mm,,,,,,D,,,
product.0_S_06_161_250000_00,Bell Bend 22 1/2° - D 250 mm,FITTING PVC,FITTING · BELL BEND 22 1/2°,5759,Export ERP master_product_updated.xlsx (diunduh 2026-10-06),,,,250 mm,,,,,,D,,,
product.0_S_06_161_315000_00,Bell Bend 22 1/2° - D 315 mm,FITTING PVC,FITTING · BELL BEND 22 1/2°,5760,Export ERP master_product_updated.xlsx (diunduh 2026-10-06),,,,315 mm,,,,,,D,,,
__export__.product_product_17343,Bell Bend 22 1/2° - D 315 mm Coklat,FITTING PVC,FITTING · BELL BEND 22 1/2°,5761,Export ERP master_product_updated.xlsx (diunduh 2026-10-06),Warna: Coklat,,,315 mm,,,,,,D,,,
product.0_S_06_161_355000_00,Bell Bend 22 1/2° - D 355 mm,FITTING PVC,FITTING · BELL BEND 22 1/2°,5762,Export ERP master_product_updated.xlsx (diunduh 2026-10-06),,,,355 mm,,,,,,D,,,
product.0_S_06_161_400000_00,Bell Bend 22 1/2° - D 400 mm,FITTING PVC,FITTING · BELL BEND 22 1/2°,5763,Export ERP master_product_updated.xlsx (diunduh 2026-10-06),,,,400 mm,,,,,,D,,,
product.0_S_06_161_450000_00,Bell Bend 22 1/2° - D 450 mm,FITTING PVC,FITTING · BELL BEND 22 1/2°,5764,Export ERP master_product_updated.xlsx (diunduh 2026-10-06),,,,450 mm,,,,,,D,,,
product.0_S_06_161_500000_00,Bell Bend 22 1/2° - D 500 mm,FITTING PVC,FITTING · BELL BEND 22 1/2°,5765,Export ERP master_product_updated.xlsx (diunduh 2026-10-06),,,,500 mm,,,,,,D,,,
product.0_S_06_161_630000_00,Bell Bend 22 1/2° - D 630 mm,FITTING PVC,FITTING · BELL BEND 22 1/2°,5766,Export ERP master_product_updated.xlsx (diunduh 2026-10-06),,,,630 mm,,,,,,D,,,
product.0_S_06_162_063000_00,Bell Bend 45° - D 63 mm,FITTING PVC,FITTING · BELL BEND 45°,5767,Export ERP master_product_updated.xlsx (diunduh 2026-10-06),,,,63 mm,,,,,,D,,,
product.0_S_06_162_075000_00,Bell Bend 45° - D 75 mm,FITTING PVC,FITTING · BELL BEND 45°,5768,Export ERP master_product_updated.xlsx (diunduh 2026-10-06),,,,75 mm,,,,,,D,,,
product.0_S_06_162_090000_00,Bell Bend 45° - D 90 mm,FITTING PVC,FITTING · BELL BEND 45°,5769,Export ERP master_product_updated.xlsx (diunduh 2026-10-06),,,,90 mm,,,,,,D,,,
product.0_S_06_162_110000_00,Bell Bend 45° - D 110 mm,FITTING PVC,FITTING · BELL BEND 45°,5770,Export ERP master_product_updated.xlsx (diunduh 2026-10-06),,,,110 mm,,,,,,D,,,
__export__.product_product_16538,Bell Bend 45° - D 110 mm Coklat,FITTING PVC,FITTING · BELL BEND 45°,5771,Export ERP master_product_updated.xlsx (diunduh 2026-10-06),Warna: Coklat,,,110 mm,,,,,,D,,,
product.0_S_06_162_140000_00,Bell Bend 45° - D 140 mm,FITTING PVC,FITTING · BELL BEND 45°,5772,Export ERP master_product_updated.xlsx (diunduh 2026-10-06),,,,140 mm,,,,,,D,,,
product.0_S_06_162_160000_00,Bell Bend 45° - D 160 mm,FITTING PVC,FITTING · BELL BEND 45°,5773,Export ERP master_product_updated.xlsx (diunduh 2026-10-06),,,,160 mm,,,,,,D,,,
__export__.product_product_16849,Bell Bend 45° - D 160 mm Coklat,FITTING PVC,FITTING · BELL BEND 45°,5774,Export ERP master_product_updated.xlsx (diunduh 2026-10-06),Warna: Coklat,,,160 mm,,,,,,D,,,
product.0_S_06_162_200000_00,Bell Bend 45° - D 200 mm,FITTING PVC,FITTING · BELL BEND 45°,5775,Export ERP master_product_updated.xlsx (diunduh 2026-10-06),,,,200 mm,,,,,,D,,,
__export__.product_product_16850,Bell Bend 45° - D 200 mm Coklat,FITTING PVC,FITTING · BELL BEND 45°,5776,Export ERP master_product_updated.xlsx (diunduh 2026-10-06),Warna: Coklat,,,200 mm,,,,,,D,,,
product.0_S_06_162_250000_00,Bell Bend 45° - D 250 mm,FITTING PVC,FITTING · BELL BEND 45°,5777,Export ERP master_product_updated.xlsx (diunduh 2026-10-06),,,,250 mm,,,,,,D,,,
product.0_S_06_162_315000_00,Bell Bend 45° - D 315 mm,FITTING PVC,FITTING · BELL BEND 45°,5778,Export ERP master_product_updated.xlsx (diunduh 2026-10-06),,,,315 mm,,,,,,D,,,
__export__.product_product_16754,Bell Bend 45° - D 315 mm Coklat,FITTING PVC,FITTING · BELL BEND 45°,5779,Export ERP master_product_updated.xlsx (diunduh 2026-10-06),Warna: Coklat,,,315 mm,,,,,,D,,,
product.0_S_06_162_355000_00,Bell Bend 45° - D 355 mm,FITTING PVC,FITTING · BELL BEND 45°,5780,Export ERP master_product_updated.xlsx (diunduh 2026-10-06),,,,355 mm,,,,,,D,,,
product.0_S_06_162_400000_00,Bell Bend 45° - D 400 mm,FITTING PVC,FITTING · BELL BEND 45°,5781,Export ERP master_product_updated.xlsx (diunduh 2026-10-06),,,,400 mm,,,,,,D,,,
__export__.product_product_17342,Bell Bend 45° - D 400 mm Coklat,FITTING PVC,FITTING · BELL BEND 45°,5782,Export ERP master_product_updated.xlsx (diunduh 2026-10-06),Warna: Coklat,,,400 mm,,,,,,D,,,
product.0_S_06_162_450000_00,Bell Bend 45° - D 450 mm,FITTING PVC,FITTING · BELL BEND 45°,5783,Export ERP master_product_updated.xlsx (diunduh 2026-10-06),,,,450 mm,,,,,,D,,,
product.0_S_06_162_500000_00,Bell Bend 45° - D 500 mm,FITTING PVC,FITTING · BELL BEND 45°,5784,Export ERP master_product_updated.xlsx (diunduh 2026-10-06),,,,500 mm,,,,,,D,,,
product.0_S_06_162_630000_00,Bell Bend 45° - D 630 mm,FITTING PVC,FITTING · BELL BEND 45°,5785,Export ERP master_product_updated.xlsx (diunduh 2026-10-06),,,,630 mm,,,,,,D,,,
product.0_S_06_163_063000_00,Bell Bend 90° - D 63 mm,FITTING PVC,FITTING · BELL BEND 90°,5786,Export ERP master_product_updated.xlsx (diunduh 2026-10-06),,,,63 mm,,,,,,D,,,
product.0_S_06_163_075000_00,Bell Bend 90° - D 75 mm,FITTING PVC,FITTING · BELL BEND 90°,5787,Export ERP master_product_updated.xlsx (diunduh 2026-10-06),,,,75 mm,,,,,,D,,,
product.0_S_06_163_090000_00,Bell Bend 90° - D 90 mm,FITTING PVC,FITTING · BELL BEND 90°,5788,Export ERP master_product_updated.xlsx (diunduh 2026-10-06),,,,90 mm,,,,,,D,,,
__export__.product_product_19290,Bell Bend 90° - D 90 mm Cokelat,FITTING PVC,FITTING · BELL BEND 90° COKELAT,5789,Export ERP master_product_updated.xlsx (diunduh 2026-10-06),,,,90 mm,,,,,,D,,,
product.0_S_06_163_110000_00,Bell Bend 90° - D 110 mm,FITTING PVC,FITTING · BELL BEND 90°,5790,Export ERP master_product_updated.xlsx (diunduh 2026-10-06),,,,110 mm,,,,,,D,,,
__export__.product_product_16848,Bell Bend 90° - D 110 mm Coklat,FITTING PVC,FITTING · BELL BEND 90°,5791,Export ERP master_product_updated.xlsx (diunduh 2026-10-06),Warna: Coklat,,,110 mm,,,,,,D,,,
product.0_S_06_163_140000_00,Bell Bend 90° - D 140 mm,FITTING PVC,FITTING · BELL BEND 90°,5792,Export ERP master_product_updated.xlsx (diunduh 2026-10-06),,,,140 mm,,,,,,D,,,
product.0_S_06_163_160000_00,Bell Bend 90° - D 160 mm,FITTING PVC,FITTING · BELL BEND 90°,5793,Export ERP master_product_updated.xlsx (diunduh 2026-10-06),,,,160 mm,,,,,,D,,,
__export__.product_product_16535,Bell Bend 90° - D 160 mm Coklat,FITTING PVC,FITTING · BELL BEND 90°,5794,Export ERP master_product_updated.xlsx (diunduh 2026-10-06),Warna: Coklat,,,160 mm,,,,,,D,,,
product.0_S_06_163_200000_00,Bell Bend 90° - D 200 mm,FITTING PVC,FITTING · BELL BEND 90°,5795,Export ERP master_product_updated.xlsx (diunduh 2026-10-06),,,,200 mm,,,,,,D,,,
__export__.product_product_16536,Bell Bend 90° - D 200 mm Coklat,FITTING PVC,FITTING · BELL BEND 90°,5796,Export ERP master_product_updated.xlsx (diunduh 2026-10-06),Warna: Coklat,,,200 mm,,,,,,D,,,
product.0_S_06_163_250000_00,Bell Bend 90° - D 250 mm,FITTING PVC,FITTING · BELL BEND 90°,5797,Export ERP master_product_updated.xlsx (diunduh 2026-10-06),,,,250 mm,,,,,,D,,,
__export__.product_product_16537,Bell Bend 90° - D 250 mm Coklat,FITTING PVC,FITTING · BELL BEND 90°,5798,Export ERP master_product_updated.xlsx (diunduh 2026-10-06),Warna: Coklat,,,250 mm,,,,,,D,,,
product.0_S_06_163_315000_00,Bell Bend 90° - D 315 mm,FITTING PVC,FITTING · BELL BEND 90°,5799,Export ERP master_product_updated.xlsx (diunduh 2026-10-06),,,,315 mm,,,,,,D,,,
__export__.product_product_17341,Bell Bend 90° - D 315 mm Coklat,FITTING PVC,FITTING · BELL BEND 90°,5800,Export ERP master_product_updated.xlsx (diunduh 2026-10-06),Warna: Coklat,,,315 mm,,,,,,D,,,
product.0_S_06_163_355000_00,Bell Bend 90° - D 355 mm,FITTING PVC,FITTING · BELL BEND 90°,5801,Export ERP master_product_updated.xlsx (diunduh 2026-10-06),,,,355 mm,,,,,,D,,,
product.0_S_06_163_400000_00,Bell Bend 90° - D 400 mm,FITTING PVC,FITTING · BELL BEND 90°,5802,Export ERP master_product_updated.xlsx (diunduh 2026-10-06),,,,400 mm,,,,,,D,,,
__export__.product_product_16847,Bell Bend 90° - D 400 mm Coklat,FITTING PVC,FITTING · BELL BEND 90°,5803,Export ERP master_product_updated.xlsx (diunduh 2026-10-06),Warna: Coklat,,,400 mm,,,,,,D,,,
product.0_S_06_163_450000_00,Bell Bend 90° - D 450 mm,FITTING PVC,FITTING · BELL BEND 90°,5804,Export ERP master_product_updated.xlsx (diunduh 2026-10-06),,,,450 mm,,,,,,D,,,
product.0_S_06_163_500000_00,Bell Bend 90° - D 500 mm,FITTING PVC,FITTING · BELL BEND 90°,5805,Export ERP master_product_updated.xlsx (diunduh 2026-10-06),,,,500 mm,,,,,,D,,,
product.0_S_06_163_630000_00,Bell Bend 90° - D 630 mm,FITTING PVC,FITTING · BELL BEND 90°,5806,Export ERP master_product_updated.xlsx (diunduh 2026-10-06),,,,630 mm,,,,,,D,,,
product.0_S_06_166_063000_00,All Bell Bend 11 1/4° - D 63 mm,FITTING PVC,FITTING · ALL BELL BEND 11 1/4°,5824,Export ERP master_product_updated.xlsx (diunduh 2026-10-06),,,,63 mm,,,,,,D,,,
product.0_S_06_166_075000_00,All Bell Bend 11 1/4° - D 75 mm,FITTING PVC,FITTING · ALL BELL BEND 11 1/4°,5825,Export ERP master_product_updated.xlsx (diunduh 2026-10-06),,,,75 mm,,,,,,D,,,
product.0_S_06_166_090000_00,All Bell Bend 11 1/4° - D 90 mm,FITTING PVC,FITTING · ALL BELL BEND 11 1/4°,5826,Export ERP master_product_updated.xlsx (diunduh 2026-10-06),,,,90 mm,,,,,,D,,,
product.0_S_06_166_110000_00,All Bell Bend 11 1/4° - D 110 mm,FITTING PVC,FITTING · ALL BELL BEND 11 1/4°,5827,Export ERP master_product_updated.xlsx (diunduh 2026-10-06),,,,110 mm,,,,,,D,,,
product.0_S_06_166_160000_00,All Bell Bend 11 1/4° - D 160 mm,FITTING PVC,FITTING · ALL BELL BEND 11 1/4°,5828,Export ERP master_product_updated.xlsx (diunduh 2026-10-06),,,,160 mm,,,,,,D,,,
product.0_S_06_166_250000_00,All Bell Bend 11 1/4° - D 250 mm,FITTING PVC,FITTING · ALL BELL BEND 11 1/4°,5829,Export ERP master_product_updated.xlsx (diunduh 2026-10-06),,,,250 mm,,,,,,D,,,
product.0_S_06_166_315000_00,All Bell Bend 11 1/4° - D 315 mm,FITTING PVC,FITTING · ALL BELL BEND 11 1/4°,5830,Export ERP master_product_updated.xlsx (diunduh 2026-10-06),,,,315 mm,,,,,,D,,,
product.0_S_06_166_355000_00,All Bell Bend 11 1/4° - D 355 mm,FITTING PVC,FITTING · ALL BELL BEND 11 1/4°,5831,Export ERP master_product_updated.xlsx (diunduh 2026-10-06),,,,355 mm,,,,,,D,,,
product.0_S_06_166_400000_00,All Bell Bend 11 1/4° - D 400 mm,FITTING PVC,FITTING · ALL BELL BEND 11 1/4°,5832,Export ERP master_product_updated.xlsx (diunduh 2026-10-06),,,,400 mm,,,,,,D,,,
product.0_S_06_166_450000_00,All Bell Bend 11 1/4° - D 450 mm,FITTING PVC,FITTING · ALL BELL BEND 11 1/4°,5833,Export ERP master_product_updated.xlsx (diunduh 2026-10-06),,,,450 mm,,,,,,D,,,
product.0_S_06_166_500000_00,All Bell Bend 11 1/4° - D 500 mm,FITTING PVC,FITTING · ALL BELL BEND 11 1/4°,5834,Export ERP master_product_updated.xlsx (diunduh 2026-10-06),,,,500 mm,,,,,,D,,,
product.0_S_06_166_630000_00,All Bell Bend 11 1/4° - D 630 mm,FITTING PVC,FITTING · ALL BELL BEND 11 1/4°,5835,Export ERP master_product_updated.xlsx (diunduh 2026-10-06),,,,630 mm,,,,,,D,,,
product.0_S_06_168_063000_00,All Bell Bend 22 1/2° - W 63 mm,FITTING PVC,FITTING · ALL BELL BEND 22 1/2°,5845,Export ERP master_product_updated.xlsx (diunduh 2026-10-06),,,,63 mm,,,,,,,,,
product.0_S_06_168_075000_00,All Bell Bend 22 1/2° - W 75 mm,FITTING PVC,FITTING · ALL BELL BEND 22 1/2°,5846,Export ERP master_product_updated.xlsx (diunduh 2026-10-06),,,,75 mm,,,,,,,,,
product.0_S_06_168_090000_00,All Bell Bend 22 1/2° - W 90 mm,FITTING PVC,FITTING · ALL BELL BEND 22 1/2°,5847,Export ERP master_product_updated.xlsx (diunduh 2026-10-06),,,,90 mm,,,,,,,,,
product.0_S_06_168_110000_00,All Bell Bend 22 1/2° - W 110 mm,FITTING PVC,FITTING · ALL BELL BEND 22 1/2°,5848,Export ERP master_product_updated.xlsx (diunduh 2026-10-06),,,,110 mm,,,,,,,,,
product.0_S_06_168_160000_00,All Bell Bend 22 1/2° - W 160 mm,FITTING PVC,FITTING · ALL BELL BEND 22 1/2°,5849,Export ERP master_product_updated.xlsx (diunduh 2026-10-06),,,,160 mm,,,,,,,,,
product.0_S_06_168_200000_00,All Bell Bend 22 1/2° - W 200 mm,FITTING PVC,FITTING · ALL BELL BEND 22 1/2°,5850,Export ERP master_product_updated.xlsx (diunduh 2026-10-06),,,,200 mm,,,,,,,,,
product.0_S_06_168_250000_00,All Bell Bend 22 1/2° - W 250 mm,FITTING PVC,FITTING · ALL BELL BEND 22 1/2°,5851,Export ERP master_product_updated.xlsx (diunduh 2026-10-06),,,,250 mm,,,,,,,,,
product.0_S_06_168_315000_00,All Bell Bend 22 1/2° - W 315 mm,FITTING PVC,FITTING · ALL BELL BEND 22 1/2°,5852,Export ERP master_product_updated.xlsx (diunduh 2026-10-06),,,,315 mm,,,,,,,,,
product.0_S_06_168_355000_00,All Bell Bend 22 1/2° - W 355 mm,FITTING PVC,FITTING · ALL BELL BEND 22 1/2°,5853,Export ERP master_product_updated.xlsx (diunduh 2026-10-06),,,,355 mm,,,,,,,,,
product.0_S_06_168_400000_00,All Bell Bend 22 1/2° - W 400 mm,FITTING PVC,FITTING · ALL BELL BEND 22 1/2°,5854,Export ERP master_product_updated.xlsx (diunduh 2026-10-06),,,,400 mm,,,,,,,,,
product.0_S_06_168_450000_00,All Bell Bend 22 1/2° - W 450 mm,FITTING PVC,FITTING · ALL BELL BEND 22 1/2°,5855,Export ERP master_product_updated.xlsx (diunduh 2026-10-06),,,,450 mm,,,,,,,,,
product.0_S_06_168_500000_00,All Bell Bend 22 1/2° - W 500 mm,FITTING PVC,FITTING · ALL BELL BEND 22 1/2°,5856,Export ERP master_product_updated.xlsx (diunduh 2026-10-06),,,,500 mm,,,,,,,,,
product.0_S_06_168_630000_00,All Bell Bend 22 1/2° - W 630 mm,FITTING PVC,FITTING · ALL BELL BEND 22 1/2°,5857,Export ERP master_product_updated.xlsx (diunduh 2026-10-06),,,,630 mm,,,,,,,,,
product.0_S_06_171_063000_00,All Bell Bend 45° - W 63 mm,FITTING PVC,FITTING · ALL BELL BEND 45°,5876,Export ERP master_product_updated.xlsx (diunduh 2026-10-06),,,,63 mm,,,,,,,,,
product.0_S_06_171_075000_00,All Bell Bend 45° - W 75 mm,FITTING PVC,FITTING · ALL BELL BEND 45°,5877,Export ERP master_product_updated.xlsx (diunduh 2026-10-06),,,,75 mm,,,,,,,,,
product.0_S_06_171_090000_00,All Bell Bend 45° - W 90 mm,FITTING PVC,FITTING · ALL BELL BEND 45°,5878,Export ERP master_product_updated.xlsx (diunduh 2026-10-06),,,,90 mm,,,,,,,,,
product.0_S_06_171_110000_00,All Bell Bend 45° - W 110 mm,FITTING PVC,FITTING · ALL BELL BEND 45°,5879,Export ERP master_product_updated.xlsx (diunduh 2026-10-06),,,,110 mm,,,,,,,,,
product.0_S_06_171_160000_00,All Bell Bend 45° - W 160 mm,FITTING PVC,FITTING · ALL BELL BEND 45°,5880,Export ERP master_product_updated.xlsx (diunduh 2026-10-06),,,,160 mm,,,,,,,,,
product.0_S_06_171_200000_00,All Bell Bend 45° - W 200 mm,FITTING PVC,FITTING · ALL BELL BEND 45°,5881,Export ERP master_product_updated.xlsx (diunduh 2026-10-06),,,,200 mm,,,,,,,,,
product.0_S_06_171_250000_00,All Bell Bend 45° - W 250 mm,FITTING PVC,FITTING · ALL BELL BEND 45°,5882,Export ERP master_product_updated.xlsx (diunduh 2026-10-06),,,,250 mm,,,,,,,,,
product.0_S_06_171_315000_00,All Bell Bend 45° - W 315 mm,FITTING PVC,FITTING · ALL BELL BEND 45°,5883,Export ERP master_product_updated.xlsx (diunduh 2026-10-06),,,,315 mm,,,,,,,,,
product.0_S_06_171_355000_00,All Bell Bend 45° - W 355 mm,FITTING PVC,FITTING · ALL BELL BEND 45°,5884,Export ERP master_product_updated.xlsx (diunduh 2026-10-06),,,,355 mm,,,,,,,,,
product.0_S_06_171_400000_00,All Bell Bend 45° - W 400 mm,FITTING PVC,FITTING · ALL BELL BEND 45°,5885,Export ERP master_product_updated.xlsx (diunduh 2026-10-06),,,,400 mm,,,,,,,,,
product.0_S_06_171_450000_00,All Bell Bend 45° - W 450 mm,FITTING PVC,FITTING · ALL BELL BEND 45°,5886,Export ERP master_product_updated.xlsx (diunduh 2026-10-06),,,,450 mm,,,,,,,,,
product.0_S_06_171_500000_00,All Bell Bend 45° - W 500 mm,FITTING PVC,FITTING · ALL BELL BEND 45°,5887,Export ERP master_product_updated.xlsx (diunduh 2026-10-06),,,,500 mm,,,,,,,,,
product.0_S_06_171_630000_00,All Bell Bend 45° - W 630 mm,FITTING PVC,FITTING · ALL BELL BEND 45°,5888,Export ERP master_product_updated.xlsx (diunduh 2026-10-06),,,,630 mm,,,,,,,,,
product.0_S_06_173_063000_00,All Bell Bend 45° - D 63 mm,FITTING PVC,FITTING · ALL BELL BEND 45°,5898,Export ERP master_product_updated.xlsx (diunduh 2026-10-06),,,,63 mm,,,,,,D,,,
product.0_S_06_173_075000_00,All Bell Bend 45° - D 75 mm,FITTING PVC,FITTING · ALL BELL BEND 45°,5899,Export ERP master_product_updated.xlsx (diunduh 2026-10-06),,,,75 mm,,,,,,D,,,
product.0_S_06_173_090000_00,All Bell Bend 45° - D 90 mm,FITTING PVC,FITTING · ALL BELL BEND 45°,5900,Export ERP master_product_updated.xlsx (diunduh 2026-10-06),,,,90 mm,,,,,,D,,,
product.0_S_06_173_110000_00,All Bell Bend 45° - D 110 mm,FITTING PVC,FITTING · ALL BELL BEND 45°,5901,Export ERP master_product_updated.xlsx (diunduh 2026-10-06),,,,110 mm,,,,,,D,,,
__export__.product_product_19607,All Bell Bend 45° - D 110 mm Coklat,FITTING PVC,FITTING · ALL BELL BEND 45°,5902,Export ERP master_product_updated.xlsx (diunduh 2026-10-06),Warna: Coklat,,,110 mm,,,,,,D,,,
product.0_S_06_173_160000_00,All Bell Bend 45° - D 160 mm,FITTING PVC,FITTING · ALL BELL BEND 45°,5903,Export ERP master_product_updated.xlsx (diunduh 2026-10-06),,,,160 mm,,,,,,D,,,
product.0_S_06_173_200000_00,All Bell Bend 45° - D 200 mm,FITTING PVC,FITTING · ALL BELL BEND 45°,5904,Export ERP master_product_updated.xlsx (diunduh 2026-10-06),,,,200 mm,,,,,,D,,,
product.0_S_06_173_250000_00,All Bell Bend 45° - D 250 mm,FITTING PVC,FITTING · ALL BELL BEND 45°,5905,Export ERP master_product_updated.xlsx (diunduh 2026-10-06),,,,250 mm,,,,,,D,,,
product.0_S_06_173_355000_00,All Bell Bend 45° - D 355 mm,FITTING PVC,FITTING · ALL BELL BEND 45°,5906,Export ERP master_product_updated.xlsx (diunduh 2026-10-06),,,,355 mm,,,,,,D,,,
product.0_S_06_173_400000_00,All Bell Bend 45° - D 400 mm,FITTING PVC,FITTING · ALL BELL BEND 45°,5907,Export ERP master_product_updated.xlsx (diunduh 2026-10-06),,,,400 mm,,,,,,D,,,
product.0_S_06_173_450000_00,All Bell Bend 45° - D 450 mm,FITTING PVC,FITTING · ALL BELL BEND 45°,5908,Export ERP master_product_updated.xlsx (diunduh 2026-10-06),,,,450 mm,,,,,,D,,,
product.0_S_06_173_500000_00,All Bell Bend 45° - D 500 mm,FITTING PVC,FITTING · ALL BELL BEND 45°,5909,Export ERP master_product_updated.xlsx (diunduh 2026-10-06),,,,500 mm,,,,,,D,,,
product.0_S_06_173_630000_00,All Bell Bend 45° - D 630 mm,FITTING PVC,FITTING · ALL BELL BEND 45°,5910,Export ERP master_product_updated.xlsx (diunduh 2026-10-06),,,,630 mm,,,,,,D,,,
product.0_S_06_175_063000_00,All Bell Bend 90° - W 63 mm,FITTING PVC,FITTING · ALL BELL BEND 90°,5922,Export ERP master_product_updated.xlsx (diunduh 2026-10-06),,,,63 mm,,,,,,,,,
product.0_S_06_175_075000_00,All Bell Bend 90° - W 75 mm,FITTING PVC,FITTING · ALL BELL BEND 90°,5923,Export ERP master_product_updated.xlsx (diunduh 2026-10-06),,,,75 mm,,,,,,,,,
product.0_S_06_175_090000_00,All Bell Bend 90° - W 90 mm,FITTING PVC,FITTING · ALL BELL BEND 90°,5924,Export ERP master_product_updated.xlsx (diunduh 2026-10-06),,,,90 mm,,,,,,,,,
product.0_S_06_175_110000_00,All Bell Bend 90° - W 110 mm,FITTING PVC,FITTING · ALL BELL BEND 90°,5925,Export ERP master_product_updated.xlsx (diunduh 2026-10-06),,,,110 mm,,,,,,,,,
product.0_S_06_175_160000_00,All Bell Bend 90° - W 160 mm,FITTING PVC,FITTING · ALL BELL BEND 90°,5926,Export ERP master_product_updated.xlsx (diunduh 2026-10-06),,,,160 mm,,,,,,,,,
product.0_S_06_175_200000_00,All Bell Bend 90° - W 200 mm,FITTING PVC,FITTING · ALL BELL BEND 90°,5927,Export ERP master_product_updated.xlsx (diunduh 2026-10-06),,,,200 mm,,,,,,,,,
product.0_S_06_175_250000_00,All Bell Bend 90° - W 250 mm,FITTING PVC,FITTING · ALL BELL BEND 90°,5928,Export ERP master_product_updated.xlsx (diunduh 2026-10-06),,,,250 mm,,,,,,,,,
product.0_S_06_175_315000_00,All Bell Bend 90° - W 315 mm,FITTING PVC,FITTING · ALL BELL BEND 90°,5929,Export ERP master_product_updated.xlsx (diunduh 2026-10-06),,,,315 mm,,,,,,,,,
product.0_S_06_175_355000_00,All Bell Bend 90° - W 355 mm,FITTING PVC,FITTING · ALL BELL BEND 90°,5930,Export ERP master_product_updated.xlsx (diunduh 2026-10-06),,,,355 mm,,,,,,,,,
product.0_S_06_175_400000_00,All Bell Bend 90° - W 400 mm,FITTING PVC,FITTING · ALL BELL BEND 90°,5931,Export ERP master_product_updated.xlsx (diunduh 2026-10-06),,,,400 mm,,,,,,,,,
product.0_S_06_175_450000_00,All Bell Bend 90° - W 450 mm,FITTING PVC,FITTING · ALL BELL BEND 90°,5932,Export ERP master_product_updated.xlsx (diunduh 2026-10-06),,,,450 mm,,,,,,,,,
product.0_S_06_175_500000_00,All Bell Bend 90° - W 500 mm,FITTING PVC,FITTING · ALL BELL BEND 90°,5933,Export ERP master_product_updated.xlsx (diunduh 2026-10-06),,,,500 mm,,,,,,,,,
product.0_S_06_175_630000_00,All Bell Bend 90° - W 630 mm,FITTING PVC,FITTING · ALL BELL BEND 90°,5934,Export ERP master_product_updated.xlsx (diunduh 2026-10-06),,,,630 mm,,,,,,,,,
product.0_S_06_177_063000_00,All Bell Bend 90° - D 63 mm,FITTING PVC,FITTING · ALL BELL BEND 90°,5944,Export ERP master_product_updated.xlsx (diunduh 2026-10-06),,,,63 mm,,,,,,D,,,
product.0_S_06_177_075000_00,All Bell Bend 90° - D 75 mm,FITTING PVC,FITTING · ALL BELL BEND 90°,5945,Export ERP master_product_updated.xlsx (diunduh 2026-10-06),,,,75 mm,,,,,,D,,,
product.0_S_06_177_090000_00,All Bell Bend 90° - D 90 mm,FITTING PVC,FITTING · ALL BELL BEND 90°,5946,Export ERP master_product_updated.xlsx (diunduh 2026-10-06),,,,90 mm,,,,,,D,,,
product.0_S_06_177_110000_00,All Bell Bend 90° - D 110 mm,FITTING PVC,FITTING · ALL BELL BEND 90°,5947,Export ERP master_product_updated.xlsx (diunduh 2026-10-06),,,,110 mm,,,,,,D,,,
__export__.product_product_19606,All Bell Bend 90° - D 110 mm Coklat,FITTING PVC,FITTING · ALL BELL BEND 90°,5948,Export ERP master_product_updated.xlsx (diunduh 2026-10-06),Warna: Coklat,,,110 mm,,,,,,D,,,
product.0_S_06_177_160000_00,All Bell Bend 90° - D 160 mm,FITTING PVC,FITTING · ALL BELL BEND 90°,5949,Export ERP master_product_updated.xlsx (diunduh 2026-10-06),,,,160 mm,,,,,,D,,,
product.0_S_06_177_200000_00,All Bell Bend 90° - D 200 mm,FITTING PVC,FITTING · ALL BELL BEND 90°,5950,Export ERP master_product_updated.xlsx (diunduh 2026-10-06),,,,200 mm,,,,,,D,,,
product.0_S_06_177_250000_00,All Bell Bend 90° - D 250 mm,FITTING PVC,FITTING · ALL BELL BEND 90°,5951,Export ERP master_product_updated.xlsx (diunduh 2026-10-06),,,,250 mm,,,,,,D,,,
__export__.product_product_16423,All Bell Bend 90° - D 250 mm Coklat,FITTING PVC,FITTING · ALL BELL BEND 90°,5952,Export ERP master_product_updated.xlsx (diunduh 2026-10-06),Warna: Coklat,,,250 mm,,,,,,D,,,
product.0_S_06_177_315000_00,All Bell Bend 90° - D 315 mm,FITTING PVC,FITTING · ALL BELL BEND 90°,5953,Export ERP master_product_updated.xlsx (diunduh 2026-10-06),,,,315 mm,,,,,,D,,,
product.0_S_06_177_355000_00,All Bell Bend 90° - D 355 mm,FITTING PVC,FITTING · ALL BELL BEND 90°,5954,Export ERP master_product_updated.xlsx (diunduh 2026-10-06),,,,355 mm,,,,,,D,,,
product.0_S_06_177_400000_00,All Bell Bend 90° - D 400 mm,FITTING PVC,FITTING · ALL BELL BEND 90°,5955,Export ERP master_product_updated.xlsx (diunduh 2026-10-06),,,,400 mm,,,,,,D,,,
product.0_S_06_177_450000_00,All Bell Bend 90° - D 450 mm,FITTING PVC,FITTING · ALL BELL BEND 90°,5956,Export ERP master_product_updated.xlsx (diunduh 2026-10-06),,,,450 mm,,,,,,D,,,
product.0_S_06_177_500000_00,All Bell Bend 90° - D 500 mm,FITTING PVC,FITTING · ALL BELL BEND 90°,5957,Export ERP master_product_updated.xlsx (diunduh 2026-10-06),,,,500 mm,,,,,,D,,,
product.0_S_06_177_630000_00,All Bell Bend 90° - D 630 mm,FITTING PVC,FITTING · ALL BELL BEND 90°,5958,Export ERP master_product_updated.xlsx (diunduh 2026-10-06),,,,630 mm,,,,,,D,,,
__export__.product_product_16169,Large Radius Elbow DV 110 mm,FITTING PVC,FITTING · LARGE RADIUS ELBOW,5959,Export ERP master_product_updated.xlsx (diunduh 2026-10-06),,,,110 mm,,,,,,,,,
__export__.product_product_16927,Large Radius Elbow DV 110 mm Coklat,FITTING PVC,FITTING · LARGE RADIUS ELBOW,5960,Export ERP master_product_updated.xlsx (diunduh 2026-10-06),Warna: Coklat,,,110 mm,,,,,,,,,
__export__.product_product_17634,Tee All Flange - W 160 x 90 mm (Flange Standar JIS),FITTING PVC,FITTING · TEE ALL FLANGE,5961,Export ERP master_product_updated.xlsx (diunduh 2026-10-06),,,,90 mm; 160 mm,,,,,,,,,
product.0_S_06_185_063000_00,Repairing Bell Socket - D 63 mm,FITTING PVC,FITTING · REPAIRING BELL SOCKET,5971,Export ERP master_product_updated.xlsx (diunduh 2026-10-06),,,,63 mm,,,,,,D,,,
product.0_S_06_185_075000_00,Repairing Bell Socket - D 75 mm,FITTING PVC,FITTING · REPAIRING BELL SOCKET,5972,Export ERP master_product_updated.xlsx (diunduh 2026-10-06),,,,75 mm,,,,,,D,,,
product.0_S_06_185_090000_00,Repairing Bell Socket - D 90 mm,FITTING PVC,FITTING · REPAIRING BELL SOCKET,5973,Export ERP master_product_updated.xlsx (diunduh 2026-10-06),,,,90 mm,,,,,,D,,,
product.0_S_06_185_110000_00,Repairing Bell Socket - D 110 mm,FITTING PVC,FITTING · REPAIRING BELL SOCKET,5974,Export ERP master_product_updated.xlsx (diunduh 2026-10-06),,,,110 mm,,,,,,D,,,
__export__.product_product_16886,Repairing Bell Socket - D 110 mm Coklat,FITTING PVC,FITTING · REPAIRING BELL SOCKET,5975,Export ERP master_product_updated.xlsx (diunduh 2026-10-06),Warna: Coklat,,,110 mm,,,,,,D,,,
product.0_S_06_185_160000_00,Repairing Bell Socket - D 160 mm,FITTING PVC,FITTING · REPAIRING BELL SOCKET,5976,Export ERP master_product_updated.xlsx (diunduh 2026-10-06),,,,160 mm,,,,,,D,,,
__export__.product_product_16919,Repairing Bell Socket - D 160 mm ( Coklat ),FITTING PVC,FITTING · REPAIRING BELL SOCKET,5977,Export ERP master_product_updated.xlsx (diunduh 2026-10-06),Warna: Coklat,,,160 mm,,,,,,D,,,
product.0_S_06_185_200000_00,Repairing Bell Socket - D 200 mm,FITTING PVC,FITTING · REPAIRING BELL SOCKET,5978,Export ERP master_product_updated.xlsx (diunduh 2026-10-06),,,,200 mm,,,,,,D,,,
__export__.product_product_16920,Repairing Bell Socket - D 200 mm ( Coklat ),FITTING PVC,FITTING · REPAIRING BELL SOCKET,5979,Export ERP master_product_updated.xlsx (diunduh 2026-10-06),Warna: Coklat,,,200 mm,,,,,,D,,,
product.0_S_06_185_250000_00,Repairing Bell Socket - D 250 mm,FITTING PVC,FITTING · REPAIRING BELL SOCKET,5980,Export ERP master_product_updated.xlsx (diunduh 2026-10-06),,,,250 mm,,,,,,D,,,
__export__.product_product_16986,Repairing Bell Socket - D 250 mm Coklat,FITTING PVC,FITTING · REPAIRING BELL SOCKET,5981,Export ERP master_product_updated.xlsx (diunduh 2026-10-06),Warna: Coklat,,,250 mm,,,,,,D,,,
product.0_S_06_185_315000_00,Repairing Bell Socket - D 315 mm,FITTING PVC,FITTING · REPAIRING BELL SOCKET,5982,Export ERP master_product_updated.xlsx (diunduh 2026-10-06),,,,315 mm,,,,,,D,,,
product.0_S_06_185_400000_00,Repairing Bell Socket - D 400 mm,FITTING PVC,FITTING · REPAIRING BELL SOCKET,5983,Export ERP master_product_updated.xlsx (diunduh 2026-10-06),,,,400 mm,,,,,,D,,,
product.0_S_06_185_450000_00,Repairing Bell Socket - D 450 mm,FITTING PVC,FITTING · REPAIRING BELL SOCKET,5984,Export ERP master_product_updated.xlsx (diunduh 2026-10-06),,,,450 mm,,,,,,D,,,
product.0_S_06_185_500000_00,Repairing Bell Socket - D 500 mm,FITTING PVC,FITTING · REPAIRING BELL SOCKET,5985,Export ERP master_product_updated.xlsx (diunduh 2026-10-06),,,,500 mm,,,,,,D,,,
product.0_S_06_185_630000_00,Repairing Bell Socket - D 630 mm,FITTING PVC,FITTING · REPAIRING BELL SOCKET,5986,Export ERP master_product_updated.xlsx (diunduh 2026-10-06),,,,630 mm,,,,,,D,,,
product.0_S_06_188_050000_00,Repairing Socket - D 50 mm,FITTING PVC,FITTING · REPAIRING SOCKET,6014,Export ERP master_product_updated.xlsx (diunduh 2026-10-06),,,,50 mm,,,,,,D,,,
product.0_S_06_188_063000_00,Repairing Socket - D 63 mm,FITTING PVC,FITTING · REPAIRING SOCKET,6015,Export ERP master_product_updated.xlsx (diunduh 2026-10-06),,,,63 mm,,,,,,D,,,
product.0_S_06_188_075000_00,Repairing Socket - D 75 mm,FITTING PVC,FITTING · REPAIRING SOCKET,6016,Export ERP master_product_updated.xlsx (diunduh 2026-10-06),,,,75 mm,,,,,,D,,,
product.0_S_06_188_090000_00,Repairing Socket - D 90 mm,FITTING PVC,FITTING · REPAIRING SOCKET,6017,Export ERP master_product_updated.xlsx (diunduh 2026-10-06),,,,90 mm,,,,,,D,,,
product.0_S_06_188_110000_00,Repairing Socket - D 110 mm,FITTING PVC,FITTING · REPAIRING SOCKET,6018,Export ERP master_product_updated.xlsx (diunduh 2026-10-06),,,,110 mm,,,,,,D,,,
product.0_S_06_188_140000_00,Repairing Socket - D 140 mm,FITTING PVC,FITTING · REPAIRING SOCKET,6019,Export ERP master_product_updated.xlsx (diunduh 2026-10-06),,,,140 mm,,,,,,D,,,
product.0_S_06_188_160000_00,Repairing Socket - D 160 mm,FITTING PVC,FITTING · REPAIRING SOCKET,6020,Export ERP master_product_updated.xlsx (diunduh 2026-10-06),,,,160 mm,,,,,,D,,,
product.0_S_06_188_200000_00,Repairing Socket - D 200 mm,FITTING PVC,FITTING · REPAIRING SOCKET,6021,Export ERP master_product_updated.xlsx (diunduh 2026-10-06),,,,200 mm,,,,,,D,,,
product.0_S_06_188_250000_00,Repairing Socket - D 250 mm,FITTING PVC,FITTING · REPAIRING SOCKET,6022,Export ERP master_product_updated.xlsx (diunduh 2026-10-06),,,,250 mm,,,,,,D,,,
product.0_S_06_188_315000_00,Repairing Socket - D 315 mm,FITTING PVC,FITTING · REPAIRING SOCKET,6023,Export ERP master_product_updated.xlsx (diunduh 2026-10-06),,,,315 mm,,,,,,D,,,
product.0_S_06_188_355000_00,Repairing Socket - D 355 mm,FITTING PVC,FITTING · REPAIRING SOCKET,6024,Export ERP master_product_updated.xlsx (diunduh 2026-10-06),,,,355 mm,,,,,,D,,,
product.0_S_06_188_400000_00,Repairing Socket - D 400 mm,FITTING PVC,FITTING · REPAIRING SOCKET,6025,Export ERP master_product_updated.xlsx (diunduh 2026-10-06),,,,400 mm,,,,,,D,,,
product.0_S_06_188_450000_00,Repairing Socket - D 450 mm,FITTING PVC,FITTING · REPAIRING SOCKET,6026,Export ERP master_product_updated.xlsx (diunduh 2026-10-06),,,,450 mm,,,,,,D,,,
product.0_S_06_188_500000_00,Repairing Socket - D 500 mm,FITTING PVC,FITTING · REPAIRING SOCKET,6027,Export ERP master_product_updated.xlsx (diunduh 2026-10-06),,,,500 mm,,,,,,D,,,
product.0_S_06_188_630000_00,Repairing Socket - D 630 mm,FITTING PVC,FITTING · REPAIRING SOCKET,6028,Export ERP master_product_updated.xlsx (diunduh 2026-10-06),,,,630 mm,,,,,,D,,,
__export__.product_product_16143,Repairing Socket - ASTM 160 mm,FITTING PVC,FITTING · REPAIRING SOCKET - ASTM,6029,Export ERP master_product_updated.xlsx (diunduh 2026-10-06),,,,160 mm,,,,,,,,,
__export__.product_product_16141,Repairing Socket - ASTM 200 mm,FITTING PVC,FITTING · REPAIRING SOCKET - ASTM,6030,Export ERP master_product_updated.xlsx (diunduh 2026-10-06),,,,200 mm,,,,,,,,,
__export__.product_product_16142,Reducer Socket - ASTM 200 x 160 mm,FITTING PVC,FITTING · REDUCER SOCKET - ASTM,6031,Export ERP master_product_updated.xlsx (diunduh 2026-10-06),,,,160 mm; 200 mm,,,,,,,,,
product.0_S_06_195_032000_00,Clean Out Cap - W 32 mm,FITTING PVC,FITTING · CLEAN OUT CAP,6041,Export ERP master_product_updated.xlsx (diunduh 2026-10-06),,,,32 mm,,,,,,,,,
product.0_S_06_195_050000_00,Clean Out Cap - W 50 mm,FITTING PVC,FITTING · CLEAN OUT CAP,6042,Export ERP master_product_updated.xlsx (diunduh 2026-10-06),,,,50 mm,,,,,,,,,
product.0_S_06_195_063000_00,Clean Out Cap - W 63 mm,FITTING PVC,FITTING · CLEAN OUT CAP,6043,Export ERP master_product_updated.xlsx (diunduh 2026-10-06),,,,63 mm,,,,,,,,,
product.0_S_06_195_075000_00,Clean Out Cap - W 75 mm,FITTING PVC,FITTING · CLEAN OUT CAP,6044,Export ERP master_product_updated.xlsx (diunduh 2026-10-06),,,,75 mm,,,,,,,,,
__export__.product_product_17899,Clean Out Cap - W 90 mm,FITTING PVC,FITTING · CLEAN OUT CAP,6045,Export ERP master_product_updated.xlsx (diunduh 2026-10-06),,,,90 mm,,,,,,,,,
product.0_S_06_195_110000_00,Clean Out Cap - W 110 mm,FITTING PVC,FITTING · CLEAN OUT CAP,6046,Export ERP master_product_updated.xlsx (diunduh 2026-10-06),,,,110 mm,,,,,,,,,
product.0_S_06_195_160000_00,Clean Out Cap - W 160 mm,FITTING PVC,FITTING · CLEAN OUT CAP,6047,Export ERP master_product_updated.xlsx (diunduh 2026-10-06),,,,160 mm,,,,,,,,,
product.0_S_06_195_200000_00,Clean Out Cap - W 200 mm,FITTING PVC,FITTING · CLEAN OUT CAP,6048,Export ERP master_product_updated.xlsx (diunduh 2026-10-06),,,,200 mm,,,,,,,,,
product.0_S_06_195_250000_00,Clean Out Cap - W 250 mm,FITTING PVC,FITTING · CLEAN OUT CAP,6049,Export ERP master_product_updated.xlsx (diunduh 2026-10-06),,,,250 mm,,,,,,,,,
product.0_S_06_195_315000_00,Clean Out Cap - W 315 mm,FITTING PVC,FITTING · CLEAN OUT CAP,6050,Export ERP master_product_updated.xlsx (diunduh 2026-10-06),,,,315 mm,,,,,,,,,
product.0_S_06_195_355000_00,Clean Out Cap - W 355 mm,FITTING PVC,FITTING · CLEAN OUT CAP,6051,Export ERP master_product_updated.xlsx (diunduh 2026-10-06),,,,355 mm,,,,,,,,,
product.0_S_06_195_400000_00,Clean Out Cap - W 400 mm,FITTING PVC,FITTING · CLEAN OUT CAP,6052,Export ERP master_product_updated.xlsx (diunduh 2026-10-06),,,,400 mm,,,,,,,,,
product.0_S_06_195_450000_00,Clean Out Cap - W 450 mm,FITTING PVC,FITTING · CLEAN OUT CAP,6053,Export ERP master_product_updated.xlsx (diunduh 2026-10-06),,,,450 mm,,,,,,,,,
product.0_S_06_195_500000_00,Clean Out Cap - W 500 mm,FITTING PVC,FITTING · CLEAN OUT CAP,6054,Export ERP master_product_updated.xlsx (diunduh 2026-10-06),,,,500 mm,,,,,,,,,
product.0_S_06_195_630000_00,Clean Out Cap - W 630 mm,FITTING PVC,FITTING · CLEAN OUT CAP,6055,Export ERP master_product_updated.xlsx (diunduh 2026-10-06),,,,630 mm,,,,,,,,,
product.0_S_06_197_050000_00,Clean Out Cap - D 50 mm,FITTING PVC,FITTING · CLEAN OUT CAP,6070,Export ERP master_product_updated.xlsx (diunduh 2026-10-06),,,,50 mm,,,,,,D,,,
product.0_S_06_197_063000_00,Clean Out Cap - D 63 mm,FITTING PVC,FITTING · CLEAN OUT CAP,6071,Export ERP master_product_updated.xlsx (diunduh 2026-10-06),,,,63 mm,,,,,,D,,,
product.0_S_06_197_075000_00,Clean Out Cap - D 75 mm,FITTING PVC,FITTING · CLEAN OUT CAP,6072,Export ERP master_product_updated.xlsx (diunduh 2026-10-06),,,,75 mm,,,,,,D,,,
__export__.product_product_17898,Clean Out Cap - D 90 mm,FITTING PVC,FITTING · CLEAN OUT CAP,6073,Export ERP master_product_updated.xlsx (diunduh 2026-10-06),,,,90 mm,,,,,,D,,,
product.0_S_06_197_110000_00,Clean Out Cap - D 110 mm,FITTING PVC,FITTING · CLEAN OUT CAP,6074,Export ERP master_product_updated.xlsx (diunduh 2026-10-06),,,,110 mm,,,,,,D,,,
product.0_S_06_197_160000_00,Clean Out Cap - D 160 mm,FITTING PVC,FITTING · CLEAN OUT CAP,6075,Export ERP master_product_updated.xlsx (diunduh 2026-10-06),,,,160 mm,,,,,,D,,,
product.0_S_06_197_200000_00,Clean Out Cap - D 200 mm,FITTING PVC,FITTING · CLEAN OUT CAP,6076,Export ERP master_product_updated.xlsx (diunduh 2026-10-06),,,,200 mm,,,,,,D,,,
product.0_S_06_197_250000_00,Clean Out Cap - D 250 mm,FITTING PVC,FITTING · CLEAN OUT CAP,6077,Export ERP master_product_updated.xlsx (diunduh 2026-10-06),,,,250 mm,,,,,,D,,,
product.0_S_06_197_315000_00,Clean Out Cap - D 315 mm,FITTING PVC,FITTING · CLEAN OUT CAP,6078,Export ERP master_product_updated.xlsx (diunduh 2026-10-06),,,,315 mm,,,,,,D,,,
product.0_S_06_197_355000_00,Clean Out Cap - D 355 mm,FITTING PVC,FITTING · CLEAN OUT CAP,6079,Export ERP master_product_updated.xlsx (diunduh 2026-10-06),,,,355 mm,,,,,,D,,,
product.0_S_06_197_400000_00,Clean Out Cap - D 400 mm,FITTING PVC,FITTING · CLEAN OUT CAP,6080,Export ERP master_product_updated.xlsx (diunduh 2026-10-06),,,,400 mm,,,,,,D,,,
product.0_S_06_197_450000_00,Clean Out Cap - D 450 mm,FITTING PVC,FITTING · CLEAN OUT CAP,6081,Export ERP master_product_updated.xlsx (diunduh 2026-10-06),,,,450 mm,,,,,,D,,,
product.0_S_06_197_500000_00,Clean Out Cap - D 500 mm,FITTING PVC,FITTING · CLEAN OUT CAP,6082,Export ERP master_product_updated.xlsx (diunduh 2026-10-06),,,,500 mm,,,,,,D,,,
product.0_S_06_197_630000_00,Clean Out Cap - D 630 mm,FITTING PVC,FITTING · CLEAN OUT CAP,6083,Export ERP master_product_updated.xlsx (diunduh 2026-10-06),,,,630 mm,,,,,,D,,,
product.0_S_06_200_063000_00,TY - D 63 mm,FITTING PVC,FITTING · TY,6101,Export ERP master_product_updated.xlsx (diunduh 2026-10-06),,,,63 mm,,,,,,D,,,
product.0_S_06_200_090000_00,TY - D 90 mm,FITTING PVC,FITTING · TY,6102,Export ERP master_product_updated.xlsx (diunduh 2026-10-06),,,,90 mm,,,,,,D,,,
__export__.product_product_16833,TY - D 90 mm Coklat,FITTING PVC,FITTING · TY,6103,Export ERP master_product_updated.xlsx (diunduh 2026-10-06),Warna: Coklat,,,90 mm,,,,,,D,,,
product.0_S_06_200_090050_00,TY - D 90 x 50 mm,FITTING PVC,FITTING · TY,6104,Export ERP master_product_updated.xlsx (diunduh 2026-10-06),,,,50 mm; 90 mm,,,,,,D,,,
product.0_S_06_200_090063_00,TY - D 90 x 63 mm,FITTING PVC,FITTING · TY,6105,Export ERP master_product_updated.xlsx (diunduh 2026-10-06),,,,63 mm; 90 mm,,,,,,D,,,
product.0_S_06_200_110110_00,TY - D 110 mm,FITTING PVC,FITTING · TY,6106,Export ERP master_product_updated.xlsx (diunduh 2026-10-06),,,,110 mm,,,,,,D,,,
__export__.product_product_16695,TY - D 110 mm Coklat,FITTING PVC,FITTING · TY,6107,Export ERP master_product_updated.xlsx (diunduh 2026-10-06),Warna: Coklat,,,110 mm,,,,,,D,,,
__export__.product_product_15485,TY - D 110 x 90 mm,FITTING PVC,FITTING · TY,6108,Export ERP master_product_updated.xlsx (diunduh 2026-10-06),,,,90 mm; 110 mm,,,,,,D,,,
__export__.product_product_16696,TY - D 110 x 90 mm Coklat,FITTING PVC,FITTING · TY,6109,Export ERP master_product_updated.xlsx (diunduh 2026-10-06),Warna: Coklat,,,90 mm; 110 mm,,,,,,D,,,
product.0_S_06_200_160160_00,TY - D 160 mm,FITTING PVC,FITTING · TY,6110,Export ERP master_product_updated.xlsx (diunduh 2026-10-06),,,,160 mm,,,,,,D,,,
__export__.product_product_16432,TY - D 160 mm Coklat,FITTING PVC,FITTING · TY,6111,Export ERP master_product_updated.xlsx (diunduh 2026-10-06),Warna: Coklat,,,160 mm,,,,,,D,,,
product.0_S_06_200_160063_00,TY - D 160 x 63 mm,FITTING PVC,FITTING · TY,6112,Export ERP master_product_updated.xlsx (diunduh 2026-10-06),,,,63 mm; 160 mm,,,,,,D,,,
product.0_S_06_200_160090_00,TY - D 160 x 90 mm,FITTING PVC,FITTING · TY,6113,Export ERP master_product_updated.xlsx (diunduh 2026-10-06),,,,90 mm; 160 mm,,,,,,D,,,
product.0_S_06_200_160110_00,TY - D 160 x 110 mm,FITTING PVC,FITTING · TY,6114,Export ERP master_product_updated.xlsx (diunduh 2026-10-06),,,,110 mm; 160 mm,,,,,,D,,,
__export__.product_product_16788,TY - D 160 x 110 mm Coklat,FITTING PVC,FITTING · TY,6115,Export ERP master_product_updated.xlsx (diunduh 2026-10-06),Warna: Coklat,,,110 mm; 160 mm,,,,,,D,,,
__export__.product_product_16435,TY - D 200 mm Coklat,FITTING PVC,FITTING · TY,6116,Export ERP master_product_updated.xlsx (diunduh 2026-10-06),Warna: Coklat,,,200 mm,,,,,,D,,,
product.0_S_06_200_200090_00,TY - D 200 x 90 mm,FITTING PVC,FITTING · TY,6117,Export ERP master_product_updated.xlsx (diunduh 2026-10-06),,,,90 mm; 200 mm,,,,,,D,,,
product.0_S_06_200_200110_00,TY - D 200 x 110 mm,FITTING PVC,FITTING · TY,6118,Export ERP master_product_updated.xlsx (diunduh 2026-10-06),,,,110 mm; 200 mm,,,,,,D,,,
__export__.product_product_16431,TY - D 200 x 110 mm Coklat,FITTING PVC,FITTING · TY,6119,Export ERP master_product_updated.xlsx (diunduh 2026-10-06),Warna: Coklat,,,110 mm; 200 mm,,,,,,D,,,
product.0_S_06_200_200160_00,TY - D 200 x 160 mm,FITTING PVC,FITTING · TY,6121,Export ERP master_product_updated.xlsx (diunduh 2026-10-06),,,,160 mm; 200 mm,,,,,,D,,,
__export__.product_product_16613,TY - D 250 mm,FITTING PVC,FITTING · TY,6122,Export ERP master_product_updated.xlsx (diunduh 2026-10-06),,,,250 mm,,,,,,D,,,
__export__.product_product_17056,TY - D 250 x 110 mm,FITTING PVC,FITTING · TY,6123,Export ERP master_product_updated.xlsx (diunduh 2026-10-06),,,,110 mm; 250 mm,,,,,,D,,,
product.0_S_06_200_250160_00,TY - D 250 x 160 mm,FITTING PVC,FITTING · TY,6124,Export ERP master_product_updated.xlsx (diunduh 2026-10-06),,,,160 mm; 250 mm,,,,,,D,,,
__export__.product_product_19669,TY - D 250 x 160 mm Coklat,FITTING PVC,FITTING · TY,6125,Export ERP master_product_updated.xlsx (diunduh 2026-10-06),Warna: Coklat,,,160 mm; 250 mm,,,,,,D,,,
product.0_S_06_200_250200_00,TY - D 250 x 200 mm,FITTING PVC,FITTING · TY,6126,Export ERP master_product_updated.xlsx (diunduh 2026-10-06),,,,200 mm; 250 mm,,,,,,D,,,
__export__.product_product_15985,TY - D 315 mm,FITTING PVC,FITTING · TY,6128,Export ERP master_product_updated.xlsx (diunduh 2026-10-06),,,,315 mm,,,,,,D,,,
product.0_S_06_200_315250_00,TY - D 315 x 250 mm,FITTING PVC,FITTING · TY,6129,Export ERP master_product_updated.xlsx (diunduh 2026-10-06),,,,250 mm; 315 mm,,,,,,D,,,
product.0_S_06_200_400315_00,TY - D 400 x 315 mm,FITTING PVC,FITTING · TY,6130,Export ERP master_product_updated.xlsx (diunduh 2026-10-06),,,,315 mm; 400 mm,,,,,,D,,,
product.0_S_06_200_450400_00,TY - D 450 x 400 mm,FITTING PVC,FITTING · TY,6131,Export ERP master_product_updated.xlsx (diunduh 2026-10-06),,,,400 mm; 450 mm,,,,,,D,,,
product.0_S_06_200_630450_00,TY - D 630 x 450 mm,FITTING PVC,FITTING · TY,6132,Export ERP master_product_updated.xlsx (diunduh 2026-10-06),,,,450 mm; 630 mm,,,,,,D,,,
__export__.product_product_16303,Bell Y Bell Branch - W 63 mm,FITTING PVC,FITTING · BELL Y BELL BRANCH,6133,Export ERP master_product_updated.xlsx (diunduh 2026-10-06),,,,63 mm,,,,,,,,,
__export__.product_product_17358,Bell Y Bell Branch - W 63 mm x 50 mm,FITTING PVC,FITTING · BELL Y BELL BRANCH,6134,Export ERP master_product_updated.xlsx (diunduh 2026-10-06),,,,50 mm; 63 mm,,,,,,,,,
__export__.product_product_16228,Bell Y Bell Branch - W 90 x 63 mm,FITTING PVC,FITTING · BELL Y BELL BRANCH,6135,Export ERP master_product_updated.xlsx (diunduh 2026-10-06),,,,63 mm; 90 mm,,,,,,,,,
__export__.product_product_17012,Bell Y Bell Branch - W 90 x 90 mm,FITTING PVC,FITTING · BELL Y BELL BRANCH,6136,Export ERP master_product_updated.xlsx (diunduh 2026-10-06),,,,90 mm,,,,,,,,,
__export__.product_product_17482,Bell Y Bell Branch - W 110 mm,FITTING PVC,FITTING · BELL Y BELL BRANCH,6137,Export ERP master_product_updated.xlsx (diunduh 2026-10-06),,,,110 mm,,,,,,,,,
__export__.product_product_16836,Bell Y Bell Branch - W 110 x 63 mm,FITTING PVC,FITTING · BELL Y BELL BRANCH,6138,Export ERP master_product_updated.xlsx (diunduh 2026-10-06),,,,63 mm; 110 mm,,,,,,,,,
__export__.product_product_17481,Bell Y Bell Branch - W 160 mm,FITTING PVC,FITTING · BELL Y BELL BRANCH,6139,Export ERP master_product_updated.xlsx (diunduh 2026-10-06),,,,160 mm,,,,,,,,,
__export__.product_product_17418,Bell Y Bell Branch - W 160 mm x 110 mm,FITTING PVC,FITTING · BELL Y BELL BRANCH,6140,Export ERP master_product_updated.xlsx (diunduh 2026-10-06),,,,110 mm; 160 mm,,,,,,,,,
__export__.product_product_17480,Bell Y Bell Branch - W 200 x 110 mm,FITTING PVC,FITTING · BELL Y BELL BRANCH,6141,Export ERP master_product_updated.xlsx (diunduh 2026-10-06),,,,110 mm; 200 mm,,,,,,,,,
__export__.product_product_18275,Bell Y Bell Branch - W 200 x 160 mm,FITTING PVC,FITTING · BELL Y BELL BRANCH,6142,Export ERP master_product_updated.xlsx (diunduh 2026-10-06),,,,160 mm; 200 mm,,,,,,,,,
__export__.product_product_18924,Bell Y Bell Branch - W 200 x 160 mm Cokelat,FITTING PVC,FITTING · BELL Y BELL BRANCH COKELAT,6143,Export ERP master_product_updated.xlsx (diunduh 2026-10-06),,,,160 mm; 200 mm,,,,,,,,,
__export__.product_product_17068,Bell Y Bell Branch - W 200 x 200 mm,FITTING PVC,FITTING · BELL Y BELL BRANCH,6144,Export ERP master_product_updated.xlsx (diunduh 2026-10-06),,,,200 mm,,,,,,,,,
__export__.product_product_18925,Bell Y Bell Branch - W 200 x 200 mm Cokelat,FITTING PVC,FITTING · BELL Y BELL BRANCH COKELAT,6145,Export ERP master_product_updated.xlsx (diunduh 2026-10-06),,,,200 mm,,,,,,,,,
product.0_S_06_203_063063_00,Bell Long TY - D 63 x 63 mm,FITTING PVC,FITTING · BELL LONG TY,6167,Export ERP master_product_updated.xlsx (diunduh 2026-10-06),,,,63 mm,,,,,,D,,,
product.0_S_06_203_090000_00,Bell Long TY - D 90 mm,FITTING PVC,FITTING · BELL LONG TY,6168,Export ERP master_product_updated.xlsx (diunduh 2026-10-06),,,,90 mm,,,,,,D,,,
product.0_S_06_203_090063_00,Bell Long TY - D 90 x 63 mm,FITTING PVC,FITTING · BELL LONG TY,6169,Export ERP master_product_updated.xlsx (diunduh 2026-10-06),,,,63 mm; 90 mm,,,,,,D,,,
product.0_S_06_203_110063_00,Bell Long TY - D 110 x 63 mm,FITTING PVC,FITTING · BELL LONG TY,6170,Export ERP master_product_updated.xlsx (diunduh 2026-10-06),,,,63 mm; 110 mm,,,,,,D,,,
product.0_S_06_203_110090_00,Bell Long TY - D 110 x 90 mm,FITTING PVC,FITTING · BELL LONG TY,6171,Export ERP master_product_updated.xlsx (diunduh 2026-10-06),,,,90 mm; 110 mm,,,,,,D,,,
product.0_S_06_203_110110_00,Bell Long TY - D 110 x 110 mm,FITTING PVC,FITTING · BELL LONG TY,6172,Export ERP master_product_updated.xlsx (diunduh 2026-10-06),,,,110 mm,,,,,,D,,,
__export__.product_product_16988,Bell Long TY - D 110 x 110 mm Bell Branch Coklat,FITTING PVC,FITTING · BELL LONG TY BELL BRANCH,6173,Export ERP master_product_updated.xlsx (diunduh 2026-10-06),Warna: Coklat,,,110 mm,,,,,,D,,,
product.0_S_06_203_160090_00,Bell Long TY - D 160 x 90 mm,FITTING PVC,FITTING · BELL LONG TY,6174,Export ERP master_product_updated.xlsx (diunduh 2026-10-06),,,,90 mm; 160 mm,,,,,,D,,,
product.0_S_06_203_160110_00,Bell Long TY - D 160 x 110 mm,FITTING PVC,FITTING · BELL LONG TY,6175,Export ERP master_product_updated.xlsx (diunduh 2026-10-06),,,,110 mm; 160 mm,,,,,,D,,,
__export__.product_product_17000,Bell Long TY - D 160 x 110 mm Bell Branch Coklat,FITTING PVC,FITTING · BELL LONG TY BELL BRANCH,6176,Export ERP master_product_updated.xlsx (diunduh 2026-10-06),Warna: Coklat,,,110 mm; 160 mm,,,,,,D,,,
product.0_S_06_203_200090_00,Bell Long TY - D 200 x 90 mm,FITTING PVC,FITTING · BELL LONG TY,6177,Export ERP master_product_updated.xlsx (diunduh 2026-10-06),,,,90 mm; 200 mm,,,,,,D,,,
product.0_S_06_203_200110_00,Bell Long TY - D 200 x 110 mm,FITTING PVC,FITTING · BELL LONG TY,6178,Export ERP master_product_updated.xlsx (diunduh 2026-10-06),,,,110 mm; 200 mm,,,,,,D,,,
__export__.product_product_16989,Bell Long TY - D 200 x 110 mm Bell Branch Coklat,FITTING PVC,FITTING · BELL LONG TY BELL BRANCH,6179,Export ERP master_product_updated.xlsx (diunduh 2026-10-06),Warna: Coklat,,,110 mm; 200 mm,,,,,,D,,,
product.0_S_06_203_200160_00,Bell Long TY - D 200 x 160 mm,FITTING PVC,FITTING · BELL LONG TY,6180,Export ERP master_product_updated.xlsx (diunduh 2026-10-06),,,,160 mm; 200 mm,,,,,,D,,,
product.0_S_06_203_250160_00,Bell Long TY - D 250 x 160 mm,FITTING PVC,FITTING · BELL LONG TY,6181,Export ERP master_product_updated.xlsx (diunduh 2026-10-06),,,,160 mm; 250 mm,,,,,,D,,,
product.0_S_06_203_250200_00,Bell Long TY - D 250 x 200 mm,FITTING PVC,FITTING · BELL LONG TY,6182,Export ERP master_product_updated.xlsx (diunduh 2026-10-06),,,,200 mm; 250 mm,,,,,,D,,,
product.0_S_06_203_315250_00,Bell Long TY - D 315 x 250 mm,FITTING PVC,FITTING · BELL LONG TY,6183,Export ERP master_product_updated.xlsx (diunduh 2026-10-06),,,,250 mm; 315 mm,,,,,,D,,,
product.0_S_06_203_400315_00,Bell Long TY - D 400 x 315 mm,FITTING PVC,FITTING · BELL LONG TY,6184,Export ERP master_product_updated.xlsx (diunduh 2026-10-06),,,,315 mm; 400 mm,,,,,,D,,,
product.0_S_06_203_450400_00,Bell Long TY - D 450 x 400 mm,FITTING PVC,FITTING · BELL LONG TY,6185,Export ERP master_product_updated.xlsx (diunduh 2026-10-06),,,,400 mm; 450 mm,,,,,,D,,,
product.0_S_06_203_630450_00,Bell Long TY - D 630 x 450 mm,FITTING PVC,FITTING · BELL LONG TY,6186,Export ERP master_product_updated.xlsx (diunduh 2026-10-06),,,,450 mm; 630 mm,,,,,,D,,,
product.0_S_06_206_063063_00,Y - D 63 x 63 mm,FITTING PVC,FITTING · Y,6205,Export ERP master_product_updated.xlsx (diunduh 2026-10-06),,,,63 mm,,,,,,D,,,
product.0_S_06_206_090063_00,Y - D 90 x 63 mm,FITTING PVC,FITTING · Y,6206,Export ERP master_product_updated.xlsx (diunduh 2026-10-06),,,,63 mm; 90 mm,,,,,,D,,,
__export__.product_product_15600,Y - D 90 x 90 mm,FITTING PVC,FITTING · Y,6207,Export ERP master_product_updated.xlsx (diunduh 2026-10-06),,,,90 mm,,,,,,D,,,
__export__.product_product_17220,Y - D 90 x 90 mm Coklat,FITTING PVC,FITTING · Y,6208,Export ERP master_product_updated.xlsx (diunduh 2026-10-06),Warna: Coklat,,,90 mm,,,,,,D,,,
product.0_S_06_206_110063_00,Y - D 110 x 63 mm,FITTING PVC,FITTING · Y,6209,Export ERP master_product_updated.xlsx (diunduh 2026-10-06),,,,63 mm; 110 mm,,,,,,D,,,
__export__.product_product_17756,Y - D 110 x 63 mm Coklat,FITTING PVC,FITTING · Y,6210,Export ERP master_product_updated.xlsx (diunduh 2026-10-06),Warna: Coklat,,,63 mm; 110 mm,,,,,,D,,,
product.0_S_06_206_110090_00,Y - D 110 x 90 mm,FITTING PVC,FITTING · Y,6211,Export ERP master_product_updated.xlsx (diunduh 2026-10-06),,,,90 mm; 110 mm,,,,,,D,,,
__export__.product_product_16883,Y - D 110 x 90 mm Coklat,FITTING PVC,FITTING · Y,6212,Export ERP master_product_updated.xlsx (diunduh 2026-10-06),Warna: Coklat,,,90 mm; 110 mm,,,,,,D,,,
product.0_S_06_206_110110_00,Y - D 110 x 110 mm,FITTING PVC,FITTING · Y,6213,Export ERP master_product_updated.xlsx (diunduh 2026-10-06),,,,110 mm,,,,,,D,,,
__export__.product_product_16430,Y - D 110 x 110 mm Coklat,FITTING PVC,FITTING · Y,6214,Export ERP master_product_updated.xlsx (diunduh 2026-10-06),Warna: Coklat,,,110 mm,,,,,,D,,,
__export__.product_product_16552,Y - D 160 x 90 mm,FITTING PVC,FITTING · Y,6215,Export ERP master_product_updated.xlsx (diunduh 2026-10-06),,,,90 mm; 160 mm,,,,,,D,,,
product.0_S_06_206_160110_00,Y - D 160 x 110 mm,FITTING PVC,FITTING · Y,6216,Export ERP master_product_updated.xlsx (diunduh 2026-10-06),,,,110 mm; 160 mm,,,,,,D,,,
__export__.product_product_17050,Y - D 160 x 110 mm Coklat,FITTING PVC,FITTING · Y,6217,Export ERP master_product_updated.xlsx (diunduh 2026-10-06),Warna: Coklat,,,110 mm; 160 mm,,,,,,D,,,
__export__.product_product_15372,Y - D 160 x 160 mm,FITTING PVC,FITTING · Y,6218,Export ERP master_product_updated.xlsx (diunduh 2026-10-06),,,,160 mm,,,,,,D,,,
product.0_S_06_206_200090_00,Y - D 200 x 90 mm,FITTING PVC,FITTING · Y,6219,Export ERP master_product_updated.xlsx (diunduh 2026-10-06),,,,90 mm; 200 mm,,,,,,D,,,
product.0_S_06_206_200110_00,Y - D 200 x 110 mm,FITTING PVC,FITTING · Y,6220,Export ERP master_product_updated.xlsx (diunduh 2026-10-06),,,,110 mm; 200 mm,,,,,,D,,,
__export__.product_product_17051,Y - D 200 x 110 mm Coklat,FITTING PVC,FITTING · Y,6221,Export ERP master_product_updated.xlsx (diunduh 2026-10-06),Warna: Coklat,,,110 mm; 200 mm,,,,,,D,,,
product.0_S_06_206_200160_00,Y - D 200 x 160 mm,FITTING PVC,FITTING · Y,6222,Export ERP master_product_updated.xlsx (diunduh 2026-10-06),,,,160 mm; 200 mm,,,,,,D,,,
__export__.product_product_16527,Y - D 200 x 200 mm,FITTING PVC,FITTING · Y,6223,Export ERP master_product_updated.xlsx (diunduh 2026-10-06),,,,200 mm,,,,,,D,,,
__export__.product_product_18902,Y - D 250 x 110 mm,FITTING PVC,FITTING · Y,6224,Export ERP master_product_updated.xlsx (diunduh 2026-10-06),,,,110 mm; 250 mm,,,,,,D,,,
__export__.product_product_18901,Y - D 250 x 110 mm Coklat,FITTING PVC,FITTING · Y,6225,Export ERP master_product_updated.xlsx (diunduh 2026-10-06),Warna: Coklat,,,110 mm; 250 mm,,,,,,D,,,
product.0_S_06_206_250160_00,Y - D 250 x 160 mm,FITTING PVC,FITTING · Y,6226,Export ERP master_product_updated.xlsx (diunduh 2026-10-06),,,,160 mm; 250 mm,,,,,,D,,,
product.0_S_06_206_250200_00,Y - D 250 x 200 mm,FITTING PVC,FITTING · Y,6227,Export ERP master_product_updated.xlsx (diunduh 2026-10-06),,,,200 mm; 250 mm,,,,,,D,,,
product.0_S_06_206_315250_00,Y - D 315 x 250 mm,FITTING PVC,FITTING · Y,6228,Export ERP master_product_updated.xlsx (diunduh 2026-10-06),,,,250 mm; 315 mm,,,,,,D,,,
product.0_S_06_206_400315_00,Y - D 400 x 315 mm,FITTING PVC,FITTING · Y,6229,Export ERP master_product_updated.xlsx (diunduh 2026-10-06),,,,315 mm; 400 mm,,,,,,D,,,
product.0_S_06_206_450400_00,Y - D 450 x 400 mm,FITTING PVC,FITTING · Y,6230,Export ERP master_product_updated.xlsx (diunduh 2026-10-06),,,,400 mm; 450 mm,,,,,,D,,,
product.0_S_06_206_630450_00,Y - D 630 x 450 mm,FITTING PVC,FITTING · Y,6231,Export ERP master_product_updated.xlsx (diunduh 2026-10-06),,,,450 mm; 630 mm,,,,,,D,,,
__export__.product_product_17311,All Bell Y - D 90 mm,FITTING PVC,FITTING · ALL BELL Y,6232,Export ERP master_product_updated.xlsx (diunduh 2026-10-06),,,,90 mm,,,,,,D,,,
__export__.product_product_17854,All Bell Y - D 160 mm,FITTING PVC,FITTING · ALL BELL Y,6233,Export ERP master_product_updated.xlsx (diunduh 2026-10-06),,,,160 mm,,,,,,D,,,
__export__.product_product_18022,All Bell Y - D 160 mm Coklat,FITTING PVC,FITTING · ALL BELL Y,6234,Export ERP master_product_updated.xlsx (diunduh 2026-10-06),Warna: Coklat,,,160 mm,,,,,,D,,,
__export__.product_product_17888,All Bell Y - D 160 x 90 mm,FITTING PVC,FITTING · ALL BELL Y,6235,Export ERP master_product_updated.xlsx (diunduh 2026-10-06),,,,90 mm; 160 mm,,,,,,D,,,
__export__.product_product_14812,All Bell Y - D 160 x 110 mm,FITTING PVC,FITTING · ALL BELL Y,6236,Export ERP master_product_updated.xlsx (diunduh 2026-10-06),,,,110 mm; 160 mm,,,,,,D,,,
__export__.product_product_19268,All Bell Y - D 160 x 110 mm Coklat,FITTING PVC,FITTING · ALL BELL Y,6237,Export ERP master_product_updated.xlsx (diunduh 2026-10-06),Warna: Coklat,,,110 mm; 160 mm,,,,,,D,,,
__export__.product_product_17889,All Bell Y - D 315 mm,FITTING PVC,FITTING · ALL BELL Y,6238,Export ERP master_product_updated.xlsx (diunduh 2026-10-06),,,,315 mm,,,,,,D,,,
__export__.product_product_18019,All Bell Y - D 315 mm Coklat,FITTING PVC,FITTING · ALL BELL Y,6239,Export ERP master_product_updated.xlsx (diunduh 2026-10-06),Warna: Coklat,,,315 mm,,,,,,D,,,
__export__.product_product_17890,All Bell Y - D 315 x 110 mm,FITTING PVC,FITTING · ALL BELL Y,6240,Export ERP master_product_updated.xlsx (diunduh 2026-10-06),,,,110 mm; 315 mm,,,,,,D,,,
__export__.product_product_18021,All Bell Y - D 315 x 110 mm Coklat,FITTING PVC,FITTING · ALL BELL Y,6241,Export ERP master_product_updated.xlsx (diunduh 2026-10-06),Warna: Coklat,,,110 mm; 315 mm,,,,,,D,,,
__export__.product_product_17891,All Bell Y - D 315 x 160 mm,FITTING PVC,FITTING · ALL BELL Y,6242,Export ERP master_product_updated.xlsx (diunduh 2026-10-06),,,,160 mm; 315 mm,,,,,,D,,,
__export__.product_product_18020,All Bell Y - D 315 x 160 mm Coklat,FITTING PVC,FITTING · ALL BELL Y,6243,Export ERP master_product_updated.xlsx (diunduh 2026-10-06),Warna: Coklat,,,160 mm; 315 mm,,,,,,D,,,
__export__.product_product_17892,All Bell Y - D 400 mm,FITTING PVC,FITTING · ALL BELL Y,6244,Export ERP master_product_updated.xlsx (diunduh 2026-10-06),,,,400 mm,,,,,,D,,,
__export__.product_product_18016,All Bell Y - D 400 mm Coklat,FITTING PVC,FITTING · ALL BELL Y,6245,Export ERP master_product_updated.xlsx (diunduh 2026-10-06),Warna: Coklat,,,400 mm,,,,,,D,,,
__export__.product_product_17893,All Bell Y - D 400 x 110 mm,FITTING PVC,FITTING · ALL BELL Y,6246,Export ERP master_product_updated.xlsx (diunduh 2026-10-06),,,,110 mm; 400 mm,,,,,,D,,,
__export__.product_product_18018,All Bell Y - D 400 x 110 mm Coklat,FITTING PVC,FITTING · ALL BELL Y,6247,Export ERP master_product_updated.xlsx (diunduh 2026-10-06),Warna: Coklat,,,110 mm; 400 mm,,,,,,D,,,
__export__.product_product_17894,All Bell Y - D 400 x 160 mm,FITTING PVC,FITTING · ALL BELL Y,6248,Export ERP master_product_updated.xlsx (diunduh 2026-10-06),,,,160 mm; 400 mm,,,,,,D,,,
__export__.product_product_18017,All Bell Y - D 400 x 160 mm Coklat,FITTING PVC,FITTING · ALL BELL Y,6249,Export ERP master_product_updated.xlsx (diunduh 2026-10-06),Warna: Coklat,,,160 mm; 400 mm,,,,,,D,,,
__export__.product_product_17895,All Bell Y - D 400 x 315 mm,FITTING PVC,FITTING · ALL BELL Y,6250,Export ERP master_product_updated.xlsx (diunduh 2026-10-06),,,,315 mm; 400 mm,,,,,,D,,,
__export__.product_product_18023,All Bell Y - D 400 x 315 mm Coklat,FITTING PVC,FITTING · ALL BELL Y,6251,Export ERP master_product_updated.xlsx (diunduh 2026-10-06),Warna: Coklat,,,315 mm; 400 mm,,,,,,D,,,
__export__.product_product_16242,Y - W 63 x 63 mm,FITTING PVC,FITTING · Y,6252,Export ERP master_product_updated.xlsx (diunduh 2026-10-06),,,,63 mm,,,,,,,,,
product.0_S_06_210_020000_00,Long Y - D 20 mm,FITTING PVC,FITTING · LONG Y,6264,Export ERP master_product_updated.xlsx (diunduh 2026-10-06),,,,20 mm,,,,,,D,,,
product.0_S_06_210_025000_00,Long Y - D 25 mm,FITTING PVC,FITTING · LONG Y,6265,Export ERP master_product_updated.xlsx (diunduh 2026-10-06),,,,25 mm,,,,,,D,,,
product.0_S_06_210_032000_00,Long Y - D 32 mm,FITTING PVC,FITTING · LONG Y,6266,Export ERP master_product_updated.xlsx (diunduh 2026-10-06),,,,32 mm,,,,,,D,,,
product.0_S_06_210_040000_00,Long Y - D 40 mm,FITTING PVC,FITTING · LONG Y,6267,Export ERP master_product_updated.xlsx (diunduh 2026-10-06),,,,40 mm,,,,,,D,,,
product.0_S_06_210_050000_00,Long Y - D 50 mm,FITTING PVC,FITTING · LONG Y,6268,Export ERP master_product_updated.xlsx (diunduh 2026-10-06),,,,50 mm,,,,,,D,,,
product.0_S_06_210_063000_00,Long Y - D 63 mm,FITTING PVC,FITTING · LONG Y,6269,Export ERP master_product_updated.xlsx (diunduh 2026-10-06),,,,63 mm,,,,,,D,,,
product.0_S_06_210_075000_00,Long Y - D 75 mm,FITTING PVC,FITTING · LONG Y,6270,Export ERP master_product_updated.xlsx (diunduh 2026-10-06),,,,75 mm,,,,,,D,,,
product.0_S_06_210_090000_00,Long Y - D 90 mm,FITTING PVC,FITTING · LONG Y,6271,Export ERP master_product_updated.xlsx (diunduh 2026-10-06),,,,90 mm,,,,,,D,,,
product.0_S_06_210_110000_00,Long Y - D 110 mm,FITTING PVC,FITTING · LONG Y,6272,Export ERP master_product_updated.xlsx (diunduh 2026-10-06),,,,110 mm,,,,,,D,,,
product.0_S_06_210_160000_00,Long Y - D 160 mm,FITTING PVC,FITTING · LONG Y,6273,Export ERP master_product_updated.xlsx (diunduh 2026-10-06),,,,160 mm,,,,,,D,,,
product.0_S_06_210_200000_00,Long Y - D 200 mm,FITTING PVC,FITTING · LONG Y,6274,Export ERP master_product_updated.xlsx (diunduh 2026-10-06),,,,200 mm,,,,,,D,,,
product.0_S_06_210_250000_00,Long Y - D 250 mm,FITTING PVC,FITTING · LONG Y,6275,Export ERP master_product_updated.xlsx (diunduh 2026-10-06),,,,250 mm,,,,,,D,,,
product.0_S_06_210_315000_00,Long Y - D 315 mm,FITTING PVC,FITTING · LONG Y,6276,Export ERP master_product_updated.xlsx (diunduh 2026-10-06),,,,315 mm,,,,,,D,,,
product.0_S_06_210_355000_00,Long Y - D 355 mm,FITTING PVC,FITTING · LONG Y,6277,Export ERP master_product_updated.xlsx (diunduh 2026-10-06),,,,355 mm,,,,,,D,,,
product.0_S_06_210_400000_00,Long Y - D 400 mm,FITTING PVC,FITTING · LONG Y,6278,Export ERP master_product_updated.xlsx (diunduh 2026-10-06),,,,400 mm,,,,,,D,,,
product.0_S_06_210_450000_00,Long Y - D 450 mm,FITTING PVC,FITTING · LONG Y,6279,Export ERP master_product_updated.xlsx (diunduh 2026-10-06),,,,450 mm,,,,,,D,,,
product.0_S_06_210_500000_00,Long Y - D 500 mm,FITTING PVC,FITTING · LONG Y,6280,Export ERP master_product_updated.xlsx (diunduh 2026-10-06),,,,500 mm,,,,,,D,,,
product.0_S_06_210_630000_00,Long Y - D 630 mm,FITTING PVC,FITTING · LONG Y,6281,Export ERP master_product_updated.xlsx (diunduh 2026-10-06),,,,630 mm,,,,,,D,,,
__export__.product_product_16591,Ts.Tee (FRP) - D 160 mm,FITTING FRP,FITTING · .TEE,6282,Export ERP master_product_updated.xlsx (diunduh 2026-10-06),,,,160 mm,,,,,,D,,,
__export__.product_product_16592,Ts.Tee (FRP) - D 200 mm,FITTING FRP,FITTING · .TEE,6283,Export ERP master_product_updated.xlsx (diunduh 2026-10-06),,,,200 mm,,,,,,D,,,
__export__.product_product_16593,Ts.Tee (FRP) - D 250 mm,FITTING FRP,FITTING · .TEE,6284,Export ERP master_product_updated.xlsx (diunduh 2026-10-06),,,,250 mm,,,,,,D,,,
__export__.product_product_16213,All Socket Tee 50 mm x 25 mm,FITTING PVC,FITTING · ALL SOCKET TEE,6288,Export ERP master_product_updated.xlsx (diunduh 2026-10-06),,,,25 mm; 50 mm,,,,,,,,,
__export__.product_product_16214,All Socket Bend 90° - W 25 mm,FITTING PVC,FITTING · ALL SOCKET BEND 90°,6289,Export ERP master_product_updated.xlsx (diunduh 2026-10-06),,,,25 mm,,,,,,,,,
__export__.product_product_16216,All Socket Bend 90° - W 32 mm,FITTING PVC,FITTING · ALL SOCKET BEND 90°,6290,Export ERP master_product_updated.xlsx (diunduh 2026-10-06),,,,32 mm,,,,,,,,,
__export__.product_product_16215,All Socket Reducer - W 50 mm x 25 mm,FITTING PVC,FITTING · ALL SOCKET REDUCER,6291,Export ERP master_product_updated.xlsx (diunduh 2026-10-06),,,,25 mm; 50 mm,,,,,,,,,
product.0_S_06_223_040000_00,Elbow DV 90° - 40 mm,FITTING PVC,FITTING · ELBOW 90°,6292,Export ERP master_product_updated.xlsx (diunduh 2026-10-06),,,,40 mm,,,,,,,,,
product.0_S_06_223_063000_00,Elbow DV 90° - 63 mm,FITTING PVC,FITTING · ELBOW 90°,6293,Export ERP master_product_updated.xlsx (diunduh 2026-10-06),,,,63 mm,,,,,,,,,
product.0_S_06_223_075000_00,Elbow DV 90° - 75 mm,FITTING PVC,FITTING · ELBOW 90°,6294,Export ERP master_product_updated.xlsx (diunduh 2026-10-06),,,,75 mm,,,,,,,,,
product.0_S_06_223_090000_00,Elbow DV 90° - 90 mm,FITTING PVC,FITTING · ELBOW 90°,6295,Export ERP master_product_updated.xlsx (diunduh 2026-10-06),,,,90 mm,,,,,,,,,
__export__.product_product_16835,Elbow DV 90° - 90 mm Coklat,FITTING PVC,FITTING · ELBOW 90°,6296,Export ERP master_product_updated.xlsx (diunduh 2026-10-06),Warna: Coklat,,,90 mm,,,,,,,,,
product.0_S_06_223_110000_00,Elbow DV 90° - 110 mm,FITTING PVC,FITTING · ELBOW 90°,6297,Export ERP master_product_updated.xlsx (diunduh 2026-10-06),,,,110 mm,,,,,,,,,
__export__.product_product_16698,Elbow DV 90° - 110 mm Coklat,FITTING PVC,FITTING · ELBOW 90°,6298,Export ERP master_product_updated.xlsx (diunduh 2026-10-06),Warna: Coklat,,,110 mm,,,,,,,,,
product.0_S_06_223_160000_00,Elbow DV 90° - 160 mm,FITTING PVC,FITTING · ELBOW 90°,6300,Export ERP master_product_updated.xlsx (diunduh 2026-10-06),,,,160 mm,,,,,,,,,
__export__.product_product_16428,Elbow DV 90° - 160 mm Coklat,FITTING PVC,FITTING · ELBOW 90°,6301,Export ERP master_product_updated.xlsx (diunduh 2026-10-06),Warna: Coklat,,,160 mm,,,,,,,,,
product.0_S_06_223_200000_00,Elbow DV 90° - 200 mm,FITTING PVC,FITTING · ELBOW 90°,6302,Export ERP master_product_updated.xlsx (diunduh 2026-10-06),,,,200 mm,,,,,,,,,
__export__.product_product_16429,Elbow DV 90° - 200 mm Coklat,FITTING PVC,FITTING · ELBOW 90°,6303,Export ERP master_product_updated.xlsx (diunduh 2026-10-06),Warna: Coklat,,,200 mm,,,,,,,,,
product.0_S_06_223_250000_00,Elbow DV 90° - 250 mm,FITTING PVC,FITTING · ELBOW 90°,6304,Export ERP master_product_updated.xlsx (diunduh 2026-10-06),,,,250 mm,,,,,,,,,
product.0_S_06_223_315000_00,Elbow DV 90° - 315 mm,FITTING PVC,FITTING · ELBOW 90°,6305,Export ERP master_product_updated.xlsx (diunduh 2026-10-06),,,,315 mm,,,,,,,,,
product.0_S_06_223_355000_00,Elbow DV 90° - 355 mm,FITTING PVC,FITTING · ELBOW 90°,6306,Export ERP master_product_updated.xlsx (diunduh 2026-10-06),,,,355 mm,,,,,,,,,
product.0_S_06_223_400000_00,Elbow DV 90° - 400 mm,FITTING PVC,FITTING · ELBOW 90°,6307,Export ERP master_product_updated.xlsx (diunduh 2026-10-06),,,,400 mm,,,,,,,,,
product.0_S_06_223_450000_00,Elbow DV 90° - 450 mm,FITTING PVC,FITTING · ELBOW 90°,6308,Export ERP master_product_updated.xlsx (diunduh 2026-10-06),,,,450 mm,,,,,,,,,
product.0_S_06_223_500000_00,Elbow DV 90° - 500 mm,FITTING PVC,FITTING · ELBOW 90°,6309,Export ERP master_product_updated.xlsx (diunduh 2026-10-06),,,,500 mm,,,,,,,,,
product.0_S_06_223_630000_00,Elbow DV 90° - 630 mm,FITTING PVC,FITTING · ELBOW 90°,6310,Export ERP master_product_updated.xlsx (diunduh 2026-10-06),,,,630 mm,,,,,,,,,
product.0_S_06_226_040000_00,Elbow DV 45° - 40 mm,FITTING PVC,FITTING · ELBOW 45°,6311,Export ERP master_product_updated.xlsx (diunduh 2026-10-06),,,,40 mm,,,,,,,,,
product.0_S_06_226_050000_00,Elbow DV 45° - 50 mm,FITTING PVC,FITTING · ELBOW 45°,6312,Export ERP master_product_updated.xlsx (diunduh 2026-10-06),,,,50 mm,,,,,,,,,
product.0_S_06_226_063000_00,Elbow DV 45° - 63 mm,FITTING PVC,FITTING · ELBOW 45°,6313,Export ERP master_product_updated.xlsx (diunduh 2026-10-06),,,,63 mm,,,,,,,,,
product.0_S_06_226_075000_00,Elbow DV 45° - 75 mm,FITTING PVC,FITTING · ELBOW 45°,6314,Export ERP master_product_updated.xlsx (diunduh 2026-10-06),,,,75 mm,,,,,,,,,
product.0_S_06_226_090000_00,Elbow DV 45° - 90 mm,FITTING PVC,FITTING · ELBOW 45°,6315,Export ERP master_product_updated.xlsx (diunduh 2026-10-06),,,,90 mm,,,,,,,,,
__export__.product_product_16884,Elbow DV 45° - 90 mm Coklat,FITTING PVC,FITTING · ELBOW 45°,6316,Export ERP master_product_updated.xlsx (diunduh 2026-10-06),Warna: Coklat,,,90 mm,,,,,,,,,
product.0_S_06_226_110000_00,Elbow DV 45° - 110 mm,FITTING PVC,FITTING · ELBOW 45°,6317,Export ERP master_product_updated.xlsx (diunduh 2026-10-06),,,,110 mm,,,,,,,,,
__export__.product_product_16427,Elbow DV 45° - 110 mm Coklat,FITTING PVC,FITTING · ELBOW 45°,6318,Export ERP master_product_updated.xlsx (diunduh 2026-10-06),Warna: Coklat,,,110 mm,,,,,,,,,
product.0_S_06_226_140000_00,Elbow DV 45° - 140 mm,FITTING PVC,FITTING · ELBOW 45°,6319,Export ERP master_product_updated.xlsx (diunduh 2026-10-06),,,,140 mm,,,,,,,,,
product.0_S_06_226_160000_00,Elbow DV 45° - 160 mm,FITTING PVC,FITTING · ELBOW 45°,6320,Export ERP master_product_updated.xlsx (diunduh 2026-10-06),,,,160 mm,,,,,,,,,
__export__.product_product_16667,Elbow DV 45° - 160 mm Coklat,FITTING PVC,FITTING · ELBOW 45°,6321,Export ERP master_product_updated.xlsx (diunduh 2026-10-06),Warna: Coklat,,,160 mm,,,,,,,,,
product.0_S_06_226_200000_00,Elbow DV 45° - 200 mm,FITTING PVC,FITTING · ELBOW 45°,6322,Export ERP master_product_updated.xlsx (diunduh 2026-10-06),,,,200 mm,,,,,,,,,
__export__.product_product_17605,Elbow DV 45° - 200 mm Coklat,FITTING PVC,FITTING · ELBOW 45°,6323,Export ERP master_product_updated.xlsx (diunduh 2026-10-06),Warna: Coklat,,,200 mm,,,,,,,,,
product.0_S_06_226_250000_00,Elbow DV 45° - 250 mm,FITTING PVC,FITTING · ELBOW 45°,6324,Export ERP master_product_updated.xlsx (diunduh 2026-10-06),,,,250 mm,,,,,,,,,
__export__.product_product_18752,Elbow DV 45° - 250 mm Coklat,FITTING PVC,FITTING · ELBOW 45°,6325,Export ERP master_product_updated.xlsx (diunduh 2026-10-06),Warna: Coklat,,,250 mm,,,,,,,,,
product.0_S_06_226_315000_00,Elbow DV 45° - 315 mm,FITTING PVC,FITTING · ELBOW 45°,6326,Export ERP master_product_updated.xlsx (diunduh 2026-10-06),,,,315 mm,,,,,,,,,
product.0_S_06_226_355000_00,Elbow DV 45° - 355 mm,FITTING PVC,FITTING · ELBOW 45°,6327,Export ERP master_product_updated.xlsx (diunduh 2026-10-06),,,,355 mm,,,,,,,,,
product.0_S_06_226_400000_00,Elbow DV 45° - 400 mm,FITTING PVC,FITTING · ELBOW 45°,6328,Export ERP master_product_updated.xlsx (diunduh 2026-10-06),,,,400 mm,,,,,,,,,
__export__.product_product_18753,Elbow DV 45° - 400 mm Coklat,FITTING PVC,FITTING · ELBOW 45°,6329,Export ERP master_product_updated.xlsx (diunduh 2026-10-06),Warna: Coklat,,,400 mm,,,,,,,,,
product.0_S_06_226_450000_00,Elbow DV 45° - 450 mm,FITTING PVC,FITTING · ELBOW 45°,6330,Export ERP master_product_updated.xlsx (diunduh 2026-10-06),,,,450 mm,,,,,,,,,
product.0_S_06_226_500000_00,Elbow DV 45° - 500 mm,FITTING PVC,FITTING · ELBOW 45°,6331,Export ERP master_product_updated.xlsx (diunduh 2026-10-06),,,,500 mm,,,,,,,,,
product.0_S_06_226_630000_00,Elbow DV 45° - 630 mm,FITTING PVC,FITTING · ELBOW 45°,6332,Export ERP master_product_updated.xlsx (diunduh 2026-10-06),,,,630 mm,,,,,,,,,
__export__.product_product_11275,Faucet Elbow - W 20 mm,FITTING PVC,FITTING · FAUCET ELBOW,6344,Export ERP master_product_updated.xlsx (diunduh 2026-10-06),,,,20 mm,,,,,,,,,
product.0_S_06_234_025000_00,Faucet Elbow - W 25 mm,FITTING PVC,FITTING · FAUCET ELBOW,6346,Export ERP master_product_updated.xlsx (diunduh 2026-10-06),,,,25 mm,,,,,,,,,
product.0_S_06_234_032000_00,Faucet Elbow - W 32 mm,FITTING PVC,FITTING · FAUCET ELBOW,6349,Export ERP master_product_updated.xlsx (diunduh 2026-10-06),,,,32 mm,,,,,,,,,
product.0_S_06_234_040000_00,Faucet Elbow - W 40 mm,FITTING PVC,FITTING · FAUCET ELBOW,6350,Export ERP master_product_updated.xlsx (diunduh 2026-10-06),,,,40 mm,,,,,,,,,
product.0_S_06_234_050000_00,Faucet Elbow - W 50 mm,FITTING PVC,FITTING · FAUCET ELBOW,6351,Export ERP master_product_updated.xlsx (diunduh 2026-10-06),,,,50 mm,,,,,,,,,
product.0_S_06_234_063000_00,Faucet Elbow - W 63 mm,FITTING PVC,FITTING · FAUCET ELBOW,6352,Export ERP master_product_updated.xlsx (diunduh 2026-10-06),,,,63 mm,,,,,,,,,
product.0_S_06_234_075000_00,Faucet Elbow - W 75 mm,FITTING PVC,FITTING · FAUCET ELBOW,6353,Export ERP master_product_updated.xlsx (diunduh 2026-10-06),,,,75 mm,,,,,,,,,
product.0_S_06_234_090000_00,Faucet Elbow - W 90 mm,FITTING PVC,FITTING · FAUCET ELBOW,6354,Export ERP master_product_updated.xlsx (diunduh 2026-10-06),,,,90 mm,,,,,,,,,
product.0_S_06_234_110000_00,Faucet Elbow - W 110 mm,FITTING PVC,FITTING · FAUCET ELBOW,6355,Export ERP master_product_updated.xlsx (diunduh 2026-10-06),,,,110 mm,,,,,,,,,
product.0_S_06_234_160000_00,Faucet Elbow - W 160 mm,FITTING PVC,FITTING · FAUCET ELBOW,6356,Export ERP master_product_updated.xlsx (diunduh 2026-10-06),,,,160 mm,,,,,,,,,
product.0_S_06_237_020000_00,Saddle - W 20 mm,FITTING PVC,FITTING · SADDLE,6357,Export ERP master_product_updated.xlsx (diunduh 2026-10-06),,,,20 mm,,,,,,,,,
product.0_S_06_237_025000_00,Saddle - W 25 mm,FITTING PVC,FITTING · SADDLE,6358,Export ERP master_product_updated.xlsx (diunduh 2026-10-06),,,,25 mm,,,,,,,,,
product.0_S_06_237_040000_00,Saddle - W 40 mm,FITTING PVC,FITTING · SADDLE,6359,Export ERP master_product_updated.xlsx (diunduh 2026-10-06),,,,40 mm,,,,,,,,,
product.0_S_06_237_042000_00,Saddle - W 42 mm,FITTING PVC,FITTING · SADDLE,6360,Export ERP master_product_updated.xlsx (diunduh 2026-10-06),,,,42 mm,,,,,,,,,
product.0_S_06_237_050000_00,Saddle - W 50 mm,FITTING PVC,FITTING · SADDLE,6361,Export ERP master_product_updated.xlsx (diunduh 2026-10-06),,,,50 mm,,,,,,,,,
product.0_S_06_237_063000_00,Saddle - W 63 mm,FITTING PVC,FITTING · SADDLE,6362,Export ERP master_product_updated.xlsx (diunduh 2026-10-06),,,,63 mm,,,,,,,,,
product.0_S_06_237_075000_00,Saddle - W 75 mm,FITTING PVC,FITTING · SADDLE,6363,Export ERP master_product_updated.xlsx (diunduh 2026-10-06),,,,75 mm,,,,,,,,,
product.0_S_06_237_090000_00,Saddle - W 90 mm,FITTING PVC,FITTING · SADDLE,6364,Export ERP master_product_updated.xlsx (diunduh 2026-10-06),,,,90 mm,,,,,,,,,
product.0_S_06_237_110000_00,Saddle - W 110 mm,FITTING PVC,FITTING · SADDLE,6365,Export ERP master_product_updated.xlsx (diunduh 2026-10-06),,,,110 mm,,,,,,,,,
product.0_S_06_237_140000_00,Saddle - W 140 mm,FITTING PVC,FITTING · SADDLE,6366,Export ERP master_product_updated.xlsx (diunduh 2026-10-06),,,,140 mm,,,,,,,,,
product.0_S_06_237_160000_00,Saddle - W 160 mm,FITTING PVC,FITTING · SADDLE,6367,Export ERP master_product_updated.xlsx (diunduh 2026-10-06),,,,160 mm,,,,,,,,,
product.0_S_06_239_020000_00,Saddle - D 20 mm,FITTING PVC,FITTING · SADDLE,6385,Export ERP master_product_updated.xlsx (diunduh 2026-10-06),,,,20 mm,,,,,,D,,,
product.0_S_06_239_025000_00,Saddle - D 25 mm,FITTING PVC,FITTING · SADDLE,6386,Export ERP master_product_updated.xlsx (diunduh 2026-10-06),,,,25 mm,,,,,,D,,,
product.0_S_06_239_040000_00,Saddle - D 40 mm,FITTING PVC,FITTING · SADDLE,6387,Export ERP master_product_updated.xlsx (diunduh 2026-10-06),,,,40 mm,,,,,,D,,,
product.0_S_06_239_042000_00,Saddle - D 42 mm,FITTING PVC,FITTING · SADDLE,6388,Export ERP master_product_updated.xlsx (diunduh 2026-10-06),,,,42 mm,,,,,,D,,,
product.0_S_06_239_050000_00,Saddle - D 50 mm,FITTING PVC,FITTING · SADDLE,6389,Export ERP master_product_updated.xlsx (diunduh 2026-10-06),,,,50 mm,,,,,,D,,,
product.0_S_06_239_063000_00,Saddle - D 63 mm,FITTING PVC,FITTING · SADDLE,6390,Export ERP master_product_updated.xlsx (diunduh 2026-10-06),,,,63 mm,,,,,,D,,,
product.0_S_06_239_075000_00,Saddle - D 75 mm,FITTING PVC,FITTING · SADDLE,6391,Export ERP master_product_updated.xlsx (diunduh 2026-10-06),,,,75 mm,,,,,,D,,,
product.0_S_06_239_090000_00,Saddle - D 90 mm,FITTING PVC,FITTING · SADDLE,6392,Export ERP master_product_updated.xlsx (diunduh 2026-10-06),,,,90 mm,,,,,,D,,,
product.0_S_06_239_110000_00,Saddle - D 110 mm,FITTING PVC,FITTING · SADDLE,6393,Export ERP master_product_updated.xlsx (diunduh 2026-10-06),,,,110 mm,,,,,,D,,,
product.0_S_06_239_140000_00,Saddle - D 140 mm,FITTING PVC,FITTING · SADDLE,6394,Export ERP master_product_updated.xlsx (diunduh 2026-10-06),,,,140 mm,,,,,,D,,,
product.0_S_06_239_160000_00,Saddle - D 160 mm,FITTING PVC,FITTING · SADDLE,6395,Export ERP master_product_updated.xlsx (diunduh 2026-10-06),,,,160 mm,,,,,,D,,,
product.0_S_06_241_063020_00,All Bell Reducer - W 63 x 20 mm,FITTING PVC,FITTING · ALL BELL REDUCER,6409,Export ERP master_product_updated.xlsx (diunduh 2026-10-06),,,,20 mm; 63 mm,,,,,,,,,
product.0_S_06_241_063032_00,All Bell Reducer - W 63 x 32 mm,FITTING PVC,FITTING · ALL BELL REDUCER,6410,Export ERP master_product_updated.xlsx (diunduh 2026-10-06),,,,32 mm; 63 mm,,,,,,,,,
product.0_S_06_241_063040_00,All Bell Reducer - W 63 x 40 mm,FITTING PVC,FITTING · ALL BELL REDUCER,6411,Export ERP master_product_updated.xlsx (diunduh 2026-10-06),,,,40 mm; 63 mm,,,,,,,,,
product.0_S_06_241_063050_00,All Bell Reducer - W 63 x 50 mm,FITTING PVC,FITTING · ALL BELL REDUCER,6412,Export ERP master_product_updated.xlsx (diunduh 2026-10-06),,,,50 mm; 63 mm,,,,,,,,,
product.0_S_06_241_063063_00,All Bell Reducer - W 63 x 63 mm,FITTING PVC,FITTING · ALL BELL REDUCER,6413,Export ERP master_product_updated.xlsx (diunduh 2026-10-06),,,,63 mm,,,,,,,,,
product.0_S_06_241_075032_00,All Bell Reducer - W 75 x 32 mm,FITTING PVC,FITTING · ALL BELL REDUCER,6414,Export ERP master_product_updated.xlsx (diunduh 2026-10-06),,,,32 mm; 75 mm,,,,,,,,,
product.0_S_06_241_075040_00,All Bell Reducer - W 75 x 40 mm,FITTING PVC,FITTING · ALL BELL REDUCER,6415,Export ERP master_product_updated.xlsx (diunduh 2026-10-06),,,,40 mm; 75 mm,,,,,,,,,
product.0_S_06_241_075063_00,All Bell Reducer - W 75 x 63 mm,FITTING PVC,FITTING · ALL BELL REDUCER,6416,Export ERP master_product_updated.xlsx (diunduh 2026-10-06),,,,63 mm; 75 mm,,,,,,,,,
product.0_S_06_241_090050_00,All Bell Reducer - W 90 x 50 mm,FITTING PVC,FITTING · ALL BELL REDUCER,6417,Export ERP master_product_updated.xlsx (diunduh 2026-10-06),,,,50 mm; 90 mm,,,,,,,,,
product.0_S_06_241_090063_00,All Bell Reducer - W 90 x 63 mm,FITTING PVC,FITTING · ALL BELL REDUCER,6418,Export ERP master_product_updated.xlsx (diunduh 2026-10-06),,,,63 mm; 90 mm,,,,,,,,,
product.0_S_06_241_110063_00,All Bell Reducer - W 110 x 63 mm,FITTING PVC,FITTING · ALL BELL REDUCER,6419,Export ERP master_product_updated.xlsx (diunduh 2026-10-06),,,,63 mm; 110 mm,,,,,,,,,
product.0_S_06_241_110090_00,All Bell Reducer - W 110 x 90 mm,FITTING PVC,FITTING · ALL BELL REDUCER,6420,Export ERP master_product_updated.xlsx (diunduh 2026-10-06),,,,90 mm; 110 mm,,,,,,,,,
product.0_S_06_241_160063_00,All Bell Reducer - W 160 x 63 mm,FITTING PVC,FITTING · ALL BELL REDUCER,6421,Export ERP master_product_updated.xlsx (diunduh 2026-10-06),,,,63 mm; 160 mm,,,,,,,,,
product.0_S_06_241_160090_00,All Bell Reducer - W 160 x 90 mm,FITTING PVC,FITTING · ALL BELL REDUCER,6422,Export ERP master_product_updated.xlsx (diunduh 2026-10-06),,,,90 mm; 160 mm,,,,,,,,,
product.0_S_06_241_160110_00,All Bell Reducer - W 160 x 110 mm,FITTING PVC,FITTING · ALL BELL REDUCER,6423,Export ERP master_product_updated.xlsx (diunduh 2026-10-06),,,,110 mm; 160 mm,,,,,,,,,
__export__.product_product_19535,All Bell Reducer - W 200 x 63 mm,FITTING PVC,FITTING · ALL BELL REDUCER,6424,Export ERP master_product_updated.xlsx (diunduh 2026-10-06),,,,63 mm; 200 mm,,,,,,,,,
__export__.product_product_14371,All Bell Reducer - W 200 x 90 mm,FITTING PVC,FITTING · ALL BELL REDUCER,6425,Export ERP master_product_updated.xlsx (diunduh 2026-10-06),,,,90 mm; 200 mm,,,,,,,,,
product.0_S_06_241_200110_00,All Bell Reducer - W 200 x 110 mm,FITTING PVC,FITTING · ALL BELL REDUCER,6426,Export ERP master_product_updated.xlsx (diunduh 2026-10-06),,,,110 mm; 200 mm,,,,,,,,,
product.0_S_06_241_200160_00,All Bell Reducer - W 200 x 160 mm,FITTING PVC,FITTING · ALL BELL REDUCER,6427,Export ERP master_product_updated.xlsx (diunduh 2026-10-06),,,,160 mm; 200 mm,,,,,,,,,
__export__.product_product_15956,All Bell Reducer - W 250 x 110 mm,FITTING PVC,FITTING · ALL BELL REDUCER,6428,Export ERP master_product_updated.xlsx (diunduh 2026-10-06),,,,110 mm; 250 mm,,,,,,,,,
product.0_S_06_241_250201_00,All Bell Reducer - W 250 x 160 mm,FITTING PVC,FITTING · ALL BELL REDUCER,6429,Export ERP master_product_updated.xlsx (diunduh 2026-10-06),,,,160 mm; 250 mm,,,,,,,,,
product.0_S_06_241_250200_00,All Bell Reducer - W 250 x 200 mm,FITTING PVC,FITTING · ALL BELL REDUCER,6430,Export ERP master_product_updated.xlsx (diunduh 2026-10-06),,,,200 mm; 250 mm,,,,,,,,,
product.0_S_06_241_315200_00,All Bell Reducer - W 315 x 200 mm,FITTING PVC,FITTING · ALL BELL REDUCER,6431,Export ERP master_product_updated.xlsx (diunduh 2026-10-06),,,,200 mm; 315 mm,,,,,,,,,
product.0_S_06_241_315250_00,All Bell Reducer - W 315 x 250 mm,FITTING PVC,FITTING · ALL BELL REDUCER,6432,Export ERP master_product_updated.xlsx (diunduh 2026-10-06),,,,250 mm; 315 mm,,,,,,,,,
product.0_S_06_241_355200_00,All Bell Reducer - W 355 x 200 mm,FITTING PVC,FITTING · ALL BELL REDUCER,6433,Export ERP master_product_updated.xlsx (diunduh 2026-10-06),,,,200 mm; 355 mm,,,,,,,,,
__export__.product_product_14481,All Bell Reducer - W 355 x 250 mm,FITTING PVC,FITTING · ALL BELL REDUCER,6434,Export ERP master_product_updated.xlsx (diunduh 2026-10-06),,,,250 mm; 355 mm,,,,,,,,,
product.0_S_06_241_355315_00,All Bell Reducer - W 355 x 315 mm,FITTING PVC,FITTING · ALL BELL REDUCER,6435,Export ERP master_product_updated.xlsx (diunduh 2026-10-06),,,,315 mm; 355 mm,,,,,,,,,
product.0_S_06_241_400315_00,All Bell Reducer - W 400 x 315 mm,FITTING PVC,FITTING · ALL BELL REDUCER,6436,Export ERP master_product_updated.xlsx (diunduh 2026-10-06),,,,315 mm; 400 mm,,,,,,,,,
__export__.product_product_13611,All Bell Reducer - W 400 x 355 mm,FITTING PVC,FITTING · ALL BELL REDUCER,6437,Export ERP master_product_updated.xlsx (diunduh 2026-10-06),,,,355 mm; 400 mm,,,,,,,,,
product.0_S_06_241_400400_00,All Bell Reducer - W 400 x 400 mm,FITTING PVC,FITTING · ALL BELL REDUCER,6438,Export ERP master_product_updated.xlsx (diunduh 2026-10-06),,,,400 mm,,,,,,,,,
product.0_S_06_241_500160_00,All Bell Reducer - W 500 x 160 mm,FITTING PVC,FITTING · ALL BELL REDUCER,6439,Export ERP master_product_updated.xlsx (diunduh 2026-10-06),,,,160 mm; 500 mm,,,,,,,,,
product.0_S_06_241_630450_00,All Bell Reducer - W 630 x 450 mm,FITTING PVC,FITTING · ALL BELL REDUCER,6440,Export ERP master_product_updated.xlsx (diunduh 2026-10-06),,,,450 mm; 630 mm,,,,,,,,,
product.0_S_06_243_063020_00,All Bell Reducer - D 63 x 20 mm,FITTING PVC,FITTING · ALL BELL REDUCER,6452,Export ERP master_product_updated.xlsx (diunduh 2026-10-06),,,,20 mm; 63 mm,,,,,,D,,,
product.0_S_06_243_063032_00,All Bell Reducer - D 63 x 32 mm,FITTING PVC,FITTING · ALL BELL REDUCER,6453,Export ERP master_product_updated.xlsx (diunduh 2026-10-06),,,,32 mm; 63 mm,,,,,,D,,,
product.0_S_06_243_063040_00,All Bell Reducer - D 63 x 40 mm,FITTING PVC,FITTING · ALL BELL REDUCER,6454,Export ERP master_product_updated.xlsx (diunduh 2026-10-06),,,,40 mm; 63 mm,,,,,,D,,,
product.0_S_06_243_063050_00,All Bell Reducer - D 63 x 50 mm,FITTING PVC,FITTING · ALL BELL REDUCER,6455,Export ERP master_product_updated.xlsx (diunduh 2026-10-06),,,,50 mm; 63 mm,,,,,,D,,,
product.0_S_06_243_063063_00,All Bell Reducer - D 63 x 63 mm,FITTING PVC,FITTING · ALL BELL REDUCER,6456,Export ERP master_product_updated.xlsx (diunduh 2026-10-06),,,,63 mm,,,,,,D,,,
product.0_S_06_243_075032_00,All Bell Reducer - D 75 x 32 mm,FITTING PVC,FITTING · ALL BELL REDUCER,6457,Export ERP master_product_updated.xlsx (diunduh 2026-10-06),,,,32 mm; 75 mm,,,,,,D,,,
product.0_S_06_243_075040_00,All Bell Reducer - D 75 x 40 mm,FITTING PVC,FITTING · ALL BELL REDUCER,6458,Export ERP master_product_updated.xlsx (diunduh 2026-10-06),,,,40 mm; 75 mm,,,,,,D,,,
product.0_S_06_243_090050_00,All Bell Reducer - D 90 x 50 mm,FITTING PVC,FITTING · ALL BELL REDUCER,6459,Export ERP master_product_updated.xlsx (diunduh 2026-10-06),,,,50 mm; 90 mm,,,,,,D,,,
product.0_S_06_243_090063_00,All Bell Reducer - D 90 x 63 mm,FITTING PVC,FITTING · ALL BELL REDUCER,6460,Export ERP master_product_updated.xlsx (diunduh 2026-10-06),,,,63 mm; 90 mm,,,,,,D,,,
product.0_S_06_243_110063_00,All Bell Reducer - D 110 x 63 mm,FITTING PVC,FITTING · ALL BELL REDUCER,6461,Export ERP master_product_updated.xlsx (diunduh 2026-10-06),,,,63 mm; 110 mm,,,,,,D,,,
product.0_S_06_243_110090_00,All Bell Reducer - D 110 x 90 mm,FITTING PVC,FITTING · ALL BELL REDUCER,6462,Export ERP master_product_updated.xlsx (diunduh 2026-10-06),,,,90 mm; 110 mm,,,,,,D,,,
product.0_S_06_243_160063_00,All Bell Reducer - D 160 x 63 mm,FITTING PVC,FITTING · ALL BELL REDUCER,6463,Export ERP master_product_updated.xlsx (diunduh 2026-10-06),,,,63 mm; 160 mm,,,,,,D,,,
product.0_S_06_243_160090_00,All Bell Reducer - D 160 x 90 mm,FITTING PVC,FITTING · ALL BELL REDUCER,6464,Export ERP master_product_updated.xlsx (diunduh 2026-10-06),,,,90 mm; 160 mm,,,,,,D,,,
product.0_S_06_243_160110_00,All Bell Reducer - D 160 x 110 mm,FITTING PVC,FITTING · ALL BELL REDUCER,6465,Export ERP master_product_updated.xlsx (diunduh 2026-10-06),,,,110 mm; 160 mm,,,,,,D,,,
product.0_S_06_243_200110_00,All Bell Reducer - D 200 x 110 mm,FITTING PVC,FITTING · ALL BELL REDUCER,6466,Export ERP master_product_updated.xlsx (diunduh 2026-10-06),,,,110 mm; 200 mm,,,,,,D,,,
product.0_S_06_243_200160_00,All Bell Reducer - D 200 x 160 mm,FITTING PVC,FITTING · ALL BELL REDUCER,6467,Export ERP master_product_updated.xlsx (diunduh 2026-10-06),,,,160 mm; 200 mm,,,,,,D,,,
product.0_S_06_243_250200_00,All Bell Reducer - D 250 x 200 mm,FITTING PVC,FITTING · ALL BELL REDUCER,6468,Export ERP master_product_updated.xlsx (diunduh 2026-10-06),,,,200 mm; 250 mm,,,,,,D,,,
__export__.product_product_18336,All Bell Reducer - D 250 x 200 mm Coklat,FITTING PVC,FITTING · ALL BELL REDUCER,6469,Export ERP master_product_updated.xlsx (diunduh 2026-10-06),Warna: Coklat,,,200 mm; 250 mm,,,,,,D,,,
product.0_S_06_243_315250_00,All Bell Reducer - D 315 x 250 mm,FITTING PVC,FITTING · ALL BELL REDUCER,6470,Export ERP master_product_updated.xlsx (diunduh 2026-10-06),,,,250 mm; 315 mm,,,,,,D,,,
product.0_S_06_243_400315_00,All Bell Reducer - D 400 x 315 mm,FITTING PVC,FITTING · ALL BELL REDUCER,6471,Export ERP master_product_updated.xlsx (diunduh 2026-10-06),,,,315 mm; 400 mm,,,,,,D,,,
product.0_S_06_243_630450_00,All Bell Reducer - D 630 x 450 mm,FITTING PVC,FITTING · ALL BELL REDUCER,6472,Export ERP master_product_updated.xlsx (diunduh 2026-10-06),,,,450 mm; 630 mm,,,,,,D,,,
product.0_S_06_246_090090_00,All Bell Tee With Flange - D 90 x 90 mm,FITTING PVC,FITTING · ALL BELL TEE WITH FLANGE,6486,Export ERP master_product_updated.xlsx (diunduh 2026-10-06),,,,90 mm,,,,,,D,,,
product.0_S_06_246_110090_00,All Bell Tee With Flange - D 110 x 90 mm,FITTING PVC,FITTING · ALL BELL TEE WITH FLANGE,6487,Export ERP master_product_updated.xlsx (diunduh 2026-10-06),,,,90 mm; 110 mm,,,,,,D,,,
product.0_S_06_246_110110_00,All Bell Tee With Flange - D 110 x 110 mm,FITTING PVC,FITTING · ALL BELL TEE WITH FLANGE,6488,Export ERP master_product_updated.xlsx (diunduh 2026-10-06),,,,110 mm,,,,,,D,,,
product.0_S_06_246_160090_00,All Bell Tee With Flange - D 160 x 90 mm,FITTING PVC,FITTING · ALL BELL TEE WITH FLANGE,6489,Export ERP master_product_updated.xlsx (diunduh 2026-10-06),,,,90 mm; 160 mm,,,,,,D,,,
product.0_S_06_246_160110_00,All Bell Tee With Flange - D 160 x110 mm,FITTING PVC,FITTING · ALL BELL TEE WITH FLANGE,6490,Export ERP master_product_updated.xlsx (diunduh 2026-10-06),,,,110 mm; 160 mm,,,,,,D,,,
product.0_S_06_246_160160_00,All Bell Tee With Flange - D 160 x 160 mm,FITTING PVC,FITTING · ALL BELL TEE WITH FLANGE,6491,Export ERP master_product_updated.xlsx (diunduh 2026-10-06),,,,160 mm,,,,,,D,,,
product.0_S_06_246_200090_00,All Bell Tee With Flange - D 200 x 90 mm,FITTING PVC,FITTING · ALL BELL TEE WITH FLANGE,6492,Export ERP master_product_updated.xlsx (diunduh 2026-10-06),,,,90 mm; 200 mm,,,,,,D,,,
product.0_S_06_246_200160_00,All Bell Tee With Flange - D 200 x 160 mm,FITTING PVC,FITTING · ALL BELL TEE WITH FLANGE,6493,Export ERP master_product_updated.xlsx (diunduh 2026-10-06),,,,160 mm; 200 mm,,,,,,D,,,
product.0_S_06_249_110063_00,Tee All Flange - D 110 x 63 mm,FITTING PVC,FITTING · TEE ALL FLANGE,6509,Export ERP master_product_updated.xlsx (diunduh 2026-10-06),,,,63 mm; 110 mm,,,,,,D,,,
product.0_S_06_249_110090_00,Tee All Flange - D 110 x 90 mm,FITTING PVC,FITTING · TEE ALL FLANGE,6510,Export ERP master_product_updated.xlsx (diunduh 2026-10-06),,,,90 mm; 110 mm,,,,,,D,,,
product.0_S_06_249_160090_00,Tee All Flange - D 160 x 90 mm,FITTING PVC,FITTING · TEE ALL FLANGE,6511,Export ERP master_product_updated.xlsx (diunduh 2026-10-06),,,,90 mm; 160 mm,,,,,,D,,,
product.0_S_06_249_160110_00,Tee All Flange - D 160 x 110 mm,FITTING PVC,FITTING · TEE ALL FLANGE,6512,Export ERP master_product_updated.xlsx (diunduh 2026-10-06),,,,110 mm; 160 mm,,,,,,D,,,
product.0_S_06_249_160160_00,Tee All Flange - D 160 x 160 mm,FITTING PVC,FITTING · TEE ALL FLANGE,6513,Export ERP master_product_updated.xlsx (diunduh 2026-10-06),,,,160 mm,,,,,,D,,,
product.0_S_06_249_200110_00,Tee All Flange - D 200 x 110 mm,FITTING PVC,FITTING · TEE ALL FLANGE,6514,Export ERP master_product_updated.xlsx (diunduh 2026-10-06),,,,110 mm; 200 mm,,,,,,D,,,
product.0_S_06_249_200160_00,Tee All Flange - D 200 x 160 mm,FITTING PVC,FITTING · TEE ALL FLANGE,6515,Export ERP master_product_updated.xlsx (diunduh 2026-10-06),,,,160 mm; 200 mm,,,,,,D,,,
product.0_S_06_249_200200_00,Tee All Flange - D 200 x 200 mm,FITTING PVC,FITTING · TEE ALL FLANGE,6516,Export ERP master_product_updated.xlsx (diunduh 2026-10-06),,,,200 mm,,,,,,D,,,
product.0_S_06_249_250110_00,Tee All Flange - D 250 x 110 mm,FITTING PVC,FITTING · TEE ALL FLANGE,6517,Export ERP master_product_updated.xlsx (diunduh 2026-10-06),,,,110 mm; 250 mm,,,,,,D,,,
product.0_S_06_249_250250_00,Tee All Flange - D 250 x 250 mm,FITTING PVC,FITTING · TEE ALL FLANGE,6518,Export ERP master_product_updated.xlsx (diunduh 2026-10-06),,,,250 mm,,,,,,D,,,
product.0_S_06_249_315090_00,Tee All Flange - D 315 x 90 mm,FITTING PVC,FITTING · TEE ALL FLANGE,6519,Export ERP master_product_updated.xlsx (diunduh 2026-10-06),,,,90 mm; 315 mm,,,,,,D,,,
product.0_S_06_252_063000_00,Bend All Flange 90° - D 63mm,FITTING PVC,FITTING · BEND ALL FLANGE 90°,6538,Export ERP master_product_updated.xlsx (diunduh 2026-10-06),,,,63 mm,,,,,,D,,,
product.0_S_06_252_075000_00,Bend All Flange 90° - D 75 mm,FITTING PVC,FITTING · BEND ALL FLANGE 90°,6539,Export ERP master_product_updated.xlsx (diunduh 2026-10-06),,,,75 mm,,,,,,D,,,
product.0_S_06_252_090000_00,Bend All Flange 90° - D 90mm,FITTING PVC,FITTING · BEND ALL FLANGE 90°,6540,Export ERP master_product_updated.xlsx (diunduh 2026-10-06),,,,90 mm,,,,,,D,,,
product.0_S_06_252_110000_00,Bend All Flange 90° - D 110mm,FITTING PVC,FITTING · BEND ALL FLANGE 90°,6541,Export ERP master_product_updated.xlsx (diunduh 2026-10-06),,,,110 mm,,,,,,D,,,
product.0_S_06_252_140000_00,Bend All Flange 90° - D 140 mm,FITTING PVC,FITTING · BEND ALL FLANGE 90°,6542,Export ERP master_product_updated.xlsx (diunduh 2026-10-06),,,,140 mm,,,,,,D,,,
product.0_S_06_252_160000_00,Bend All Flange 90° - D 160 mm,FITTING PVC,FITTING · BEND ALL FLANGE 90°,6543,Export ERP master_product_updated.xlsx (diunduh 2026-10-06),,,,160 mm,,,,,,D,,,
product.0_S_06_252_200000_00,Bend All Flange 90° - D 200 mm,FITTING PVC,FITTING · BEND ALL FLANGE 90°,6544,Export ERP master_product_updated.xlsx (diunduh 2026-10-06),,,,200 mm,,,,,,D,,,
product.0_S_06_252_250000_00,Bend All Flange 90° - D 250mm,FITTING PVC,FITTING · BEND ALL FLANGE 90°,6545,Export ERP master_product_updated.xlsx (diunduh 2026-10-06),,,,250 mm,,,,,,D,,,
product.0_S_06_252_315000_00,Bend All Flange 90° - D 315mm,FITTING PVC,FITTING · BEND ALL FLANGE 90°,6546,Export ERP master_product_updated.xlsx (diunduh 2026-10-06),,,,315 mm,,,,,,D,,,
product.0_S_06_252_355000_00,Bend All Flange 90° - D 355 mm,FITTING PVC,FITTING · BEND ALL FLANGE 90°,6547,Export ERP master_product_updated.xlsx (diunduh 2026-10-06),,,,355 mm,,,,,,D,,,
product.0_S_06_252_400000_00,Bend All Flange 90° - D 400 mm,FITTING PVC,FITTING · BEND ALL FLANGE 90°,6548,Export ERP master_product_updated.xlsx (diunduh 2026-10-06),,,,400 mm,,,,,,D,,,
product.0_S_06_252_450000_00,Bend All Flange 90° - D 450 mm,FITTING PVC,FITTING · BEND ALL FLANGE 90°,6549,Export ERP master_product_updated.xlsx (diunduh 2026-10-06),,,,450 mm,,,,,,D,,,
product.0_S_06_252_500000_00,Bend All Flange 90° - D 500 mm,FITTING PVC,FITTING · BEND ALL FLANGE 90°,6550,Export ERP master_product_updated.xlsx (diunduh 2026-10-06),,,,500 mm,,,,,,D,,,
product.0_S_06_252_630000_00,Bend All Flange 90° - D 630 mm,FITTING PVC,FITTING · BEND ALL FLANGE 90°,6551,Export ERP master_product_updated.xlsx (diunduh 2026-10-06),,,,630 mm,,,,,,D,,,
__export__.product_product_19738,Saddle Bell Branch - D 200 mm x 160 mm Coklat,FITTING PVC,FITTING · SADDLE BELL BRANCH,6554,Export ERP master_product_updated.xlsx (diunduh 2026-10-06),Warna: Coklat,,,160 mm; 200 mm,,,,,,D,,,
__export__.product_product_12475,Bend Flange 90° - W 110 mm,FITTING PVC,FITTING · BEND FLANGE 90°,6561,Export ERP master_product_updated.xlsx (diunduh 2026-10-06),,,,110 mm,,,,,,,,,
__export__.product_product_12476,Bend Flange 90° - W 160 mm,FITTING PVC,FITTING · BEND FLANGE 90°,6562,Export ERP master_product_updated.xlsx (diunduh 2026-10-06),,,,160 mm,,,,,,,,,
__export__.product_product_15447,Clamp Saddle 250 mm x 110 mm,FITTING PVC,FITTING · CLAMP SADDLE,6568,Export ERP master_product_updated.xlsx (diunduh 2026-10-06),,,,110 mm; 250 mm,,,,,,,,,
__export__.product_product_15448,Clamp Saddle 315 mm x 200 mm,FITTING PVC,FITTING · CLAMP SADDLE,6569,Export ERP master_product_updated.xlsx (diunduh 2026-10-06),,,,200 mm; 315 mm,,,,,,,,,
__export__.product_product_13483,Bend All Flange 45° - W 315 mm,FITTING PVC,FITTING · BEND ALL FLANGE 45°,6570,Export ERP master_product_updated.xlsx (diunduh 2026-10-06),,,,315 mm,,,,,,,,,
__export__.product_product_13492,Bend All Flange 11 1/4° - W 315 mm,FITTING PVC,FITTING · BEND ALL FLANGE 11 1/4°,6571,Export ERP master_product_updated.xlsx (diunduh 2026-10-06),,,,315 mm,,,,,,,,,
__export__.product_product_13493,Bend All Flange 22 1/2° - W 315 mm,FITTING PVC,FITTING · BEND ALL FLANGE 22 1/2°,6572,Export ERP master_product_updated.xlsx (diunduh 2026-10-06),,,,315 mm,,,,,,,,,
product.0_S_06_261_063000_00,Bell TY - D 63 mm,FITTING PVC,FITTING · BELL TY,6582,Export ERP master_product_updated.xlsx (diunduh 2026-10-06),,,,63 mm,,,,,,D,,,
product.0_S_06_261_075000_00,Bell TY - D 75 mm,FITTING PVC,FITTING · BELL TY,6583,Export ERP master_product_updated.xlsx (diunduh 2026-10-06),,,,75 mm,,,,,,D,,,
product.0_S_06_261_090000_00,Bell TY - D 90 mm,FITTING PVC,FITTING · BELL TY,6584,Export ERP master_product_updated.xlsx (diunduh 2026-10-06),,,,90 mm,,,,,,D,,,
product.0_S_06_261_110000_00,Bell TY - D 110 mm,FITTING PVC,FITTING · BELL TY,6585,Export ERP master_product_updated.xlsx (diunduh 2026-10-06),,,,110 mm,,,,,,D,,,
product.0_S_06_261_110090_00,Bell TY - D 110 x 90 mm,FITTING PVC,FITTING · BELL TY,6586,Export ERP master_product_updated.xlsx (diunduh 2026-10-06),,,,90 mm; 110 mm,,,,,,D,,,
product.0_S_06_261_140000_00,Bell TY - D 140 mm,FITTING PVC,FITTING · BELL TY,6587,Export ERP master_product_updated.xlsx (diunduh 2026-10-06),,,,140 mm,,,,,,D,,,
product.0_S_06_261_160000_00,Bell TY - D 160 mm,FITTING PVC,FITTING · BELL TY,6588,Export ERP master_product_updated.xlsx (diunduh 2026-10-06),,,,160 mm,,,,,,D,,,
product.0_S_06_261_160090_00,Bell TY - D 160 x 90 mm,FITTING PVC,FITTING · BELL TY,6589,Export ERP master_product_updated.xlsx (diunduh 2026-10-06),,,,90 mm; 160 mm,,,,,,D,,,
product.0_S_06_261_160110_00,Bell TY - D 160 x 110 mm,FITTING PVC,FITTING · BELL TY,6590,Export ERP master_product_updated.xlsx (diunduh 2026-10-06),,,,110 mm; 160 mm,,,,,,D,,,
product.0_S_06_261_200000_00,Bell TY - D 200 mm,FITTING PVC,FITTING · BELL TY,6591,Export ERP master_product_updated.xlsx (diunduh 2026-10-06),,,,200 mm,,,,,,D,,,
__export__.product_product_17475,Bell TY - D 200 x 160 mm Bell Branch Coklat,FITTING PVC,FITTING · BELL TY BELL BRANCH,6592,Export ERP master_product_updated.xlsx (diunduh 2026-10-06),Warna: Coklat,,,160 mm; 200 mm,,,,,,D,,,
product.0_S_06_261_250000_00,Bell TY - D 250 mm,FITTING PVC,FITTING · BELL TY,6593,Export ERP master_product_updated.xlsx (diunduh 2026-10-06),,,,250 mm,,,,,,D,,,
product.0_S_06_261_315000_00,Bell TY - D 315 mm,FITTING PVC,FITTING · BELL TY,6594,Export ERP master_product_updated.xlsx (diunduh 2026-10-06),,,,315 mm,,,,,,D,,,
product.0_S_06_261_355000_00,Bell TY - D 355 mm,FITTING PVC,FITTING · BELL TY,6595,Export ERP master_product_updated.xlsx (diunduh 2026-10-06),,,,355 mm,,,,,,D,,,
product.0_S_06_261_400000_00,Bell TY - D 400 mm,FITTING PVC,FITTING · BELL TY,6596,Export ERP master_product_updated.xlsx (diunduh 2026-10-06),,,,400 mm,,,,,,D,,,
product.0_S_06_261_450000_00,Bell TY - D 450 mm,FITTING PVC,FITTING · BELL TY,6597,Export ERP master_product_updated.xlsx (diunduh 2026-10-06),,,,450 mm,,,,,,D,,,
product.0_S_06_261_500000_00,Bell TY - D 500 mm,FITTING PVC,FITTING · BELL TY,6598,Export ERP master_product_updated.xlsx (diunduh 2026-10-06),,,,500 mm,,,,,,D,,,
product.0_S_06_261_630000_00,Bell TY - D 630 mm,FITTING PVC,FITTING · BELL TY,6599,Export ERP master_product_updated.xlsx (diunduh 2026-10-06),,,,630 mm,,,,,,D,,,
product.0_S_06_264_063000_00,Long TY - D 63 mm,FITTING PVC,FITTING · LONG TY,6623,Export ERP master_product_updated.xlsx (diunduh 2026-10-06),,,,63 mm,,,,,,D,,,
product.0_S_06_264_075000_00,Long TY - D 75 mm,FITTING PVC,FITTING · LONG TY,6624,Export ERP master_product_updated.xlsx (diunduh 2026-10-06),,,,75 mm,,,,,,D,,,
product.0_S_06_264_090000_00,Long TY - D 90 mm,FITTING PVC,FITTING · LONG TY,6625,Export ERP master_product_updated.xlsx (diunduh 2026-10-06),,,,90 mm,,,,,,D,,,
product.0_S_06_264_110000_00,Long TY - D 110 mm,FITTING PVC,FITTING · LONG TY,6626,Export ERP master_product_updated.xlsx (diunduh 2026-10-06),,,,110 mm,,,,,,D,,,
__export__.product_product_16851,Long TY - D 110 mm Coklat,FITTING PVC,FITTING · LONG TY,6627,Export ERP master_product_updated.xlsx (diunduh 2026-10-06),Warna: Coklat,,,110 mm,,,,,,D,,,
__export__.product_product_16852,Long TY - D 110 x 63 mm Coklat,FITTING PVC,FITTING · LONG TY,6628,Export ERP master_product_updated.xlsx (diunduh 2026-10-06),Warna: Coklat,,,63 mm; 110 mm,,,,,,D,,,
product.0_S_06_264_140000_00,Long TY - D 140 mm,FITTING PVC,FITTING · LONG TY,6629,Export ERP master_product_updated.xlsx (diunduh 2026-10-06),,,,140 mm,,,,,,D,,,
product.0_S_06_264_160000_00,Long TY - D 160 mm,FITTING PVC,FITTING · LONG TY,6630,Export ERP master_product_updated.xlsx (diunduh 2026-10-06),,,,160 mm,,,,,,D,,,
__export__.product_product_17329,Long TY - D 160 mm Coklat,FITTING PVC,FITTING · LONG TY,6631,Export ERP master_product_updated.xlsx (diunduh 2026-10-06),Warna: Coklat,,,160 mm,,,,,,D,,,
__export__.product_product_15930,Long TY - D 160 x 110 mm,FITTING PVC,FITTING · LONG TY,6632,Export ERP master_product_updated.xlsx (diunduh 2026-10-06),,,,110 mm; 160 mm,,,,,,D,,,
__export__.product_product_17245,Long TY - D 160 x 110 mm Coklat,FITTING PVC,FITTING · LONG TY,6633,Export ERP master_product_updated.xlsx (diunduh 2026-10-06),Warna: Coklat,,,110 mm; 160 mm,,,,,,D,,,
product.0_S_06_264_200000_00,Long TY - D 200 mm,FITTING PVC,FITTING · LONG TY,6634,Export ERP master_product_updated.xlsx (diunduh 2026-10-06),,,,200 mm,,,,,,D,,,
__export__.product_product_18057,Long TY - D 200 x 160 mm,FITTING PVC,FITTING · LONG TY,6635,Export ERP master_product_updated.xlsx (diunduh 2026-10-06),,,,160 mm; 200 mm,,,,,,D,,,
product.0_S_06_264_250000_00,Long TY - D 250 mm,FITTING PVC,FITTING · LONG TY,6636,Export ERP master_product_updated.xlsx (diunduh 2026-10-06),,,,250 mm,,,,,,D,,,
__export__.product_product_18908,Long TY - D 250 x 110 mm,FITTING PVC,FITTING · LONG TY,6637,Export ERP master_product_updated.xlsx (diunduh 2026-10-06),,,,110 mm; 250 mm,,,,,,D,,,
product.0_S_06_264_315000_00,Long TY - D 315 mm,FITTING PVC,FITTING · LONG TY,6638,Export ERP master_product_updated.xlsx (diunduh 2026-10-06),,,,315 mm,,,,,,D,,,
product.0_S_06_264_355000_00,Long TY - D 355 mm,FITTING PVC,FITTING · LONG TY,6639,Export ERP master_product_updated.xlsx (diunduh 2026-10-06),,,,355 mm,,,,,,D,,,
product.0_S_06_264_400000_00,Long TY - D 400 mm,FITTING PVC,FITTING · LONG TY,6640,Export ERP master_product_updated.xlsx (diunduh 2026-10-06),,,,400 mm,,,,,,D,,,
product.0_S_06_264_450000_00,Long TY - D 450 mm,FITTING PVC,FITTING · LONG TY,6641,Export ERP master_product_updated.xlsx (diunduh 2026-10-06),,,,450 mm,,,,,,D,,,
product.0_S_06_264_500000_00,Long TY - D 500 mm,FITTING PVC,FITTING · LONG TY,6642,Export ERP master_product_updated.xlsx (diunduh 2026-10-06),,,,500 mm,,,,,,D,,,
product.0_S_06_264_630000_00,Long TY - D 630 mm,FITTING PVC,FITTING · LONG TY,6643,Export ERP master_product_updated.xlsx (diunduh 2026-10-06),,,,630 mm,,,,,,D,,,
product.0_S_06_267_063000_00,All Bell TY - D 63 mm,FITTING PVC,FITTING · ALL BELL TY,6653,Export ERP master_product_updated.xlsx (diunduh 2026-10-06),,,,63 mm,,,,,,D,,,
product.0_S_06_267_075000_00,All Bell TY - D 75 mm,FITTING PVC,FITTING · ALL BELL TY,6654,Export ERP master_product_updated.xlsx (diunduh 2026-10-06),,,,75 mm,,,,,,D,,,
product.0_S_06_267_090000_00,All Bell TY - D 90 mm,FITTING PVC,FITTING · ALL BELL TY,6655,Export ERP master_product_updated.xlsx (diunduh 2026-10-06),,,,90 mm,,,,,,D,,,
product.0_S_06_267_110000_00,All Bell TY - D 110 mm,FITTING PVC,FITTING · ALL BELL TY,6656,Export ERP master_product_updated.xlsx (diunduh 2026-10-06),,,,110 mm,,,,,,D,,,
product.0_S_06_267_140000_00,All Bell TY - D 140 mm,FITTING PVC,FITTING · ALL BELL TY,6657,Export ERP master_product_updated.xlsx (diunduh 2026-10-06),,,,140 mm,,,,,,D,,,
product.0_S_06_267_160000_00,All Bell TY - D 160 mm,FITTING PVC,FITTING · ALL BELL TY,6658,Export ERP master_product_updated.xlsx (diunduh 2026-10-06),,,,160 mm,,,,,,D,,,
product.0_S_06_267_200000_00,All Bell TY - D 200 mm,FITTING PVC,FITTING · ALL BELL TY,6659,Export ERP master_product_updated.xlsx (diunduh 2026-10-06),,,,200 mm,,,,,,D,,,
product.0_S_06_267_250000_00,All Bell TY - D 250 mm,FITTING PVC,FITTING · ALL BELL TY,6660,Export ERP master_product_updated.xlsx (diunduh 2026-10-06),,,,250 mm,,,,,,D,,,
product.0_S_06_267_315000_00,All Bell TY - D 315 mm,FITTING PVC,FITTING · ALL BELL TY,6661,Export ERP master_product_updated.xlsx (diunduh 2026-10-06),,,,315 mm,,,,,,D,,,
product.0_S_06_267_355000_00,All Bell TY - D 355 mm,FITTING PVC,FITTING · ALL BELL TY,6662,Export ERP master_product_updated.xlsx (diunduh 2026-10-06),,,,355 mm,,,,,,D,,,
product.0_S_06_267_400000_00,All Bell TY - D 400 mm,FITTING PVC,FITTING · ALL BELL TY,6663,Export ERP master_product_updated.xlsx (diunduh 2026-10-06),,,,400 mm,,,,,,D,,,
product.0_S_06_267_450000_00,All Bell TY - D 450 mm,FITTING PVC,FITTING · ALL BELL TY,6664,Export ERP master_product_updated.xlsx (diunduh 2026-10-06),,,,450 mm,,,,,,D,,,
product.0_S_06_267_500000_00,All Bell TY - D 500 mm,FITTING PVC,FITTING · ALL BELL TY,6665,Export ERP master_product_updated.xlsx (diunduh 2026-10-06),,,,500 mm,,,,,,D,,,
product.0_S_06_267_630000_00,All Bell TY - D 630 mm,FITTING PVC,FITTING · ALL BELL TY,6666,Export ERP master_product_updated.xlsx (diunduh 2026-10-06),,,,630 mm,,,,,,D,,,
product.0_S_06_270_063000_00,All Bell Long TY - D 63 mm,FITTING PVC,FITTING · ALL BELL LONG TY,6676,Export ERP master_product_updated.xlsx (diunduh 2026-10-06),,,,63 mm,,,,,,D,,,
product.0_S_06_270_075000_00,All Bell Long TY - D 75 mm,FITTING PVC,FITTING · ALL BELL LONG TY,6677,Export ERP master_product_updated.xlsx (diunduh 2026-10-06),,,,75 mm,,,,,,D,,,
product.0_S_06_270_090000_00,All Bell Long TY - D 90 mm,FITTING PVC,FITTING · ALL BELL LONG TY,6678,Export ERP master_product_updated.xlsx (diunduh 2026-10-06),,,,90 mm,,,,,,D,,,
product.0_S_06_270_110000_00,All Bell Long TY - D 110 mm,FITTING PVC,FITTING · ALL BELL LONG TY,6680,Export ERP master_product_updated.xlsx (diunduh 2026-10-06),,,,110 mm,,,,,,D,,,
__export__.product_product_19615,All Bell Long TY - D 110 mm Coklat,FITTING PVC,FITTING · ALL BELL LONG TY,6681,Export ERP master_product_updated.xlsx (diunduh 2026-10-06),Warna: Coklat,,,110 mm,,,,,,D,,,
product.0_S_06_270_140000_00,All Bell Long TY - D 140 mm,FITTING PVC,FITTING · ALL BELL LONG TY,6682,Export ERP master_product_updated.xlsx (diunduh 2026-10-06),,,,140 mm,,,,,,D,,,
product.0_S_06_270_160000_00,All Bell Long TY - D 160 mm,FITTING PVC,FITTING · ALL BELL LONG TY,6683,Export ERP master_product_updated.xlsx (diunduh 2026-10-06),,,,160 mm,,,,,,D,,,
product.0_S_06_270_200000_00,All Bell Long TY - D 200 mm,FITTING PVC,FITTING · ALL BELL LONG TY,6684,Export ERP master_product_updated.xlsx (diunduh 2026-10-06),,,,200 mm,,,,,,D,,,
product.0_S_06_270_250000_00,All Bell Long TY - D 250 mm,FITTING PVC,FITTING · ALL BELL LONG TY,6685,Export ERP master_product_updated.xlsx (diunduh 2026-10-06),,,,250 mm,,,,,,D,,,
product.0_S_06_270_315000_00,All Bell Long TY - D 315 mm,FITTING PVC,FITTING · ALL BELL LONG TY,6686,Export ERP master_product_updated.xlsx (diunduh 2026-10-06),,,,315 mm,,,,,,D,,,
product.0_S_06_270_355000_00,All Bell Long TY - D 355 mm,FITTING PVC,FITTING · ALL BELL LONG TY,6687,Export ERP master_product_updated.xlsx (diunduh 2026-10-06),,,,355 mm,,,,,,D,,,
product.0_S_06_270_400000_00,All Bell Long TY - D 400 mm,FITTING PVC,FITTING · ALL BELL LONG TY,6688,Export ERP master_product_updated.xlsx (diunduh 2026-10-06),,,,400 mm,,,,,,D,,,
product.0_S_06_270_450000_00,All Bell Long TY - D 450 mm,FITTING PVC,FITTING · ALL BELL LONG TY,6689,Export ERP master_product_updated.xlsx (diunduh 2026-10-06),,,,450 mm,,,,,,D,,,
product.0_S_06_270_500000_00,All Bell Long TY - D 500 mm,FITTING PVC,FITTING · ALL BELL LONG TY,6690,Export ERP master_product_updated.xlsx (diunduh 2026-10-06),,,,500 mm,,,,,,D,,,
product.0_S_06_270_630000_00,All Bell Long TY - D 630 mm,FITTING PVC,FITTING · ALL BELL LONG TY,6691,Export ERP master_product_updated.xlsx (diunduh 2026-10-06),,,,630 mm,,,,,,D,,,
__export__.product_product_17361,Bell Y TS Branch - W 63 x 50 mm,FITTING PVC,FITTING · BELL Y BRANCH,6692,Export ERP master_product_updated.xlsx (diunduh 2026-10-06),,,,50 mm; 63 mm,,,,,,,,,
product.0_S_06_273_063000_00,Double Long TY - D 63 mm,FITTING PVC,FITTING · DOUBLE LONG TY,6707,Export ERP master_product_updated.xlsx (diunduh 2026-10-06),,,,63 mm,,,,,,D,,,
product.0_S_06_273_075000_00,Double Long TY - D 75 mm,FITTING PVC,FITTING · DOUBLE LONG TY,6708,Export ERP master_product_updated.xlsx (diunduh 2026-10-06),,,,75 mm,,,,,,D,,,
product.0_S_06_273_090000_00,Double Long TY - D 90 mm,FITTING PVC,FITTING · DOUBLE LONG TY,6709,Export ERP master_product_updated.xlsx (diunduh 2026-10-06),,,,90 mm,,,,,,D,,,
product.0_S_06_273_110000_00,Double Long TY - D 110 mm,FITTING PVC,FITTING · DOUBLE LONG TY,6710,Export ERP master_product_updated.xlsx (diunduh 2026-10-06),,,,110 mm,,,,,,D,,,
product.0_S_06_273_140000_00,Double Long TY - D 140 mm,FITTING PVC,FITTING · DOUBLE LONG TY,6711,Export ERP master_product_updated.xlsx (diunduh 2026-10-06),,,,140 mm,,,,,,D,,,
product.0_S_06_273_160000_00,Double Long TY - D 160 mm,FITTING PVC,FITTING · DOUBLE LONG TY,6712,Export ERP master_product_updated.xlsx (diunduh 2026-10-06),,,,160 mm,,,,,,D,,,
product.0_S_06_273_200000_00,Double Long TY - D 200 mm,FITTING PVC,FITTING · DOUBLE LONG TY,6713,Export ERP master_product_updated.xlsx (diunduh 2026-10-06),,,,200 mm,,,,,,D,,,
product.0_S_06_273_250000_00,Double Long TY - D 250 mm,FITTING PVC,FITTING · DOUBLE LONG TY,6714,Export ERP master_product_updated.xlsx (diunduh 2026-10-06),,,,250 mm,,,,,,D,,,
product.0_S_06_273_315000_00,Double Long TY - D 315 mm,FITTING PVC,FITTING · DOUBLE LONG TY,6715,Export ERP master_product_updated.xlsx (diunduh 2026-10-06),,,,315 mm,,,,,,D,,,
product.0_S_06_273_355000_00,Double Long TY - D 355 mm,FITTING PVC,FITTING · DOUBLE LONG TY,6716,Export ERP master_product_updated.xlsx (diunduh 2026-10-06),,,,355 mm,,,,,,D,,,
product.0_S_06_273_400000_00,Double Long TY - D 450 mm,FITTING PVC,FITTING · DOUBLE LONG TY,6717,Export ERP master_product_updated.xlsx (diunduh 2026-10-06),,,,450 mm,,,,,,D,,,
product.0_S_06_273_500000_00,Double Long TY - D 500 mm,FITTING PVC,FITTING · DOUBLE LONG TY,6718,Export ERP master_product_updated.xlsx (diunduh 2026-10-06),,,,500 mm,,,,,,D,,,
product.0_S_06_273_630000_00,Double Long TY - D 630 mm,FITTING PVC,FITTING · DOUBLE LONG TY,6719,Export ERP master_product_updated.xlsx (diunduh 2026-10-06),,,,630 mm,,,,,,D,,,
product.0_S_06_274_063063_00,Flange Bell End Reducer - W 63 x 63 mm,FITTING PVC,FITTING · FLANGE BELL END REDUCER,6720,Export ERP master_product_updated.xlsx (diunduh 2026-10-06),,,,63 mm,,,,,,,,,
product.0_S_06_274_090063_00,Flange Bell End Reducer - W 90 x 63 mm,FITTING PVC,FITTING · FLANGE BELL END REDUCER,6721,Export ERP master_product_updated.xlsx (diunduh 2026-10-06),,,,63 mm; 90 mm,,,,,,,,,
product.0_S_06_274_110063_00,Flange Bell End Reducer - W 110 x 63 mm,FITTING PVC,FITTING · FLANGE BELL END REDUCER,6722,Export ERP master_product_updated.xlsx (diunduh 2026-10-06),,,,63 mm; 110 mm,,,,,,,,,
product.0_S_06_274_110090_00,Flange Bell End Reducer - W 110 x 90 mm,FITTING PVC,FITTING · FLANGE BELL END REDUCER,6723,Export ERP master_product_updated.xlsx (diunduh 2026-10-06),,,,90 mm; 110 mm,,,,,,,,,
product.0_S_06_274_160063_00,Flange Bell End Reducer - W 160 x 63 mm,FITTING PVC,FITTING · FLANGE BELL END REDUCER,6724,Export ERP master_product_updated.xlsx (diunduh 2026-10-06),,,,63 mm; 160 mm,,,,,,,,,
product.0_S_06_274_160090_00,Flange Bell End Reducer - W 160 x 90 mm,FITTING PVC,FITTING · FLANGE BELL END REDUCER,6725,Export ERP master_product_updated.xlsx (diunduh 2026-10-06),,,,90 mm; 160 mm,,,,,,,,,
product.0_S_06_274_160110_00,Flange Bell End Reducer - W 160 x 110 mm,FITTING PVC,FITTING · FLANGE BELL END REDUCER,6726,Export ERP master_product_updated.xlsx (diunduh 2026-10-06),,,,110 mm; 160 mm,,,,,,,,,
product.0_S_06_274_200110_00,Flange Bell End Reducer - W 200 x 110 mm,FITTING PVC,FITTING · FLANGE BELL END REDUCER,6727,Export ERP master_product_updated.xlsx (diunduh 2026-10-06),,,,110 mm; 200 mm,,,,,,,,,
product.0_S_06_274_200160_00,Flange Bell End Reducer - W 200 x 160 mm,FITTING PVC,FITTING · FLANGE BELL END REDUCER,6728,Export ERP master_product_updated.xlsx (diunduh 2026-10-06),,,,160 mm; 200 mm,,,,,,,,,
__export__.product_product_12535,Flange Bell End Reducer - W 250 x 160 mm,FITTING PVC,FITTING · FLANGE BELL END REDUCER,6729,Export ERP master_product_updated.xlsx (diunduh 2026-10-06),,,,160 mm; 250 mm,,,,,,,,,
product.0_S_06_274_250200_00,Flange Bell End Reducer - W 250 x 200 mm,FITTING PVC,FITTING · FLANGE BELL END REDUCER,6730,Export ERP master_product_updated.xlsx (diunduh 2026-10-06),,,,200 mm; 250 mm,,,,,,,,,
product.0_S_06_274_315250_00,Flange Bell End Reducer - W 315 x 250 mm,FITTING PVC,FITTING · FLANGE BELL END REDUCER,6731,Export ERP master_product_updated.xlsx (diunduh 2026-10-06),,,,250 mm; 315 mm,,,,,,,,,
product.0_S_06_274_400315_00,Flange Bell End Reducer - W 400 x 315 mm,FITTING PVC,FITTING · FLANGE BELL END REDUCER,6732,Export ERP master_product_updated.xlsx (diunduh 2026-10-06),,,,315 mm; 400 mm,,,,,,,,,
product.0_S_06_274_630450_00,Flange Bell End Reducer - W 630 x 450 mm,FITTING PVC,FITTING · FLANGE BELL END REDUCER,6733,Export ERP master_product_updated.xlsx (diunduh 2026-10-06),,,,450 mm; 630 mm,,,,,,,,,
product.0_S_06_276_063063_00,Flange Bell Reducer - D 63 x 63 mm,FITTING PVC,FITTING · FLANGE BELL REDUCER,6742,Export ERP master_product_updated.xlsx (diunduh 2026-10-06),,,,63 mm,,,,,,D,,,
product.0_S_06_276_090063_00,Flange Bell Reducer - D 90 x 63 mm,FITTING PVC,FITTING · FLANGE BELL REDUCER,6743,Export ERP master_product_updated.xlsx (diunduh 2026-10-06),,,,63 mm; 90 mm,,,,,,D,,,
product.0_S_06_276_110063_00,Flange Bell Reducer - D 110 x 63 mm,FITTING PVC,FITTING · FLANGE BELL REDUCER,6744,Export ERP master_product_updated.xlsx (diunduh 2026-10-06),,,,63 mm; 110 mm,,,,,,D,,,
product.0_S_06_276_110090_00,Flange Bell Reducer - D 110 x 90 mm,FITTING PVC,FITTING · FLANGE BELL REDUCER,6745,Export ERP master_product_updated.xlsx (diunduh 2026-10-06),,,,90 mm; 110 mm,,,,,,D,,,
product.0_S_06_276_160063_00,Flange Bell Reducer - D 160 x 63 mm,FITTING PVC,FITTING · FLANGE BELL REDUCER,6746,Export ERP master_product_updated.xlsx (diunduh 2026-10-06),,,,63 mm; 160 mm,,,,,,D,,,
product.0_S_06_276_160090_00,Flange Bell Reducer - D 160 x 90 mm,FITTING PVC,FITTING · FLANGE BELL REDUCER,6747,Export ERP master_product_updated.xlsx (diunduh 2026-10-06),,,,90 mm; 160 mm,,,,,,D,,,
product.0_S_06_276_160110_00,Flange Bell Reducer - D 160 x 110 mm,FITTING PVC,FITTING · FLANGE BELL REDUCER,6748,Export ERP master_product_updated.xlsx (diunduh 2026-10-06),,,,110 mm; 160 mm,,,,,,D,,,
product.0_S_06_276_200110_00,Flange Bell Reducer - D 200 x 110 mm,FITTING PVC,FITTING · FLANGE BELL REDUCER,6749,Export ERP master_product_updated.xlsx (diunduh 2026-10-06),,,,110 mm; 200 mm,,,,,,D,,,
product.0_S_06_276_200160_00,Flange Bell Reducer - D 200 x 160 mm,FITTING PVC,FITTING · FLANGE BELL REDUCER,6750,Export ERP master_product_updated.xlsx (diunduh 2026-10-06),,,,160 mm; 200 mm,,,,,,D,,,
product.0_S_06_276_250200_00,Flange Bell Reducer - D 250 x 200 mm,FITTING PVC,FITTING · FLANGE BELL REDUCER,6751,Export ERP master_product_updated.xlsx (diunduh 2026-10-06),,,,200 mm; 250 mm,,,,,,D,,,
product.0_S_06_276_315250_00,Flange Bell Reducer - D 315 x 250 mm,FITTING PVC,FITTING · FLANGE BELL REDUCER,6752,Export ERP master_product_updated.xlsx (diunduh 2026-10-06),,,,250 mm; 315 mm,,,,,,D,,,
product.0_S_06_276_400315_00,Flange Bell Reducer - D 400 x 315 mm,FITTING PVC,FITTING · FLANGE BELL REDUCER,6753,Export ERP master_product_updated.xlsx (diunduh 2026-10-06),,,,315 mm; 400 mm,,,,,,D,,,
product.0_S_06_276_630450_00,Flange Bell Reducer - D 630 x 450 mm,FITTING PVC,FITTING · FLANGE BELL REDUCER,6754,Export ERP master_product_updated.xlsx (diunduh 2026-10-06),,,,450 mm; 630 mm,,,,,,D,,,
product.0_S_06_277_063000_00,All Flange Reducer - W 63 mm,FITTING PVC,FITTING · ALL FLANGE REDUCER,6755,Export ERP master_product_updated.xlsx (diunduh 2026-10-06),,,,63 mm,,,,,,,,,
product.0_S_06_277_075000_00,All Flange Reducer - W 75 mm,FITTING PVC,FITTING · ALL FLANGE REDUCER,6756,Export ERP master_product_updated.xlsx (diunduh 2026-10-06),,,,75 mm,,,,,,,,,
product.0_S_06_277_090000_00,All Flange Reducer - W 90 mm,FITTING PVC,FITTING · ALL FLANGE REDUCER,6757,Export ERP master_product_updated.xlsx (diunduh 2026-10-06),,,,90 mm,,,,,,,,,
product.0_S_06_277_090063_00,All Flange Reducer - W 90 x 63 mm,FITTING PVC,FITTING · ALL FLANGE REDUCER,6758,Export ERP master_product_updated.xlsx (diunduh 2026-10-06),,,,63 mm; 90 mm,,,,,,,,,
product.0_S_06_277_110000_00,All Flange Reducer - W 110 mm,FITTING PVC,FITTING · ALL FLANGE REDUCER,6759,Export ERP master_product_updated.xlsx (diunduh 2026-10-06),,,,110 mm,,,,,,,,,
product.0_S_06_277_110063_00,All Flange Reducer - W 110 x 63 mm,FITTING PVC,FITTING · ALL FLANGE REDUCER,6760,Export ERP master_product_updated.xlsx (diunduh 2026-10-06),,,,63 mm; 110 mm,,,,,,,,,
product.0_S_06_277_110090_00,All Flange Reducer - W 110 x 90 mm,FITTING PVC,FITTING · ALL FLANGE REDUCER,6761,Export ERP master_product_updated.xlsx (diunduh 2026-10-06),,,,90 mm; 110 mm,,,,,,,,,
product.0_S_06_277_140000_00,All Flange Reducer - W 140 mm,FITTING PVC,FITTING · ALL FLANGE REDUCER,6762,Export ERP master_product_updated.xlsx (diunduh 2026-10-06),,,,140 mm,,,,,,,,,
product.0_S_06_277_160000_00,All Flange Reducer - W 160 mm,FITTING PVC,FITTING · ALL FLANGE REDUCER,6763,Export ERP master_product_updated.xlsx (diunduh 2026-10-06),,,,160 mm,,,,,,,,,
product.0_S_06_277_160063_00,All Flange Reducer - W 160 x 63 mm,FITTING PVC,FITTING · ALL FLANGE REDUCER,6764,Export ERP master_product_updated.xlsx (diunduh 2026-10-06),,,,63 mm; 160 mm,,,,,,,,,
product.0_S_06_277_160090_00,All Flange Reducer - W 160 x 90 mm,FITTING PVC,FITTING · ALL FLANGE REDUCER,6765,Export ERP master_product_updated.xlsx (diunduh 2026-10-06),,,,90 mm; 160 mm,,,,,,,,,
product.0_S_06_277_160110_00,All Flange Reducer - W 160 x 110 mm,FITTING PVC,FITTING · ALL FLANGE REDUCER,6766,Export ERP master_product_updated.xlsx (diunduh 2026-10-06),,,,110 mm; 160 mm,,,,,,,,,
product.0_S_06_277_160160_00,All Flange Reducer - W 160 x 160 mm,FITTING PVC,FITTING · ALL FLANGE REDUCER,6767,Export ERP master_product_updated.xlsx (diunduh 2026-10-06),,,,160 mm,,,,,,,,,
product.0_S_06_277_200000_00,All Flange Reducer - W 200 mm,FITTING PVC,FITTING · ALL FLANGE REDUCER,6768,Export ERP master_product_updated.xlsx (diunduh 2026-10-06),,,,200 mm,,,,,,,,,
product.0_S_06_277_200090_00,All Flange Reducer - W 200 x 90 mm,FITTING PVC,FITTING · ALL FLANGE REDUCER,6769,Export ERP master_product_updated.xlsx (diunduh 2026-10-06),,,,90 mm; 200 mm,,,,,,,,,
product.0_S_06_277_200110_00,All Flange Reducer - W 200 x 110 mm,FITTING PVC,FITTING · ALL FLANGE REDUCER,6770,Export ERP master_product_updated.xlsx (diunduh 2026-10-06),,,,110 mm; 200 mm,,,,,,,,,
product.0_S_06_277_200160_00,All Flange Reducer - W 200 x 160 mm,FITTING PVC,FITTING · ALL FLANGE REDUCER,6771,Export ERP master_product_updated.xlsx (diunduh 2026-10-06),,,,160 mm; 200 mm,,,,,,,,,
product.0_S_06_277_250000_00,All Flange Reducer - W 250 mm,FITTING PVC,FITTING · ALL FLANGE REDUCER,6772,Export ERP master_product_updated.xlsx (diunduh 2026-10-06),,,,250 mm,,,,,,,,,
product.0_S_06_277_250160_00,All Flange Reducer - W 250 x 160 mm,FITTING PVC,FITTING · ALL FLANGE REDUCER,6773,Export ERP master_product_updated.xlsx (diunduh 2026-10-06),,,,160 mm; 250 mm,,,,,,,,,
product.0_S_06_277_250200_00,All Flange Reducer - W 250 x 200 mm,FITTING PVC,FITTING · ALL FLANGE REDUCER,6774,Export ERP master_product_updated.xlsx (diunduh 2026-10-06),,,,200 mm; 250 mm,,,,,,,,,
product.0_S_06_277_315000_00,All Flange Reducer - W 315 mm,FITTING PVC,FITTING · ALL FLANGE REDUCER,6775,Export ERP master_product_updated.xlsx (diunduh 2026-10-06),,,,315 mm,,,,,,,,,
product.0_S_06_277_315250_00,All Flange Reducer - W 315 x 250 mm,FITTING PVC,FITTING · ALL FLANGE REDUCER,6776,Export ERP master_product_updated.xlsx (diunduh 2026-10-06),,,,250 mm; 315 mm,,,,,,,,,
product.0_S_06_277_355000_00,All Flange Reducer - W 355 mm,FITTING PVC,FITTING · ALL FLANGE REDUCER,6777,Export ERP master_product_updated.xlsx (diunduh 2026-10-06),,,,355 mm,,,,,,,,,
product.0_S_06_277_400000_00,All Flange Reducer - W 400 mm,FITTING PVC,FITTING · ALL FLANGE REDUCER,6778,Export ERP master_product_updated.xlsx (diunduh 2026-10-06),,,,400 mm,,,,,,,,,
product.0_S_06_277_400315_00,All Flange Reducer - W 400 x 315 mm,FITTING PVC,FITTING · ALL FLANGE REDUCER,6779,Export ERP master_product_updated.xlsx (diunduh 2026-10-06),,,,315 mm; 400 mm,,,,,,,,,
product.0_S_06_277_450000_00,All Flange Reducer - W 450 mm,FITTING PVC,FITTING · ALL FLANGE REDUCER,6780,Export ERP master_product_updated.xlsx (diunduh 2026-10-06),,,,450 mm,,,,,,,,,
product.0_S_06_277_500000_00,All Flange Reducer - W 500 mm,FITTING PVC,FITTING · ALL FLANGE REDUCER,6781,Export ERP master_product_updated.xlsx (diunduh 2026-10-06),,,,500 mm,,,,,,,,,
product.0_S_06_277_630000_00,All Flange Reducer - W 630 mm,FITTING PVC,FITTING · ALL FLANGE REDUCER,6782,Export ERP master_product_updated.xlsx (diunduh 2026-10-06),,,,630 mm,,,,,,,,,
product.0_S_06_277_630450_00,All Flange Reducer - W 630 x 450 mm,FITTING PVC,FITTING · ALL FLANGE REDUCER,6783,Export ERP master_product_updated.xlsx (diunduh 2026-10-06),,,,450 mm; 630 mm,,,,,,,,,
product.0_S_06_279_063000_00,All Flange Reducer - D 63 mm,FITTING PVC,FITTING · ALL FLANGE REDUCER,6805,Export ERP master_product_updated.xlsx (diunduh 2026-10-06),,,,63 mm,,,,,,D,,,
product.0_S_06_279_075000_00,All Flange Reducer - D 75 mm,FITTING PVC,FITTING · ALL FLANGE REDUCER,6806,Export ERP master_product_updated.xlsx (diunduh 2026-10-06),,,,75 mm,,,,,,D,,,
product.0_S_06_279_075063_00,All Flange Reducer - D 75 x 63 mm,FITTING PVC,FITTING · ALL FLANGE REDUCER,6807,Export ERP master_product_updated.xlsx (diunduh 2026-10-06),,,,63 mm; 75 mm,,,,,,D,,,
product.0_S_06_279_090000_00,All Flange Reducer - D 90 mm,FITTING PVC,FITTING · ALL FLANGE REDUCER,6808,Export ERP master_product_updated.xlsx (diunduh 2026-10-06),,,,90 mm,,,,,,D,,,
product.0_S_06_279_090063_00,All Flange Reducer - D 90 x 63 mm,FITTING PVC,FITTING · ALL FLANGE REDUCER,6809,Export ERP master_product_updated.xlsx (diunduh 2026-10-06),,,,63 mm; 90 mm,,,,,,D,,,
product.0_S_06_279_110000_00,All Flange Reducer - D 110 mm,FITTING PVC,FITTING · ALL FLANGE REDUCER,6810,Export ERP master_product_updated.xlsx (diunduh 2026-10-06),,,,110 mm,,,,,,D,,,
product.0_S_06_279_110063_00,All Flange Reducer - D 110 x 63 mm,FITTING PVC,FITTING · ALL FLANGE REDUCER,6811,Export ERP master_product_updated.xlsx (diunduh 2026-10-06),,,,63 mm; 110 mm,,,,,,D,,,
product.0_S_06_279_140000_00,All Flange Reducer - D 140 mm,FITTING PVC,FITTING · ALL FLANGE REDUCER,6812,Export ERP master_product_updated.xlsx (diunduh 2026-10-06),,,,140 mm,,,,,,D,,,
product.0_S_06_279_140063_00,All Flange Reducer - D 140 x 63 mm,FITTING PVC,FITTING · ALL FLANGE REDUCER,6813,Export ERP master_product_updated.xlsx (diunduh 2026-10-06),,,,63 mm; 140 mm,,,,,,D,,,
product.0_S_06_279_160000_00,All Flange Reducer - D 160 mm,FITTING PVC,FITTING · ALL FLANGE REDUCER,6814,Export ERP master_product_updated.xlsx (diunduh 2026-10-06),,,,160 mm,,,,,,D,,,
product.0_S_06_279_160063_00,All Flange Reducer - D 160 x 63 mm,FITTING PVC,FITTING · ALL FLANGE REDUCER,6815,Export ERP master_product_updated.xlsx (diunduh 2026-10-06),,,,63 mm; 160 mm,,,,,,D,,,
product.0_S_06_279_200000_00,All Flange Reducer - D 200 mm,FITTING PVC,FITTING · ALL FLANGE REDUCER,6816,Export ERP master_product_updated.xlsx (diunduh 2026-10-06),,,,200 mm,,,,,,D,,,
product.0_S_06_279_200090_00,All Flange Reducer - D 200 x 90 mm,FITTING PVC,FITTING · ALL FLANGE REDUCER,6817,Export ERP master_product_updated.xlsx (diunduh 2026-10-06),,,,90 mm; 200 mm,,,,,,D,,,
product.0_S_06_279_250000_00,All Flange Reducer - D 250 mm,FITTING PVC,FITTING · ALL FLANGE REDUCER,6818,Export ERP master_product_updated.xlsx (diunduh 2026-10-06),,,,250 mm,,,,,,D,,,
product.0_S_06_279_250160_00,All Flange Reducer - D 250 x 160 mm,FITTING PVC,FITTING · ALL FLANGE REDUCER,6819,Export ERP master_product_updated.xlsx (diunduh 2026-10-06),,,,160 mm; 250 mm,,,,,,D,,,
product.0_S_06_279_315000_00,All Flange Reducer - D 315 mm,FITTING PVC,FITTING · ALL FLANGE REDUCER,6820,Export ERP master_product_updated.xlsx (diunduh 2026-10-06),,,,315 mm,,,,,,D,,,
product.0_S_06_279_315250_00,All Flange Reducer - D 315 x 250 mm,FITTING PVC,FITTING · ALL FLANGE REDUCER,6821,Export ERP master_product_updated.xlsx (diunduh 2026-10-06),,,,250 mm; 315 mm,,,,,,D,,,
product.0_S_06_279_355000_00,All Flange Reducer - D 355 mm,FITTING PVC,FITTING · ALL FLANGE REDUCER,6822,Export ERP master_product_updated.xlsx (diunduh 2026-10-06),,,,355 mm,,,,,,D,,,
product.0_S_06_279_355200_00,All Flange Reducer - D 355 x 200 mm,FITTING PVC,FITTING · ALL FLANGE REDUCER,6823,Export ERP master_product_updated.xlsx (diunduh 2026-10-06),,,,200 mm; 355 mm,,,,,,D,,,
product.0_S_06_279_400000_00,All Flange Reducer - D 400 mm,FITTING PVC,FITTING · ALL FLANGE REDUCER,6824,Export ERP master_product_updated.xlsx (diunduh 2026-10-06),,,,400 mm,,,,,,D,,,
product.0_S_06_279_400315_00,All Flange Reducer - D 400 x 315 mm,FITTING PVC,FITTING · ALL FLANGE REDUCER,6825,Export ERP master_product_updated.xlsx (diunduh 2026-10-06),,,,315 mm; 400 mm,,,,,,D,,,
product.0_S_06_279_450000_00,All Flange Reducer - D 450 mm,FITTING PVC,FITTING · ALL FLANGE REDUCER,6826,Export ERP master_product_updated.xlsx (diunduh 2026-10-06),,,,450 mm,,,,,,D,,,
product.0_S_06_279_450315_00,All Flange Reducer - D 450 x 315 mm,FITTING PVC,FITTING · ALL FLANGE REDUCER,6827,Export ERP master_product_updated.xlsx (diunduh 2026-10-06),,,,315 mm; 450 mm,,,,,,D,,,
product.0_S_06_279_500000_00,All Flange Reducer - D 500 mm,FITTING PVC,FITTING · ALL FLANGE REDUCER,6828,Export ERP master_product_updated.xlsx (diunduh 2026-10-06),,,,500 mm,,,,,,D,,,
product.0_S_06_279_500355_00,All Flange Reducer - D 500 x 355 mm,FITTING PVC,FITTING · ALL FLANGE REDUCER,6829,Export ERP master_product_updated.xlsx (diunduh 2026-10-06),,,,355 mm; 500 mm,,,,,,D,,,
product.0_S_06_279_630000_00,All Flange Reducer - D 630 mm,FITTING PVC,FITTING · ALL FLANGE REDUCER,6830,Export ERP master_product_updated.xlsx (diunduh 2026-10-06),,,,630 mm,,,,,,D,,,
product.0_S_06_279_630450_00,All Flange Reducer - D 630 x 450 mm,FITTING PVC,FITTING · ALL FLANGE REDUCER,6831,Export ERP master_product_updated.xlsx (diunduh 2026-10-06),,,,450 mm; 630 mm,,,,,,D,,,
product.0_S_06_280_063063_00,Spigot All Flange - D 63 x 63 mm,FITTING PVC,FITTING · SPIGOT ALL FLANGE,6832,Export ERP master_product_updated.xlsx (diunduh 2026-10-06),,,,63 mm,,,,,,D,,,
product.0_S_06_280_090063_00,Spigot All Flange - D 90 x 63 mm,FITTING PVC,FITTING · SPIGOT ALL FLANGE,6833,Export ERP master_product_updated.xlsx (diunduh 2026-10-06),,,,63 mm; 90 mm,,,,,,D,,,
product.0_S_06_280_110063_00,Spigot All Flange - D 110 x 63 mm,FITTING PVC,FITTING · SPIGOT ALL FLANGE,6834,Export ERP master_product_updated.xlsx (diunduh 2026-10-06),,,,63 mm; 110 mm,,,,,,D,,,
product.0_S_06_280_110090_00,Spigot All Flange - D 110 x 90 mm,FITTING PVC,FITTING · SPIGOT ALL FLANGE,6835,Export ERP master_product_updated.xlsx (diunduh 2026-10-06),,,,90 mm; 110 mm,,,,,,D,,,
product.0_S_06_280_160063_00,Spigot All Flange - D 160 x 63 mm,FITTING PVC,FITTING · SPIGOT ALL FLANGE,6836,Export ERP master_product_updated.xlsx (diunduh 2026-10-06),,,,63 mm; 160 mm,,,,,,D,,,
product.0_S_06_280_160090_00,Spigot All Flange - D 160 x 90 mm,FITTING PVC,FITTING · SPIGOT ALL FLANGE,6837,Export ERP master_product_updated.xlsx (diunduh 2026-10-06),,,,90 mm; 160 mm,,,,,,D,,,
product.0_S_06_280_160110_00,Spigot All Flange - D 160 x 110 mm,FITTING PVC,FITTING · SPIGOT ALL FLANGE,6838,Export ERP master_product_updated.xlsx (diunduh 2026-10-06),,,,110 mm; 160 mm,,,,,,D,,,
product.0_S_06_280_200110_00,Spigot All Flange - D 200 x 110 mm,FITTING PVC,FITTING · SPIGOT ALL FLANGE,6839,Export ERP master_product_updated.xlsx (diunduh 2026-10-06),,,,110 mm; 200 mm,,,,,,D,,,
product.0_S_06_280_200160_00,Spigot All Flange - D 200 x 160 mm,FITTING PVC,FITTING · SPIGOT ALL FLANGE,6840,Export ERP master_product_updated.xlsx (diunduh 2026-10-06),,,,160 mm; 200 mm,,,,,,D,,,
product.0_S_06_280_250160_00,Spigot All Flange - D 250 x 160 mm,FITTING PVC,FITTING · SPIGOT ALL FLANGE,6841,Export ERP master_product_updated.xlsx (diunduh 2026-10-06),,,,160 mm; 250 mm,,,,,,D,,,
product.0_S_06_280_250200_00,Spigot All Flange - D 250 x 200 mm,FITTING PVC,FITTING · SPIGOT ALL FLANGE,6842,Export ERP master_product_updated.xlsx (diunduh 2026-10-06),,,,200 mm; 250 mm,,,,,,D,,,
product.0_S_06_280_315250_00,Spigot All Flange - D 315 x 250 mm,FITTING PVC,FITTING · SPIGOT ALL FLANGE,6843,Export ERP master_product_updated.xlsx (diunduh 2026-10-06),,,,250 mm; 315 mm,,,,,,D,,,
product.0_S_06_280_400315_00,Spigot All Flange - D 400 x 315 mm,FITTING PVC,FITTING · SPIGOT ALL FLANGE,6844,Export ERP master_product_updated.xlsx (diunduh 2026-10-06),,,,315 mm; 400 mm,,,,,,D,,,
product.0_S_06_280_630450_00,Spigot All Flange - D 630 x 450 mm,FITTING PVC,FITTING · SPIGOT ALL FLANGE,6845,Export ERP master_product_updated.xlsx (diunduh 2026-10-06),,,,450 mm; 630 mm,,,,,,D,,,
product.0_S_06_286_063063_00,Reducer All Flange - W 63 x 63 mm,FITTING PVC,FITTING · REDUCER ALL FLANGE,6846,Export ERP master_product_updated.xlsx (diunduh 2026-10-06),,,,63 mm,,,,,,,,,
product.0_S_06_286_090063_00,Reducer All Flange - W 90 x 63 mm,FITTING PVC,FITTING · REDUCER ALL FLANGE,6847,Export ERP master_product_updated.xlsx (diunduh 2026-10-06),,,,63 mm; 90 mm,,,,,,,,,
product.0_S_06_286_110063_00,Reducer All Flange - W 110 x 63 mm,FITTING PVC,FITTING · REDUCER ALL FLANGE,6848,Export ERP master_product_updated.xlsx (diunduh 2026-10-06),,,,63 mm; 110 mm,,,,,,,,,
product.0_S_06_286_110090_00,Reducer All Flange - W 110 x 90 mm,FITTING PVC,FITTING · REDUCER ALL FLANGE,6849,Export ERP master_product_updated.xlsx (diunduh 2026-10-06),,,,90 mm; 110 mm,,,,,,,,,
product.0_S_06_286_160063_00,Reducer All Flange - W 160 x 63 mm,FITTING PVC,FITTING · REDUCER ALL FLANGE,6850,Export ERP master_product_updated.xlsx (diunduh 2026-10-06),,,,63 mm; 160 mm,,,,,,,,,
product.0_S_06_286_160090_00,Reducer All Flange - W 160 x 90 mm,FITTING PVC,FITTING · REDUCER ALL FLANGE,6851,Export ERP master_product_updated.xlsx (diunduh 2026-10-06),,,,90 mm; 160 mm,,,,,,,,,
product.0_S_06_286_160110_00,Reducer All Flange - W 160 x 110 mm,FITTING PVC,FITTING · REDUCER ALL FLANGE,6852,Export ERP master_product_updated.xlsx (diunduh 2026-10-06),,,,110 mm; 160 mm,,,,,,,,,
product.0_S_06_286_200110_00,Reducer All Flange - W 200 x 110 mm,FITTING PVC,FITTING · REDUCER ALL FLANGE,6853,Export ERP master_product_updated.xlsx (diunduh 2026-10-06),,,,110 mm; 200 mm,,,,,,,,,
product.0_S_06_286_200160_00,Reducer All Flange - W 200 x 160 mm,FITTING PVC,FITTING · REDUCER ALL FLANGE,6854,Export ERP master_product_updated.xlsx (diunduh 2026-10-06),,,,160 mm; 200 mm,,,,,,,,,
product.0_S_06_286_250160_00,Reducer All Flange - W 250 x 160 mm,FITTING PVC,FITTING · REDUCER ALL FLANGE,6855,Export ERP master_product_updated.xlsx (diunduh 2026-10-06),,,,160 mm; 250 mm,,,,,,,,,
product.0_S_06_286_250200_00,Reducer All Flange - W 250 x 200 mm,FITTING PVC,FITTING · REDUCER ALL FLANGE,6856,Export ERP master_product_updated.xlsx (diunduh 2026-10-06),,,,200 mm; 250 mm,,,,,,,,,
product.0_S_06_286_315250_00,Reducer All Flange - W 315 x 250 mm,FITTING PVC,FITTING · REDUCER ALL FLANGE,6857,Export ERP master_product_updated.xlsx (diunduh 2026-10-06),,,,250 mm; 315 mm,,,,,,,,,
product.0_S_06_286_400315_00,Reducer All Flange - W 400 x 315 mm,FITTING PVC,FITTING · REDUCER ALL FLANGE,6858,Export ERP master_product_updated.xlsx (diunduh 2026-10-06),,,,315 mm; 400 mm,,,,,,,,,
product.0_S_06_286_630450_00,Reducer All Flange - W 630 x 450 mm,FITTING PVC,FITTING · REDUCER ALL FLANGE,6859,Export ERP master_product_updated.xlsx (diunduh 2026-10-06),,,,450 mm; 630 mm,,,,,,,,,
product.0_S_06_288_063063_00,Reducer All Flange - D 63 x 63 mm,FITTING PVC,FITTING · REDUCER ALL FLANGE,6868,Export ERP master_product_updated.xlsx (diunduh 2026-10-06),,,,63 mm,,,,,,D,,,
product.0_S_06_288_090063_00,Reducer All Flange - D 90 x 63 mm,FITTING PVC,FITTING · REDUCER ALL FLANGE,6869,Export ERP master_product_updated.xlsx (diunduh 2026-10-06),,,,63 mm; 90 mm,,,,,,D,,,
product.0_S_06_288_110063_00,Reducer All Flange - D 110 x 63 mm,FITTING PVC,FITTING · REDUCER ALL FLANGE,6870,Export ERP master_product_updated.xlsx (diunduh 2026-10-06),,,,63 mm; 110 mm,,,,,,D,,,
product.0_S_06_288_110090_00,Reducer All Flange - D 110 x 90 mm,FITTING PVC,FITTING · REDUCER ALL FLANGE,6871,Export ERP master_product_updated.xlsx (diunduh 2026-10-06),,,,90 mm; 110 mm,,,,,,D,,,
product.0_S_06_288_160063_00,Reducer All Flange - D 160 x 63 mm,FITTING PVC,FITTING · REDUCER ALL FLANGE,6872,Export ERP master_product_updated.xlsx (diunduh 2026-10-06),,,,63 mm; 160 mm,,,,,,D,,,
product.0_S_06_288_160090_00,Reducer All Flange - D 160 x 90 mm,FITTING PVC,FITTING · REDUCER ALL FLANGE,6873,Export ERP master_product_updated.xlsx (diunduh 2026-10-06),,,,90 mm; 160 mm,,,,,,D,,,
product.0_S_06_288_160110_00,Reducer All Flange - D 160 x 110 mm,FITTING PVC,FITTING · REDUCER ALL FLANGE,6874,Export ERP master_product_updated.xlsx (diunduh 2026-10-06),,,,110 mm; 160 mm,,,,,,D,,,
product.0_S_06_288_200110_00,Reducer All Flange - D 200 x 110 mm,FITTING PVC,FITTING · REDUCER ALL FLANGE,6875,Export ERP master_product_updated.xlsx (diunduh 2026-10-06),,,,110 mm; 200 mm,,,,,,D,,,
product.0_S_06_288_200160_00,Reducer All Flange - D 200 x 160 mm,FITTING PVC,FITTING · REDUCER ALL FLANGE,6876,Export ERP master_product_updated.xlsx (diunduh 2026-10-06),,,,160 mm; 200 mm,,,,,,D,,,
product.0_S_06_288_250160_00,Reducer All Flange - D 250 x 160 mm,FITTING PVC,FITTING · REDUCER ALL FLANGE,6877,Export ERP master_product_updated.xlsx (diunduh 2026-10-06),,,,160 mm; 250 mm,,,,,,D,,,
product.0_S_06_288_250200_00,Reducer All Flange - D 250 x 200 mm,FITTING PVC,FITTING · REDUCER ALL FLANGE,6878,Export ERP master_product_updated.xlsx (diunduh 2026-10-06),,,,200 mm; 250 mm,,,,,,D,,,
product.0_S_06_288_315250_00,Reducer All Flange - D 315 x 250 mm,FITTING PVC,FITTING · REDUCER ALL FLANGE,6879,Export ERP master_product_updated.xlsx (diunduh 2026-10-06),,,,250 mm; 315 mm,,,,,,D,,,
product.0_S_06_288_400315_00,Reducer All Flange - D 400 x 315 mm,FITTING PVC,FITTING · REDUCER ALL FLANGE,6880,Export ERP master_product_updated.xlsx (diunduh 2026-10-06),,,,315 mm; 400 mm,,,,,,D,,,
product.0_S_06_288_630450_00,Reducer All Flange - D 630 x 450 mm,FITTING PVC,FITTING · REDUCER ALL FLANGE,6881,Export ERP master_product_updated.xlsx (diunduh 2026-10-06),,,,450 mm; 630 mm,,,,,,D,,,
product.0_S_06_289_063000_00,Bell Ts Socket - W 63 mm,FITTING PVC,FITTING · BELL SOCKET,6882,Export ERP master_product_updated.xlsx (diunduh 2026-10-06),,,,63 mm,,,,,,,,,
product.0_S_06_289_075000_00,Bell Ts Socket - W 75 mm,FITTING PVC,FITTING · BELL SOCKET,6883,Export ERP master_product_updated.xlsx (diunduh 2026-10-06),,,,75 mm,,,,,,,,,
product.0_S_06_289_090000_00,Bell Ts Socket - W 90 mm,FITTING PVC,FITTING · BELL SOCKET,6884,Export ERP master_product_updated.xlsx (diunduh 2026-10-06),,,,90 mm,,,,,,,,,
product.0_S_06_289_110000_00,Bell Ts Socket - W 110 mm,FITTING PVC,FITTING · BELL SOCKET,6885,Export ERP master_product_updated.xlsx (diunduh 2026-10-06),,,,110 mm,,,,,,,,,
product.0_S_06_289_140000_00,Bell Ts Socket - W 140 mm,FITTING PVC,FITTING · BELL SOCKET,6886,Export ERP master_product_updated.xlsx (diunduh 2026-10-06),,,,140 mm,,,,,,,,,
product.0_S_06_289_160000_00,Bell Ts Socket - W 160 mm,FITTING PVC,FITTING · BELL SOCKET,6887,Export ERP master_product_updated.xlsx (diunduh 2026-10-06),,,,160 mm,,,,,,,,,
product.0_S_06_289_200000_00,Bell Ts Socket - W 200 mm,FITTING PVC,FITTING · BELL SOCKET,6888,Export ERP master_product_updated.xlsx (diunduh 2026-10-06),,,,200 mm,,,,,,,,,
product.0_S_06_289_250000_00,Bell Ts Socket - W 250 mm,FITTING PVC,FITTING · BELL SOCKET,6890,Export ERP master_product_updated.xlsx (diunduh 2026-10-06),,,,250 mm,,,,,,,,,
product.0_S_06_289_315000_00,Bell Ts Socket - W 315 mm,FITTING PVC,FITTING · BELL SOCKET,6891,Export ERP master_product_updated.xlsx (diunduh 2026-10-06),,,,315 mm,,,,,,,,,
product.0_S_06_289_355000_00,Bell Ts Socket - W 355 mm,FITTING PVC,FITTING · BELL SOCKET,6893,Export ERP master_product_updated.xlsx (diunduh 2026-10-06),,,,355 mm,,,,,,,,,
product.0_S_06_289_400000_00,Bell Ts Socket - W 400 mm,FITTING PVC,FITTING · BELL SOCKET,6894,Export ERP master_product_updated.xlsx (diunduh 2026-10-06),,,,400 mm,,,,,,,,,
product.0_S_06_289_450000_00,Bell Ts Socket - W 450 mm,FITTING PVC,FITTING · BELL SOCKET,6895,Export ERP master_product_updated.xlsx (diunduh 2026-10-06),,,,450 mm,,,,,,,,,
product.0_S_06_289_500000_00,Bell Ts Socket - W 500 mm,FITTING PVC,FITTING · BELL SOCKET,6896,Export ERP master_product_updated.xlsx (diunduh 2026-10-06),,,,500 mm,,,,,,,,,
product.0_S_06_289_630000_00,Bell Ts Socket - W 630 mm,FITTING PVC,FITTING · BELL SOCKET,6897,Export ERP master_product_updated.xlsx (diunduh 2026-10-06),,,,630 mm,,,,,,,,,
product.0_S_06_291_063000_00,Bell Ts Socket - D 63 mm,FITTING PVC,FITTING · BELL SOCKET,6906,Export ERP master_product_updated.xlsx (diunduh 2026-10-06),,,,63 mm,,,,,,D,,,
product.0_S_06_291_075000_00,Bell Ts Socket - D 75 mm,FITTING PVC,FITTING · BELL SOCKET,6907,Export ERP master_product_updated.xlsx (diunduh 2026-10-06),,,,75 mm,,,,,,D,,,
product.0_S_06_291_090000_00,Bell Ts Socket - D 90 mm,FITTING PVC,FITTING · BELL SOCKET,6908,Export ERP master_product_updated.xlsx (diunduh 2026-10-06),,,,90 mm,,,,,,D,,,
product.0_S_06_291_110000_00,Bell Ts Socket - D 110 mm,FITTING PVC,FITTING · BELL SOCKET,6909,Export ERP master_product_updated.xlsx (diunduh 2026-10-06),,,,110 mm,,,,,,D,,,
product.0_S_06_291_140000_00,Bell Ts Socket - D 140 mm,FITTING PVC,FITTING · BELL SOCKET,6910,Export ERP master_product_updated.xlsx (diunduh 2026-10-06),,,,140 mm,,,,,,D,,,
product.0_S_06_291_160000_00,Bell Ts Socket - D 160 mm,FITTING PVC,FITTING · BELL SOCKET,6911,Export ERP master_product_updated.xlsx (diunduh 2026-10-06),,,,160 mm,,,,,,D,,,
product.0_S_06_291_200000_00,Bell Ts Socket - D 200 mm,FITTING PVC,FITTING · BELL SOCKET,6912,Export ERP master_product_updated.xlsx (diunduh 2026-10-06),,,,200 mm,,,,,,D,,,
product.0_S_06_291_250000_00,Bell Ts Socket - D 250 mm,FITTING PVC,FITTING · BELL SOCKET,6913,Export ERP master_product_updated.xlsx (diunduh 2026-10-06),,,,250 mm,,,,,,D,,,
product.0_S_06_291_315000_00,Bell Ts Socket - D 315 mm,FITTING PVC,FITTING · BELL SOCKET,6914,Export ERP master_product_updated.xlsx (diunduh 2026-10-06),,,,315 mm,,,,,,D,,,
product.0_S_06_291_355000_00,Bell Ts Socket - D 355 mm,FITTING PVC,FITTING · BELL SOCKET,6915,Export ERP master_product_updated.xlsx (diunduh 2026-10-06),,,,355 mm,,,,,,D,,,
product.0_S_06_291_400000_00,Bell Ts Socket - D 400 mm,FITTING PVC,FITTING · BELL SOCKET,6916,Export ERP master_product_updated.xlsx (diunduh 2026-10-06),,,,400 mm,,,,,,D,,,
product.0_S_06_291_450000_00,Bell Ts Socket - D 450 mm,FITTING PVC,FITTING · BELL SOCKET,6917,Export ERP master_product_updated.xlsx (diunduh 2026-10-06),,,,450 mm,,,,,,D,,,
product.0_S_06_291_500000_00,Bell Ts Socket - D 500 mm,FITTING PVC,FITTING · BELL SOCKET,6918,Export ERP master_product_updated.xlsx (diunduh 2026-10-06),,,,500 mm,,,,,,D,,,
product.0_S_06_291_630000_00,Bell Ts Socket - D 630 mm,FITTING PVC,FITTING · BELL SOCKET,6919,Export ERP master_product_updated.xlsx (diunduh 2026-10-06),,,,630 mm,,,,,,D,,,
product.0_S_06_292_063000_00,Spigot - W 63 mm,FITTING PVC,FITTING · SPIGOT,6920,Export ERP master_product_updated.xlsx (diunduh 2026-10-06),,,,63 mm,,,,,,,,,
product.0_S_06_292_075000_00,Spigot - W 75 mm,FITTING PVC,FITTING · SPIGOT,6921,Export ERP master_product_updated.xlsx (diunduh 2026-10-06),,,,75 mm,,,,,,,,,
product.0_S_06_292_090000_00,Spigot - W 90 mm,FITTING PVC,FITTING · SPIGOT,6922,Export ERP master_product_updated.xlsx (diunduh 2026-10-06),,,,90 mm,,,,,,,,,
product.0_S_06_292_110000_00,Spigot - W 110 mm,FITTING PVC,FITTING · SPIGOT,6923,Export ERP master_product_updated.xlsx (diunduh 2026-10-06),,,,110 mm,,,,,,,,,
product.0_S_06_292_140000_00,Spigot - W 140 mm,FITTING PVC,FITTING · SPIGOT,6924,Export ERP master_product_updated.xlsx (diunduh 2026-10-06),,,,140 mm,,,,,,,,,
product.0_S_06_292_160000_00,Spigot - W 160 mm,FITTING PVC,FITTING · SPIGOT,6925,Export ERP master_product_updated.xlsx (diunduh 2026-10-06),,,,160 mm,,,,,,,,,
product.0_S_06_292_200000_00,Spigot - W 200 mm,FITTING PVC,FITTING · SPIGOT,6926,Export ERP master_product_updated.xlsx (diunduh 2026-10-06),,,,200 mm,,,,,,,,,
product.0_S_06_292_250000_00,Spigot - W 250 mm,FITTING PVC,FITTING · SPIGOT,6927,Export ERP master_product_updated.xlsx (diunduh 2026-10-06),,,,250 mm,,,,,,,,,
product.0_S_06_292_315000_00,Spigot - W 315 mm,FITTING PVC,FITTING · SPIGOT,6928,Export ERP master_product_updated.xlsx (diunduh 2026-10-06),,,,315 mm,,,,,,,,,
product.0_S_06_292_355000_00,Spigot - W 355 mm,FITTING PVC,FITTING · SPIGOT,6929,Export ERP master_product_updated.xlsx (diunduh 2026-10-06),,,,355 mm,,,,,,,,,
product.0_S_06_292_400000_00,Spigot - W 400 mm,FITTING PVC,FITTING · SPIGOT,6930,Export ERP master_product_updated.xlsx (diunduh 2026-10-06),,,,400 mm,,,,,,,,,
product.0_S_06_292_450000_00,Spigot - W 450 mm,FITTING PVC,FITTING · SPIGOT,6931,Export ERP master_product_updated.xlsx (diunduh 2026-10-06),,,,450 mm,,,,,,,,,
product.0_S_06_292_500000_00,Spigot - W 500 mm,FITTING PVC,FITTING · SPIGOT,6932,Export ERP master_product_updated.xlsx (diunduh 2026-10-06),,,,500 mm,,,,,,,,,
product.0_S_06_292_630000_00,Spigot - W 630 mm,FITTING PVC,FITTING · SPIGOT,6933,Export ERP master_product_updated.xlsx (diunduh 2026-10-06),,,,630 mm,,,,,,,,,
product.0_S_06_294_063000_00,Spigot - D 63 mm,FITTING PVC,FITTING · SPIGOT,6948,Export ERP master_product_updated.xlsx (diunduh 2026-10-06),,,,63 mm,,,,,,D,,,
product.0_S_06_294_075000_00,Spigot - D 75 mm,FITTING PVC,FITTING · SPIGOT,6949,Export ERP master_product_updated.xlsx (diunduh 2026-10-06),,,,75 mm,,,,,,D,,,
product.0_S_06_294_090000_00,Spigot - D 90 mm,FITTING PVC,FITTING · SPIGOT,6950,Export ERP master_product_updated.xlsx (diunduh 2026-10-06),,,,90 mm,,,,,,D,,,
product.0_S_06_294_110000_00,Spigot - D 110 mm,FITTING PVC,FITTING · SPIGOT,6951,Export ERP master_product_updated.xlsx (diunduh 2026-10-06),,,,110 mm,,,,,,D,,,
product.0_S_06_294_140000_00,Spigot - D 140 mm,FITTING PVC,FITTING · SPIGOT,6952,Export ERP master_product_updated.xlsx (diunduh 2026-10-06),,,,140 mm,,,,,,D,,,
product.0_S_06_294_160000_00,Spigot - D 160 mm,FITTING PVC,FITTING · SPIGOT,6953,Export ERP master_product_updated.xlsx (diunduh 2026-10-06),,,,160 mm,,,,,,D,,,
product.0_S_06_294_200000_00,Spigot - D 200 mm,FITTING PVC,FITTING · SPIGOT,6954,Export ERP master_product_updated.xlsx (diunduh 2026-10-06),,,,200 mm,,,,,,D,,,
product.0_S_06_294_250000_00,Spigot - D 250 mm,FITTING PVC,FITTING · SPIGOT,6955,Export ERP master_product_updated.xlsx (diunduh 2026-10-06),,,,250 mm,,,,,,D,,,
product.0_S_06_294_315000_00,Spigot - D 315 mm,FITTING PVC,FITTING · SPIGOT,6956,Export ERP master_product_updated.xlsx (diunduh 2026-10-06),,,,315 mm,,,,,,D,,,
product.0_S_06_294_355000_00,Spigot - D 355 mm,FITTING PVC,FITTING · SPIGOT,6957,Export ERP master_product_updated.xlsx (diunduh 2026-10-06),,,,355 mm,,,,,,D,,,
product.0_S_06_294_400000_00,Spigot - D 400 mm,FITTING PVC,FITTING · SPIGOT,6958,Export ERP master_product_updated.xlsx (diunduh 2026-10-06),,,,400 mm,,,,,,D,,,
product.0_S_06_294_450000_00,Spigot - D 450 mm,FITTING PVC,FITTING · SPIGOT,6959,Export ERP master_product_updated.xlsx (diunduh 2026-10-06),,,,450 mm,,,,,,D,,,
product.0_S_06_294_500000_00,Spigot - D 500 mm,FITTING PVC,FITTING · SPIGOT,6960,Export ERP master_product_updated.xlsx (diunduh 2026-10-06),,,,500 mm,,,,,,D,,,
product.0_S_06_294_630000_00,Spigot - D 630 mm,FITTING PVC,FITTING · SPIGOT,6961,Export ERP master_product_updated.xlsx (diunduh 2026-10-06),,,,630 mm,,,,,,D,,,
product.0_S_06_295_063063_00,Spigot All Flange - W 63 x 63 mm,FITTING PVC,FITTING · SPIGOT ALL FLANGE,6962,Export ERP master_product_updated.xlsx (diunduh 2026-10-06),,,,63 mm,,,,,,,,,
product.0_S_06_295_090063_00,Spigot All Flange - W 90 x 63 mm,FITTING PVC,FITTING · SPIGOT ALL FLANGE,6963,Export ERP master_product_updated.xlsx (diunduh 2026-10-06),,,,63 mm; 90 mm,,,,,,,,,
product.0_S_06_295_110063_00,Spigot All Flange - W 110 x 63 mm,FITTING PVC,FITTING · SPIGOT ALL FLANGE,6964,Export ERP master_product_updated.xlsx (diunduh 2026-10-06),,,,63 mm; 110 mm,,,,,,,,,
product.0_S_06_295_110090_00,Spigot All Flange - W 110 x 90 mm,FITTING PVC,FITTING · SPIGOT ALL FLANGE,6965,Export ERP master_product_updated.xlsx (diunduh 2026-10-06),,,,90 mm; 110 mm,,,,,,,,,
product.0_S_06_295_160063_00,Spigot All Flange - W 160 x 63 mm,FITTING PVC,FITTING · SPIGOT ALL FLANGE,6966,Export ERP master_product_updated.xlsx (diunduh 2026-10-06),,,,63 mm; 160 mm,,,,,,,,,
product.0_S_06_295_160090_00,Spigot All Flange - W 160 x 90 mm,FITTING PVC,FITTING · SPIGOT ALL FLANGE,6967,Export ERP master_product_updated.xlsx (diunduh 2026-10-06),,,,90 mm; 160 mm,,,,,,,,,
product.0_S_06_295_160110_00,Spigot All Flange - W 160 x 110 mm,FITTING PVC,FITTING · SPIGOT ALL FLANGE,6968,Export ERP master_product_updated.xlsx (diunduh 2026-10-06),,,,110 mm; 160 mm,,,,,,,,,
product.0_S_06_295_200110_00,Spigot All Flange - W 200 x 110 mm,FITTING PVC,FITTING · SPIGOT ALL FLANGE,6969,Export ERP master_product_updated.xlsx (diunduh 2026-10-06),,,,110 mm; 200 mm,,,,,,,,,
product.0_S_06_295_200160_00,Spigot All Flange - W 200 x 160 mm,FITTING PVC,FITTING · SPIGOT ALL FLANGE,6970,Export ERP master_product_updated.xlsx (diunduh 2026-10-06),,,,160 mm; 200 mm,,,,,,,,,
product.0_S_06_295_250160_00,Spigot All Flange - W 250 x 160 mm,FITTING PVC,FITTING · SPIGOT ALL FLANGE,6971,Export ERP master_product_updated.xlsx (diunduh 2026-10-06),,,,160 mm; 250 mm,,,,,,,,,
product.0_S_06_295_250200_00,Spigot All Flange - W 250 x 200 mm,FITTING PVC,FITTING · SPIGOT ALL FLANGE,6972,Export ERP master_product_updated.xlsx (diunduh 2026-10-06),,,,200 mm; 250 mm,,,,,,,,,
product.0_S_06_295_315250_00,Spigot All Flange - W 315 x 250 mm,FITTING PVC,FITTING · SPIGOT ALL FLANGE,6973,Export ERP master_product_updated.xlsx (diunduh 2026-10-06),,,,250 mm; 315 mm,,,,,,,,,
product.0_S_06_295_400315_00,Spigot All Flange - W 400 x 315 mm,FITTING PVC,FITTING · SPIGOT ALL FLANGE,6974,Export ERP master_product_updated.xlsx (diunduh 2026-10-06),,,,315 mm; 400 mm,,,,,,,,,
product.0_S_06_295_630450_00,Spigot All Flange - W 630 x 450 mm,FITTING PVC,FITTING · SPIGOT ALL FLANGE,6975,Export ERP master_product_updated.xlsx (diunduh 2026-10-06),,,,450 mm; 630 mm,,,,,,,,,
product.0_S_06_297_063063_00,Spigot All Flange - D 63 x 63 mm,FITTING PVC,FITTING · SPIGOT ALL FLANGE,6985,Export ERP master_product_updated.xlsx (diunduh 2026-10-06),,,,63 mm,,,,,,D,,,
product.0_S_06_297_090063_00,Spigot All Flange - D 90 x 63 mm,FITTING PVC,FITTING · SPIGOT ALL FLANGE,6986,Export ERP master_product_updated.xlsx (diunduh 2026-10-06),,,,63 mm; 90 mm,,,,,,D,,,
product.0_S_06_297_110063_00,Spigot All Flange - D 110 x 63 mm,FITTING PVC,FITTING · SPIGOT ALL FLANGE,6987,Export ERP master_product_updated.xlsx (diunduh 2026-10-06),,,,63 mm; 110 mm,,,,,,D,,,
product.0_S_06_297_110090_00,Spigot All Flange - D 110 x 90 mm,FITTING PVC,FITTING · SPIGOT ALL FLANGE,6988,Export ERP master_product_updated.xlsx (diunduh 2026-10-06),,,,90 mm; 110 mm,,,,,,D,,,
product.0_S_06_297_160063_00,Spigot All Flange - D 160 x 63 mm,FITTING PVC,FITTING · SPIGOT ALL FLANGE,6989,Export ERP master_product_updated.xlsx (diunduh 2026-10-06),,,,63 mm; 160 mm,,,,,,D,,,
product.0_S_06_297_160090_00,Spigot All Flange - D 160 x 90 mm,FITTING PVC,FITTING · SPIGOT ALL FLANGE,6990,Export ERP master_product_updated.xlsx (diunduh 2026-10-06),,,,90 mm; 160 mm,,,,,,D,,,
product.0_S_06_297_160110_00,Spigot All Flange - D 160 x 110 mm,FITTING PVC,FITTING · SPIGOT ALL FLANGE,6991,Export ERP master_product_updated.xlsx (diunduh 2026-10-06),,,,110 mm; 160 mm,,,,,,D,,,
product.0_S_06_297_200110_00,Spigot All Flange - D 200 x 110 mm,FITTING PVC,FITTING · SPIGOT ALL FLANGE,6992,Export ERP master_product_updated.xlsx (diunduh 2026-10-06),,,,110 mm; 200 mm,,,,,,D,,,
product.0_S_06_297_200160_00,Spigot All Flange - D 200 x 160 mm,FITTING PVC,FITTING · SPIGOT ALL FLANGE,6993,Export ERP master_product_updated.xlsx (diunduh 2026-10-06),,,,160 mm; 200 mm,,,,,,D,,,
product.0_S_06_297_250160_00,Spigot All Flange - D 250 x 160 mm,FITTING PVC,FITTING · SPIGOT ALL FLANGE,6994,Export ERP master_product_updated.xlsx (diunduh 2026-10-06),,,,160 mm; 250 mm,,,,,,D,,,
product.0_S_06_297_250200_00,Spigot All Flange - D 250 x 200 mm,FITTING PVC,FITTING · SPIGOT ALL FLANGE,6995,Export ERP master_product_updated.xlsx (diunduh 2026-10-06),,,,200 mm; 250 mm,,,,,,D,,,
product.0_S_06_297_315250_00,Spigot All Flange - D 315 x 250 mm,FITTING PVC,FITTING · SPIGOT ALL FLANGE,6996,Export ERP master_product_updated.xlsx (diunduh 2026-10-06),,,,250 mm; 315 mm,,,,,,D,,,
product.0_S_06_297_400315_00,Spigot All Flange - D 400 x 315 mm,FITTING PVC,FITTING · SPIGOT ALL FLANGE,6997,Export ERP master_product_updated.xlsx (diunduh 2026-10-06),,,,315 mm; 400 mm,,,,,,D,,,
product.0_S_06_297_630450_00,Spigot All Flange - D 630 x 450 mm,FITTING PVC,FITTING · SPIGOT ALL FLANGE,6998,Export ERP master_product_updated.xlsx (diunduh 2026-10-06),,,,450 mm; 630 mm,,,,,,D,,,
product.0_S_06_299_063063_00,Elbow Reducer - D 63 x 63 mm,FITTING PVC,FITTING · ELBOW REDUCER,7017,Export ERP master_product_updated.xlsx (diunduh 2026-10-06),,,,63 mm,,,,,,D,,,
product.0_S_06_299_090050_00,Elbow Reducer - D 90 x 50 mm,FITTING PVC,FITTING · ELBOW REDUCER,7018,Export ERP master_product_updated.xlsx (diunduh 2026-10-06),,,,50 mm; 90 mm,,,,,,D,,,
product.0_S_06_299_090063_00,Elbow Reducer - D 90 x 63 mm,FITTING PVC,FITTING · ELBOW REDUCER,7019,Export ERP master_product_updated.xlsx (diunduh 2026-10-06),,,,63 mm; 90 mm,,,,,,D,,,
product.0_S_06_299_090090_00,Elbow Reducer - D 90 x 90 mm,FITTING PVC,FITTING · ELBOW REDUCER,7020,Export ERP master_product_updated.xlsx (diunduh 2026-10-06),,,,90 mm,,,,,,D,,,
product.0_S_06_299_110063_00,Elbow Reducer - D 110 x 63 mm,FITTING PVC,FITTING · ELBOW REDUCER,7021,Export ERP master_product_updated.xlsx (diunduh 2026-10-06),,,,63 mm; 110 mm,,,,,,D,,,
product.0_S_06_299_110090_00,Elbow Reducer - D 110 x 90 mm,FITTING PVC,FITTING · ELBOW REDUCER,7022,Export ERP master_product_updated.xlsx (diunduh 2026-10-06),,,,90 mm; 110 mm,,,,,,D,,,
__export__.product_product_16882,Elbow Reducer 45° - D 110 x 90 mm Coklat,FITTING PVC,FITTING · ELBOW REDUCER 45°,7023,Export ERP master_product_updated.xlsx (diunduh 2026-10-06),Warna: Coklat,,,90 mm; 110 mm,,,,,,D,,,
product.0_S_06_299_160063_00,Elbow Reducer - D 160 x 63 mm,FITTING PVC,FITTING · ELBOW REDUCER,7024,Export ERP master_product_updated.xlsx (diunduh 2026-10-06),,,,63 mm; 160 mm,,,,,,D,,,
product.0_S_06_299_160090_00,Elbow Reducer - D 160 x 90 mm,FITTING PVC,FITTING · ELBOW REDUCER,7025,Export ERP master_product_updated.xlsx (diunduh 2026-10-06),,,,90 mm; 160 mm,,,,,,D,,,
product.0_S_06_299_160110_00,Elbow Reducer - D 160 x 110 mm,FITTING PVC,FITTING · ELBOW REDUCER,7026,Export ERP master_product_updated.xlsx (diunduh 2026-10-06),,,,110 mm; 160 mm,,,,,,D,,,
product.0_S_06_299_160160_00,Elbow Reducer - D 160 x 160 mm,FITTING PVC,FITTING · ELBOW REDUCER,7027,Export ERP master_product_updated.xlsx (diunduh 2026-10-06),,,,160 mm,,,,,,D,,,
product.0_S_06_299_200090_00,Elbow Reducer - D 200 x 090 mm,FITTING PVC,FITTING · ELBOW REDUCER,7028,Export ERP master_product_updated.xlsx (diunduh 2026-10-06),,,,090 mm; 200 mm,,,,,,D,,,
product.0_S_06_299_200110_00,Elbow Reducer - D 200 x 110 mm,FITTING PVC,FITTING · ELBOW REDUCER,7029,Export ERP master_product_updated.xlsx (diunduh 2026-10-06),,,,110 mm; 200 mm,,,,,,D,,,
product.0_S_06_299_200160_00,Elbow Reducer - D 200 x 160 mm,FITTING PVC,FITTING · ELBOW REDUCER,7030,Export ERP master_product_updated.xlsx (diunduh 2026-10-06),,,,160 mm; 200 mm,,,,,,D,,,
product.0_S_06_299_250160_00,Elbow Reducer - D 250 x 160 mm,FITTING PVC,FITTING · ELBOW REDUCER,7031,Export ERP master_product_updated.xlsx (diunduh 2026-10-06),,,,160 mm; 250 mm,,,,,,D,,,
product.0_S_06_299_250200_00,Elbow Reducer - D 250 x 200 mm,FITTING PVC,FITTING · ELBOW REDUCER,7032,Export ERP master_product_updated.xlsx (diunduh 2026-10-06),,,,200 mm; 250 mm,,,,,,D,,,
product.0_S_06_299_315250_00,Elbow Reducer - D 315 x 250 mm,FITTING PVC,FITTING · ELBOW REDUCER,7033,Export ERP master_product_updated.xlsx (diunduh 2026-10-06),,,,250 mm; 315 mm,,,,,,D,,,
product.0_S_06_299_400315_00,Elbow Reducer - D 400 x 315 mm,FITTING PVC,FITTING · ELBOW REDUCER,7034,Export ERP master_product_updated.xlsx (diunduh 2026-10-06),,,,315 mm; 400 mm,,,,,,D,,,
product.0_S_06_299_450400_00,Elbow Reducer - D 450 x 400 mm,FITTING PVC,FITTING · ELBOW REDUCER,7035,Export ERP master_product_updated.xlsx (diunduh 2026-10-06),,,,400 mm; 450 mm,,,,,,D,,,
product.0_S_06_299_630450_00,Elbow Reducer - D 630 x 450 mm,FITTING PVC,FITTING · ELBOW REDUCER,7036,Export ERP master_product_updated.xlsx (diunduh 2026-10-06),,,,450 mm; 630 mm,,,,,,D,,,
product.0_S_06_301_063032_00,Faucet Elbow Reducer 63mm x 32mm,FITTING PVC,FITTING · FAUCET ELBOW REDUCER,7056,Export ERP master_product_updated.xlsx (diunduh 2026-10-06),,,,32 mm; 63 mm,,,,,,,,,
product.0_S_06_301_063040_00,Faucet Elbow Reducer 63mm x 40mm,FITTING PVC,FITTING · FAUCET ELBOW REDUCER,7057,Export ERP master_product_updated.xlsx (diunduh 2026-10-06),,,,40 mm; 63 mm,,,,,,,,,
product.0_S_06_302_063000_00,Bell Valve Socket 63mm,FITTING PVC,FITTING · BELL VALVE SOCKET,7058,Export ERP master_product_updated.xlsx (diunduh 2026-10-06),,,,63 mm,,,,,,,,,
product.0_S_06_302_090000_00,Bell Valve Socket 90mm,FITTING PVC,FITTING · BELL VALVE SOCKET,7059,Export ERP master_product_updated.xlsx (diunduh 2026-10-06),,,,90 mm,,,,,,,,,
__export__.product_product_14589,Bell Valve Socket 110 mm,FITTING PVC,FITTING · BELL VALVE SOCKET,7060,Export ERP master_product_updated.xlsx (diunduh 2026-10-06),,,,110 mm,,,,,,,,,
__export__.product_product_17547,All Bell Tee With Thread - W 90 x 63 mm,FITTING PVC,FITTING · ALL BELL TEE WITH THREAD,7066,Export ERP master_product_updated.xlsx (diunduh 2026-10-06),,,,63 mm; 90 mm,,,,,,,,,
__export__.product_product_17837,Spigot Cap - W 160 mm,FITTING PVC,FITTING · SPIGOT CAP,7067,Export ERP master_product_updated.xlsx (diunduh 2026-10-06),,,,160 mm,,,,,,,,,
__export__.product_product_13521,Rubber Gasket 10 cm x 10 cm x 3 mm,FITTING PVC,FITTING · RUBBER GASKET 10 CM,7072,Export ERP master_product_updated.xlsx (diunduh 2026-10-06),,,,3 mm,,,,,,,,,
product.0_S_06_529_063000_00,Rubber Gasket 63 mm,FITTING PVC,FITTING · RUBBER GASKET,7073,Export ERP master_product_updated.xlsx (diunduh 2026-10-06),,,,63 mm,,,,,,,,,
product.0_S_06_529_090000_00,Rubber Gasket 90 mm,FITTING PVC,FITTING · RUBBER GASKET,7074,Export ERP master_product_updated.xlsx (diunduh 2026-10-06),,,,90 mm,,,,,,,,,
__export__.product_product_13554,Rubber Gasket 100 cm x 100 cm x 3 mm,FITTING PVC,FITTING · RUBBER GASKET 100 CM,7075,Export ERP master_product_updated.xlsx (diunduh 2026-10-06),,,,3 mm,,,,,,,,,
product.0_S_06_529_110000_00,Rubber Gasket 110 mm,FITTING PVC,FITTING · RUBBER GASKET,7076,Export ERP master_product_updated.xlsx (diunduh 2026-10-06),,,,110 mm,,,,,,,,,
product.0_S_06_536_032000_00,All Faucet Elbow 32 mm,FITTING PVC,FITTING · ALL FAUCET ELBOW,7082,Export ERP master_product_updated.xlsx (diunduh 2026-10-06),,,,32 mm,,,,,,,,,
product.0_S_06_536_063000_00,All Faucet Elbow 63 mm,FITTING PVC,FITTING · ALL FAUCET ELBOW,7083,Export ERP master_product_updated.xlsx (diunduh 2026-10-06),,,,63 mm,,,,,,,,,
product.0_S_06_537_110000_00,Bend 35° - W 110 mm,FITTING PVC,FITTING · BEND 35°,7084,Export ERP master_product_updated.xlsx (diunduh 2026-10-06),,,,110 mm,,,,,,,,,
product.0_S_06_539_160000_00,All Bell Bend 135° - W 160mm,FITTING PVC,FITTING · ALL BELL BEND 135°,7086,Export ERP master_product_updated.xlsx (diunduh 2026-10-06),,,,160 mm,,,,,,,,,
product.0_S_06_540_000000_00,Tube Settler D 1200x520x500 mm,FITTING PVC,FITTING · TUBE SETTLER D,7087,Export ERP master_product_updated.xlsx (diunduh 2026-10-06),,,,500 mm; 520 mm; 1200 mm,,,,,,,,,
__export__.product_product_16172,Dresser Joint - ASTM 160mm,FITTING PVC,FITTING · DRESSER JOINT - ASTM,7090,Export ERP master_product_updated.xlsx (diunduh 2026-10-06),,,,160 mm,,,,,,,,,
__export__.product_product_16173,Dresser Joint - ASTM 200mm,FITTING PVC,FITTING · DRESSER JOINT - ASTM,7091,Export ERP master_product_updated.xlsx (diunduh 2026-10-06),,,,200 mm,,,,,,,,,
__export__.product_product_16998,Bell Elbow DV 45° - 110 mm Bell Branch Coklat,FITTING PVC,FITTING · BELL ELBOW 45° - BELL BRANCH,7094,Export ERP master_product_updated.xlsx (diunduh 2026-10-06),Warna: Coklat,,,110 mm,,,,,,,,,
__export__.product_product_16999,Bell Elbow DV 45° - 160 mm Bell Branch Coklat,FITTING PVC,FITTING · BELL ELBOW 45° - BELL BRANCH,7095,Export ERP master_product_updated.xlsx (diunduh 2026-10-06),Warna: Coklat,,,160 mm,,,,,,,,,
__export__.product_product_17048,All Bell Tee TS Branch - D 160 x 110 mm,FITTING PVC,FITTING · ALL BELL TEE BRANCH,7096,Export ERP master_product_updated.xlsx (diunduh 2026-10-06),,,,110 mm; 160 mm,,,,,,D,,,
__export__.product_product_17269,All Bell Socket - W 200 mm,FITTING PVC,FITTING · ALL BELL SOCKET,7097,Export ERP master_product_updated.xlsx (diunduh 2026-10-06),,,,200 mm,,,,,,,,,
__export__.product_product_17483,Bell Long TY Bell Branch - W 160 mm,FITTING PVC,FITTING · BELL LONG TY BELL BRANCH,7099,Export ERP master_product_updated.xlsx (diunduh 2026-10-06),,,,160 mm,,,,,,,,,
__export__.product_product_17947,All Bell Y - W 160 mm,FITTING PVC,FITTING · ALL BELL Y,7102,Export ERP master_product_updated.xlsx (diunduh 2026-10-06),,,,160 mm,,,,,,,,,
__export__.product_product_17948,All Bell Long TY - W 160 mm,FITTING PVC,FITTING · ALL BELL LONG TY,7103,Export ERP master_product_updated.xlsx (diunduh 2026-10-06),,,,160 mm,,,,,,,,,
__export__.product_product_17949,All Bell Long TY - W 160 x 110 mm,FITTING PVC,FITTING · ALL BELL LONG TY,7104,Export ERP master_product_updated.xlsx (diunduh 2026-10-06),,,,110 mm; 160 mm,,,,,,,,,
__export__.product_product_18169,Flange Bell End - D 160 mm Cokelat,FITTING PVC,FITTING · FLANGE BELL END COKELAT,7106,Export ERP master_product_updated.xlsx (diunduh 2026-10-06),,,,160 mm,,,,,,D,,,
__export__.product_product_18129,Flange Bell End - D 315 mm Cokelat,FITTING PVC,FITTING · FLANGE BELL END COKELAT,7107,Export ERP master_product_updated.xlsx (diunduh 2026-10-06),,,,315 mm,,,,,,D,,,
__export__.product_product_18143,Flange Bell End - D 315 mm Cokelat (PN 16),FITTING PVC,FITTING · FLANGE BELL END COKELAT,7108,Export ERP master_product_updated.xlsx (diunduh 2026-10-06),,,,315 mm,,,,,,D · PN 16,,,
__export__.product_product_18130,Flange Bell End - D 400 mm Cokelat,FITTING PVC,FITTING · FLANGE BELL END COKELAT,7109,Export ERP master_product_updated.xlsx (diunduh 2026-10-06),,,,400 mm,,,,,,D,,,
__export__.product_product_18144,Flange Bell End - D 400 mm Cokelat (PN 16),FITTING PVC,FITTING · FLANGE BELL END COKELAT,7110,Export ERP master_product_updated.xlsx (diunduh 2026-10-06),,,,400 mm,,,,,,D · PN 16,,,
__export__.product_product_18649,All Spigot Tee Flange Branch - W 200 x 63 mm,FITTING PVC,FITTING · ALL SPIGOT TEE FLANGE BRANCH,7115,Export ERP master_product_updated.xlsx (diunduh 2026-10-06),,,,63 mm; 200 mm,,,,,,,,,
__export__.product_product_18624,All Spigot Tee Flange Branch - W 315 x 63 mm,FITTING PVC,FITTING · ALL SPIGOT TEE FLANGE BRANCH,7116,Export ERP master_product_updated.xlsx (diunduh 2026-10-06),,,,63 mm; 315 mm,,,,,,,,,
__export__.product_product_19534,All Bell Bend 30° - W 63 mm,FITTING PVC,FITTING · ALL BELL BEND 30°,7120,Export ERP master_product_updated.xlsx (diunduh 2026-10-06),,,,63 mm,,,,,,,,,
__export__.product_product_19616,Dresser Joint - D 355 mm Coklat,FITTING PVC,FITTING · DRESSER JOINT,7121,Export ERP master_product_updated.xlsx (diunduh 2026-10-06),Warna: Coklat,,,355 mm,,,,,,D,,,
product.0_S_09_501_063000_00,Flange Spigot PE 63 mm,FITTING HDPE,FITTING · FLANGE SPIGOT,7122,Export ERP master_product_updated.xlsx (diunduh 2026-10-06),,,,63 mm,,,,,,,,,
product.0_S_09_501_090000_00,Flange Spigot PE 90 mm,FITTING HDPE,FITTING · FLANGE SPIGOT,7123,Export ERP master_product_updated.xlsx (diunduh 2026-10-06),,,,90 mm,,,,,,,,,
product.0_S_09_501_110000_00,Flange Spigot PE 110 mm,FITTING HDPE,FITTING · FLANGE SPIGOT,7124,Export ERP master_product_updated.xlsx (diunduh 2026-10-06),,,,110 mm,,,,,,,,,
product.0_S_09_501_160000_00,Flange Spigot PE 160 mm,FITTING HDPE,FITTING · FLANGE SPIGOT,7125,Export ERP master_product_updated.xlsx (diunduh 2026-10-06),,,,160 mm,,,,,,,,,
product.0_S_09_501_200000_00,Flange Spigot PE 200 mm,FITTING HDPE,FITTING · FLANGE SPIGOT,7126,Export ERP master_product_updated.xlsx (diunduh 2026-10-06),,,,200 mm,,,,,,,,,
__export__.product_product_15254,Stub End + Flange PE 32 mm,FITTING HDPE,FITTING · STUB END + FLANGE,7127,Export ERP master_product_updated.xlsx (diunduh 2026-10-06),,,,32 mm,,,,,,,,,
product.0_S_09_502_050000_00,Stub End + Flange PE 50 mm,FITTING HDPE,FITTING · STUB END + FLANGE,7128,Export ERP master_product_updated.xlsx (diunduh 2026-10-06),,,,50 mm,,,,,,,,,
__export__.product_product_18379,Stub End + Flange PE 50 mm PN - 16,FITTING HDPE,FITTING · STUB END + FLANGE,7129,Export ERP master_product_updated.xlsx (diunduh 2026-10-06),,,,50 mm,,,,,,PN 16,,,
product.0_S_09_502_063000_00,Stub End + Flange PE 63 mm,FITTING HDPE,FITTING · STUB END + FLANGE,7130,Export ERP master_product_updated.xlsx (diunduh 2026-10-06),,,,63 mm,,,,,,,,,
__export__.product_product_18264,Stub End + Flange PE 63 mm PN-16,FITTING HDPE,FITTING · STUB END + FLANGE,7131,Export ERP master_product_updated.xlsx (diunduh 2026-10-06),,,,63 mm,,,,,,PN 16,,,
product.0_S_09_502_075000_00,Stub End + Flange PE 75 mm,FITTING HDPE,FITTING · STUB END + FLANGE,7132,Export ERP master_product_updated.xlsx (diunduh 2026-10-06),,,,75 mm,,,,,,,,,
product.0_S_09_502_090000_00,Stub End + Flange PE 90 mm,FITTING HDPE,FITTING · STUB END + FLANGE,7133,Export ERP master_product_updated.xlsx (diunduh 2026-10-06),,,,90 mm,,,,,,,,,
__export__.product_product_17171,Stub End + Flange PE 90 mm PN-16,FITTING HDPE,FITTING · STUB END + FLANGE,7134,Export ERP master_product_updated.xlsx (diunduh 2026-10-06),,,,90 mm,,,,,,PN 16,,,
product.0_S_09_502_110000_00,Stub End + Flange PE 110 mm,FITTING HDPE,FITTING · STUB END + FLANGE,7135,Export ERP master_product_updated.xlsx (diunduh 2026-10-06),,,,110 mm,,,,,,,,,
__export__.product_product_17172,Stub End + Flange PE 110 mm PN-16,FITTING HDPE,FITTING · STUB END + FLANGE,7136,Export ERP master_product_updated.xlsx (diunduh 2026-10-06),,,,110 mm,,,,,,PN 16,,,
__export__.product_product_18277,Stub End + Flange PE 125 mm,FITTING HDPE,FITTING · STUB END + FLANGE,7137,Export ERP master_product_updated.xlsx (diunduh 2026-10-06),,,,125 mm,,,,,,,,,
product.0_S_09_502_140000_00,Stub End + Flange PE 140 mm,FITTING HDPE,FITTING · STUB END + FLANGE,7138,Export ERP master_product_updated.xlsx (diunduh 2026-10-06),,,,140 mm,,,,,,,,,
product.0_S_09_502_160000_00,Stub End + Flange PE 160 mm,FITTING HDPE,FITTING · STUB END + FLANGE,7139,Export ERP master_product_updated.xlsx (diunduh 2026-10-06),,,,160 mm,,,,,,,,,
__export__.product_product_17008,Stub End + Flange PE 160 mm PN-16,FITTING HDPE,FITTING · STUB END + FLANGE,7140,Export ERP master_product_updated.xlsx (diunduh 2026-10-06),,,,160 mm,,,,,,PN 16,,,
__export__.product_product_18629,Stub End + Flange PE 160 mm PN-20,FITTING HDPE,FITTING · STUB END + FLANGE,7141,Export ERP master_product_updated.xlsx (diunduh 2026-10-06),,,,160 mm,,,,,,PN 20,,,
product.0_S_09_502_200000_00,Stub End + Flange PE 200 mm,FITTING HDPE,FITTING · STUB END + FLANGE,7142,Export ERP master_product_updated.xlsx (diunduh 2026-10-06),,,,200 mm,,,,,,,,,
__export__.product_product_18630,Stub End + Flange PE 200 mm PN - 20,FITTING HDPE,FITTING · STUB END + FLANGE,7143,Export ERP master_product_updated.xlsx (diunduh 2026-10-06),,,,200 mm,,,,,,PN 20,,,
__export__.product_product_18748,Stub End + Flange PE 200 mm PN - 16,FITTING HDPE,FITTING · STUB END + FLANGE,7144,Export ERP master_product_updated.xlsx (diunduh 2026-10-06),,,,200 mm,,,,,,PN 16,,,
__export__.product_product_12537,Stub End + Flange PE 225 mm,FITTING HDPE,FITTING · STUB END + FLANGE,7145,Export ERP master_product_updated.xlsx (diunduh 2026-10-06),,,,225 mm,,,,,,,,,
product.0_S_09_502_250000_00,Stub End + Flange PE 250 mm,FITTING HDPE,FITTING · STUB END + FLANGE,7146,Export ERP master_product_updated.xlsx (diunduh 2026-10-06),,,,250 mm,,,,,,,,,
__export__.product_product_17009,Stub End + Flange PE 250 mm PN-16,FITTING HDPE,FITTING · STUB END + FLANGE,7147,Export ERP master_product_updated.xlsx (diunduh 2026-10-06),,,,250 mm,,,,,,PN 16,,,
__export__.product_product_18631,Stub End + Flange PE 250 mm PN-20,FITTING HDPE,FITTING · STUB END + FLANGE,7148,Export ERP master_product_updated.xlsx (diunduh 2026-10-06),,,,250 mm,,,,,,PN 20,,,
product.0_S_09_502_315000_00,Stub End + Flange PE 315 mm,FITTING HDPE,FITTING · STUB END + FLANGE,7149,Export ERP master_product_updated.xlsx (diunduh 2026-10-06),,,,315 mm,,,,,,,,,
__export__.product_product_17096,Stub End + Flange PE 315 mm PN-16,FITTING HDPE,FITTING · STUB END + FLANGE,7150,Export ERP master_product_updated.xlsx (diunduh 2026-10-06),,,,315 mm,,,,,,PN 16,,,
__export__.product_product_18651,Stub End + Flange PE 315 mm PN-12.5,FITTING HDPE,FITTING · STUB END + FLANGE,7151,Export ERP master_product_updated.xlsx (diunduh 2026-10-06),,,,315 mm,,,,,,PN 12.5,,,
__export__.product_product_18039,Stub End + Flange (Standart ANSI) PE 315 mm,FITTING HDPE,FITTING · STUB END + FLANGE,7152,Export ERP master_product_updated.xlsx (diunduh 2026-10-06),,,,315 mm,,,,,,,,,
product.0_S_09_502_355000_00,Stub End + Flange PE 355 mm,FITTING HDPE,FITTING · STUB END + FLANGE,7153,Export ERP master_product_updated.xlsx (diunduh 2026-10-06),,,,355 mm,,,,,,,,,
__export__.product_product_17568,Stub End + Flange PE 355 mm PN - 16,FITTING HDPE,FITTING · STUB END + FLANGE,7154,Export ERP master_product_updated.xlsx (diunduh 2026-10-06),,,,355 mm,,,,,,PN 16,,,
product.0_S_09_502_400000_00,Stub End + Flange PE 400 mm,FITTING HDPE,FITTING · STUB END + FLANGE,7155,Export ERP master_product_updated.xlsx (diunduh 2026-10-06),,,,400 mm,,,,,,,,,
__export__.product_product_17222,Stub End + Flange PE 400 mm PN-16,FITTING HDPE,FITTING · STUB END + FLANGE,7156,Export ERP master_product_updated.xlsx (diunduh 2026-10-06),,,,400 mm,,,,,,PN 16,,,
__export__.product_product_14488,Stub End + Flange PE 450 mm,FITTING HDPE,FITTING · STUB END + FLANGE,7157,Export ERP master_product_updated.xlsx (diunduh 2026-10-06),,,,450 mm,,,,,,,,,
__export__.product_product_17365,Stub End + Flange PE 450 mm PN-16,FITTING HDPE,FITTING · STUB END + FLANGE,7158,Export ERP master_product_updated.xlsx (diunduh 2026-10-06),,,,450 mm,,,,,,PN 16,,,
product.0_S_09_502_500000_00,Stub End + Flange PE 500 mm,FITTING HDPE,FITTING · STUB END + FLANGE,7159,Export ERP master_product_updated.xlsx (diunduh 2026-10-06),,,,500 mm,,,,,,,,,
__export__.product_product_18655,Stub End + Flange PE 500 mm PN- 16,FITTING HDPE,FITTING · STUB END + FLANGE,7160,Export ERP master_product_updated.xlsx (diunduh 2026-10-06),,,,500 mm,,,,,,PN 16,,,
product.0_S_09_502_560000_00,Stub End + Flange PE 560 mm,FITTING HDPE,FITTING · STUB END + FLANGE,7161,Export ERP master_product_updated.xlsx (diunduh 2026-10-06),,,,560 mm,,,,,,,,,
product.0_S_09_502_630000_00,Stub End + Flange PE 630 mm,FITTING HDPE,FITTING · STUB END + FLANGE,7162,Export ERP master_product_updated.xlsx (diunduh 2026-10-06),,,,630 mm,,,,,,,,,
__export__.product_product_13774,Stub End + Flange PE 710 mm,FITTING HDPE,FITTING · STUB END + FLANGE,7163,Export ERP master_product_updated.xlsx (diunduh 2026-10-06),,,,710 mm,,,,,,,,,
__export__.product_product_14577,Stub End + Flange PE 800 mm,FITTING HDPE,FITTING · STUB END + FLANGE,7164,Export ERP master_product_updated.xlsx (diunduh 2026-10-06),,,,800 mm,,,,,,,,,
product.0_S_09_503_050000_00,Stub End Long + Flange (Segmented) 50 mm,FITTING PVC,FITTING · STUB END LONG + FLANGE,7165,Export ERP master_product_updated.xlsx (diunduh 2026-10-06),,,,50 mm,,,,,,,,,
product.0_S_09_503_063000_00,Stub End Long + Flange (Segmented) 63 mm,FITTING PVC,FITTING · STUB END LONG + FLANGE,7166,Export ERP master_product_updated.xlsx (diunduh 2026-10-06),,,,63 mm,,,,,,,,,
product.0_S_09_503_075000_00,Stub End Long + Flange (Segmented) 75 mm x 2 mtr,FITTING PVC,FITTING · STUB END LONG + FLANGE X 2 MTR,7167,Export ERP master_product_updated.xlsx (diunduh 2026-10-06),,,,75 mm,,,,,,,,,
product.0_S_09_503_090000_00,Stub End Long + Flange (Segmented) 90 mm,FITTING PVC,FITTING · STUB END LONG + FLANGE,7168,Export ERP master_product_updated.xlsx (diunduh 2026-10-06),,,,90 mm,,,,,,,,,
product.0_S_09_503_110000_00,Stub End Long + Flange (Segmented) 110 mm x 2 mtr,FITTING PVC,FITTING · STUB END LONG + FLANGE X 2 MTR,7169,Export ERP master_product_updated.xlsx (diunduh 2026-10-06),,,,110 mm,,,,,,,,,
__export__.product_product_13769,Stub End Long + Flange (Segmented) 160 mm,FITTING PVC,FITTING · STUB END LONG + FLANGE,7170,Export ERP master_product_updated.xlsx (diunduh 2026-10-06),,,,160 mm,,,,,,,,,
product.0_S_09_503_250000_00,Stub End Long + Flange (Segmented) 250 mm,FITTING PVC,FITTING · STUB END LONG + FLANGE,7171,Export ERP master_product_updated.xlsx (diunduh 2026-10-06),,,,250 mm,,,,,,,,,
__export__.product_product_14471,Cap PE (Segmented) 20 mm,FITTING HDPE,FITTING · CAP,7172,Export ERP master_product_updated.xlsx (diunduh 2026-10-06),,,,20 mm,,,,,,,,,
product.0_S_09_504_032000_00,Cap PE (Segmented) 32 mm,FITTING HDPE,FITTING · CAP,7173,Export ERP master_product_updated.xlsx (diunduh 2026-10-06),,,,32 mm,,,,,,,,,
product.0_S_09_504_050000_00,Cap PE (Segmented) 50 mm,FITTING HDPE,FITTING · CAP,7174,Export ERP master_product_updated.xlsx (diunduh 2026-10-06),,,,50 mm,,,,,,,,,
product.0_S_09_504_063000_00,Cap PE (Segmented) 63 mm,FITTING HDPE,FITTING · CAP,7175,Export ERP master_product_updated.xlsx (diunduh 2026-10-06),,,,63 mm,,,,,,,,,
product.0_S_09_504_075000_00,Cap PE (Segmented) 75 mm,FITTING HDPE,FITTING · CAP,7176,Export ERP master_product_updated.xlsx (diunduh 2026-10-06),,,,75 mm,,,,,,,,,
product.0_S_09_504_090000_00,Cap PE (Segmented) 90 mm,FITTING HDPE,FITTING · CAP,7177,Export ERP master_product_updated.xlsx (diunduh 2026-10-06),,,,90 mm,,,,,,,,,
product.0_S_09_504_110000_00,Cap PE (Segmented) 110 mm,FITTING HDPE,FITTING · CAP,7178,Export ERP master_product_updated.xlsx (diunduh 2026-10-06),,,,110 mm,,,,,,,,,
product.0_S_09_504_140000_00,Cap PE (Segmented) 140 mm,FITTING HDPE,FITTING · CAP,7179,Export ERP master_product_updated.xlsx (diunduh 2026-10-06),,,,140 mm,,,,,,,,,
product.0_S_09_504_160000_00,Cap PE (Segmented) 160 mm,FITTING HDPE,FITTING · CAP,7180,Export ERP master_product_updated.xlsx (diunduh 2026-10-06),,,,160 mm,,,,,,,,,
product.0_S_09_504_200000_00,Cap PE (Segmented) 200 mm,FITTING HDPE,FITTING · CAP,7181,Export ERP master_product_updated.xlsx (diunduh 2026-10-06),,,,200 mm,,,,,,,,,
__export__.product_product_14384,Cap PE (Segmented) 225 mm,FITTING HDPE,FITTING · CAP,7182,Export ERP master_product_updated.xlsx (diunduh 2026-10-06),,,,225 mm,,,,,,,,,
__export__.product_product_13395,Cap PE (Segmented) 250 mm,FITTING HDPE,FITTING · CAP,7183,Export ERP master_product_updated.xlsx (diunduh 2026-10-06),,,,250 mm,,,,,,,,,
product.0_S_09_504_315000_00,Cap PE (Segmented) 315 mm,FITTING HDPE,FITTING · CAP,7184,Export ERP master_product_updated.xlsx (diunduh 2026-10-06),,,,315 mm,,,,,,,,,
product.0_S_09_504_400000_00,Cap PE (Segmented) 400 mm,FITTING HDPE,FITTING · CAP,7185,Export ERP master_product_updated.xlsx (diunduh 2026-10-06),,,,400 mm,,,,,,,,,
product.0_S_09_504_500000_00,Cap PE (Segmented) 500 mm,FITTING HDPE,FITTING · CAP,7186,Export ERP master_product_updated.xlsx (diunduh 2026-10-06),,,,500 mm,,,,,,,,,
product.0_S_09_504_560000_00,Cap PE (Segmented) 560 mm,FITTING HDPE,FITTING · CAP,7187,Export ERP master_product_updated.xlsx (diunduh 2026-10-06),,,,560 mm,,,,,,,,,
product.0_S_09_504_630000_00,Cap PE (Segmented) 630 mm,FITTING HDPE,FITTING · CAP,7188,Export ERP master_product_updated.xlsx (diunduh 2026-10-06),,,,630 mm,,,,,,,,,
product.0_S_09_505_063000_00,Clean Out Cap PE (Segmented) 63 mm,FITTING HDPE,FITTING · CLEAN OUT CAP,7189,Export ERP master_product_updated.xlsx (diunduh 2026-10-06),,,,63 mm,,,,,,,,,
product.0_S_09_505_075000_00,Clean Out Cap PE (Segmented) 75 mm,FITTING HDPE,FITTING · CLEAN OUT CAP,7190,Export ERP master_product_updated.xlsx (diunduh 2026-10-06),,,,75 mm,,,,,,,,,
product.0_S_09_505_090000_00,Clean Out Cap PE (Segmented) 90 mm,FITTING HDPE,FITTING · CLEAN OUT CAP,7191,Export ERP master_product_updated.xlsx (diunduh 2026-10-06),,,,90 mm,,,,,,,,,
product.0_S_09_505_110000_00,Clean Out Cap PE (Segmented) 110 mm,FITTING HDPE,FITTING · CLEAN OUT CAP,7192,Export ERP master_product_updated.xlsx (diunduh 2026-10-06),,,,110 mm,,,,,,,,,
product.0_S_09_505_160000_00,Clean Out Cap PE (Segmented) 160 mm,FITTING HDPE,FITTING · CLEAN OUT CAP,7193,Export ERP master_product_updated.xlsx (diunduh 2026-10-06),,,,160 mm,,,,,,,,,
product.0_S_09_505_200000_00,Clean Out Cap PE (Segmented) 200 mm,FITTING HDPE,FITTING · CLEAN OUT CAP,7194,Export ERP master_product_updated.xlsx (diunduh 2026-10-06),,,,200 mm,,,,,,,,,
product.0_S_09_505_250000_00,Clean Out Cap PE (Segmented) 250 mm,FITTING HDPE,FITTING · CLEAN OUT CAP,7195,Export ERP master_product_updated.xlsx (diunduh 2026-10-06),,,,250 mm,,,,,,,,,
product.0_S_09_505_315000_00,Clean Out Cap PE (Segmented) 315 mm,FITTING HDPE,FITTING · CLEAN OUT CAP,7196,Export ERP master_product_updated.xlsx (diunduh 2026-10-06),,,,315 mm,,,,,,,,,
product.0_S_09_505_355000_00,Clean Out Cap PE (Segmented) 355 mm,FITTING HDPE,FITTING · CLEAN OUT CAP,7197,Export ERP master_product_updated.xlsx (diunduh 2026-10-06),,,,355 mm,,,,,,,,,
product.0_S_09_505_400000_00,Clean Out Cap PE (Segmented) 400 mm,FITTING HDPE,FITTING · CLEAN OUT CAP,7198,Export ERP master_product_updated.xlsx (diunduh 2026-10-06),,,,400 mm,,,,,,,,,
product.0_S_09_505_450000_00,Clean Out Cap PE (Segmented) 450 mm,FITTING HDPE,FITTING · CLEAN OUT CAP,7199,Export ERP master_product_updated.xlsx (diunduh 2026-10-06),,,,450 mm,,,,,,,,,
product.0_S_09_505_500000_00,Clean Out Cap PE (Segmented) 500 mm,FITTING HDPE,FITTING · CLEAN OUT CAP,7200,Export ERP master_product_updated.xlsx (diunduh 2026-10-06),,,,500 mm,,,,,,,,,
product.0_S_09_505_560000_00,Clean Out Cap PE (Segmented) 560 mm,FITTING HDPE,FITTING · CLEAN OUT CAP,7201,Export ERP master_product_updated.xlsx (diunduh 2026-10-06),,,,560 mm,,,,,,,,,
product.0_S_09_505_630000_00,Clean Out Cap PE (Segmented) 630 mm,FITTING HDPE,FITTING · CLEAN OUT CAP,7202,Export ERP master_product_updated.xlsx (diunduh 2026-10-06),,,,630 mm,,,,,,,,,
product.0_S_09_506_050050_00,Tee (Segmented) PE 50 x 50 mm,FITTING HDPE,FITTING · TEE,7203,Export ERP master_product_updated.xlsx (diunduh 2026-10-06),,,,50 mm,,,,,,,,,
__export__.product_product_15371,Tee (Segmented) PE 63 x 32 mm,FITTING HDPE,FITTING · TEE,7204,Export ERP master_product_updated.xlsx (diunduh 2026-10-06),,,,32 mm; 63 mm,,,,,,,,,
__export__.product_product_12634,Tee (Segmented) PE 63 x 50 mm,FITTING HDPE,FITTING · TEE,7205,Export ERP master_product_updated.xlsx (diunduh 2026-10-06),,,,50 mm; 63 mm,,,,,,,,,
product.0_S_09_506_063063_00,Tee (Segmented) PE 63 x 63 mm,FITTING HDPE,FITTING · TEE,7206,Export ERP master_product_updated.xlsx (diunduh 2026-10-06),,,,63 mm,,,,,,,,,
__export__.product_product_19280,Tee (Segmented) PE 63 x 63 mm PN- 12.5,FITTING HDPE,FITTING · TEE,7207,Export ERP master_product_updated.xlsx (diunduh 2026-10-06),,,,63 mm,,,,,,PN 12.5,,,
product.0_S_09_506_075050_00,Tee (Segmented) PE 75 x 50 mm,FITTING HDPE,FITTING · TEE,7208,Export ERP master_product_updated.xlsx (diunduh 2026-10-06),,,,50 mm; 75 mm,,,,,,,,,
product.0_S_09_506_075063_00,Tee (Segmented) PE 75 x 63 mm,FITTING HDPE,FITTING · TEE,7209,Export ERP master_product_updated.xlsx (diunduh 2026-10-06),,,,63 mm; 75 mm,,,,,,,,,
product.0_S_09_506_075075_00,Tee (Segmented) PE 75 x 75 mm,FITTING HDPE,FITTING · TEE,7210,Export ERP master_product_updated.xlsx (diunduh 2026-10-06),,,,75 mm,,,,,,,,,
__export__.product_product_13667,Tee (Segmented) PE 90 x 32 mm,FITTING HDPE,FITTING · TEE,7211,Export ERP master_product_updated.xlsx (diunduh 2026-10-06),,,,32 mm; 90 mm,,,,,,,,,
product.0_S_09_506_090050_00,Tee (Segmented) PE 90 x 50 mm,FITTING HDPE,FITTING · TEE,7212,Export ERP master_product_updated.xlsx (diunduh 2026-10-06),,,,50 mm; 90 mm,,,,,,,,,
product.0_S_09_506_090063_00,Tee (Segmented) PE 90 x 63 mm,FITTING HDPE,FITTING · TEE,7213,Export ERP master_product_updated.xlsx (diunduh 2026-10-06),,,,63 mm; 90 mm,,,,,,,,,
__export__.product_product_18929,Tee (Segmented) PE 90 x 63 mm PN- 16,FITTING HDPE,FITTING · TEE,7214,Export ERP master_product_updated.xlsx (diunduh 2026-10-06),,,,63 mm; 90 mm,,,,,,PN 16,,,
product.0_S_09_506_090075_00,Tee (Segmented) PE 90 x 75 mm,FITTING HDPE,FITTING · TEE,7215,Export ERP master_product_updated.xlsx (diunduh 2026-10-06),,,,75 mm; 90 mm,,,,,,,,,
product.0_S_09_506_090090_00,Tee (Segmented) PE 90 x 90 mm,FITTING HDPE,FITTING · TEE,7216,Export ERP master_product_updated.xlsx (diunduh 2026-10-06),,,,90 mm,,,,,,,,,
__export__.product_product_17182,Tee (Segmented) PN- 16 PE 90 x 90 mm,FITTING HDPE,FITTING · TEE,7217,Export ERP master_product_updated.xlsx (diunduh 2026-10-06),,,,90 mm,,,,,,PN 16,,,
__export__.product_product_19264,Tee (Segmented) PE 90 x 90 mm PN- 12.5,FITTING HDPE,FITTING · TEE,7218,Export ERP master_product_updated.xlsx (diunduh 2026-10-06),,,,90 mm,,,,,,PN 12.5,,,
__export__.product_product_14370,Tee (Segmented) PE 110 x 25 mm,FITTING HDPE,FITTING · TEE,7219,Export ERP master_product_updated.xlsx (diunduh 2026-10-06),,,,25 mm; 110 mm,,,,,,,,,
__export__.product_product_19168,Tee (Segmented) PE 110 x 25 mm PN- 16,FITTING HDPE,FITTING · TEE,7220,Export ERP master_product_updated.xlsx (diunduh 2026-10-06),,,,25 mm; 110 mm,,,,,,PN 16,,,
product.0_S_09_506_110040_00,Tee (Segmented) PE 110 x 40 mm,FITTING HDPE,FITTING · TEE,7221,Export ERP master_product_updated.xlsx (diunduh 2026-10-06),,,,40 mm; 110 mm,,,,,,,,,
product.0_S_09_506_110050_00,Tee (Segmented) PE 110 x 50 mm,FITTING HDPE,FITTING · TEE,7222,Export ERP master_product_updated.xlsx (diunduh 2026-10-06),,,,50 mm; 110 mm,,,,,,,,,
product.0_S_09_506_110063_00,Tee (Segmented) PE 110 x 63 mm,FITTING HDPE,FITTING · TEE,7223,Export ERP master_product_updated.xlsx (diunduh 2026-10-06),,,,63 mm; 110 mm,,,,,,,,,
__export__.product_product_19164,Tee (Segmented) PE 110 x 63 mm PN- 16,FITTING HDPE,FITTING · TEE,7224,Export ERP master_product_updated.xlsx (diunduh 2026-10-06),,,,63 mm; 110 mm,,,,,,PN 16,,,
__export__.product_product_13379,Tee (Segmented) PE 110 x 75 mm,FITTING HDPE,FITTING · TEE,7225,Export ERP master_product_updated.xlsx (diunduh 2026-10-06),,,,75 mm; 110 mm,,,,,,,,,
product.0_S_09_506_110090_00,Tee (Segmented) PE 110 x 90 mm,FITTING HDPE,FITTING · TEE,7226,Export ERP master_product_updated.xlsx (diunduh 2026-10-06),,,,90 mm; 110 mm,,,,,,,,,
__export__.product_product_17183,Tee (Segmented) PN- 16 PE 110 x 90 mm,FITTING HDPE,FITTING · TEE,7227,Export ERP master_product_updated.xlsx (diunduh 2026-10-06),,,,90 mm; 110 mm,,,,,,PN 16,,,
product.0_S_09_506_110110_00,Tee (Segmented) PE 110 x 110 mm,FITTING HDPE,FITTING · TEE,7228,Export ERP master_product_updated.xlsx (diunduh 2026-10-06),,,,110 mm,,,,,,,,,
__export__.product_product_16801,Tee (Segmented) PN 16 - PE 110 x 110 mm,FITTING HDPE,FITTING · TEE,7229,Export ERP master_product_updated.xlsx (diunduh 2026-10-06),,,,110 mm,,,,,,PN 16,,,
__export__.product_product_18280,Tee (Segmented) PE 125 x 125 mm,FITTING HDPE,FITTING · TEE,7230,Export ERP master_product_updated.xlsx (diunduh 2026-10-06),,,,125 mm,,,,,,,,,
product.0_S_09_506_160032_00,Tee (Segmented) PE 140 x 32 mm,FITTING HDPE,FITTING · TEE,7231,Export ERP master_product_updated.xlsx (diunduh 2026-10-06),,,,32 mm; 140 mm,,,,,,,,,
product.0_S_09_506_140090_00,Tee (Segmented) PE 140 x 90 mm,FITTING HDPE,FITTING · TEE,7232,Export ERP master_product_updated.xlsx (diunduh 2026-10-06),,,,90 mm; 140 mm,,,,,,,,,
__export__.product_product_18796,"Tee (Segmented) PE 140 x 90 mm PN-12,5",FITTING HDPE,FITTING · TEE,7233,Export ERP master_product_updated.xlsx (diunduh 2026-10-06),,,,90 mm; 140 mm,,,,,,PN 12.5,,,
product.0_S_09_506_140110_00,Tee (Segmented) PE 140 x 110 mm,FITTING HDPE,FITTING · TEE,7234,Export ERP master_product_updated.xlsx (diunduh 2026-10-06),,,,110 mm; 140 mm,,,,,,,,,
product.0_S_09_506_140140_00,Tee (Segmented) PE 140 x 140 mm,FITTING HDPE,FITTING · TEE,7235,Export ERP master_product_updated.xlsx (diunduh 2026-10-06),,,,140 mm,,,,,,,,,
__export__.product_product_18795,"Tee (Segmented) PE 140 x 140 mm PN -12,5",FITTING HDPE,FITTING · TEE,7236,Export ERP master_product_updated.xlsx (diunduh 2026-10-06),,,,140 mm,,,,,,PN 12.5,,,
__export__.product_product_12335,Tee (Segmented) PE 160 x 32 mm,FITTING HDPE,FITTING · TEE,7237,Export ERP master_product_updated.xlsx (diunduh 2026-10-06),,,,32 mm; 160 mm,,,,,,,,,
product.0_S_09_506_160050_00,Tee (Segmented) PE 160 x 50 mm,FITTING HDPE,FITTING · TEE,7238,Export ERP master_product_updated.xlsx (diunduh 2026-10-06),,,,50 mm; 160 mm,,,,,,,,,
product.0_S_09_506_160063_00,Tee (Segmented) PE 160 x 63 mm,FITTING HDPE,FITTING · TEE,7239,Export ERP master_product_updated.xlsx (diunduh 2026-10-06),,,,63 mm; 160 mm,,,,,,,,,
product.0_S_09_506_160075_00,Tee (Segmented) PE 160 x 75 mm,FITTING HDPE,FITTING · TEE,7240,Export ERP master_product_updated.xlsx (diunduh 2026-10-06),,,,75 mm; 160 mm,,,,,,,,,
__export__.product_product_16970,Tee (Segmented) PN 16 - PE 160 x 75 mm,FITTING HDPE,FITTING · TEE,7241,Export ERP master_product_updated.xlsx (diunduh 2026-10-06),,,,75 mm; 160 mm,,,,,,PN 16,,,
product.0_S_09_506_160090_00,Tee (Segmented) PE 160 x 90 mm,FITTING HDPE,FITTING · TEE,7242,Export ERP master_product_updated.xlsx (diunduh 2026-10-06),,,,90 mm; 160 mm,,,,,,,,,
product.0_S_09_506_160110_00,Tee (Segmented) PE 160 x 110 mm,FITTING HDPE,FITTING · TEE,7243,Export ERP master_product_updated.xlsx (diunduh 2026-10-06),,,,110 mm; 160 mm,,,,,,,,,
__export__.product_product_16800,Tee (Segmented) PN 16 - PE 160 x 110 mm,FITTING HDPE,FITTING · TEE,7244,Export ERP master_product_updated.xlsx (diunduh 2026-10-06),,,,110 mm; 160 mm,,,,,,PN 16,,,
product.0_S_09_506_160160_00,Tee (Segmented) PE 160 x 160 mm,FITTING HDPE,FITTING · TEE,7245,Export ERP master_product_updated.xlsx (diunduh 2026-10-06),,,,160 mm,,,,,,,,,
__export__.product_product_16802,Tee (Segmented) PN 16 - PE 160 x 160 mm,FITTING HDPE,FITTING · TEE,7246,Export ERP master_product_updated.xlsx (diunduh 2026-10-06),,,,160 mm,,,,,,PN 16,,,
__export__.product_product_19076,Tee (Segmented) PN 20 - PE 160 x 160 mm,FITTING HDPE,FITTING · TEE,7247,Export ERP master_product_updated.xlsx (diunduh 2026-10-06),,,,160 mm,,,,,,PN 20,,,
__export__.product_product_12012,Tee (Segmented) PE 200 x 63 mm,FITTING HDPE,FITTING · TEE,7248,Export ERP master_product_updated.xlsx (diunduh 2026-10-06),,,,63 mm; 200 mm,,,,,,,,,
__export__.product_product_18553,Tee (Segmented) PN - 12.5 PE 200 x 63 mm,FITTING HDPE,FITTING · TEE,7249,Export ERP master_product_updated.xlsx (diunduh 2026-10-06),,,,63 mm; 200 mm,,,,,,PN 12.5,,,
__export__.product_product_12296,Tee (Segmented) PE 200 x 75 mm,FITTING HDPE,FITTING · TEE,7250,Export ERP master_product_updated.xlsx (diunduh 2026-10-06),,,,75 mm; 200 mm,,,,,,,,,
product.0_S_09_506_200090_00,Tee (Segmented) PE 200 x 90 mm,FITTING HDPE,FITTING · TEE,7251,Export ERP master_product_updated.xlsx (diunduh 2026-10-06),,,,90 mm; 200 mm,,,,,,,,,
product.0_S_09_506_200110_00,Tee (Segmented) PE 200 x 110 mm,FITTING HDPE,FITTING · TEE,7252,Export ERP master_product_updated.xlsx (diunduh 2026-10-06),,,,110 mm; 200 mm,,,,,,,,,
__export__.product_product_19165,Tee (Segmented) PE 200 x 110 mm PN- 16,FITTING HDPE,FITTING · TEE,7253,Export ERP master_product_updated.xlsx (diunduh 2026-10-06),,,,110 mm; 200 mm,,,,,,PN 16,,,
__export__.product_product_18552,Tee (Segmented) PN - 12.5 PE 200 x 110 mm,FITTING HDPE,FITTING · TEE,7254,Export ERP master_product_updated.xlsx (diunduh 2026-10-06),,,,110 mm; 200 mm,,,,,,PN 12.5,,,
product.0_S_09_506_200160_00,Tee (Segmented) PE 200 x 160 mm,FITTING HDPE,FITTING · TEE,7255,Export ERP master_product_updated.xlsx (diunduh 2026-10-06),,,,160 mm; 200 mm,,,,,,,,,
__export__.product_product_18551,Tee (Segmented) PN - 12.5 PE 200 x 160 mm,FITTING HDPE,FITTING · TEE,7256,Export ERP master_product_updated.xlsx (diunduh 2026-10-06),,,,160 mm; 200 mm,,,,,,PN 12.5,,,
__export__.product_product_18724,Tee (Segmented) PN - 16 PE 200 x 160 mm,FITTING HDPE,FITTING · TEE,7257,Export ERP master_product_updated.xlsx (diunduh 2026-10-06),,,,160 mm; 200 mm,,,,,,PN 16,,,
product.0_S_09_506_200200_00,Tee (Segmented) PE 200 x 200 mm,FITTING HDPE,FITTING · TEE,7258,Export ERP master_product_updated.xlsx (diunduh 2026-10-06),,,,200 mm,,,,,,,,,
__export__.product_product_18497,Tee (Segmented) PN - 20 - PE 200 x 200 mm,FITTING HDPE,FITTING · TEE,7259,Export ERP master_product_updated.xlsx (diunduh 2026-10-06),,,,200 mm,,,,,,PN 20,,,
__export__.product_product_18725,Tee (Segmented) PN - 16 - PE 200 x 200 mm,FITTING HDPE,FITTING · TEE,7260,Export ERP master_product_updated.xlsx (diunduh 2026-10-06),,,,200 mm,,,,,,PN 16,,,
__export__.product_product_14382,Tee (Segmented) PE 225 x 225 mm,FITTING HDPE,FITTING · TEE,7261,Export ERP master_product_updated.xlsx (diunduh 2026-10-06),,,,225 mm,,,,,,,,,
__export__.product_product_12569,Tee (Segmented) PE 250 x 63 mm,FITTING HDPE,FITTING · TEE,7262,Export ERP master_product_updated.xlsx (diunduh 2026-10-06),,,,63 mm; 250 mm,,,,,,,,,
__export__.product_product_18781,Tee (Segmented) PE 250 x 75 mm,FITTING HDPE,FITTING · TEE,7263,Export ERP master_product_updated.xlsx (diunduh 2026-10-06),,,,75 mm; 250 mm,,,,,,,,,
__export__.product_product_10702,Tee (Segmented) PE 250 x 90 mm,FITTING HDPE,FITTING · TEE,7264,Export ERP master_product_updated.xlsx (diunduh 2026-10-06),,,,90 mm; 250 mm,,,,,,,,,
__export__.product_product_10701,Tee (Segmented) PE 250 x 110 mm,FITTING HDPE,FITTING · TEE,7265,Export ERP master_product_updated.xlsx (diunduh 2026-10-06),,,,110 mm; 250 mm,,,,,,,,,
__export__.product_product_9981,Tee (Segmented) PE 250 x 160 mm,FITTING HDPE,FITTING · TEE,7266,Export ERP master_product_updated.xlsx (diunduh 2026-10-06),,,,160 mm; 250 mm,,,,,,,,,
__export__.product_product_18628,Tee (Segmented) PN 20 - PE 250 x 160 mm,FITTING HDPE,FITTING · TEE,7267,Export ERP master_product_updated.xlsx (diunduh 2026-10-06),,,,160 mm; 250 mm,,,,,,PN 20,,,
__export__.product_product_18951,Tee (Segmented) PN 16 - PE 250 x 160 mm,FITTING HDPE,FITTING · TEE,7268,Export ERP master_product_updated.xlsx (diunduh 2026-10-06),,,,160 mm; 250 mm,,,,,,PN 16,,,
__export__.product_product_10114,Tee (Segmented) PE 250 x 200 mm,FITTING HDPE,FITTING · TEE,7269,Export ERP master_product_updated.xlsx (diunduh 2026-10-06),,,,200 mm; 250 mm,,,,,,,,,
product.0_S_09_506_250250_00,Tee (Segmented) PE 250 x 250 mm,FITTING HDPE,FITTING · TEE,7270,Export ERP master_product_updated.xlsx (diunduh 2026-10-06),,,,250 mm,,,,,,,,,
__export__.product_product_17006,Tee (Segmented) PN 16 - PE 250 x 250 mm,FITTING HDPE,FITTING · TEE,7271,Export ERP master_product_updated.xlsx (diunduh 2026-10-06),,,,250 mm,,,,,,PN 16,,,
__export__.product_product_19646,Tee (Segmented) PE 250 x 250 mm PN- 6,FITTING HDPE,FITTING · TEE,7272,Export ERP master_product_updated.xlsx (diunduh 2026-10-06),,,,250 mm,,,,,,PN 6,,,
__export__.product_product_9855,Tee (Segmented) PE 315 x 63 mm,FITTING HDPE,FITTING · TEE,7273,Export ERP master_product_updated.xlsx (diunduh 2026-10-06),,,,63 mm; 315 mm,,,,,,,,,
__export__.product_product_16898,Tee (Segmented) PE 315 x 90 mm,FITTING HDPE,FITTING · TEE,7274,Export ERP master_product_updated.xlsx (diunduh 2026-10-06),,,,90 mm; 315 mm,,,,,,,,,
__export__.product_product_12128,Tee (Segmented) PE 315 x 110 mm,FITTING HDPE,FITTING · TEE,7275,Export ERP master_product_updated.xlsx (diunduh 2026-10-06),,,,110 mm; 315 mm,,,,,,,,,
__export__.product_product_10113,Tee (Segmented) PE 315 x 160 mm,FITTING HDPE,FITTING · TEE,7276,Export ERP master_product_updated.xlsx (diunduh 2026-10-06),,,,160 mm; 315 mm,,,,,,,,,
product.0_S_09_506_315200_00,Tee (Segmented) PE 315 x 200 mm,FITTING HDPE,FITTING · TEE,7277,Export ERP master_product_updated.xlsx (diunduh 2026-10-06),,,,200 mm; 315 mm,,,,,,,,,
product.0_S_09_506_315250_00,Tee (Segmented) PE 315 x 250 mm,FITTING HDPE,FITTING · TEE,7278,Export ERP master_product_updated.xlsx (diunduh 2026-10-06),,,,250 mm; 315 mm,,,,,,,,,
product.0_S_09_506_315315_00,Tee (Segmented) PE 315 x 315 mm,FITTING HDPE,FITTING · TEE,7279,Export ERP master_product_updated.xlsx (diunduh 2026-10-06),,,,315 mm,,,,,,,,,
__export__.product_product_18417,Tee (Segmented) PN - 16 PE 315 x 315 mm,FITTING HDPE,FITTING · TEE,7280,Export ERP master_product_updated.xlsx (diunduh 2026-10-06),,,,315 mm,,,,,,PN 16,,,
__export__.product_product_18419,Tee (Segmented) PN - 12.5 PE 315 x 315 mm,FITTING HDPE,FITTING · TEE,7281,Export ERP master_product_updated.xlsx (diunduh 2026-10-06),,,,315 mm,,,,,,PN 12.5,,,
__export__.product_product_19647,Tee (Segmented) PE 315 x 315 mm PN- 6,FITTING HDPE,FITTING · TEE,7282,Export ERP master_product_updated.xlsx (diunduh 2026-10-06),,,,315 mm,,,,,,PN 6,,,
__export__.product_product_16137,Tee (Segmented) PE 355 x 63 mm,FITTING HDPE,FITTING · TEE,7283,Export ERP master_product_updated.xlsx (diunduh 2026-10-06),,,,63 mm; 355 mm,,,,,,,,,
product.0_S_09_506_355090_00,Tee (Segmented) PE 355 x 90 mm,FITTING HDPE,FITTING · TEE,7284,Export ERP master_product_updated.xlsx (diunduh 2026-10-06),,,,90 mm; 355 mm,,,,,,,,,
__export__.product_product_16062,Tee (Segmented) PE 355 x 110 mm,FITTING HDPE,FITTING · TEE,7285,Export ERP master_product_updated.xlsx (diunduh 2026-10-06),,,,110 mm; 355 mm,,,,,,,,,
product.0_S_09_506_355160_00,Tee (Segmented) PE 355 x 160 mm,FITTING HDPE,FITTING · TEE,7286,Export ERP master_product_updated.xlsx (diunduh 2026-10-06),,,,160 mm; 355 mm,,,,,,,,,
product.0_S_09_506_355200_00,Tee (Segmented) PE 355 x 200 mm,FITTING HDPE,FITTING · TEE,7287,Export ERP master_product_updated.xlsx (diunduh 2026-10-06),,,,200 mm; 355 mm,,,,,,,,,
product.0_S_09_506_355250_00,Tee (Segmented) PE 355 x 250 mm,FITTING HDPE,FITTING · TEE,7288,Export ERP master_product_updated.xlsx (diunduh 2026-10-06),,,,250 mm; 355 mm,,,,,,,,,
product.0_S_09_506_355315_00,Tee (Segmented) PE 355 x 315 mm,FITTING HDPE,FITTING · TEE,7289,Export ERP master_product_updated.xlsx (diunduh 2026-10-06),,,,315 mm; 355 mm,,,,,,,,,
product.0_S_09_506_355355_00,Tee (Segmented) PE 355 x 355 mm,FITTING HDPE,FITTING · TEE,7290,Export ERP master_product_updated.xlsx (diunduh 2026-10-06),,,,355 mm,,,,,,,,,
__export__.product_product_19174,Tee (Segmented) PE 355 x 355 mm PN- 16,FITTING HDPE,FITTING · TEE,7291,Export ERP master_product_updated.xlsx (diunduh 2026-10-06),,,,355 mm,,,,,,PN 16,,,
__export__.product_product_19648,Tee (Segmented) PE 355 x 355 mm PN- 6,FITTING HDPE,FITTING · TEE,7292,Export ERP master_product_updated.xlsx (diunduh 2026-10-06),,,,355 mm,,,,,,PN 6,,,
__export__.product_product_11713,Tee (Segmented) PE 400 x 63 mm,FITTING HDPE,FITTING · TEE,7293,Export ERP master_product_updated.xlsx (diunduh 2026-10-06),,,,63 mm; 400 mm,,,,,,,,,
__export__.product_product_13783,Tee (Segmented) PE 400 x 90 mm,FITTING HDPE,FITTING · TEE,7294,Export ERP master_product_updated.xlsx (diunduh 2026-10-06),,,,90 mm; 400 mm,,,,,,,,,
product.0_S_09_506_400110_00,Tee (Segmented) PE 400 x 110 mm,FITTING HDPE,FITTING · TEE,7295,Export ERP master_product_updated.xlsx (diunduh 2026-10-06),,,,110 mm; 400 mm,,,,,,,,,
product.0_S_09_506_400160_00,Tee (Segmented) PE 400 x 160 mm,FITTING HDPE,FITTING · TEE,7296,Export ERP master_product_updated.xlsx (diunduh 2026-10-06),,,,160 mm; 400 mm,,,,,,,,,
__export__.product_product_14863,Tee (Segmented) PE 400 x 200 mm,FITTING HDPE,FITTING · TEE,7297,Export ERP master_product_updated.xlsx (diunduh 2026-10-06),,,,200 mm; 400 mm,,,,,,,,,
__export__.product_product_13784,Tee (Segmented) PE 400 x 250 mm,FITTING HDPE,FITTING · TEE,7298,Export ERP master_product_updated.xlsx (diunduh 2026-10-06),,,,250 mm; 400 mm,,,,,,,,,
__export__.product_product_11714,Tee (Segmented) PE 400 x 315 mm,FITTING HDPE,FITTING · TEE,7299,Export ERP master_product_updated.xlsx (diunduh 2026-10-06),,,,315 mm; 400 mm,,,,,,,,,
__export__.product_product_18805,Tee (Segmented) PE 400 x 355 mm,FITTING HDPE,FITTING · TEE,7300,Export ERP master_product_updated.xlsx (diunduh 2026-10-06),,,,355 mm; 400 mm,,,,,,,,,
__export__.product_product_11715,Tee (Segmented) PE 400 x 400 mm,FITTING HDPE,FITTING · TEE,7301,Export ERP master_product_updated.xlsx (diunduh 2026-10-06),,,,400 mm,,,,,,,,,
__export__.product_product_18793,Tee (Segmented) PE 400 x 400 mm PN - 16,FITTING HDPE,FITTING · TEE,7302,Export ERP master_product_updated.xlsx (diunduh 2026-10-06),,,,400 mm,,,,,,PN 16,,,
__export__.product_product_19649,Tee (Segmented) PE 400 x 400 mm PN- 6,FITTING HDPE,FITTING · TEE,7303,Export ERP master_product_updated.xlsx (diunduh 2026-10-06),,,,400 mm,,,,,,PN 6,,,
__export__.product_product_15471,Tee (Segmented) PE 450 x 63 mm,FITTING HDPE,FITTING · TEE,7304,Export ERP master_product_updated.xlsx (diunduh 2026-10-06),,,,63 mm; 450 mm,,,,,,,,,
__export__.product_product_15472,Tee (Segmented) PE 450 x 160 mm,FITTING HDPE,FITTING · TEE,7305,Export ERP master_product_updated.xlsx (diunduh 2026-10-06),,,,160 mm; 450 mm,,,,,,,,,
__export__.product_product_15473,Tee (Segmented) PE 450 x 200 mm,FITTING HDPE,FITTING · TEE,7306,Export ERP master_product_updated.xlsx (diunduh 2026-10-06),,,,200 mm; 450 mm,,,,,,,,,
__export__.product_product_15475,Tee (Segmented) PE 450 x 250 mm,FITTING HDPE,FITTING · TEE,7307,Export ERP master_product_updated.xlsx (diunduh 2026-10-06),,,,250 mm; 450 mm,,,,,,,,,
__export__.product_product_18355,Tee (Segmented) PE 450 x 315 mm,FITTING HDPE,FITTING · TEE,7308,Export ERP master_product_updated.xlsx (diunduh 2026-10-06),,,,315 mm; 450 mm,,,,,,,,,
__export__.product_product_14716,Tee (Segmented) PE 450 x 355 mm,FITTING HDPE,FITTING · TEE,7309,Export ERP master_product_updated.xlsx (diunduh 2026-10-06),,,,355 mm; 450 mm,,,,,,,,,
__export__.product_product_17791,Tee (Segmented) PE 450 x 400 mm,FITTING HDPE,FITTING · TEE,7310,Export ERP master_product_updated.xlsx (diunduh 2026-10-06),,,,400 mm; 450 mm,,,,,,,,,
__export__.product_product_14952,Tee (Segmented) PE 450 x 450 mm,FITTING HDPE,FITTING · TEE,7311,Export ERP master_product_updated.xlsx (diunduh 2026-10-06),,,,450 mm,,,,,,,,,
__export__.product_product_19650,Tee (Segmented) PE 450 x 450 mm PN- 6,FITTING HDPE,FITTING · TEE,7312,Export ERP master_product_updated.xlsx (diunduh 2026-10-06),,,,450 mm,,,,,,PN 6,,,
__export__.product_product_15387,Tee (Segmented) PE 500 x 110 mm,FITTING HDPE,FITTING · TEE,7313,Export ERP master_product_updated.xlsx (diunduh 2026-10-06),,,,110 mm; 500 mm,,,,,,,,,
__export__.product_product_18570,Tee (Segmented) PN- 16 PE 500 x 110 mm,FITTING HDPE,FITTING · TEE,7314,Export ERP master_product_updated.xlsx (diunduh 2026-10-06),,,,110 mm; 500 mm,,,,,,PN 16,,,
__export__.product_product_18571,Tee (Segmented) PN- 12.5 PE 500 x 110 mm,FITTING HDPE,FITTING · TEE,7315,Export ERP master_product_updated.xlsx (diunduh 2026-10-06),,,,110 mm; 500 mm,,,,,,PN 12.5,,,
__export__.product_product_15388,Tee (Segmented) PE 500 x 160 mm,FITTING HDPE,FITTING · TEE,7316,Export ERP master_product_updated.xlsx (diunduh 2026-10-06),,,,160 mm; 500 mm,,,,,,,,,
__export__.product_product_15409,Tee (Segmented) PE 500 x 200 mm,FITTING HDPE,FITTING · TEE,7317,Export ERP master_product_updated.xlsx (diunduh 2026-10-06),,,,200 mm; 500 mm,,,,,,,,,
__export__.product_product_18572,Tee (Segmented) PN- 16 PE 500 x 200 mm,FITTING HDPE,FITTING · TEE,7318,Export ERP master_product_updated.xlsx (diunduh 2026-10-06),,,,200 mm; 500 mm,,,,,,PN 16,,,
__export__.product_product_18621,Tee (Segmented) PN- 12.5 PE 500 x 200 mm,FITTING HDPE,FITTING · TEE,7319,Export ERP master_product_updated.xlsx (diunduh 2026-10-06),,,,200 mm; 500 mm,,,,,,PN 12.5,,,
__export__.product_product_14911,Tee (Segmented) PE 500 x 250 mm,FITTING HDPE,FITTING · TEE,7320,Export ERP master_product_updated.xlsx (diunduh 2026-10-06),,,,250 mm; 500 mm,,,,,,,,,
__export__.product_product_13403,Tee (Segmented) PE 500 x 315 mm,FITTING HDPE,FITTING · TEE,7321,Export ERP master_product_updated.xlsx (diunduh 2026-10-06),,,,315 mm; 500 mm,,,,,,,,,
__export__.product_product_15808,Tee (Segmented) PE 500 x 400 mm,FITTING HDPE,FITTING · TEE,7322,Export ERP master_product_updated.xlsx (diunduh 2026-10-06),,,,400 mm; 500 mm,,,,,,,,,
__export__.product_product_18783,Tee (Segmented) PE 500 x 400 mm PN - 16,FITTING HDPE,FITTING · TEE,7323,Export ERP master_product_updated.xlsx (diunduh 2026-10-06),,,,400 mm; 500 mm,,,,,,PN 16,,,
product.0_S_09_506_500500_00,Tee (Segmented) PE 500 x 500 mm,FITTING HDPE,FITTING · TEE,7324,Export ERP master_product_updated.xlsx (diunduh 2026-10-06),,,,500 mm,,,,,,,,,
__export__.product_product_18782,Tee (Segmented) PE 500 x 500 mm PN - 16,FITTING HDPE,FITTING · TEE,7325,Export ERP master_product_updated.xlsx (diunduh 2026-10-06),,,,500 mm,,,,,,PN 16,,,
__export__.product_product_19651,Tee (Segmented) PE 500 x 500 mm PN- 6,FITTING HDPE,FITTING · TEE,7326,Export ERP master_product_updated.xlsx (diunduh 2026-10-06),,,,500 mm,,,,,,PN 6,,,
__export__.product_product_18282,Tee (Segmented) PE 560 x 160 mm,FITTING HDPE,FITTING · TEE,7327,Export ERP master_product_updated.xlsx (diunduh 2026-10-06),,,,160 mm; 560 mm,,,,,,,,,
__export__.product_product_18315,Tee (Segmented) PE 560 x 250 mm,FITTING HDPE,FITTING · TEE,7328,Export ERP master_product_updated.xlsx (diunduh 2026-10-06),,,,250 mm; 560 mm,,,,,,,,,
__export__.product_product_13777,Tee (Segmented) PE 560 x 355 mm,FITTING HDPE,FITTING · TEE,7329,Export ERP master_product_updated.xlsx (diunduh 2026-10-06),,,,355 mm; 560 mm,,,,,,,,,
product.0_S_09_506_560560_00,Tee (Segmented) PE 560 x 560 mm,FITTING HDPE,FITTING · TEE,7330,Export ERP master_product_updated.xlsx (diunduh 2026-10-06),,,,560 mm,,,,,,,,,
__export__.product_product_18330,Tee (Segmented) PE 630 x 63 mm,FITTING HDPE,FITTING · TEE,7331,Export ERP master_product_updated.xlsx (diunduh 2026-10-06),,,,63 mm; 630 mm,,,,,,,,,
__export__.product_product_15248,Tee (Segmented) PE 630 x 110 mm,FITTING HDPE,FITTING · TEE,7332,Export ERP master_product_updated.xlsx (diunduh 2026-10-06),,,,110 mm; 630 mm,,,,,,,,,
__export__.product_product_18555,"Tee (Segmented) PE PN-12,5 630 x 110 mm",FITTING HDPE,FITTING · TEE,7333,Export ERP master_product_updated.xlsx (diunduh 2026-10-06),,,,110 mm; 630 mm,,,,,,PN 12.5,,,
__export__.product_product_15249,Tee (Segmented) PE 630 x 200 mm,FITTING HDPE,FITTING · TEE,7334,Export ERP master_product_updated.xlsx (diunduh 2026-10-06),,,,200 mm; 630 mm,,,,,,,,,
__export__.product_product_15315,Tee (Segmented) PE 630 x 250 mm,FITTING HDPE,FITTING · TEE,7335,Export ERP master_product_updated.xlsx (diunduh 2026-10-06),,,,250 mm; 630 mm,,,,,,,,,
__export__.product_product_17317,Tee (Segmented) PE 630 x 315 mm,FITTING HDPE,FITTING · TEE,7336,Export ERP master_product_updated.xlsx (diunduh 2026-10-06),,,,315 mm; 630 mm,,,,,,,,,
__export__.product_product_18152,Tee (Segmented) PE 630 x 315 mm (PN- 16),FITTING HDPE,FITTING · TEE,7337,Export ERP master_product_updated.xlsx (diunduh 2026-10-06),,,,315 mm; 630 mm,,,,,,PN 16,,,
__export__.product_product_13386,Tee (Segmented) PE 630 x 400 mm,FITTING HDPE,FITTING · TEE,7338,Export ERP master_product_updated.xlsx (diunduh 2026-10-06),,,,400 mm; 630 mm,,,,,,,,,
__export__.product_product_18153,Tee (Segmented) PE 630 x 400 mm (PN- 16),FITTING HDPE,FITTING · TEE,7339,Export ERP master_product_updated.xlsx (diunduh 2026-10-06),,,,400 mm; 630 mm,,,,,,PN 16,,,
__export__.product_product_13385,Tee (Segmented) PE 630 x 500 mm,FITTING HDPE,FITTING · TEE,7340,Export ERP master_product_updated.xlsx (diunduh 2026-10-06),,,,500 mm; 630 mm,,,,,,,,,
product.0_S_09_506_630630_00,Tee (Segmented) PE 630 x 630 mm,FITTING HDPE,FITTING · TEE,7341,Export ERP master_product_updated.xlsx (diunduh 2026-10-06),,,,630 mm,,,,,,,,,
__export__.product_product_18151,Tee (Segmented) PE 630 x 630 mm (PN- 16),FITTING HDPE,FITTING · TEE,7342,Export ERP master_product_updated.xlsx (diunduh 2026-10-06),,,,630 mm,,,,,,PN 16,,,
__export__.product_product_18418,Tee (Segmented) PE 630 x 630 mm (PN- 12.5),FITTING HDPE,FITTING · TEE,7343,Export ERP master_product_updated.xlsx (diunduh 2026-10-06),,,,630 mm,,,,,,PN 12.5,,,
__export__.product_product_18097,Tee (Segmented) PE 710 x 250 mm,FITTING HDPE,FITTING · TEE,7344,Export ERP master_product_updated.xlsx (diunduh 2026-10-06),,,,250 mm; 710 mm,,,,,,,,,
__export__.product_product_14778,Tee (Segmented) PE 710 x 355 mm,FITTING HDPE,FITTING · TEE,7345,Export ERP master_product_updated.xlsx (diunduh 2026-10-06),,,,355 mm; 710 mm,,,,,,,,,
__export__.product_product_15399,Tee (Segmented) PE 710 x 710 mm,FITTING HDPE,FITTING · TEE,7346,Export ERP master_product_updated.xlsx (diunduh 2026-10-06),,,,710 mm,,,,,,,,,
__export__.product_product_18080,Tee (Segmented) PE 800 x 315 mm,FITTING HDPE,FITTING · TEE,7347,Export ERP master_product_updated.xlsx (diunduh 2026-10-06),,,,315 mm; 800 mm,,,,,,,,,
__export__.product_product_18081,Tee (Segmented) PE 800 x 500 mm,FITTING HDPE,FITTING · TEE,7348,Export ERP master_product_updated.xlsx (diunduh 2026-10-06),,,,500 mm; 800 mm,,,,,,,,,
__export__.product_product_17826,Tee (Segmented) PE 800 x 800 mm,FITTING HDPE,FITTING · TEE,7349,Export ERP master_product_updated.xlsx (diunduh 2026-10-06),,,,800 mm,,,,,,,,,
product.0_S_09_507_063063_00,Tee All Flange (Segmented) PE 63 x 63 mm,FITTING HDPE,FITTING · TEE ALL FLANGE,7350,Export ERP master_product_updated.xlsx (diunduh 2026-10-06),,,,63 mm,,,,,,,,,
product.0_S_09_507_090063_00,Tee All Flange (Segmented) PE 90 x 63 mm,FITTING HDPE,FITTING · TEE ALL FLANGE,7351,Export ERP master_product_updated.xlsx (diunduh 2026-10-06),,,,63 mm; 90 mm,,,,,,,,,
product.0_S_09_507_090090_00,Tee All Flange (Segmented) PE 90 x 90 mm,FITTING HDPE,FITTING · TEE ALL FLANGE,7352,Export ERP master_product_updated.xlsx (diunduh 2026-10-06),,,,90 mm,,,,,,,,,
__export__.product_product_12484_1,Tee All Flange (Segmented) PE 110 x 63 mm,FITTING HDPE,FITTING · TEE ALL FLANGE,7353,Export ERP master_product_updated.xlsx (diunduh 2026-10-06),,,,63 mm; 110 mm,,,,,,,,,
__export__.product_product_12483_1,Tee All Flange (Segmented) PE 110 x 90 mm,FITTING HDPE,FITTING · TEE ALL FLANGE,7354,Export ERP master_product_updated.xlsx (diunduh 2026-10-06),,,,90 mm; 110 mm,,,,,,,,,
product.0_S_09_507_110110_00,Tee All Flange (Segmented) PE 110 x 110 mm,FITTING HDPE,FITTING · TEE ALL FLANGE,7355,Export ERP master_product_updated.xlsx (diunduh 2026-10-06),,,,110 mm,,,,,,,,,
__export__.product_product_12977,Tee All Flange (Segmented) PE 160 x 90 mm,FITTING HDPE,FITTING · TEE ALL FLANGE,7356,Export ERP master_product_updated.xlsx (diunduh 2026-10-06),,,,90 mm; 160 mm,,,,,,,,,
__export__.product_product_12482_1,Tee All Flange (Segmented) PE 160 x 110 mm,FITTING HDPE,FITTING · TEE ALL FLANGE,7357,Export ERP master_product_updated.xlsx (diunduh 2026-10-06),,,,110 mm; 160 mm,,,,,,,,,
__export__.product_product_19627,Tee All Flange (Segmented) PE 160 x 110 mm PN- 16,FITTING HDPE,FITTING · TEE ALL FLANGE,7358,Export ERP master_product_updated.xlsx (diunduh 2026-10-06),,,,110 mm; 160 mm,,,,,,PN 16,,,
product.0_S_09_507_160160_00,Tee All Flange (Segmented) PE 160 x 160 mm,FITTING HDPE,FITTING · TEE ALL FLANGE,7359,Export ERP master_product_updated.xlsx (diunduh 2026-10-06),,,,160 mm,,,,,,,,,
__export__.product_product_19626,Tee All Flange (Segmented) PE 160 x 160 mm PN- 16,FITTING HDPE,FITTING · TEE ALL FLANGE,7360,Export ERP master_product_updated.xlsx (diunduh 2026-10-06),,,,160 mm,,,,,,PN 16,,,
__export__.product_product_15751,Tee All Flange (Segmented) PE 200 x 75 mm,FITTING HDPE,FITTING · TEE ALL FLANGE,7361,Export ERP master_product_updated.xlsx (diunduh 2026-10-06),,,,75 mm; 200 mm,,,,,,,,,
product.0_S_09_507_200090_00,Tee All Flange (Segmented) PE 200 x 90 mm,FITTING HDPE,FITTING · TEE ALL FLANGE,7362,Export ERP master_product_updated.xlsx (diunduh 2026-10-06),,,,90 mm; 200 mm,,,,,,,,,
product.0_S_09_507_200110_00,Tee All Flange (Segmented) PE 200 x 110 mm,FITTING HDPE,FITTING · TEE ALL FLANGE,7363,Export ERP master_product_updated.xlsx (diunduh 2026-10-06),,,,110 mm; 200 mm,,,,,,,,,
__export__.product_product_12030,Tee All Flange (Segmented) PE 200 x 160 mm,FITTING HDPE,FITTING · TEE ALL FLANGE,7364,Export ERP master_product_updated.xlsx (diunduh 2026-10-06),,,,160 mm; 200 mm,,,,,,,,,
__export__.product_product_15255,Tee All Flange (Segmented) PE 200 x 200 mm,FITTING HDPE,FITTING · TEE ALL FLANGE,7365,Export ERP master_product_updated.xlsx (diunduh 2026-10-06),,,,200 mm,,,,,,,,,
__export__.product_product_14509,Tee All Flange (Segmented) PE 250 x 200 mm,FITTING HDPE,FITTING · TEE ALL FLANGE,7366,Export ERP master_product_updated.xlsx (diunduh 2026-10-06),,,,200 mm; 250 mm,,,,,,,,,
__export__.product_product_15256,Tee All Flange (Segmented) PE 250 x 250 mm,FITTING HDPE,FITTING · TEE ALL FLANGE,7367,Export ERP master_product_updated.xlsx (diunduh 2026-10-06),,,,250 mm,,,,,,,,,
product.0_S_09_507_315315_00,Tee All Flange (Segmented) PE 315 x 315 mm,FITTING HDPE,FITTING · TEE ALL FLANGE,7368,Export ERP master_product_updated.xlsx (diunduh 2026-10-06),,,,315 mm,,,,,,,,,
__export__.product_product_17794,Tee All Flange (Segmented) PE 450 x 90 mm,FITTING HDPE,FITTING · TEE ALL FLANGE,7369,Export ERP master_product_updated.xlsx (diunduh 2026-10-06),,,,90 mm; 450 mm,,,,,,,,,
product.0_S_09_507_450110_00,Tee All Flange (Segmented) PE 450 x 110 mm,FITTING HDPE,FITTING · TEE ALL FLANGE,7370,Export ERP master_product_updated.xlsx (diunduh 2026-10-06),,,,110 mm; 450 mm,,,,,,,,,
__export__.product_product_17795,Tee All Flange (Segmented) PE 450 x 160 mm,FITTING HDPE,FITTING · TEE ALL FLANGE,7371,Export ERP master_product_updated.xlsx (diunduh 2026-10-06),,,,160 mm; 450 mm,,,,,,,,,
__export__.product_product_17797,Tee All Flange (Segmented) PE 450 x 400 mm,FITTING HDPE,FITTING · TEE ALL FLANGE,7372,Export ERP master_product_updated.xlsx (diunduh 2026-10-06),,,,400 mm; 450 mm,,,,,,,,,
__export__.product_product_17796,Tee All Flange (Segmented) PE 500 x 90 mm,FITTING HDPE,FITTING · TEE ALL FLANGE,7373,Export ERP master_product_updated.xlsx (diunduh 2026-10-06),,,,90 mm; 500 mm,,,,,,,,,
product.0_S_09_507_500160_00,Tee All Flange (Segmented) PE 500 x 160 mm,FITTING HDPE,FITTING · TEE ALL FLANGE,7374,Export ERP master_product_updated.xlsx (diunduh 2026-10-06),,,,160 mm; 500 mm,,,,,,,,,
__export__.product_product_17798,Tee All Flange (Segmented) PE 560 x 110 mm,FITTING HDPE,FITTING · TEE ALL FLANGE,7375,Export ERP master_product_updated.xlsx (diunduh 2026-10-06),,,,110 mm; 560 mm,,,,,,,,,
__export__.product_product_17799,Tee All Flange (Segmented) PE 560 x 160 mm,FITTING HDPE,FITTING · TEE ALL FLANGE,7376,Export ERP master_product_updated.xlsx (diunduh 2026-10-06),,,,160 mm; 560 mm,,,,,,,,,
__export__.product_product_17800,Tee All Flange (Segmented) PE 560 x 200 mm,FITTING HDPE,FITTING · TEE ALL FLANGE,7377,Export ERP master_product_updated.xlsx (diunduh 2026-10-06),,,,200 mm; 560 mm,,,,,,,,,
__export__.product_product_15250,Tee All Flange (Segmented) PE 630 x 110 mm,FITTING HDPE,FITTING · TEE ALL FLANGE,7378,Export ERP master_product_updated.xlsx (diunduh 2026-10-06),,,,110 mm; 630 mm,,,,,,,,,
__export__.product_product_17801,Tee All Flange (Segmented) PE 630 x 160 mm,FITTING HDPE,FITTING · TEE ALL FLANGE,7379,Export ERP master_product_updated.xlsx (diunduh 2026-10-06),,,,160 mm; 630 mm,,,,,,,,,
__export__.product_product_17802,Tee All Flange (Segmented) PE 630 x 200 mm,FITTING HDPE,FITTING · TEE ALL FLANGE,7380,Export ERP master_product_updated.xlsx (diunduh 2026-10-06),,,,200 mm; 630 mm,,,,,,,,,
product.0_S_09_508_063050_00,Reducer (Segmented) PE 63 x 50 mm,FITTING HDPE,FITTING · REDUCER,7381,Export ERP master_product_updated.xlsx (diunduh 2026-10-06),,,,50 mm; 63 mm,,,,,,,,,
product.0_S_09_508_075050_00,Reducer (Segmented) PE 75 x 50 mm,FITTING HDPE,FITTING · REDUCER,7382,Export ERP master_product_updated.xlsx (diunduh 2026-10-06),,,,50 mm; 75 mm,,,,,,,,,
product.0_S_09_508_075063_00,Reducer (Segmented) PE 75 x 63 mm,FITTING HDPE,FITTING · REDUCER,7383,Export ERP master_product_updated.xlsx (diunduh 2026-10-06),,,,63 mm; 75 mm,,,,,,,,,
product.0_S_09_508_090050_00,Reducer (Segmented) PE 90 x 50 mm,FITTING HDPE,FITTING · REDUCER,7384,Export ERP master_product_updated.xlsx (diunduh 2026-10-06),,,,50 mm; 90 mm,,,,,,,,,
product.0_S_09_508_090063_00,Reducer (Segmented) PE 90 x 63 mm,FITTING HDPE,FITTING · REDUCER,7385,Export ERP master_product_updated.xlsx (diunduh 2026-10-06),,,,63 mm; 90 mm,,,,,,,,,
product.0_S_09_508_090075_00,Reducer (Segmented) PE 90 x 75 mm,FITTING HDPE,FITTING · REDUCER,7386,Export ERP master_product_updated.xlsx (diunduh 2026-10-06),,,,75 mm; 90 mm,,,,,,,,,
product.0_S_09_508_110040_00,Reducer (Segmented) PE 110 x 40 mm,FITTING HDPE,FITTING · REDUCER,7387,Export ERP master_product_updated.xlsx (diunduh 2026-10-06),,,,40 mm; 110 mm,,,,,,,,,
product.0_S_09_508_110063_00,Reducer (Segmented) PE 110 x 63 mm,FITTING HDPE,FITTING · REDUCER,7388,Export ERP master_product_updated.xlsx (diunduh 2026-10-06),,,,63 mm; 110 mm,,,,,,,,,
product.0_S_09_508_110075_00,Reducer (Segmented) PE 110 x 75 mm,FITTING HDPE,FITTING · REDUCER,7389,Export ERP master_product_updated.xlsx (diunduh 2026-10-06),,,,75 mm; 110 mm,,,,,,,,,
product.0_S_09_508_110090_00,Reducer (Segmented) PE 110 x 90 mm,FITTING HDPE,FITTING · REDUCER,7390,Export ERP master_product_updated.xlsx (diunduh 2026-10-06),,,,90 mm; 110 mm,,,,,,,,,
__export__.product_product_15363,Reducer (Segmented) PE 140 x 63 mm,FITTING HDPE,FITTING · REDUCER,7391,Export ERP master_product_updated.xlsx (diunduh 2026-10-06),,,,63 mm; 140 mm,,,,,,,,,
product.0_S_09_508_140090_00,Reducer (Segmented) PE 140 x 90 mm,FITTING HDPE,FITTING · REDUCER,7392,Export ERP master_product_updated.xlsx (diunduh 2026-10-06),,,,90 mm; 140 mm,,,,,,,,,
product.0_S_09_508_140110_00,Reducer (Segmented) PE 140 x 110 mm,FITTING HDPE,FITTING · REDUCER,7393,Export ERP master_product_updated.xlsx (diunduh 2026-10-06),,,,110 mm; 140 mm,,,,,,,,,
product.0_S_09_508_140125_00,Reducer (Segmented) PE 140 x 125 mm,FITTING HDPE,FITTING · REDUCER,7394,Export ERP master_product_updated.xlsx (diunduh 2026-10-06),,,,125 mm; 140 mm,,,,,,,,,
product.0_S_09_508_160063_00,Reducer (Segmented) PE 160 x 63 mm,FITTING HDPE,FITTING · REDUCER,7395,Export ERP master_product_updated.xlsx (diunduh 2026-10-06),,,,63 mm; 160 mm,,,,,,,,,
__export__.product_product_13399,Reducer (Segmented) PE 160 x 75 mm,FITTING HDPE,FITTING · REDUCER,7396,Export ERP master_product_updated.xlsx (diunduh 2026-10-06),,,,75 mm; 160 mm,,,,,,,,,
product.0_S_09_508_160090_00,Reducer (Segmented) PE 160 x 90 mm,FITTING HDPE,FITTING · REDUCER,7397,Export ERP master_product_updated.xlsx (diunduh 2026-10-06),,,,90 mm; 160 mm,,,,,,,,,
product.0_S_09_508_160110_00,Reducer (Segmented) PE 160 x 110 mm,FITTING HDPE,FITTING · REDUCER,7398,Export ERP master_product_updated.xlsx (diunduh 2026-10-06),,,,110 mm; 160 mm,,,,,,,,,
product.0_S_09_508_160140_00,Reducer (Segmented) PE 160 x 140 mm,FITTING HDPE,FITTING · REDUCER,7399,Export ERP master_product_updated.xlsx (diunduh 2026-10-06),,,,140 mm; 160 mm,,,,,,,,,
__export__.product_product_14580,Reducer (Segmented) PE 200 x 90 mm,FITTING HDPE,FITTING · REDUCER,7400,Export ERP master_product_updated.xlsx (diunduh 2026-10-06),,,,90 mm; 200 mm,,,,,,,,,
product.0_S_09_508_200110_00,Reducer (Segmented) PE 200 x 110 mm,FITTING HDPE,FITTING · REDUCER,7401,Export ERP master_product_updated.xlsx (diunduh 2026-10-06),,,,110 mm; 200 mm,,,,,,,,,
product.0_S_09_508_200160_00,Reducer (Segmented) PE 200 x 160 mm,FITTING HDPE,FITTING · REDUCER,7402,Export ERP master_product_updated.xlsx (diunduh 2026-10-06),,,,160 mm; 200 mm,,,,,,,,,
__export__.product_product_13537,Reducer (Segmented) PE 225 x 160 mm,FITTING HDPE,FITTING · REDUCER,7403,Export ERP master_product_updated.xlsx (diunduh 2026-10-06),,,,160 mm; 225 mm,,,,,,,,,
__export__.product_product_14422,Reducer (Segmented) PE 250 x 90 mm,FITTING HDPE,FITTING · REDUCER,7404,Export ERP master_product_updated.xlsx (diunduh 2026-10-06),,,,90 mm; 250 mm,,,,,,,,,
__export__.product_product_13423,Reducer (Segmented) PE 250 x 110 mm,FITTING HDPE,FITTING · REDUCER,7405,Export ERP master_product_updated.xlsx (diunduh 2026-10-06),,,,110 mm; 250 mm,,,,,,,,,
__export__.product_product_10437,Reducer (Segmented) PE 250 x 160 mm,FITTING HDPE,FITTING · REDUCER,7406,Export ERP master_product_updated.xlsx (diunduh 2026-10-06),,,,160 mm; 250 mm,,,,,,,,,
product.0_S_09_508_250200_00,Reducer (Segmented) PE 250 x 200 mm,FITTING HDPE,FITTING · REDUCER,7407,Export ERP master_product_updated.xlsx (diunduh 2026-10-06),,,,200 mm; 250 mm,,,,,,,,,
__export__.product_product_13646,Reducer (Segmented) PE 315 x 160 mm,FITTING HDPE,FITTING · REDUCER,7408,Export ERP master_product_updated.xlsx (diunduh 2026-10-06),,,,160 mm; 315 mm,,,,,,,,,
product.0_S_09_508_315200_00,Reducer (Segmented) PE 315 x 200 mm,FITTING HDPE,FITTING · REDUCER,7409,Export ERP master_product_updated.xlsx (diunduh 2026-10-06),,,,200 mm; 315 mm,,,,,,,,,
product.0_S_09_508_315250_00,Reducer (Segmented) PE 315 x 250 mm,FITTING HDPE,FITTING · REDUCER,7410,Export ERP master_product_updated.xlsx (diunduh 2026-10-06),,,,250 mm; 315 mm,,,,,,,,,
product.0_S_09_508_355160_00,Reducer (Segmented) PE 355 x 160 mm,FITTING HDPE,FITTING · REDUCER,7411,Export ERP master_product_updated.xlsx (diunduh 2026-10-06),,,,160 mm; 355 mm,,,,,,,,,
__export__.product_product_14718,Reducer (Segmented) PE 355 x 200 mm,FITTING HDPE,FITTING · REDUCER,7412,Export ERP master_product_updated.xlsx (diunduh 2026-10-06),,,,200 mm; 355 mm,,,,,,,,,
product.0_S_09_508_355250_00,Reducer (Segmented) PE 355 x 250 mm,FITTING HDPE,FITTING · REDUCER,7413,Export ERP master_product_updated.xlsx (diunduh 2026-10-06),,,,250 mm; 355 mm,,,,,,,,,
product.0_S_09_508_355315_00,Reducer (Segmented) PE 355 x 315 mm,FITTING HDPE,FITTING · REDUCER,7414,Export ERP master_product_updated.xlsx (diunduh 2026-10-06),,,,315 mm; 355 mm,,,,,,,,,
__export__.product_product_11359,Reducer (Segmented) PE 400 x 160 mm,FITTING HDPE,FITTING · REDUCER,7415,Export ERP master_product_updated.xlsx (diunduh 2026-10-06),,,,160 mm; 400 mm,,,,,,,,,
product.0_S_09_508_400315_00,Reducer (Segmented) PE 400 x 315 mm,FITTING HDPE,FITTING · REDUCER,7416,Export ERP master_product_updated.xlsx (diunduh 2026-10-06),,,,315 mm; 400 mm,,,,,,,,,
product.0_S_09_508_400355_00,Reducer (Segmented) PE 400 x 355 mm,FITTING HDPE,FITTING · REDUCER,7417,Export ERP master_product_updated.xlsx (diunduh 2026-10-06),,,,355 mm; 400 mm,,,,,,,,,
__export__.product_product_14715,Reducer (Segmented) PE 450 x 355 mm,FITTING HDPE,FITTING · REDUCER,7418,Export ERP master_product_updated.xlsx (diunduh 2026-10-06),,,,355 mm; 450 mm,,,,,,,,,
__export__.product_product_14490,Reducer (Segmented) PE 450 x 400 mm,FITTING HDPE,FITTING · REDUCER,7419,Export ERP master_product_updated.xlsx (diunduh 2026-10-06),,,,400 mm; 450 mm,,,,,,,,,
__export__.product_product_13405,Reducer (Segmented) PE 500 x 200 mm,FITTING HDPE,FITTING · REDUCER,7420,Export ERP master_product_updated.xlsx (diunduh 2026-10-06),,,,200 mm; 500 mm,,,,,,,,,
__export__.product_product_13404,Reducer (Segmented) PE 500 x 315 mm,FITTING HDPE,FITTING · REDUCER,7421,Export ERP master_product_updated.xlsx (diunduh 2026-10-06),,,,315 mm; 500 mm,,,,,,,,,
product.0_S_09_508_500355_00,Reducer (Segmented) PE 500 x 355 mm,FITTING HDPE,FITTING · REDUCER,7422,Export ERP master_product_updated.xlsx (diunduh 2026-10-06),,,,355 mm; 500 mm,,,,,,,,,
__export__.product_product_13539,Reducer (Segmented) PE 500 x 400 mm,FITTING HDPE,FITTING · REDUCER,7423,Export ERP master_product_updated.xlsx (diunduh 2026-10-06),,,,400 mm; 500 mm,,,,,,,,,
__export__.product_product_14489,Reducer (Segmented) PE 500 x 450 mm,FITTING HDPE,FITTING · REDUCER,7424,Export ERP master_product_updated.xlsx (diunduh 2026-10-06),,,,450 mm; 500 mm,,,,,,,,,
__export__.product_product_13775,Reducer (Segmented) PE 560 x 355 mm,FITTING HDPE,FITTING · REDUCER,7425,Export ERP master_product_updated.xlsx (diunduh 2026-10-06),,,,355 mm; 560 mm,,,,,,,,,
product.0_S_09_508_630355_00,Reducer (Segmented) PE 630 x 355 mm,FITTING HDPE,FITTING · REDUCER,7426,Export ERP master_product_updated.xlsx (diunduh 2026-10-06),,,,355 mm; 630 mm,,,,,,,,,
__export__.product_product_15314,Reducer (Segmented) PE 630 x 500 mm,FITTING HDPE,FITTING · REDUCER,7427,Export ERP master_product_updated.xlsx (diunduh 2026-10-06),,,,500 mm; 630 mm,,,,,,,,,
__export__.product_product_12481,Reducer Flange (Segmented) PE 90 x 50 mm,FITTING HDPE,FITTING · REDUCER FLANGE,7430,Export ERP master_product_updated.xlsx (diunduh 2026-10-06),,,,50 mm; 90 mm,,,,,,,,,
__export__.product_product_12480,Reducer Flange (Segmented) PE 90 x 63 mm,FITTING HDPE,FITTING · REDUCER FLANGE,7431,Export ERP master_product_updated.xlsx (diunduh 2026-10-06),,,,63 mm; 90 mm,,,,,,,,,
__export__.product_product_12479,Reducer Flange (Segmented) PE 110 x 63 mm,FITTING HDPE,FITTING · REDUCER FLANGE,7432,Export ERP master_product_updated.xlsx (diunduh 2026-10-06),,,,63 mm; 110 mm,,,,,,,,,
__export__.product_product_12478,Reducer Flange (Segmented) PE 110 x 90 mm,FITTING HDPE,FITTING · REDUCER FLANGE,7433,Export ERP master_product_updated.xlsx (diunduh 2026-10-06),,,,90 mm; 110 mm,,,,,,,,,
__export__.product_product_12477,Reducer Flange (Segmented) PE 160 x 110 mm,FITTING HDPE,FITTING · REDUCER FLANGE,7434,Export ERP master_product_updated.xlsx (diunduh 2026-10-06),,,,110 mm; 160 mm,,,,,,,,,
__export__.product_product_14661,Reducer Flange (Segmented) PE 500 x 250 mm,FITTING HDPE,FITTING · REDUCER FLANGE,7435,Export ERP master_product_updated.xlsx (diunduh 2026-10-06),,,,250 mm; 500 mm,,,,,,,,,
product.0_S_09_510_063000_00,Bend (Segmented) - 90º PE 63 mm,FITTING HDPE,FITTING · BEND - 90º,7436,Export ERP master_product_updated.xlsx (diunduh 2026-10-06),,,,63 mm,,,,,,,,,
__export__.product_product_18548,Bend (Segmented) 12.5 - 90º PE 63 mm,FITTING HDPE,FITTING · BEND 12.5 - 90º,7437,Export ERP master_product_updated.xlsx (diunduh 2026-10-06),,,,63 mm,,,,,,,,,
__export__.product_product_18606,Bend (Segmented) PN- 16 - 90º PE 63 mm,FITTING HDPE,FITTING · BEND - 90º,7438,Export ERP master_product_updated.xlsx (diunduh 2026-10-06),,,,63 mm,,,,,,PN 16,,,
product.0_S_09_510_075000_00,Bend (Segmented) - 90º PE 75 mm,FITTING HDPE,FITTING · BEND - 90º,7439,Export ERP master_product_updated.xlsx (diunduh 2026-10-06),,,,75 mm,,,,,,,,,
product.0_S_09_510_090000_00,Bend (Segmented) - 90º PE 90 mm,FITTING HDPE,FITTING · BEND - 90º,7440,Export ERP master_product_updated.xlsx (diunduh 2026-10-06),,,,90 mm,,,,,,,,,
__export__.product_product_17185,Bend (Segmented) PN 16 - 90º PE 90 mm,FITTING HDPE,FITTING · BEND - 90º,7441,Export ERP master_product_updated.xlsx (diunduh 2026-10-06),,,,90 mm,,,,,,PN 16,,,
__export__.product_product_18494,Bend (Segmented) PN 20 - 90º PE 90 mm,FITTING HDPE,FITTING · BEND - 90º,7442,Export ERP master_product_updated.xlsx (diunduh 2026-10-06),,,,90 mm,,,,,,PN 20,,,
product.0_S_09_510_110000_00,Bend (Segmented) - 90º PE 110 mm,FITTING HDPE,FITTING · BEND - 90º,7443,Export ERP master_product_updated.xlsx (diunduh 2026-10-06),,,,110 mm,,,,,,,,,
__export__.product_product_16796,Bend (Segmented) PN 16 - 90º PE 110 mm,FITTING HDPE,FITTING · BEND - 90º,7444,Export ERP master_product_updated.xlsx (diunduh 2026-10-06),,,,110 mm,,,,,,PN 16,,,
__export__.product_product_18495,Bend (Segmented) PN 20 - 90º PE 110 mm,FITTING HDPE,FITTING · BEND - 90º,7445,Export ERP master_product_updated.xlsx (diunduh 2026-10-06),,,,110 mm,,,,,,PN 20,,,
__export__.product_product_19278,Bend (Segmented) PN 12.5 - 90º PE 110 mm,FITTING HDPE,FITTING · BEND - 90º,7446,Export ERP master_product_updated.xlsx (diunduh 2026-10-06),,,,110 mm,,,,,,PN 12.5,,,
__export__.product_product_18278,Bend (Segmented) - 90º PE 125 mm,FITTING HDPE,FITTING · BEND - 90º,7447,Export ERP master_product_updated.xlsx (diunduh 2026-10-06),,,,125 mm,,,,,,,,,
__export__.product_product_15302,Bend (Segmented) - 90º PE 140 mm,FITTING HDPE,FITTING · BEND - 90º,7448,Export ERP master_product_updated.xlsx (diunduh 2026-10-06),,,,140 mm,,,,,,,,,
product.0_S_09_510_160000_00,Bend (Segmented) - 90º PE 160 mm,FITTING HDPE,FITTING · BEND - 90º,7449,Export ERP master_product_updated.xlsx (diunduh 2026-10-06),,,,160 mm,,,,,,,,,
__export__.product_product_16795,Bend (Segmented) PN 16 - 90º PE 160 mm,FITTING HDPE,FITTING · BEND - 90º,7450,Export ERP master_product_updated.xlsx (diunduh 2026-10-06),,,,160 mm,,,,,,PN 16,,,
__export__.product_product_19074,Bend (Segmented) PN 20 - 90º PE 160 mm,FITTING HDPE,FITTING · BEND - 90º,7451,Export ERP master_product_updated.xlsx (diunduh 2026-10-06),,,,160 mm,,,,,,PN 20,,,
__export__.product_product_19374,Bend (Segmented) PN 8 - 90º PE 160 mm,FITTING HDPE,FITTING · BEND - 90º,7452,Export ERP master_product_updated.xlsx (diunduh 2026-10-06),,,,160 mm,,,,,,PN 8,,,
product.0_S_09_510_200000_00,Bend (Segmented) - 90º PE 200 mm,FITTING HDPE,FITTING · BEND - 90º,7453,Export ERP master_product_updated.xlsx (diunduh 2026-10-06),,,,200 mm,,,,,,,,,
__export__.product_product_17584,Bend (Segmented) PN 16 - 90º PE 200 mm,FITTING HDPE,FITTING · BEND - 90º,7454,Export ERP master_product_updated.xlsx (diunduh 2026-10-06),,,,200 mm,,,,,,PN 16,,,
__export__.product_product_18496,Bend (Segmented) PN 20 - 90º PE 200 mm,FITTING HDPE,FITTING · BEND - 90º,7455,Export ERP master_product_updated.xlsx (diunduh 2026-10-06),,,,200 mm,,,,,,PN 20,,,
__export__.product_product_19277,Bend (Segmented) PN 12.5 - 90º PE 200 mm,FITTING HDPE,FITTING · BEND - 90º,7456,Export ERP master_product_updated.xlsx (diunduh 2026-10-06),,,,200 mm,,,,,,PN 12.5,,,
__export__.product_product_19658,Bend (Segmented) PN 6 - 90º PE 200 mm,FITTING HDPE,FITTING · BEND - 90º,7457,Export ERP master_product_updated.xlsx (diunduh 2026-10-06),,,,200 mm,,,,,,PN 6,,,
__export__.product_product_13535,Bend (Segmented) - 90º PE 225 mm,FITTING HDPE,FITTING · BEND - 90º,7458,Export ERP master_product_updated.xlsx (diunduh 2026-10-06),,,,225 mm,,,,,,,,,
product.0_S_09_510_250000_00,Bend (Segmented) - 90º PE 250 mm,FITTING HDPE,FITTING · BEND - 90º,7459,Export ERP master_product_updated.xlsx (diunduh 2026-10-06),,,,250 mm,,,,,,,,,
__export__.product_product_17005,Bend (Segmented) PN 16 - 90º PE 250 mm,FITTING HDPE,FITTING · BEND - 90º,7460,Export ERP master_product_updated.xlsx (diunduh 2026-10-06),,,,250 mm,,,,,,PN 16,,,
__export__.product_product_18626,Bend (Segmented) PN 20 - 90º PE 250 mm,FITTING HDPE,FITTING · BEND - 90º,7461,Export ERP master_product_updated.xlsx (diunduh 2026-10-06),,,,250 mm,,,,,,PN 20,,,
product.0_S_09_510_315000_00,Bend (Segmented) - 90º PE 315 mm,FITTING HDPE,FITTING · BEND - 90º,7462,Export ERP master_product_updated.xlsx (diunduh 2026-10-06),,,,315 mm,,,,,,,,,
__export__.product_product_18394,Bend (Segmented) PN 16 - 90º PE 315 mm,FITTING HDPE,FITTING · BEND - 90º,7463,Export ERP master_product_updated.xlsx (diunduh 2026-10-06),,,,315 mm,,,,,,PN 16,,,
__export__.product_product_18414,Bend (Segmented) PN 12.5 - 90º PE 315 mm,FITTING HDPE,FITTING · BEND - 90º,7464,Export ERP master_product_updated.xlsx (diunduh 2026-10-06),,,,315 mm,,,,,,PN 12.5,,,
product.0_S_09_510_355000_00,Bend (Segmented) - 90º PE 355 mm,FITTING HDPE,FITTING · BEND - 90º,7465,Export ERP master_product_updated.xlsx (diunduh 2026-10-06),,,,355 mm,,,,,,,,,
product.0_S_09_510_400000_00,Bend (Segmented) - 90º PE 400 mm,FITTING HDPE,FITTING · BEND - 90º,7466,Export ERP master_product_updated.xlsx (diunduh 2026-10-06),,,,400 mm,,,,,,,,,
__export__.product_product_18155,Bend (Segmented) PN 16 - 90º PE 400 mm,FITTING HDPE,FITTING · BEND - 90º,7467,Export ERP master_product_updated.xlsx (diunduh 2026-10-06),,,,400 mm,,,,,,PN 16,,,
__export__.product_product_14717,Bend (Segmented) - 90º PE 450 mm,FITTING HDPE,FITTING · BEND - 90º,7468,Export ERP master_product_updated.xlsx (diunduh 2026-10-06),,,,450 mm,,,,,,,,,
__export__.product_product_18654,Bend (Segmented) - 90º PE 500 mm,FITTING HDPE,FITTING · BEND - 90º,7469,Export ERP master_product_updated.xlsx (diunduh 2026-10-06),,,,500 mm,,,,,,,,,
product.0_S_09_510_500000_00,Bend (Segmented) PN 16 - 90º PE 500 mm,FITTING HDPE,FITTING · BEND - 90º,7470,Export ERP master_product_updated.xlsx (diunduh 2026-10-06),,,,500 mm,,,,,,PN 16,,,
__export__.product_product_19659,Bend (Segmented) PN 6 - 90º PE 500 mm,FITTING HDPE,FITTING · BEND - 90º,7471,Export ERP master_product_updated.xlsx (diunduh 2026-10-06),,,,500 mm,,,,,,PN 6,,,
product.0_S_09_510_560000_00,Bend (Segmented) - 90º PE 560 mm,FITTING HDPE,FITTING · BEND - 90º,7472,Export ERP master_product_updated.xlsx (diunduh 2026-10-06),,,,560 mm,,,,,,,,,
product.0_S_09_510_630000_00,Bend (Segmented) - 90º PE 630 mm,FITTING HDPE,FITTING · BEND - 90º,7473,Export ERP master_product_updated.xlsx (diunduh 2026-10-06),,,,630 mm,,,,,,,,,
__export__.product_product_18150,Bend (Segmented) PN 16 - 90º PE 630 mm,FITTING HDPE,FITTING · BEND - 90º,7474,Export ERP master_product_updated.xlsx (diunduh 2026-10-06),,,,630 mm,,,,,,PN 16,,,
__export__.product_product_18348,"Bend (Segmented) PN 12,5 - 90º PE 630 mm",FITTING HDPE,FITTING · BEND - 90º,7475,Export ERP master_product_updated.xlsx (diunduh 2026-10-06),,,,630 mm,,,,,,PN 12.5,,,
__export__.product_product_12504,Bend (Segmented) - 90º PE 710 mm,FITTING HDPE,FITTING · BEND - 90º,7476,Export ERP master_product_updated.xlsx (diunduh 2026-10-06),,,,710 mm,,,,,,,,,
__export__.product_product_14575,Bend (Segmented) - 90º PE 800 mm,FITTING HDPE,FITTING · BEND - 90º,7477,Export ERP master_product_updated.xlsx (diunduh 2026-10-06),,,,800 mm,,,,,,,,,
__export__.product_product_18397,Bend (Segmented) PN 16 - 90º PE 800 mm,FITTING HDPE,FITTING · BEND - 90º,7478,Export ERP master_product_updated.xlsx (diunduh 2026-10-06),,,,800 mm,,,,,,PN 16,,,
__export__.product_product_18416,Bend (Segmented) PN 12.5 - 90º PE 800 mm,FITTING HDPE,FITTING · BEND - 90º,7479,Export ERP master_product_updated.xlsx (diunduh 2026-10-06),,,,800 mm,,,,,,PN 12.5,,,
product.0_S_09_511_063000_00,Bend (Segmented) - 45º PE 63 mm,FITTING HDPE,FITTING · BEND - 45º,7480,Export ERP master_product_updated.xlsx (diunduh 2026-10-06),,,,63 mm,,,,,,,,,
__export__.product_product_18241,Bend (Segmented) PN 16 - 45º PE 63 mm,FITTING HDPE,FITTING · BEND - 45º,7481,Export ERP master_product_updated.xlsx (diunduh 2026-10-06),,,,63 mm,,,,,,PN 16,,,
product.0_S_09_511_075000_00,Bend (Segmented) - 45º PE 75 mm,FITTING HDPE,FITTING · BEND - 45º,7482,Export ERP master_product_updated.xlsx (diunduh 2026-10-06),,,,75 mm,,,,,,,,,
product.0_S_09_511_090000_00,Bend (Segmented) - 45º PE 90 mm,FITTING HDPE,FITTING · BEND - 45º,7483,Export ERP master_product_updated.xlsx (diunduh 2026-10-06),,,,90 mm,,,,,,,,,
__export__.product_product_17585,Bend (Segmented) PN 16 - 45º PE 90 mm,FITTING HDPE,FITTING · BEND - 45º,7484,Export ERP master_product_updated.xlsx (diunduh 2026-10-06),,,,90 mm,,,,,,PN 16,,,
product.0_S_09_511_110000_00,Bend (Segmented) - 45º PE 110 mm,FITTING HDPE,FITTING · BEND - 45º,7485,Export ERP master_product_updated.xlsx (diunduh 2026-10-06),,,,110 mm,,,,,,,,,
__export__.product_product_16798,Bend (Segmented) PN 16 - 45º PE 110 mm,FITTING HDPE,FITTING · BEND - 45º,7486,Export ERP master_product_updated.xlsx (diunduh 2026-10-06),,,,110 mm,,,,,,PN 16,,,
__export__.product_product_18733,Bend (Segmented) PN 12.5 - 45º PE 110 mm,FITTING HDPE,FITTING · BEND - 45º,7487,Export ERP master_product_updated.xlsx (diunduh 2026-10-06),,,,110 mm,,,,,,PN 12.5,,,
__export__.product_product_18279,Bend (Segmented) - 45º PE 125 mm,FITTING HDPE,FITTING · BEND - 45º,7488,Export ERP master_product_updated.xlsx (diunduh 2026-10-06),,,,125 mm,,,,,,,,,
product.0_S_09_511_160000_00,Bend (Segmented) - 45º PE 160 mm,FITTING HDPE,FITTING · BEND - 45º,7489,Export ERP master_product_updated.xlsx (diunduh 2026-10-06),,,,160 mm,,,,,,,,,
__export__.product_product_16799,Bend (Segmented) PN 16 - 45º PE 160 mm,FITTING HDPE,FITTING · BEND - 45º,7490,Export ERP master_product_updated.xlsx (diunduh 2026-10-06),,,,160 mm,,,,,,PN 16,,,
__export__.product_product_18734,Bend (Segmented) PN 12.5 - 45º PE 160 mm,FITTING HDPE,FITTING · BEND - 45º,7491,Export ERP master_product_updated.xlsx (diunduh 2026-10-06),,,,160 mm,,,,,,PN 12.5,,,
__export__.product_product_19075,Bend (Segmented) PN 20 - 45º PE 160 mm,FITTING HDPE,FITTING · BEND - 45º,7492,Export ERP master_product_updated.xlsx (diunduh 2026-10-06),,,,160 mm,,,,,,PN 20,,,
product.0_S_09_511_200000_00,Bend (Segmented) - 45º PE 200 mm,FITTING HDPE,FITTING · BEND - 45º,7493,Export ERP master_product_updated.xlsx (diunduh 2026-10-06),,,,200 mm,,,,,,,,,
__export__.product_product_17586,Bend (Segmented) PN 16- 45º PE 200 mm,FITTING HDPE,FITTING · BEND - 45º,7494,Export ERP master_product_updated.xlsx (diunduh 2026-10-06),,,,200 mm,,,,,,PN 16,,,
__export__.product_product_18493,Bend (Segmented) PN 20- 45º PE 200 mm,FITTING HDPE,FITTING · BEND - 45º,7495,Export ERP master_product_updated.xlsx (diunduh 2026-10-06),,,,200 mm,,,,,,PN 20,,,
__export__.product_product_18547,Bend (Segmented) PN 12.5 - 45º PE 200 mm,FITTING HDPE,FITTING · BEND - 45º,7496,Export ERP master_product_updated.xlsx (diunduh 2026-10-06),,,,200 mm,,,,,,PN 12.5,,,
__export__.product_product_13536,Bend (Segmented) - 45º PE 225 mm,FITTING HDPE,FITTING · BEND - 45º,7497,Export ERP master_product_updated.xlsx (diunduh 2026-10-06),,,,225 mm,,,,,,,,,
product.0_S_09_511_250000_00,Bend (Segmented) - 45º PE 250 mm,FITTING HDPE,FITTING · BEND - 45º,7498,Export ERP master_product_updated.xlsx (diunduh 2026-10-06),,,,250 mm,,,,,,,,,
__export__.product_product_17153,Bend (Segmented) PN 16 - 45º PE 250 mm,FITTING HDPE,FITTING · BEND - 45º,7499,Export ERP master_product_updated.xlsx (diunduh 2026-10-06),,,,250 mm,,,,,,PN 16,,,
__export__.product_product_18627,Bend (Segmented) PN 20 - 45º PE 250 mm,FITTING HDPE,FITTING · BEND - 45º,7500,Export ERP master_product_updated.xlsx (diunduh 2026-10-06),,,,250 mm,,,,,,PN 20,,,
product.0_S_09_511_315000_00,Bend (Segmented) - 45º PE 315 mm,FITTING HDPE,FITTING · BEND - 45º,7501,Export ERP master_product_updated.xlsx (diunduh 2026-10-06),,,,315 mm,,,,,,,,,
__export__.product_product_18395,Bend (Segmented) PN 16 - 45º PE 315 mm,FITTING HDPE,FITTING · BEND - 45º,7502,Export ERP master_product_updated.xlsx (diunduh 2026-10-06),,,,315 mm,,,,,,PN 16,,,
__export__.product_product_18413,Bend (Segmented) PN 12.5 - 45º PE 315 mm,FITTING HDPE,FITTING · BEND - 45º,7503,Export ERP master_product_updated.xlsx (diunduh 2026-10-06),,,,315 mm,,,,,,PN 12.5,,,
product.0_S_09_511_355000_00,Bend (Segmented) - 45º PE 355 mm,FITTING HDPE,FITTING · BEND - 45º,7504,Export ERP master_product_updated.xlsx (diunduh 2026-10-06),,,,355 mm,,,,,,,,,
__export__.product_product_18569,Bend (Segmented) PN- 12.5 - 45º PE 355 mm,FITTING HDPE,FITTING · BEND - 45º,7505,Export ERP master_product_updated.xlsx (diunduh 2026-10-06),,,,355 mm,,,,,,PN 12.5,,,
__export__.product_product_19175,Bend (Segmented) PN- 16 - 45º PE 355 mm,FITTING HDPE,FITTING · BEND - 45º,7506,Export ERP master_product_updated.xlsx (diunduh 2026-10-06),,,,355 mm,,,,,,PN 16,,,
product.0_S_09_511_400000_00,Bend (Segmented) - 45º PE 400 mm,FITTING HDPE,FITTING · BEND - 45º,7507,Export ERP master_product_updated.xlsx (diunduh 2026-10-06),,,,400 mm,,,,,,,,,
__export__.product_product_18154,Bend (Segmented) PN 16 - 45º PE 400 mm,FITTING HDPE,FITTING · BEND - 45º,7508,Export ERP master_product_updated.xlsx (diunduh 2026-10-06),,,,400 mm,,,,,,PN 16,,,
__export__.product_product_18502,Bend (Segmented) PN 12.5 - 45º PE 400 mm,FITTING HDPE,FITTING · BEND - 45º,7509,Export ERP master_product_updated.xlsx (diunduh 2026-10-06),,,,400 mm,,,,,,PN 12.5,,,
__export__.product_product_14491,Bend (Segmented) - 45º PE 450 mm,FITTING HDPE,FITTING · BEND - 45º,7510,Export ERP master_product_updated.xlsx (diunduh 2026-10-06),,,,450 mm,,,,,,,,,
product.0_S_09_511_500000_00,Bend (Segmented) - 45º PE 500 mm,FITTING HDPE,FITTING · BEND - 45º,7511,Export ERP master_product_updated.xlsx (diunduh 2026-10-06),,,,500 mm,,,,,,,,,
__export__.product_product_18513,Bend (Segmented) PN 16 - 45º PE 500 mm,FITTING HDPE,FITTING · BEND - 45º,7512,Export ERP master_product_updated.xlsx (diunduh 2026-10-06),,,,500 mm,,,,,,PN 16,,,
__export__.product_product_18542,Bend (Segmented) PN 12.5 - 45º PE 500 mm,FITTING HDPE,FITTING · BEND - 45º,7513,Export ERP master_product_updated.xlsx (diunduh 2026-10-06),,,,500 mm,,,,,,PN 12.5,,,
product.0_S_09_511_560000_00,Bend (Segmented) - 45º PE 560 mm,FITTING HDPE,FITTING · BEND - 45º,7514,Export ERP master_product_updated.xlsx (diunduh 2026-10-06),,,,560 mm,,,,,,,,,
product.0_S_09_511_630000_00,Bend (Segmented) - 45º PE 630 mm,FITTING HDPE,FITTING · BEND - 45º,7515,Export ERP master_product_updated.xlsx (diunduh 2026-10-06),,,,630 mm,,,,,,,,,
__export__.product_product_18149,Bend (Segmented) PN 16 - 45º PE 630 mm,FITTING HDPE,FITTING · BEND - 45º,7516,Export ERP master_product_updated.xlsx (diunduh 2026-10-06),,,,630 mm,,,,,,PN 16,,,
__export__.product_product_18349,"Bend (Segmented) PN 12,5 - 45º PE 630 mm",FITTING HDPE,FITTING · BEND - 45º,7517,Export ERP master_product_updated.xlsx (diunduh 2026-10-06),,,,630 mm,,,,,,PN 12.5,,,
__export__.product_product_14696,Bend (Segmented) - 45º PE 710 mm,FITTING HDPE,FITTING · BEND - 45º,7518,Export ERP master_product_updated.xlsx (diunduh 2026-10-06),,,,710 mm,,,,,,,,,
__export__.product_product_14576,Bend (Segmented) - 45º PE 800 mm,FITTING HDPE,FITTING · BEND - 45º,7519,Export ERP master_product_updated.xlsx (diunduh 2026-10-06),,,,800 mm,,,,,,,,,
__export__.product_product_18396,Bend (Segmented) PN 16 - 45º PE 800 mm,FITTING HDPE,FITTING · BEND - 45º,7520,Export ERP master_product_updated.xlsx (diunduh 2026-10-06),,,,800 mm,,,,,,PN 16,,,
__export__.product_product_18415,Bend (Segmented) PN 12.5 - 45º PE 800 mm,FITTING HDPE,FITTING · BEND - 45º,7521,Export ERP master_product_updated.xlsx (diunduh 2026-10-06),,,,800 mm,,,,,,PN 12.5,,,
product.0_S_09_512_063000_00,Bend (Segmented) - 22 1/2º PE 63 mm,FITTING HDPE,FITTING · BEND - 22 1/2º,7522,Export ERP master_product_updated.xlsx (diunduh 2026-10-06),,,,63 mm,,,,,,,,,
product.0_S_09_512_075000_00,Bend (Segmented) - 22 1/2º PE 75 mm,FITTING HDPE,FITTING · BEND - 22 1/2º,7523,Export ERP master_product_updated.xlsx (diunduh 2026-10-06),,,,75 mm,,,,,,,,,
product.0_S_09_512_090000_00,Bend (Segmented) - 22 1/2º PE 90 mm,FITTING HDPE,FITTING · BEND - 22 1/2º,7524,Export ERP master_product_updated.xlsx (diunduh 2026-10-06),,,,90 mm,,,,,,,,,
__export__.product_product_18931,Bend (Segmented) - 22 1/2º PE 90 mm PN - 16,FITTING HDPE,FITTING · BEND - 22 1/2º,7525,Export ERP master_product_updated.xlsx (diunduh 2026-10-06),,,,90 mm,,,,,,PN 16,,,
product.0_S_09_512_110000_00,Bend (Segmented) - 22 1/2º PE 110 mm,FITTING HDPE,FITTING · BEND - 22 1/2º,7526,Export ERP master_product_updated.xlsx (diunduh 2026-10-06),,,,110 mm,,,,,,,,,
product.0_S_09_512_160000_00,Bend (Segmented) - 22 1/2º PE 160 mm,FITTING HDPE,FITTING · BEND - 22 1/2º,7527,Export ERP master_product_updated.xlsx (diunduh 2026-10-06),,,,160 mm,,,,,,,,,
product.0_S_09_512_200000_00,Bend (Segmented) - 22 1/2º PE 200 mm,FITTING HDPE,FITTING · BEND - 22 1/2º,7528,Export ERP master_product_updated.xlsx (diunduh 2026-10-06),,,,200 mm,,,,,,,,,
__export__.product_product_14383,Bend (Segmented) - 22 1/2º PE 225 mm,FITTING HDPE,FITTING · BEND - 22 1/2º,7529,Export ERP master_product_updated.xlsx (diunduh 2026-10-06),,,,225 mm,,,,,,,,,
__export__.product_product_14662,Bend (Segmented) - 22 1/2º PE 250 mm,FITTING HDPE,FITTING · BEND - 22 1/2º,7530,Export ERP master_product_updated.xlsx (diunduh 2026-10-06),,,,250 mm,,,,,,,,,
product.0_S_09_512_315000_00,Bend (Segmented) - 22 1/2º PE 315 mm,FITTING HDPE,FITTING · BEND - 22 1/2º,7531,Export ERP master_product_updated.xlsx (diunduh 2026-10-06),,,,315 mm,,,,,,,,,
product.0_S_09_512_355000_00,Bend (Segmented) - 22 1/2º PE 355 mm,FITTING HDPE,FITTING · BEND - 22 1/2º,7532,Export ERP master_product_updated.xlsx (diunduh 2026-10-06),,,,355 mm,,,,,,,,,
product.0_S_09_512_400000_00,Bend (Segmented) - 22 1/2º PE 400 mm,FITTING HDPE,FITTING · BEND - 22 1/2º,7533,Export ERP master_product_updated.xlsx (diunduh 2026-10-06),,,,400 mm,,,,,,,,,
__export__.product_product_18187,Bend (Segmented) - 22 1/2º PE 450 mm,FITTING HDPE,FITTING · BEND - 22 1/2º,7534,Export ERP master_product_updated.xlsx (diunduh 2026-10-06),,,,450 mm,,,,,,,,,
product.0_S_09_512_500000_00,Bend (Segmented) - 22 1/2º PE 500 mm,FITTING HDPE,FITTING · BEND - 22 1/2º,7535,Export ERP master_product_updated.xlsx (diunduh 2026-10-06),,,,500 mm,,,,,,,,,
__export__.product_product_19228,Bend (Segmented) - 22 1/2º PE 500 mm PN- 16,FITTING HDPE,FITTING · BEND - 22 1/2º,7536,Export ERP master_product_updated.xlsx (diunduh 2026-10-06),,,,500 mm,,,,,,PN 16,,,
product.0_S_09_512_560000_00,Bend (Segmented) - 22 1/2º PE 560 mm,FITTING HDPE,FITTING · BEND - 22 1/2º,7537,Export ERP master_product_updated.xlsx (diunduh 2026-10-06),,,,560 mm,,,,,,,,,
product.0_S_09_512_630000_00,Bend (Segmented) - 22 1/2º PE 630 mm,FITTING HDPE,FITTING · BEND - 22 1/2º,7538,Export ERP master_product_updated.xlsx (diunduh 2026-10-06),,,,630 mm,,,,,,,,,
__export__.product_product_13772,Bend (Segmented) - 22 1/2º PE 710 mm,FITTING HDPE,FITTING · BEND - 22 1/2º,7539,Export ERP master_product_updated.xlsx (diunduh 2026-10-06),,,,710 mm,,,,,,,,,
__export__.product_product_17143,Bend (Segmented) - 22 1/2º PE 800 mm,FITTING HDPE,FITTING · BEND - 22 1/2º,7540,Export ERP master_product_updated.xlsx (diunduh 2026-10-06),,,,800 mm,,,,,,,,,
__export__.product_product_12514,Bend All Flange (Segmented) PE 63 mm,FITTING HDPE,FITTING · BEND ALL FLANGE,7541,Export ERP master_product_updated.xlsx (diunduh 2026-10-06),,,,63 mm,,,,,,,,,
product.0_S_09_513_090000_00,Bend All Flange (Segmented) PE 90 mm,FITTING HDPE,FITTING · BEND ALL FLANGE,7542,Export ERP master_product_updated.xlsx (diunduh 2026-10-06),,,,90 mm,,,,,,,,,
__export__.product_product_12515,Bend All Flange (Segmented) PE 110 mm,FITTING HDPE,FITTING · BEND ALL FLANGE,7543,Export ERP master_product_updated.xlsx (diunduh 2026-10-06),,,,110 mm,,,,,,,,,
__export__.product_product_12516,Bend All Flange (Segmented) PE 160 mm,FITTING HDPE,FITTING · BEND ALL FLANGE,7544,Export ERP master_product_updated.xlsx (diunduh 2026-10-06),,,,160 mm,,,,,,,,,
__export__.product_product_14510,Bend All Flange (Segmented) PE 200 mm,FITTING HDPE,FITTING · BEND ALL FLANGE,7545,Export ERP master_product_updated.xlsx (diunduh 2026-10-06),,,,200 mm,,,,,,,,,
__export__.product_product_14595,Stub End + Flange ( Standar JIS ) 20 mm x 50 Cm,FITTING PVC,FITTING · STUB END + FLANGE,7546,Export ERP master_product_updated.xlsx (diunduh 2026-10-06),,,,20 mm,,,,,,,,,
__export__.product_product_16654,Stub End + Flange ( Standar JIS ) 20 mm x 100 Cm,FITTING PVC,FITTING · STUB END + FLANGE,7547,Export ERP master_product_updated.xlsx (diunduh 2026-10-06),,,,20 mm,,,,,,,,,
__export__.product_product_14594,Stub End + Flange ( Standar JIS ) 32 mm x 50 Cm,FITTING PVC,FITTING · STUB END + FLANGE,7548,Export ERP master_product_updated.xlsx (diunduh 2026-10-06),,,,32 mm,,,,,,,,,
__export__.product_product_16653,Stub End + Flange ( Standar JIS ) 32 mm x 100 Cm,FITTING PVC,FITTING · STUB END + FLANGE,7549,Export ERP master_product_updated.xlsx (diunduh 2026-10-06),,,,32 mm,,,,,,,,,
__export__.product_product_14590,Stub End + Flange ( Standar JIS ) 50 mm x 20 Cm,FITTING PVC,FITTING · STUB END + FLANGE,7550,Export ERP master_product_updated.xlsx (diunduh 2026-10-06),,,,50 mm,,,,,,,,,
__export__.product_product_16652,Stub End + Flange ( Standar JIS ) 50 mm x 100 Cm,FITTING PVC,FITTING · STUB END + FLANGE,7551,Export ERP master_product_updated.xlsx (diunduh 2026-10-06),,,,50 mm,,,,,,,,,
__export__.product_product_13196,Stub End + Flange ( Standar JIS ) PE 63 mm,FITTING HDPE,FITTING · STUB END + FLANGE,7552,Export ERP master_product_updated.xlsx (diunduh 2026-10-06),,,,63 mm,,,,,,,,,
__export__.product_product_14469,Stub End + Flange ( Standar JIS ) 63 mm x 20 Cm,FITTING PVC,FITTING · STUB END + FLANGE,7553,Export ERP master_product_updated.xlsx (diunduh 2026-10-06),,,,63 mm,,,,,,,,,
__export__.product_product_14470,Stub End + Flange ( Standar JIS ) 63 mm x 200 Cm,FITTING PVC,FITTING · STUB END + FLANGE,7554,Export ERP master_product_updated.xlsx (diunduh 2026-10-06),,,,63 mm,,,,,,,,,
__export__.product_product_18766,Stub End + Flange ( Standar JIS ) PE 75 mm,FITTING HDPE,FITTING · STUB END + FLANGE,7555,Export ERP master_product_updated.xlsx (diunduh 2026-10-06),,,,75 mm,,,,,,,,,
__export__.product_product_16969,Stub End + Flange ( Standar JIS ) PN - 16 PE 75 mm,FITTING HDPE,FITTING · STUB END + FLANGE,7556,Export ERP master_product_updated.xlsx (diunduh 2026-10-06),,,,75 mm,,,,,,PN 16,,,
__export__.product_product_13197,Stub End + Flange ( Standar JIS ) PE 90 mm,FITTING HDPE,FITTING · STUB END + FLANGE,7557,Export ERP master_product_updated.xlsx (diunduh 2026-10-06),,,,90 mm,,,,,,,,,
__export__.product_product_14466,Stub End + Flange ( Standar JIS ) 90 mm x 20 Cm,FITTING PVC,FITTING · STUB END + FLANGE,7558,Export ERP master_product_updated.xlsx (diunduh 2026-10-06),,,,90 mm,,,,,,,,,
__export__.product_product_14467,Stub End + Flange ( Standar JIS ) 90 mm x 40 Cm,FITTING PVC,FITTING · STUB END + FLANGE,7559,Export ERP master_product_updated.xlsx (diunduh 2026-10-06),,,,90 mm,,,,,,,,,
__export__.product_product_14468,Stub End + Flange ( Standar JIS ) 90 mm x 200 Cm,FITTING PVC,FITTING · STUB END + FLANGE,7560,Export ERP master_product_updated.xlsx (diunduh 2026-10-06),,,,90 mm,,,,,,,,,
__export__.product_product_13166,Stub End + Flange ( Standar JIS ) PE 110 mm,FITTING HDPE,FITTING · STUB END + FLANGE,7561,Export ERP master_product_updated.xlsx (diunduh 2026-10-06),,,,110 mm,,,,,,,,,
__export__.product_product_18508,Stub End + Flange ( Standar JIS ) PN- 16 PE 110 mm,FITTING HDPE,FITTING · STUB END + FLANGE,7562,Export ERP master_product_updated.xlsx (diunduh 2026-10-06),,,,110 mm,,,,,,PN 16,,,
__export__.product_product_14464,Stub End + Flange ( Standar JIS ) 110 mm x 20 Cm,FITTING PVC,FITTING · STUB END + FLANGE,7563,Export ERP master_product_updated.xlsx (diunduh 2026-10-06),,,,110 mm,,,,,,,,,
__export__.product_product_14465,Stub End + Flange ( Standar JIS ) 110 mm x 100 Cm,FITTING PVC,FITTING · STUB END + FLANGE,7564,Export ERP master_product_updated.xlsx (diunduh 2026-10-06),,,,110 mm,,,,,,,,,
__export__.product_product_13198,Stub End + Flange ( Standar JIS ) PE 160 mm,FITTING HDPE,FITTING · STUB END + FLANGE,7565,Export ERP master_product_updated.xlsx (diunduh 2026-10-06),,,,160 mm,,,,,,,,,
__export__.product_product_16968,Stub End + Flange ( Standar JIS ) PN - 16 PE 160 mm,FITTING HDPE,FITTING · STUB END + FLANGE,7566,Export ERP master_product_updated.xlsx (diunduh 2026-10-06),,,,160 mm,,,,,,PN 16,,,
__export__.product_product_13199,Stub End + Flange ( Standar JIS ) PE 200 mm,FITTING HDPE,FITTING · STUB END + FLANGE,7567,Export ERP master_product_updated.xlsx (diunduh 2026-10-06),,,,200 mm,,,,,,,,,
__export__.product_product_14707,Stub End + Flange ( Standar JIS ) PE 225 mm,FITTING HDPE,FITTING · STUB END + FLANGE,7568,Export ERP master_product_updated.xlsx (diunduh 2026-10-06),,,,225 mm,,,,,,,,,
__export__.product_product_13200,Stub End + Flange ( Standar JIS ) PE 250 mm,FITTING HDPE,FITTING · STUB END + FLANGE,7569,Export ERP master_product_updated.xlsx (diunduh 2026-10-06),,,,250 mm,,,,,,,,,
__export__.product_product_17053,Stub End + Flange ( Standar JIS ) PN - 16 PE 250 mm,FITTING HDPE,FITTING · STUB END + FLANGE,7570,Export ERP master_product_updated.xlsx (diunduh 2026-10-06),,,,250 mm,,,,,,PN 16,,,
__export__.product_product_13201,Stub End + Flange ( Standar JIS ) PE 315 mm,FITTING HDPE,FITTING · STUB END + FLANGE,7571,Export ERP master_product_updated.xlsx (diunduh 2026-10-06),,,,315 mm,,,,,,,,,
__export__.product_product_13202,Stub End + Flange ( Standar JIS ) PE 355 mm,FITTING HDPE,FITTING · STUB END + FLANGE,7572,Export ERP master_product_updated.xlsx (diunduh 2026-10-06),,,,355 mm,,,,,,,,,
__export__.product_product_13203,Stub End + Flange ( Standar JIS ) PE 400 mm,FITTING HDPE,FITTING · STUB END + FLANGE,7573,Export ERP master_product_updated.xlsx (diunduh 2026-10-06),,,,400 mm,,,,,,,,,
__export__.product_product_13204,Stub End + Flange ( Standar JIS ) PE 450 mm,FITTING HDPE,FITTING · STUB END + FLANGE,7574,Export ERP master_product_updated.xlsx (diunduh 2026-10-06),,,,450 mm,,,,,,,,,
__export__.product_product_13205,Stub End + Flange ( Standar JIS ) PE 500 mm,FITTING HDPE,FITTING · STUB END + FLANGE,7575,Export ERP master_product_updated.xlsx (diunduh 2026-10-06),,,,500 mm,,,,,,,,,
__export__.product_product_13206,Stub End + Flange ( Standar JIS ) PE 630 mm,FITTING HDPE,FITTING · STUB END + FLANGE,7576,Export ERP master_product_updated.xlsx (diunduh 2026-10-06),,,,630 mm,,,,,,,,,
__export__.product_product_17075,Stub End + Flange ( Standar JIS ) PE 800 mm,FITTING HDPE,FITTING · STUB END + FLANGE,7577,Export ERP master_product_updated.xlsx (diunduh 2026-10-06),,,,800 mm,,,,,,,,,
__export__.product_product_12486,Bend Flange (Segmented) - 90º PE 63 mm,FITTING HDPE,FITTING · BEND FLANGE - 90º,7578,Export ERP master_product_updated.xlsx (diunduh 2026-10-06),,,,63 mm,,,,,,,,,
__export__.product_product_12487,Bend Flange (Segmented) - 90º PE 90 mm,FITTING HDPE,FITTING · BEND FLANGE - 90º,7579,Export ERP master_product_updated.xlsx (diunduh 2026-10-06),,,,90 mm,,,,,,,,,
__export__.product_product_12488,Bend Flange (Segmented) - 90º PE 110 mm,FITTING HDPE,FITTING · BEND FLANGE - 90º,7580,Export ERP master_product_updated.xlsx (diunduh 2026-10-06),,,,110 mm,,,,,,,,,
__export__.product_product_12489,Bend Flange (Segmented) - 90º PE 160 mm,FITTING HDPE,FITTING · BEND FLANGE - 90º,7581,Export ERP master_product_updated.xlsx (diunduh 2026-10-06),,,,160 mm,,,,,,,,,
__export__.product_product_12536,Stub End Flange + Flange Buta PE 250 mm,FITTING HDPE,FITTING · STUB END FLANGE + FLANGE BUTA,7582,Export ERP master_product_updated.xlsx (diunduh 2026-10-06),,,,250 mm,,,,,,,,,
__export__.product_product_15752,Bend Flange (Segmented) - 45º PE 63 mm,FITTING HDPE,FITTING · BEND FLANGE - 45º,7583,Export ERP master_product_updated.xlsx (diunduh 2026-10-06),,,,63 mm,,,,,,,,,
__export__.product_product_15753,Bend Flange (Segmented) - 45º PE 90 mm,FITTING HDPE,FITTING · BEND FLANGE - 45º,7584,Export ERP master_product_updated.xlsx (diunduh 2026-10-06),,,,90 mm,,,,,,,,,
__export__.product_product_15764,Bend Flange (Segmented) - 45º PE 110 mm,FITTING HDPE,FITTING · BEND FLANGE - 45º,7585,Export ERP master_product_updated.xlsx (diunduh 2026-10-06),,,,110 mm,,,,,,,,,
__export__.product_product_15765,Bend Flange (Segmented) - 45º PE 160 mm,FITTING HDPE,FITTING · BEND FLANGE - 45º,7586,Export ERP master_product_updated.xlsx (diunduh 2026-10-06),,,,160 mm,,,,,,,,,
__export__.product_product_15754,Bend Flange (Segmented) - 22 1/2° PE 63 mm,FITTING HDPE,FITTING · BEND FLANGE - 22 1/2°,7587,Export ERP master_product_updated.xlsx (diunduh 2026-10-06),,,,63 mm,,,,,,,,,
__export__.product_product_15755,Bend Flange (Segmented) - 22 1/2° PE 90 mm,FITTING HDPE,FITTING · BEND FLANGE - 22 1/2°,7588,Export ERP master_product_updated.xlsx (diunduh 2026-10-06),,,,90 mm,,,,,,,,,
__export__.product_product_15762,Bend Flange (Segmented) - 22 1/2° PE 110 mm,FITTING HDPE,FITTING · BEND FLANGE - 22 1/2°,7589,Export ERP master_product_updated.xlsx (diunduh 2026-10-06),,,,110 mm,,,,,,,,,
__export__.product_product_15763,Bend Flange (Segmented) - 22 1/2° PE 160 mm,FITTING HDPE,FITTING · BEND FLANGE - 22 1/2°,7590,Export ERP master_product_updated.xlsx (diunduh 2026-10-06),,,,160 mm,,,,,,,,,
__export__.product_product_15205,Bend All Flange (Segmented) - 90º PE 63 mm,FITTING HDPE,FITTING · BEND ALL FLANGE - 90º,7591,Export ERP master_product_updated.xlsx (diunduh 2026-10-06),,,,63 mm,,,,,,,,,
__export__.product_product_15206,Bend All Flange (Segmented) - 90º PE 75 mm,FITTING HDPE,FITTING · BEND ALL FLANGE - 90º,7592,Export ERP master_product_updated.xlsx (diunduh 2026-10-06),,,,75 mm,,,,,,,,,
__export__.product_product_15207,Bend All Flange (Segmented) - 90º PE 90 mm,FITTING HDPE,FITTING · BEND ALL FLANGE - 90º,7593,Export ERP master_product_updated.xlsx (diunduh 2026-10-06),,,,90 mm,,,,,,,,,
__export__.product_product_15208,Bend All Flange (Segmented) - 90º PE 110 mm,FITTING HDPE,FITTING · BEND ALL FLANGE - 90º,7594,Export ERP master_product_updated.xlsx (diunduh 2026-10-06),,,,110 mm,,,,,,,,,
__export__.product_product_15209,Bend All Flange (Segmented) - 90º PE 160 mm,FITTING HDPE,FITTING · BEND ALL FLANGE - 90º,7595,Export ERP master_product_updated.xlsx (diunduh 2026-10-06),,,,160 mm,,,,,,,,,
__export__.product_product_15210,Bend All Flange (Segmented) - 90º PE 200 mm,FITTING HDPE,FITTING · BEND ALL FLANGE - 90º,7596,Export ERP master_product_updated.xlsx (diunduh 2026-10-06),,,,200 mm,,,,,,,,,
__export__.product_product_17941,Bend All Flange (Segmented) - 90º PE 250 mm,FITTING HDPE,FITTING · BEND ALL FLANGE - 90º,7597,Export ERP master_product_updated.xlsx (diunduh 2026-10-06),,,,250 mm,,,,,,,,,
__export__.product_product_15211,Bend All Flange (Segmented) - 90º PE 315 mm,FITTING HDPE,FITTING · BEND ALL FLANGE - 90º,7598,Export ERP master_product_updated.xlsx (diunduh 2026-10-06),,,,315 mm,,,,,,,,,
__export__.product_product_15212,Bend All Flange (Segmented) - 45º PE 63 mm,FITTING HDPE,FITTING · BEND ALL FLANGE - 45º,7599,Export ERP master_product_updated.xlsx (diunduh 2026-10-06),,,,63 mm,,,,,,,,,
__export__.product_product_15213,Bend All Flange (Segmented) - 45º PE 75 mm,FITTING HDPE,FITTING · BEND ALL FLANGE - 45º,7600,Export ERP master_product_updated.xlsx (diunduh 2026-10-06),,,,75 mm,,,,,,,,,
__export__.product_product_15214,Bend All Flange (Segmented) - 45º PE 90 mm,FITTING HDPE,FITTING · BEND ALL FLANGE - 45º,7601,Export ERP master_product_updated.xlsx (diunduh 2026-10-06),,,,90 mm,,,,,,,,,
__export__.product_product_15215,Bend All Flange (Segmented) - 45º PE 110 mm,FITTING HDPE,FITTING · BEND ALL FLANGE - 45º,7602,Export ERP master_product_updated.xlsx (diunduh 2026-10-06),,,,110 mm,,,,,,,,,
__export__.product_product_15216,Bend All Flange (Segmented) - 45º PE 160 mm,FITTING HDPE,FITTING · BEND ALL FLANGE - 45º,7603,Export ERP master_product_updated.xlsx (diunduh 2026-10-06),,,,160 mm,,,,,,,,,
__export__.product_product_15217,Bend All Flange (Segmented) - 45º PE 200 mm,FITTING HDPE,FITTING · BEND ALL FLANGE - 45º,7604,Export ERP master_product_updated.xlsx (diunduh 2026-10-06),,,,200 mm,,,,,,,,,
__export__.product_product_15218,Bend All Flange (Segmented) - 45º PE 315 mm,FITTING HDPE,FITTING · BEND ALL FLANGE - 45º,7605,Export ERP master_product_updated.xlsx (diunduh 2026-10-06),,,,315 mm,,,,,,,,,
__export__.product_product_17940,Bend All Flange (Segmented) - 45º PE 450 mm,FITTING HDPE,FITTING · BEND ALL FLANGE - 45º,7606,Export ERP master_product_updated.xlsx (diunduh 2026-10-06),,,,450 mm,,,,,,,,,
__export__.product_product_15737,Bend All Flange (Segmented) - 22 1/2º PE 63 mm,FITTING HDPE,FITTING · BEND ALL FLANGE - 22 1/2º,7607,Export ERP master_product_updated.xlsx (diunduh 2026-10-06),,,,63 mm,,,,,,,,,
__export__.product_product_15738,Bend All Flange (Segmented) - 22 1/2º PE 90 mm,FITTING HDPE,FITTING · BEND ALL FLANGE - 22 1/2º,7608,Export ERP master_product_updated.xlsx (diunduh 2026-10-06),,,,90 mm,,,,,,,,,
__export__.product_product_15739,Bend All Flange (Segmented) - 22 1/2º PE 110 mm,FITTING HDPE,FITTING · BEND ALL FLANGE - 22 1/2º,7609,Export ERP master_product_updated.xlsx (diunduh 2026-10-06),,,,110 mm,,,,,,,,,
__export__.product_product_15740,Bend All Flange (Segmented) - 22 1/2º PE 160 mm,FITTING HDPE,FITTING · BEND ALL FLANGE - 22 1/2º,7610,Export ERP master_product_updated.xlsx (diunduh 2026-10-06),,,,160 mm,,,,,,,,,
__export__.product_product_15741,Bend All Flange (Segmented) - 22 1/2º PE 200 mm,FITTING HDPE,FITTING · BEND ALL FLANGE - 22 1/2º,7611,Export ERP master_product_updated.xlsx (diunduh 2026-10-06),,,,200 mm,,,,,,,,,
__export__.product_product_15742,Bend All Flange (Segmented) - 22 1/2º PE 250 mm,FITTING HDPE,FITTING · BEND ALL FLANGE - 22 1/2º,7612,Export ERP master_product_updated.xlsx (diunduh 2026-10-06),,,,250 mm,,,,,,,,,
__export__.product_product_15743,Bend All Flange (Segmented) - 22 1/2º PE 315 mm,FITTING HDPE,FITTING · BEND ALL FLANGE - 22 1/2º,7613,Export ERP master_product_updated.xlsx (diunduh 2026-10-06),,,,315 mm,,,,,,,,,
__export__.product_product_15744,Bend All Flange (Segmented) - 11 1/4º PE 63 mm,FITTING HDPE,FITTING · BEND ALL FLANGE - 11 1/4º,7614,Export ERP master_product_updated.xlsx (diunduh 2026-10-06),,,,63 mm,,,,,,,,,
__export__.product_product_15745,Bend All Flange (Segmented) - 11 1/4º PE 90 mm,FITTING HDPE,FITTING · BEND ALL FLANGE - 11 1/4º,7615,Export ERP master_product_updated.xlsx (diunduh 2026-10-06),,,,90 mm,,,,,,,,,
__export__.product_product_15746,Bend All Flange (Segmented) - 11 1/4º PE 110 mm,FITTING HDPE,FITTING · BEND ALL FLANGE - 11 1/4º,7616,Export ERP master_product_updated.xlsx (diunduh 2026-10-06),,,,110 mm,,,,,,,,,
__export__.product_product_15747,Bend All Flange (Segmented) - 11 1/4º PE 160 mm,FITTING HDPE,FITTING · BEND ALL FLANGE - 11 1/4º,7617,Export ERP master_product_updated.xlsx (diunduh 2026-10-06),,,,160 mm,,,,,,,,,
__export__.product_product_15748,Bend All Flange (Segmented) - 11 1/4º PE 200 mm,FITTING HDPE,FITTING · BEND ALL FLANGE - 11 1/4º,7618,Export ERP master_product_updated.xlsx (diunduh 2026-10-06),,,,200 mm,,,,,,,,,
__export__.product_product_15749,Bend All Flange (Segmented) - 11 1/4º PE 250 mm,FITTING HDPE,FITTING · BEND ALL FLANGE - 11 1/4º,7619,Export ERP master_product_updated.xlsx (diunduh 2026-10-06),,,,250 mm,,,,,,,,,
__export__.product_product_15750,Bend All Flange (Segmented) - 11 1/4º PE 3150 mm,FITTING HDPE,FITTING · BEND ALL FLANGE - 11 1/4º,7620,Export ERP master_product_updated.xlsx (diunduh 2026-10-06),,,,3150 mm,,,,,,,,,
__export__.product_product_11405,Socket HDPE 50/42 x 50 Cm,FITTING HDPE,FITTING · SOCKET 50/42,7621,Export ERP master_product_updated.xlsx (diunduh 2026-10-06),,,,50 mm,,,,HDPE,,,,,
__export__.product_product_15252,Header Heat PE 355 x 200 mm,FITTING HDPE,FITTING · HEADER HEAT,7622,Export ERP master_product_updated.xlsx (diunduh 2026-10-06),,,,200 mm; 355 mm,,,,,,,,,
__export__.product_product_15418,Cross Tee HDPE 63 mm,FITTING HDPE,FITTING · CROSS TEE,7623,Export ERP master_product_updated.xlsx (diunduh 2026-10-06),,,,63 mm,,,,HDPE,,,,,
__export__.product_product_17156,Cross Tee HDPE 110 mm,FITTING HDPE,FITTING · CROSS TEE,7624,Export ERP master_product_updated.xlsx (diunduh 2026-10-06),,,,110 mm,,,,HDPE,,,,,
__export__.product_product_17181,Cross Tee PN- 16 HDPE 110 mm,FITTING HDPE,FITTING · CROSS TEE,7625,Export ERP master_product_updated.xlsx (diunduh 2026-10-06),,,,110 mm,,,,HDPE,,PN 16,,,
__export__.product_product_18190,Cross Tee HDPE 200 mm,FITTING HDPE,FITTING · CROSS TEE,7626,Export ERP master_product_updated.xlsx (diunduh 2026-10-06),,,,200 mm,,,,HDPE,,,,,
__export__.product_product_18189,Cross Tee HDPE 400 mm,FITTING HDPE,FITTING · CROSS TEE,7627,Export ERP master_product_updated.xlsx (diunduh 2026-10-06),,,,400 mm,,,,HDPE,,,,,
__export__.product_product_17303,Cross Tee HDPE 630 mm,FITTING HDPE,FITTING · CROSS TEE,7628,Export ERP master_product_updated.xlsx (diunduh 2026-10-06),,,,630 mm,,,,HDPE,,,,,
__export__.product_product_18188,Cross Tee HDPE 710 mm,FITTING HDPE,FITTING · CROSS TEE,7629,Export ERP master_product_updated.xlsx (diunduh 2026-10-06),,,,710 mm,,,,HDPE,,,,,
__export__.product_product_16094,Flange Coupler 63 mm ( Flange Standar JIS ),FITTING PVC,FITTING · FLANGE COUPLER,7630,Export ERP master_product_updated.xlsx (diunduh 2026-10-06),,,,63 mm,,,,,,,,,
__export__.product_product_16097,Flange Coupler 63 mm ( Flange Standar SNI ),FITTING PVC,FITTING · FLANGE COUPLER,7631,Export ERP master_product_updated.xlsx (diunduh 2026-10-06),,,,63 mm,,,,,,,,,
__export__.product_product_16095,Flange Coupler 90 mm ( Flange Standar JIS ),FITTING PVC,FITTING · FLANGE COUPLER,7632,Export ERP master_product_updated.xlsx (diunduh 2026-10-06),,,,90 mm,,,,,,,,,
__export__.product_product_16098,Flange Coupler 90 mm ( Flange Standar SNI ),FITTING PVC,FITTING · FLANGE COUPLER,7633,Export ERP master_product_updated.xlsx (diunduh 2026-10-06),,,,90 mm,,,,,,,,,
__export__.product_product_16485,Flange Coupler 110 mm ( Flange Standar SNI ),FITTING PVC,FITTING · FLANGE COUPLER,7634,Export ERP master_product_updated.xlsx (diunduh 2026-10-06),,,,110 mm,,,,,,,,,
product.0_S_09_528_160110_00,Tee PE With Flange Branch 160 x 110 mm,FITTING HDPE,FITTING · TEE WITH FLANGE BRANCH,7635,Export ERP master_product_updated.xlsx (diunduh 2026-10-06),,,,110 mm; 160 mm,,,,,,,,,
product.0_S_09_528_200063_00,Tee PE With Flange Branch 200mm x 63mm,FITTING HDPE,FITTING · TEE WITH FLANGE BRANCH,7636,Export ERP master_product_updated.xlsx (diunduh 2026-10-06),,,,63 mm; 200 mm,,,,,,,,,
product.0_S_09_528_200090_00,Tee PE With Flange Branch 200mm x 90mm,FITTING HDPE,FITTING · TEE WITH FLANGE BRANCH,7637,Export ERP master_product_updated.xlsx (diunduh 2026-10-06),,,,90 mm; 200 mm,,,,,,,,,
__export__.product_product_15495,Tee PE With Flange Branch 200mm x 110mm,FITTING HDPE,FITTING · TEE WITH FLANGE BRANCH,7638,Export ERP master_product_updated.xlsx (diunduh 2026-10-06),,,,110 mm; 200 mm,,,,,,,,,
__export__.product_product_19438,Y - 45° (Segmented) PE 90 mm with PVC Conneted 90 mm x 63 mm,FITTING HDPE,FITTING · Y - 45° WITH PVC CONNETED,7639,Export ERP master_product_updated.xlsx (diunduh 2026-10-06),,,,63 mm; 90 mm,,,,,,,,,
__export__.product_product_18131,Y - 45° (Segmented) PE 160 mm,FITTING HDPE,FITTING · Y - 45°,7640,Export ERP master_product_updated.xlsx (diunduh 2026-10-06),,,,160 mm,,,,,,,,,
__export__.product_product_18171,Y - 45° (Segmented) PE 160 x 110 mm,FITTING HDPE,FITTING · Y - 45°,7641,Export ERP master_product_updated.xlsx (diunduh 2026-10-06),,,,110 mm; 160 mm,,,,,,,,,
__export__.product_product_18132,Y - 45° (Segmented) PE 315 mm,FITTING HDPE,FITTING · Y - 45°,7642,Export ERP master_product_updated.xlsx (diunduh 2026-10-06),,,,315 mm,,,,,,,,,
__export__.product_product_15725,Y - 45° (Segmented) PE 630 mm,FITTING HDPE,FITTING · Y - 45°,7643,Export ERP master_product_updated.xlsx (diunduh 2026-10-06),,,,630 mm,,,,,,,,,
__export__.product_product_15756,Bend Flange (Segmented) - 11 1/4° PE 63 mm,FITTING HDPE,FITTING · BEND FLANGE - 11 1/4°,7644,Export ERP master_product_updated.xlsx (diunduh 2026-10-06),,,,63 mm,,,,,,,,,
__export__.product_product_15757,Bend Flange (Segmented) - 11 1/4° PE 90 mm,FITTING HDPE,FITTING · BEND FLANGE - 11 1/4°,7645,Export ERP master_product_updated.xlsx (diunduh 2026-10-06),,,,90 mm,,,,,,,,,
__export__.product_product_15758,Bend Flange (Segmented) - 11 1/4° PE 110 mm,FITTING HDPE,FITTING · BEND FLANGE - 11 1/4°,7646,Export ERP master_product_updated.xlsx (diunduh 2026-10-06),,,,110 mm,,,,,,,,,
__export__.product_product_15759,Bend Flange (Segmented) - 11 1/4° PE 160 mm,FITTING HDPE,FITTING · BEND FLANGE - 11 1/4°,7647,Export ERP master_product_updated.xlsx (diunduh 2026-10-06),,,,160 mm,,,,,,,,,
__export__.product_product_15760,Bend Flange (Segmented) - 11 1/4° PE 200 mm,FITTING HDPE,FITTING · BEND FLANGE - 11 1/4°,7648,Export ERP master_product_updated.xlsx (diunduh 2026-10-06),,,,200 mm,,,,,,,,,
__export__.product_product_15761,Bend Flange (Segmented) - 11 1/4° PE 250 mm,FITTING HDPE,FITTING · BEND FLANGE - 11 1/4°,7649,Export ERP master_product_updated.xlsx (diunduh 2026-10-06),,,,250 mm,,,,,,,,,
__export__.product_product_17680,Y Branch PE 800 x 800 mm,FITTING HDPE,FITTING · Y BRANCH,7650,Export ERP master_product_updated.xlsx (diunduh 2026-10-06),,,,800 mm,,,,,,,,,
__export__.product_product_18172,TY - 90° (Segmented) PE 160 x 110 mm,FITTING HDPE,FITTING · TY - 90°,7651,Export ERP master_product_updated.xlsx (diunduh 2026-10-06),,,,110 mm; 160 mm,,,,,,,,,
__export__.product_product_18180,TY - 90° (Segmented) PE 160 x 160 mm,FITTING HDPE,FITTING · TY - 90°,7652,Export ERP master_product_updated.xlsx (diunduh 2026-10-06),,,,160 mm,,,,,,,,,
product.0_S_09_534_110000_00,Single Flange Bend (Segmented) 90º 110 mm,FITTING PVC,FITTING · SINGLE FLANGE BEND 90º,7653,Export ERP master_product_updated.xlsx (diunduh 2026-10-06),,,,110 mm,,,,,,,,,
product.0_S_09_534_160000_00,Single Flange Bend (Segmented) 90º 160 mm,FITTING PVC,FITTING · SINGLE FLANGE BEND 90º,7654,Export ERP master_product_updated.xlsx (diunduh 2026-10-06),,,,160 mm,,,,,,,,,
product.0_S_09_534_200000_00,Single Flange Bend (Segmented) 90º 200 mm,FITTING PVC,FITTING · SINGLE FLANGE BEND 90º,7655,Export ERP master_product_updated.xlsx (diunduh 2026-10-06),,,,200 mm,,,,,,,,,
product.0_S_09_535_063000_00,Bend (Segmented) - 11 1/4º PE 63 mm,FITTING HDPE,FITTING · BEND - 11 1/4º,7656,Export ERP master_product_updated.xlsx (diunduh 2026-10-06),,,,63 mm,,,,,,,,,
product.0_S_09_535_075000_00,Bend (Segmented) - 11 1/4º PE 75 mm,FITTING HDPE,FITTING · BEND - 11 1/4º,7657,Export ERP master_product_updated.xlsx (diunduh 2026-10-06),,,,75 mm,,,,,,,,,
product.0_S_09_535_090000_00,Bend (Segmented) - 11 1/4º PE 90 mm,FITTING HDPE,FITTING · BEND - 11 1/4º,7658,Export ERP master_product_updated.xlsx (diunduh 2026-10-06),,,,90 mm,,,,,,,,,
product.0_S_09_535_110000_00,Bend (Segmented) - 11 1/4º PE 110 mm,FITTING HDPE,FITTING · BEND - 11 1/4º,7659,Export ERP master_product_updated.xlsx (diunduh 2026-10-06),,,,110 mm,,,,,,,,,
product.0_S_09_535_160000_00,Bend (Segmented) - 11 1/4º PE 160 mm,FITTING HDPE,FITTING · BEND - 11 1/4º,7660,Export ERP master_product_updated.xlsx (diunduh 2026-10-06),,,,160 mm,,,,,,,,,
product.0_S_09_535_200000_00,Bend (Segmented) - 11 1/4º PE 200 mm,FITTING HDPE,FITTING · BEND - 11 1/4º,7661,Export ERP master_product_updated.xlsx (diunduh 2026-10-06),,,,200 mm,,,,,,,,,
__export__.product_product_15225,Bend (Segmented) - 11 1/4º PE 250 mm,FITTING HDPE,FITTING · BEND - 11 1/4º,7662,Export ERP master_product_updated.xlsx (diunduh 2026-10-06),,,,250 mm,,,,,,,,,
product.0_S_09_535_315000_00,Bend (Segmented) - 11 1/4º PE 315 mm,FITTING HDPE,FITTING · BEND - 11 1/4º,7663,Export ERP master_product_updated.xlsx (diunduh 2026-10-06),,,,315 mm,,,,,,,,,
product.0_S_09_535_355000_00,Bend (Segmented) - 11 1/4º PE 355 mm,FITTING HDPE,FITTING · BEND - 11 1/4º,7664,Export ERP master_product_updated.xlsx (diunduh 2026-10-06),,,,355 mm,,,,,,,,,
product.0_S_09_535_400000_00,Bend (Segmented) - 11 1/4º PE 400 mm,FITTING HDPE,FITTING · BEND - 11 1/4º,7665,Export ERP master_product_updated.xlsx (diunduh 2026-10-06),,,,400 mm,,,,,,,,,
__export__.product_product_19229,Bend (Segmented) - 11 1/4º PE 400 mm PN- 16,FITTING HDPE,FITTING · BEND - 11 1/4º,7666,Export ERP master_product_updated.xlsx (diunduh 2026-10-06),,,,400 mm,,,,,,PN 16,,,
product.0_S_09_535_500000_00,Bend (Segmented) - 11 1/4º PE 500 mm,FITTING HDPE,FITTING · BEND - 11 1/4º,7667,Export ERP master_product_updated.xlsx (diunduh 2026-10-06),,,,500 mm,,,,,,,,,
product.0_S_09_535_560000_00,Bend (Segmented) - 11 1/4º PE 560 mm,FITTING HDPE,FITTING · BEND - 11 1/4º,7668,Export ERP master_product_updated.xlsx (diunduh 2026-10-06),,,,560 mm,,,,,,,,,
product.0_S_09_535_630000_00,Bend (Segmented) - 11 1/4º PE 630 mm,FITTING HDPE,FITTING · BEND - 11 1/4º,7669,Export ERP master_product_updated.xlsx (diunduh 2026-10-06),,,,630 mm,,,,,,,,,
__export__.product_product_16756,Bend (Segmented) - 11 1/4º PE 710 mm,FITTING HDPE,FITTING · BEND - 11 1/4º,7670,Export ERP master_product_updated.xlsx (diunduh 2026-10-06),,,,710 mm,,,,,,,,,
__export__.product_product_17751,Bend (Segmented) - 30º PE 800 mm,FITTING HDPE,FITTING · BEND - 30º,7673,Export ERP master_product_updated.xlsx (diunduh 2026-10-06),,,,800 mm,,,,,,,,,
__export__.product_product_19227,TY - 45° (Segmented) PE 110 x 90 mm,FITTING HDPE,FITTING · TY - 45°,7674,Export ERP master_product_updated.xlsx (diunduh 2026-10-06),,,,90 mm; 110 mm,,,,,,,,,
__export__.product_product_19464,TY - 45° (Segmented) PE 160 x 160 mm,FITTING HDPE,FITTING · TY - 45°,7675,Export ERP master_product_updated.xlsx (diunduh 2026-10-06),,,,160 mm,,,,,,,,,
__export__.product_product_19481,Stub End + Backing Ring + Blind Flange PE 75 mm,FITTING HDPE,FITTING · STUB END + BACKING RING + BLIND FLANGE,7676,Export ERP master_product_updated.xlsx (diunduh 2026-10-06),,,,75 mm,,,,,,,,,
__export__.product_product_14919,Reducer All Flange (Segmented) PE 63 x 50 mm,FITTING HDPE,FITTING · REDUCER ALL FLANGE,7677,Export ERP master_product_updated.xlsx (diunduh 2026-10-06),,,,50 mm; 63 mm,,,,,,,,,
__export__.product_product_12509,Reducer All Flange (Segmented) PE 90 x 50 mm,FITTING HDPE,FITTING · REDUCER ALL FLANGE,7678,Export ERP master_product_updated.xlsx (diunduh 2026-10-06),,,,50 mm; 90 mm,,,,,,,,,
__export__.product_product_12513,Reducer All Flange (Segmented) PE 90 x 63 mm,FITTING HDPE,FITTING · REDUCER ALL FLANGE,7679,Export ERP master_product_updated.xlsx (diunduh 2026-10-06),,,,63 mm; 90 mm,,,,,,,,,
__export__.product_product_14969,Reducer All Flange (Segmented) PE 110 x 50 mm,FITTING HDPE,FITTING · REDUCER ALL FLANGE,7680,Export ERP master_product_updated.xlsx (diunduh 2026-10-06),,,,50 mm; 110 mm,,,,,,,,,
__export__.product_product_12512,Reducer All Flange (Segmented) PE 110 x 63 mm,FITTING HDPE,FITTING · REDUCER ALL FLANGE,7681,Export ERP master_product_updated.xlsx (diunduh 2026-10-06),,,,63 mm; 110 mm,,,,,,,,,
__export__.product_product_12511,Reducer All Flange (Segmented) PE 110 x 90 mm,FITTING HDPE,FITTING · REDUCER ALL FLANGE,7682,Export ERP master_product_updated.xlsx (diunduh 2026-10-06),,,,90 mm; 110 mm,,,,,,,,,
__export__.product_product_12510,Reducer All Flange (Segmented) PE 160 x 110 mm,FITTING HDPE,FITTING · REDUCER ALL FLANGE,7683,Export ERP master_product_updated.xlsx (diunduh 2026-10-06),,,,110 mm; 160 mm,,,,,,,,,
__export__.product_product_15257,Reducer All Flange (Segmented) PE 250 x 200 mm,FITTING HDPE,FITTING · REDUCER ALL FLANGE,7684,Export ERP master_product_updated.xlsx (diunduh 2026-10-06),,,,200 mm; 250 mm,,,,,,,,,
__export__.product_product_12737,Reducer All Flange (Segmented) PE 315 x 250 mm,FITTING HDPE,FITTING · REDUCER ALL FLANGE,7685,Export ERP master_product_updated.xlsx (diunduh 2026-10-06),,,,250 mm; 315 mm,,,,,,,,,
__export__.product_product_15682,Flange Adapter PE 63 mm,FITTING HDPE,FITTING · FLANGE ADAPTER,7686,Export ERP master_product_updated.xlsx (diunduh 2026-10-06),,,,63 mm,,,,,,,,,
__export__.product_product_12800,Flange Adapter PE 110 mm,FITTING HDPE,FITTING · FLANGE ADAPTER,7687,Export ERP master_product_updated.xlsx (diunduh 2026-10-06),,,,110 mm,,,,,,,,,
__export__.product_product_15562,Long Tee Y All Flange (Segmented) 45° PE 200 mm,FITTING HDPE,FITTING · LONG TEE Y ALL FLANGE 45°,7688,Export ERP master_product_updated.xlsx (diunduh 2026-10-06),,,,200 mm,,,,,,,,,
__export__.product_product_17121,Long Y (Segmented) 45°PE 110 mm,FITTING HDPE,FITTING · LONG Y 45°,7689,Export ERP master_product_updated.xlsx (diunduh 2026-10-06),,,,110 mm,,,,,,,,,
__export__.product_product_18001,Elbow Segmented 90˚ PN-12.5 200mm All Flange + Bolt Nut M 18 x130 + Rubber Gasket,FITTING PVC,FITTING · ELBOW SEGMENTED 90˚ ALL FLANGE + BOLT NUT M 18 X130 + RUBBER GASKET,7690,Export ERP master_product_updated.xlsx (diunduh 2026-10-06),,,,200 mm,,,,,,PN 12.5,,,
__export__.product_product_18003,Elbow Segmented 45˚ PN-12.5 200mm All Flange + Bolt Nut M 18 x130 + Rubber Gasket,FITTING PVC,FITTING · ELBOW SEGMENTED 45˚ ALL FLANGE + BOLT NUT M 18 X130 + RUBBER GASKET,7691,Export ERP master_product_updated.xlsx (diunduh 2026-10-06),,,,200 mm,,,,,,PN 12.5,,,
__export__.product_product_18004,Tee Y 45˚ Segmented PN-12.5 200 mm All Flange + Bolt Nut M 18 x 130 + Rubber Gasket,FITTING PVC,FITTING · TEE Y 45˚ SEGMENTED ALL FLANGE + BOLT NUT M 18 X 130 + RUBBER GASKET,7692,Export ERP master_product_updated.xlsx (diunduh 2026-10-06),,,,200 mm,,,,,,PN 12.5,,,
__export__.product_product_18005,Equal Tee 200 mm All Flange + Bolt Nut M 18 x 130 + Rubber Gasket,FITTING PVC,FITTING · EQUAL TEE ALL FLANGE + BOLT NUT M 18 X 130 + RUBBER GASKET,7693,Export ERP master_product_updated.xlsx (diunduh 2026-10-06),,,,200 mm,,,,,,,,,
__export__.product_product_18344,"Tee Segmented With Flange PN- 12,5 630 x 160 mm",FITTING PVC,FITTING · TEE SEGMENTED WITH FLANGE,7694,Export ERP master_product_updated.xlsx (diunduh 2026-10-06),,,,160 mm; 630 mm,,,,,,PN 12.5,,,
__export__.product_product_18345,Tee Segmented With Flange PN- 16 630 x 160 mm,FITTING PVC,FITTING · TEE SEGMENTED WITH FLANGE,7695,Export ERP master_product_updated.xlsx (diunduh 2026-10-06),,,,160 mm; 630 mm,,,,,,PN 16,,,
__export__.product_product_18342,"Tee Segmented With Flange PN- 12,5 630 x 400 mm",FITTING PVC,FITTING · TEE SEGMENTED WITH FLANGE,7696,Export ERP master_product_updated.xlsx (diunduh 2026-10-06),,,,400 mm; 630 mm,,,,,,PN 12.5,,,
__export__.product_product_18343,Tee Segmented With Flange PN- 16 630 x 400 mm,FITTING PVC,FITTING · TEE SEGMENTED WITH FLANGE,7697,Export ERP master_product_updated.xlsx (diunduh 2026-10-06),,,,400 mm; 630 mm,,,,,,PN 16,,,
__export__.product_product_18346,"Tee Straight With Flange PN- 12,5 630 mm",FITTING PVC,FITTING · TEE STRAIGHT WITH FLANGE,7698,Export ERP master_product_updated.xlsx (diunduh 2026-10-06),,,,630 mm,,,,,,PN 12.5,,,
__export__.product_product_18347,Tee Straight With Flange PN- 16 630 mm,FITTING PVC,FITTING · TEE STRAIGHT WITH FLANGE,7699,Export ERP master_product_updated.xlsx (diunduh 2026-10-06),,,,630 mm,,,,,,PN 16,,,
__export__.product_product_18773,Tee HDPE With Coupler 75 x 25 mm,FITTING HDPE,FITTING · TEE WITH COUPLER,7700,Export ERP master_product_updated.xlsx (diunduh 2026-10-06),,,,25 mm; 75 mm,,,,HDPE,,,,,
__export__.product_product_18774,Tee HDPE With Coupler 75 x 40 mm,FITTING HDPE,FITTING · TEE WITH COUPLER,7701,Export ERP master_product_updated.xlsx (diunduh 2026-10-06),,,,40 mm; 75 mm,,,,HDPE,,,,,
__export__.product_product_18791,Tee HDPE With Coupler 90 x 20 mm,FITTING HDPE,FITTING · TEE WITH COUPLER,7702,Export ERP master_product_updated.xlsx (diunduh 2026-10-06),,,,20 mm; 90 mm,,,,HDPE,,,,,
__export__.product_product_18777,Tee HDPE With Coupler 90 x 25 mm,FITTING HDPE,FITTING · TEE WITH COUPLER,7703,Export ERP master_product_updated.xlsx (diunduh 2026-10-06),,,,25 mm; 90 mm,,,,HDPE,,,,,
__export__.product_product_18778,Tee HDPE With Coupler 90 x 40 mm,FITTING HDPE,FITTING · TEE WITH COUPLER,7704,Export ERP master_product_updated.xlsx (diunduh 2026-10-06),,,,40 mm; 90 mm,,,,HDPE,,,,,
__export__.product_product_18790,Tee HDPE With Coupler 110 x 20 mm,FITTING HDPE,FITTING · TEE WITH COUPLER,7705,Export ERP master_product_updated.xlsx (diunduh 2026-10-06),,,,20 mm; 110 mm,,,,HDPE,,,,,
__export__.product_product_18775,Tee HDPE With Coupler 200 x 25 mm,FITTING HDPE,FITTING · TEE WITH COUPLER,7706,Export ERP master_product_updated.xlsx (diunduh 2026-10-06),,,,25 mm; 200 mm,,,,HDPE,,,,,
__export__.product_product_18776,Tee HDPE With Coupler 200 x 40 mm,FITTING HDPE,FITTING · TEE WITH COUPLER,7707,Export ERP master_product_updated.xlsx (diunduh 2026-10-06),,,,40 mm; 200 mm,,,,HDPE,,,,,
__export__.product_product_18779,Tee HDPE With Coupler 250 x 25 mm,FITTING HDPE,FITTING · TEE WITH COUPLER,7708,Export ERP master_product_updated.xlsx (diunduh 2026-10-06),,,,25 mm; 250 mm,,,,HDPE,,,,,
__export__.product_product_18780,Tee HDPE With Coupler 250 x 40 mm,FITTING HDPE,FITTING · TEE WITH COUPLER,7709,Export ERP master_product_updated.xlsx (diunduh 2026-10-06),,,,40 mm; 250 mm,,,,HDPE,,,,,
__export__.product_product_19667,Bend (Segmented) - 11 1/2º PE 500 mm,FITTING HDPE,FITTING · BEND - 11 1/2º,7710,Export ERP master_product_updated.xlsx (diunduh 2026-10-06),,,,500 mm,,,,,,,,,
